"","Ligne","Ligne.Q.qualif","Ligne.approfondissement.Accident","ACCIDENT","NBACC1","ACCFREQUENCE1","ANNEEACC1_1","ANNEEACC1_2","ANNEEACC1_3","ANNEEACC1_4","ANNEEACC1_5","NBACC2","ACCFREQUENCE2","ANNEEACC2_1","ANNEEACC2_2","ANNEEACC2_3","ANNEEACC2_4","ANNEEACC2_5","NBACC3","ACCFREQUENCE3","ANNEEACC3_1","ANNEEACC3_2","ANNEEACC3_3","ANNEEACC3_4","ANNEEACC3_5","NBACC4","ACCFREQUENCE4","ANNEEACC4_1","ANNEEACC4_2","ANNEEACC4_3","ANNEEACC4_4","ANNEEACC4_5","NBACC5","ACCFREQUENCE5","ANNEEACC5_1","ANNEEACC5_2","ANNEEACC5_3","ANNEEACC5_4","ANNEEACC5_5","NBACC6","ACCFREQUENCE6","ANNEEACC6_1","ANNEEACC6_2","ANNEEACC6_3","ANNEEACC6_4","ANNEEACC6_5","NBACC7","ACCFREQUENCE7","ANNEEACC7_1","ANNEEACC7_2","ANNEEACC7_3","ANNEEACC7_4","ANNEEACC7_5","NBACC8","ACCFREQUENCE8","ANNEEACC8_1","ANNEEACC8_2","ANNEEACC8_3","ANNEEACC8_4","ANNEEACC8_5","NBACC9","ACCFREQUENCE9","ANNEEACC9_1","ANNEEACC9_2","ANNEEACC9_3","ANNEEACC9_4","ANNEEACC9_5","NBACC10","ACCFREQUENCE10","ANNEEACC10_1","ANNEEACC10_2","ANNEEACC10_3","ANNEEACC10_4","ANNEEACC10_5","NBACC11","ACCFREQUENCE11","ANNEEACC11_1","ANNEEACC11_2","ANNEEACC11_3","ANNEEACC11_4","ANNEEACC11_5","NBACC12","ACCFREQUENCE12","ANNEEACC12_1","ANNEEACC12_2","ANNEEACC12_3","ANNEEACC12_4","ANNEEACC12_5","NBACC13","ACCFREQUENCE13","ANNEEACC13_1","ANNEEACC13_2","ANNEEACC13_3","ANNEEACC13_4","ANNEEACC13_5","NBACC14","ACCFREQUENCE14","ANNEEACC14_1","ANNEEACC14_2","ANNEEACC14_3","ANNEEACC14_4","ANNEEACC14_5","AUTRESACC","NBAUTRESACC","TOTAL_AC","ANNEEAUTREACC1","ANNEEAUTREACC2","ANNEEAUTREACC3","ANNEEAUTREACC4","ANNEEAUTREACC5","LIEUAUTREACC1","LIEUAUTREACC2","LIEUAUTREACC3","LIEUAUTREACC4","LIEUAUTREACC5","DESCRIPTIONAUTRESACC1","DESCRIPTIONAUTRESACC2","DESCRIPTIONAUTRESACC3","DESCRIPTIONAUTRESACC4","DESCRIPTIONAUTRESACC5","NBAUTRESACCCIRCUIT","NBAUTRESTOUTTERRAIN","EXPCYCLO","EXP125","EXPSUP125","ACCORDNEXTQ","CHOIXACC","RGPMTACC","RECUPANNEE","RECUPLIEU","RECUPANNE","RGPMTAC","CHOIX1","CHOIX2","CHOIX3","CHOIX4","CHOIX5","CHOIX6","CHOIX7","DESCRIPTION","RUPTURE","FAITS","ABS_REACTION","AUTRE_REACTION","PRECISIONREACTIONOUI","RECUL","PRECISIONREACTIONNON","IMPACTCOMPORTEMENT","AUTREUSAGER","REACTIONAUTREUSAGER","CONNAISSANCEREACTIONUSAGER","DIFFICULTES","AGGRAVATION","DIFFICULTES2","EMOTIONS1","EMOTIONS2","EMOTIONS3","EMOTIONS4","EMOTIONS5","EMOTIONS6","AUTRESENTIMENT","CLASSEMENTEMOTIONS1","CLASSEMENTEMOTIONS","CLASSEMENTEMOTIONS5","CLASSEMENTEMOTIONS6","CLASSEMENTEMOTIONS7","CLASSEMENTEMOTIONS8","CLASSEMENTEMOTIONS9","EXPLICATIONRESSENTI","BIENEQUIPE","ALLURE","ALLUREVITEDETAIL","ALLURELENTEDETAIL","SITUATIONPRESSE","SITUATIONDISTRAIT","SITUATIONCONFIANT","SITUATIONCONTROLE","SITUATIONLUDIQUE","SITUATIONPERF","SITUATIONSTRESS","SITUATIONFATIGUE","HUMEURNEUTRE","HUMEURGAI","HUMEURMECONTENT","HUMEURTRISTE","HUMEURCOLERE","CONTRIBUTION1","CONTRIBUTION2","CONTRIBUTION3","CONTRIBUTION4","CONTRIBUTION5","CONTRIBUTION6","CONTRIBUTION7","CONTRIBUTION8","CONTRIBUTION9","ROLEINFRA","ELEMENTINFRA1","ELEMENTINFRA2","ELEMENTINFRA3","ELEMENTINFRA4","ELEMENTINFRA5","ELEMENTINFRA6","ELEMENTINFRA7","ELEMENTINFRA8","ELEMENTINFRA9","ALCOOL","TXALCOOL","STUP","SEMAINE","MOMENTJOURNEE","TEMPS","CAUSEACC1","CAUSEACC2","CAUSEACC3","CAUSEACC4","CAUSEACC5","FORMATIONCAUSE","FORMATION1","FORMATION2","FORMATION3","FORMATION4","FORMATION5","TRAFIC","CHAUSSEE1","CHAUSSEE2","CHAUSSEE3","CHAUSSEE4","TYPEACC","BLESSURE","TETE","COU","THORAX","MEMBRESSUP","COLONNE","BASSIN","MEMBRESINF","HOPITAL","PLUS24H","TRAJET","TYPEROUTE","MOTIF","SENSTRAJET","PASSAGER","VITESSE","DESCEQ1","DESCEQ2","DESCEQ3","DESCEQ4","DESCEQ5","DESCEQ6","DESCEQ7","DESCEQ8","DESCEQ9","DESCEQ10","VEHICULEETE","VEHICULEAUTOMNE","VEHICULEPRINTEMPS","VEHICULEHIVER","VEHICULESEMAINE","VEHICULEWE","VEHMARQUE","VEHCYLINDREE","VEHMODELE","VEHSEGMENT","VEHSIDE","EQ2RMABS","EQ2RMCBS","EQ2RMABSCBS","EQ2RMREGULATEUR","EQ2RMLIMITEUR","EQ2RMPHARESDIRECT","EQ2RMCOUPURE","EQ2RMANTIPATINAGE","EQ2RMANTIXHEELING","EQ2RMSTABILILTE","VEHKM","POINTS","DUREE","AUTRE2RM","VEHPRECMARQUE","VEHPRECCYLINDREE","VEHPRECMODELE","VEHPRECSEGMENT","VEHPRECSIDE","TEMPS2RMPREC","FREQVEHPREC","DATE_NAISS","CSP","SOCIETAIRE","SALARIE","SECTEUR2RM","NBPERSFOYER","SITFAM","NBENF","TRNBENF1","TRNBENF2","TRNBENF3","TRNBENF4","NBAUTOFOYER","NBCYCLOFOYER","NBSCOOTFOYER","NBMOTOFOYER","NBTRIKEFOYER","NB2RMCONDUIT","MARQUE1","CYLINDREE1","MODELE1","SEGMENT1","SIDE1","ANMISECIRCU1","ASS1","FREQ1","USAGE1","NBKM1","GARAGE1","MARQUE2","CYLINDREE2","MODELE2","SEGMENT2","SIDE2","ANMISECIRCU2","ASS2","FREQ2","USAGE2","NBKM2","GARAGE2","MARQUE3","CYLINDREE3","MODELE3","SEGMENT3","SIDE3","ANMISECIRCU3","ASS3","FREQ3","USAGE3","NBKM3","GARAGE3","MARQUE4","CYLINDREE4","MODELE4","SEGMENT4","SIDE4","ANMISECIRCU4","ASS4","FREQ4","USAGE4","NBKM4","GARAGE4","MARQUE5","CYLINDREE5","MODELE5","SEGMENT5","SIDE5","ANMISECIRCU5","ASS5","FREQ5","USAGE5","NBKM5","GARAGE5","NBKMTOT","PERMIS1","PERMIS2","PERMIS3","PERMIS4","PERMIS5","PERMIS6","PERMIS7","PERMIS8","PERMIS9","ANPERMIS1","ANPERMIS6","ANPERMIS7","ANPERMIS2","ANPERMIS3","ANPERMIS8","ANPERMIS9","ANPERMIS4","ANPERMIS5","X","X.1","X.2","isScooter"
"1",1242,238,"477",1,0,5,"","",NA,NA,NA,0,3,"","","",NA,NA,0,4,"","",NA,"",NA,0,3,"","",NA,NA,NA,0,5,"","","","","",0,5,"","","",NA,NA,0,1,"",NA,NA,NA,NA,0,3,"","","",NA,NA,0,2,"","","","","",0,2,"","","","","",0,4,"","","","","",0,1,"","",NA,NA,NA,0,4,"","","",NA,NA,0,2,"","",NA,NA,NA,1,1,1,"2007","","","","","bordeaux","","","","","en sortant d'une résidence,tournant à gauche.glissade sur route humide chute entre coussin berlinois et terre plein central.mauvaise maitrise de mon véhicule dû à mon inexpérience(début conduite125).","","","","",0,0,0,1,7,1,71,"15",2007,"bordeaux","2007","Autre(s) type(s) d'accident(s).","1","","",NA,"",NA,"","propriétaire d'une 125 depuis une semaine ,avec pourtant un stage 125 à mon actif mais sans expérience 2 roue motorisé avant ;je n'ai pas géré une sortie à droite de résidence avec terre plein central.par une mauvaise utilisation des commandes j'ai glissé ,grimpé sur le terre plein et tombé en touchant avec le guidon une voiture qui venait en sens inverse .L'accident aurait pu être beaucoup plus grave.Je m'en suis sortie avec quelques bleus et une moto neuve partie au garage au bout d'une semaine.","Panique .impossibilité de gérer la moto.","je m'était rendu compte de la difficulté vu mon peu d'expérience et  que la manoeuvre pour moi était difficile.Et donc quand j'ai vu que je ne gérai pas j'ai baissé les bras.Et fait n'importe quoi.","2","1","Forcement,mais comme je l'ai dit c'est par mon manque d'expérience que l'accident a eu lieu..Car la manoeuvre en soi était simple.J'aurai du faire un autre stage 125 avec ma moto avant de rouler sur la route.J'aurai évité tout simplement cet accident.","Inexpérience, émotivité.","","1","1","NSP","","NSP","2","NRP","1","5","6",NA,NA,"","","3",NA,NA,NA,1,"2",NA,"De ne pas pouvoir gérer et maitriser ma moto.","4","3","","","1","1","1","2","NSP","1","4","1",3,3,4,4,4,6,NA,NA,NA,NA,NA,NA,NA,NA,1,"2","4","","",NA,NA,NA,NA,2,2,NA,2,2,1,1,90,0,0,10,0,"1","AUT|La formation est à adapter à l utilisateur,j'avais besoin de plus d'heure","","",NA,NA,"1","1","","",NA,1,NA,NA,NA,NA,NA,NA,NA,NA,NA,NA,3,"1","3",NA,0,15,1,2,3,4,NA,NA,NA,NA,"",NA,"2","1","2","1","1","2","YAMAHA","125","YB-R","ROADSTER","2","1","1",1,1,1,"1",1,1,1,"1","30","12","1","0","","","","","","","","02MAR1959","4","1","",2,3,2,2,"4","","","",1,0,0,1,0,1,"HONDA",500,"CB","Roadster","","2004","37",3,1,14000,"","","","","","","","",NA,NA,NA,"","","","","","",NA,NA,NA,NA,NA,"","",NA,"","",NA,NA,NA,NA,NA,NA,"","",NA,"","",NA,NA,NA,NA,NA,NA,NA,14000,"2",3,4,5,NA,NA,NA,NA,NA,"NRP","","","1997","2008","","","1977","2007","","","","Motorcycle"
"2",805,262,"242",1,0,1,"","",NA,NA,NA,0,2,"","","",NA,NA,0,4,"","",NA,"",NA,0,3,"","",NA,NA,NA,0,3,"","","","","",0,3,"","","",NA,NA,0,2,"",NA,NA,NA,NA,0,4,"","","",NA,NA,2,5,"1994","2000","","","",0,3,"","","","","",0,4,"","","","","",0,2,"","",NA,NA,NA,0,2,"","","",NA,NA,1,3,"1972","",NA,NA,NA,1,1,4,"1991","","","","","Dourdan","","","","","Percuté un chevreuil de nuit dans les bois","","","","",0,0,4,2,32,1,66,"14",1972,"","1972","Alors que vous étiez en train de rouler, un piéton a traversé devant vous.","6","","",NA,"",NA,"","C'etait un soir d'hiver sous la pluie, Au croisement de l'avenue de la République et de la rue Oberkampf à Paris. Le feu était au vert pour moi mais au rouge en sens inverse. Un dame s'est engagée avec son parapluie au moment ou j'arrivai et je l'ai heurté avec mon cale-pied et je suis tombé. La dame à eu la jambe cassée","Pavés mouillés, freinage d'urgence, trajectoire impossible à modifier l'obstacle étant trop près","l'action à été si rapide que je n'ai eu autre choix que de freiner et je pense que la roue avant à du se bloquer simultanément avec le choc. La femme qui traversait n'a rien vu jusqu'à se que je la heurte","NRP","0","","","parce que c'est une situation imprévisible comme se prendre un chevreuil, ce qui m'est arrivé en 1990 ou 91","2","1","2","","son parapluie lui cachait la vue","1","le problème est souvent le même pour de nombreux accidents, le manque d'attention. On ne traverse pas une rue sans regarder","2","6","",NA,NA,"","","",1,NA,NA,NA,"2",NA,"parce que c'était une situation inattendue","3","3","","","1","4","4","4","1","1","1","1",3,4,4,4,4,1,NA,NA,NA,NA,NA,NA,NA,NA,1,"3","AUT|feux décalés","","",NA,NA,NA,NA,2,2,NA,2,1,2,2,0,60,0,20,20,"2","","","",NA,NA,"2","2","","",NA,2,0,NA,NA,NA,NA,NA,NA,NA,NA,NA,1,"1","3",NA,0,50,1,10,2,3,4,NA,NA,NA,"",NA,"4","4","4","4","4","4","YAMAHA","125","YAS3","ROADSTER","2","1","1",1,1,1,"1",1,1,1,"1","NSP","12","4","1","MOTOBECANE","50","AV88 (BLEUE)","ROADSTER","2","4","4","27MAY1952","5","2","",2,2,3,NA,"NSP","","","",2,0,0,1,0,1,"YAMAHA",1300,"FJR","Routière / GT","","2011","29",1,2,15000,"","","","","","","","",NA,NA,NA,"","","","","","",NA,NA,NA,NA,NA,"","",NA,"","",NA,NA,NA,NA,NA,NA,"","",NA,"","",NA,NA,NA,NA,NA,NA,NA,15000,"2",3,4,NA,NA,NA,NA,NA,NA,"NRP","","","1970","1972","","","1970","NRP","","","","Motorcycle"
"3",64,776,"27",1,0,4,"","",NA,NA,NA,0,5,"","","",NA,NA,0,4,"","",NA,"",NA,0,3,"","",NA,NA,NA,0,4,"","","","","",0,4,"","","",NA,NA,1,4,"2009",NA,NA,NA,NA,0,3,"","","",NA,NA,2,5,"2002","2003","","","",0,4,"","","","","",0,5,"","","","","",0,2,"","",NA,NA,NA,0,5,"","","",NA,NA,0,2,"","",NA,NA,NA,0,NA,3,"","","","","","","","","","","","","","","",NA,NA,0,0,13,1,31,"7",2009,"","2009","Vous avez fait une sortie de route, une perte de contrôle ou une glissade puis avez percuté un véhicule arrivant en sens inverse.","3","","",NA,"",NA,"","En ville par beau temps. Rue large dans les 2 sens de circulation. Les voitures de devant(qui roulent à allure modérée 30/40 km/h) serrent à droite pour me laisser remonter une file peu dense (il est probable que je n'aurais pas remonté cette file si les voitures ne s'étaient pas écartées gentiment). Arrivé derrière une voiture de la file (dont le conducteur ne m'avait probablement pas vu)et toujours en étant décalé près de la ligne centrale celui amorce une manoeuvre intempestive sans clignotant que j'analyse comme la volonté de vouloir tourner à gauche de l'autre côté de la chaussée( peut-être pour se garer sur une place de parking libre?) Par réflexe ""j'attrape"" le frein avant de ma moto, hélas devant me trouver sur la ligne blanche ou sur un passage piéton (je ne me souviens plus) à peine mon frein avant enclenché (pas d'abs) que la roue avant se bloque et je pars en guidonnage jusqu'à ce que ma moto se couche glisse (moi avec) et finisse dans le bas de caisse d'une voiture arrivant en sens inverse. Je pense qu'au même moment (dans la faction de seconde) la voiture qui effectuait cette manoeuvre s'est rendu compte de ma présence et à annuler celle-ci. Je ne le reverrai pas, donc je ne pourrais pas le confirmer. Heureusement peu de vitesse et donc uniquement des dégâts matériels pour l'auto et ma moto et un petit coup à mon amour propre.","Non prise en compte de ma présence par l'usager de devant lors de l'amorce de sa manoeuvre (pas de vérification dans ses rétros) Non prise en compte par moi-même de ma présence sur une ligne blanche ou passage piéton. Situation où ma prise de frein réflexe m'a empêchée de doser correctement mon freinage. Guidonnage résultant du blocage de la roue avant où je n'ai fait que subir sans possibilité d'arrêter le phénomène.","- Prise en compte de la manoeuvre de l'automobiliste. - Prise réflexe du frein avant. - Blocage de la roue avant malgré un freinage ne me paraissant pas surpuissant. - Guidonnage de ma roue avant en subissant complétement - Chute de la moto et moi dessus.","NRP","0","","","Je pense que j'aurais eu le même réflexe de vouloir freiner. La seule de différente que j'aurais pu faire aurait été de vérifier de ne pas se trouver sur une ligne blanche glissante et de ne pas remonter la file de voiture.","2","1","1","AUT|Il a annulé sa manoeuvre (mais trop tard)","La seule difficulté qu'il a rencontré c'est de ne pas avoir eu conscience de ma présence. Situation qui aurait pu être sûrement évitée en faisant les vérification de base aux rétroviseurs.","1","La manoeuvre de l'automobiliste est à l'origine de mon freinage réflexe. Mais chacun a sa responsabilité. - Lui, de croire qu'il est tout seul sur la route et de changer de direction sans en avertir les autres et sans vérification. - Moi, de remonter une file de voitures.","6","","",NA,NA,"","","",NA,NA,NA,NA,"1",NA,"Quand la moto est partie en guidonnage avec un phénomène d'oscillation qui s'accentue jusqu'à la chute, on a vraiment l'impression du subir ce qu'il se passe, d'où le sentiment d'impuissance. La peur sur l'instant on n'a pas le temps, elle vient rétrospectivement.","3","3","","","1","2","3","3","2","1","1","1",3,4,4,4,4,5,7,NA,NA,NA,NA,NA,NA,NA,1,"1","","","",NA,NA,NA,NA,2,2,NA,2,2,1,1,25,25,0,50,0,"2","","","",NA,NA,"2","1","","",NA,1,NA,NA,NA,NA,NA,NA,NA,NA,NA,NA,1,"1","3",NA,0,50,1,10,2,3,4,7,NA,NA,"",NA,"4","4","4","2","2","4","TRIUMPH","1050","SPEED TRIPLE","ROADSTER","2","1","1",1,1,1,"1",1,1,1,"1","10000","12","4","1","YAMAHA","1700","MT-01","ROADSTER","2","2","3","28FEB1979","6","2","",2,1,1,NA,"NSP","","","",1,0,0,1,0,1,"BMW",1300,"K1300S","Routière / GT","","2010","10",3,1,10000,"","","","","","","","",NA,NA,NA,"","","","","","",NA,NA,NA,NA,NA,"","",NA,"","",NA,NA,NA,NA,NA,NA,"","",NA,"","",NA,NA,NA,NA,NA,NA,NA,10000,"3",4,NA,NA,NA,NA,NA,NA,NA,"NRP","","","NRP","2000","","","1997","NRP","","","","Motorcycle"
"4",613,809,"359",1,0,4,"","",NA,NA,NA,0,4,"","","",NA,NA,0,5,"","",NA,"",NA,0,2,"","",NA,NA,NA,0,5,"","","","","",0,3,"","","",NA,NA,0,4,"",NA,NA,NA,NA,1,5,"2007","","",NA,NA,1,5,"2010","","","","",1,6,"2011","","","","",0,6,"","","","","",0,2,"","",NA,NA,NA,1,4,"2013","","",NA,NA,0,4,"","",NA,NA,NA,1,1,5,"2007","","","","","Caen","","","","","Une voiture a quitté sa place de stationnement quand je passais à son niveau.","","","","",0,0,4,1,9,1,36,"8",2007,"","2007","Vous avez fait une sortie de route, une perte de contrôle ou une glissade puis avez percuté un obstacle fixe (panneau, arbre poteau ).","4","","",NA,"",NA,"","L'accident c'est déroulé un samedi matin en rentrant chez moi par une route que je prenais très régulièrement. Il pleuvait un peu et j'étais fatigué, je roulais donc plus ""cool"" qu'a l'accoutumé. Il en a découlé un changement de la trajectoire que je prenais habituellement dans un virage ce qui m'a amené à avoir la roue avant qui a mordu sur une plaque d'égout. Comme elle était mouillé, j'ai tout de suite la roue avant qui a décroché et je suis partie en glissade. J'ai alors percuté un panneau de signalisation signalant le virage. Je l'ai pris dans le dos. Heureusement j'avais mon ordinateur portable dans mon sac à dos qui a fait office de dorsale. L'accident à eu lieu à 50km/h sur une route limitée à 50km/h. Je m'en suite sorti avec une ou deux côtes fêlées et une belle commotion cérébrale.","Une plaque d'égout mouillée en plein virage.","Au moment où j'ai senti par roue avant partir je me suis dit ""Et merde"". Etant entièrement équipé cuir je me suis dis ""tant pis, je vais glisser et je ne devrais pas me faire mal"". C'était sans compter un choc violent que j'ai ressenti au niveau du dos puis quelque roulé boulé. C'est une fois assis que j'ai compris que j'avais percuté un panneau de signalisation. Juste après cela un autre usagé de la route qui arrivé derrière c'est arrêté pour prendre de mes nouvelles.","NRP","1","Je connaissais très bien la route et j'aurais du me méfier de cette plaque d'égout. De plus avec un peu d'effort j'aurais peut être réussi à faire raccrocher la roue avant.","La fatigue.","","2","0","","","","","","6","9","",NA,NA,"","De la colère.","",NA,NA,NA,NA,"1",2,"Je ne pouvais pas faire grand chose à part attendre que ça ce termine.","3","3","","","1","3","3","3","1","1","1","4",3,4,4,4,4,10,NA,NA,NA,NA,NA,NA,NA,NA,1,"4","5","","",NA,NA,NA,NA,2,2,NA,2,2,1,2,15,0,0,50,35,"2","","","",NA,NA,"1","2","","",NA,2,1,1,3,NA,NA,NA,NA,NA,0,NA,1,"1","3",NA,0,50,1,2,3,4,9,NA,NA,NA,"",NA,"4","4","4","4","4","4","HONDA","500","CB","ROADSTER","2","1","1",1,1,1,"1",1,1,1,"1","75000","12","4","1","HONDA","125","CG","ROADSTER","2","2","4","26JAN1985","5","2","",2,2,3,NA,"NSP","","","",1,0,0,3,0,3,"DUCATI",1000,"MONSTER","Roadster","","2004","29",3,1,3000,"","HONDA","500","CB","Roadster","","1996","29",1,2,10000,"","HONDA","600","CB-F N","Roadster","",2004,28,3,1,3000,"","",NA,"","",NA,NA,NA,NA,NA,NA,"","",NA,"","",NA,NA,NA,NA,NA,NA,NA,16000,"3",4,NA,NA,NA,NA,NA,NA,NA,"NRP","","","NRP","2006","","","2003","NRP","","","","Motorcycle"
"5",81,827,"481",1,0,5,"","",NA,NA,NA,0,4,"","","",NA,NA,0,6,"","",NA,"",NA,0,3,"","",NA,NA,NA,0,4,"","","","","",0,4,"","","",NA,NA,0,4,"",NA,NA,NA,NA,0,5,"","","",NA,NA,1,4,"2007","","","","",0,6,"","","","","",0,6,"","","","","",0,3,"","",NA,NA,NA,0,2,"","","",NA,NA,0,3,"","",NA,NA,NA,0,NA,1,"","","","","","","","","","","","","","","",NA,NA,0,1,7,1,41,"9",2007,"","2007","Vous avez fait une sortie de route, une perte de contrôle ou une glissade sans rien percuter.","1","","",NA,"",NA,"","Débutant, en 125. Je suivais un ami en 600, et sur une courbe, en ralentissant, j'ai fait une sortie de route dans le bas-coté, un petit fossé bordant une forêt ; il m'a semblé que la moto n'a pas voulu tourner.","Avec le recul, je pense que j'ai ralenti jusqu'au point entre braquage et contre-braquage (~30km/h) et que du coup je n'ai pas su tourner... Avec l'inexpérience, je n'ai ni su placer le regard, ni ""forcer"" la moto sur l'angle avec un déplacement du corps.","NRP","AUT|C'était il y a 8 ans...","1","Une vitesse légèrement plus élevée pour mieux prendre l'angle, placer le regard et déplacer mon centre de gravité auraient pu inscrire la moto dans une courbe plus serrée, et ne pas ""sous-virer"" dans le décor.","inexpérience, et manque de confiance pour aller chercher l'angle avec un poil plus de vitesse","","2","0","","","","","","1","6","",NA,NA,"","","1",NA,NA,NA,NA,"2",NA,"""Merd', merd', merd' !!""  Angoisse de se mettre au tas, de se faire mal, de casser du matériel...","3","2","","2","1","1","2","3","1","1","2","2",4,1,4,4,4,1,6,7,NA,NA,NA,NA,NA,NA,2,"","","","",NA,NA,NA,NA,2,2,NA,2,2,1,1,100,0,0,0,0,"2","","","",NA,NA,"1","2","","",NA,1,NA,NA,NA,NA,NA,NA,NA,NA,NA,NA,3,"2","3",NA,0,30,1,10,2,3,5,NA,NA,NA,"",NA,"2","3","2","2","2","3","HONDA","125","VARADERO","TRAIL / SUPERMOTARD","2","1","1",1,1,1,"1",1,1,1,"1","2000","12","1","0","","","","","","","","04AUG1983","6","2","",2,1,1,NA,"NSP","","","",1,0,0,1,0,1,"HONDA",600,"HORNET","Roadster","","2010","31",2,1,10000,"","","","","","","","",NA,NA,NA,"","","","","","",NA,NA,NA,NA,NA,"","",NA,"","",NA,NA,NA,NA,NA,NA,"","",NA,"","",NA,NA,NA,NA,NA,NA,NA,10000,"4",3,NA,NA,NA,NA,NA,NA,NA,"NRP","","","NRP","2009","","","2002","NRP","","","","Motorcycle"
"6",658,835,"115",1,0,5,"","",NA,NA,NA,0,6,"","","",NA,NA,0,5,"","",NA,"",NA,0,4,"","",NA,NA,NA,0,4,"","","","","",0,2,"","","",NA,NA,0,3,"",NA,NA,NA,NA,0,4,"","","",NA,NA,2,6,"1992","1996","","","",0,1,"","","","","",0,3,"","","","","",0,2,"","",NA,NA,NA,0,1,"","","",NA,NA,0,2,"","",NA,NA,NA,0,NA,2,"","","","","","","","","","","","","","","",NA,NA,3,0,24,1,42,"9",1996,"","1996","Vous avez fait une sortie de route, une perte de contrôle ou une glissade sans rien percuter.","3","","",NA,"",NA,"","Perte d'adhérence de l'avant dans un rond point en léger dévers. Une pluie fine était tombée quelques minutes avant. Le rond point était couvert de gasoil/essence huile.","Soleil dans le dos (pluie fine d'été) , pas de détection possible des résidus sur le film d'eau présent dans le rond point.","Rond point relativement large abordé à allure normale sur l'élan. Pas de freinage, pas d'accélération.  J'étais dans une file de voiture. Personne  ne s'est arrêté pour prendre des nouvelles ni pour m'aider à relever la moto. J'ai pu relever la moto, seul.L'inaction des autres usagers m'a particulièrement énervée ce qui m'a aider à relever la moto...pour rester cordial.","2","1","C'était à 2kms de chez moi, un rond point que je prenais entre 4 et 6 fois par jour. L'habitude est trés mauvaise conseillère.","J'ai juste perdu l'avant sans mainuplation et  à une vitesse plutot basse... Un manque de vigilance liée à la faible vitesse renforcée par l'habitude des lieux.","","2","0","","","","","","7","","",NA,NA,"","","",NA,NA,NA,NA,"",NA,"","4","3","","","1","3","3","3","1","1","1","1",3,4,4,4,4,5,NA,NA,NA,NA,NA,NA,NA,NA,1,"3","","","",NA,NA,NA,NA,2,2,NA,2,2,1,2,80,0,0,10,10,"2","","","",NA,NA,"3","2","","",NA,1,NA,NA,NA,NA,NA,NA,NA,NA,NA,NA,1,"1","3",NA,0,25,1,2,3,4,7,9,NA,NA,"",NA,"4","4","4","4","4","4","HONDA","1000","CBR1000F","Routière / GT","2","1","0",1,1,1,"1",1,1,1,"1","55000","12","4","1","HONDA","600","TRANSALP +35KW","TRAIL / SUPERMOTARD","2","4","4","20MAR1972","5","2","",2,2,3,NA,"NSP","","","",2,0,0,2,0,2,"YAMAHA",1300,"FJR","Routière / GT","","2008","28",3,1,10000,"","TRIUMPH","675","STREET TRIPLE","Roadster","","2008","28",3,1,5000,"","","","","","",NA,NA,NA,NA,NA,"","",NA,"","",NA,NA,NA,NA,NA,NA,"","",NA,"","",NA,NA,NA,NA,NA,NA,NA,15000,"3",4,NA,NA,NA,NA,NA,NA,NA,"NRP","","","NRP","1991","","","1992","NRP","","","","Motorcycle"
"7",364,998,"264",1,0,6,"","",NA,NA,NA,0,4,"","","",NA,NA,0,5,"","",NA,"",NA,0,3,"","",NA,NA,NA,0,6,"","","","","",0,5,"","","",NA,NA,0,3,"",NA,NA,NA,NA,1,3,"2014","","",NA,NA,1,3,"2014","","","","",0,6,"","","","","",0,6,"","","","","",0,2,"","",NA,NA,NA,0,2,"","","",NA,NA,1,3,"2014","",NA,NA,NA,0,NA,3,"","","","","","","","","","","","","","","",NA,NA,0,0,5,1,36,"8",2014,"","2014","Vous avez fait une sortie de route, une perte de contrôle ou une glissade puis avez percuté un obstacle fixe (panneau, arbre poteau ).","2","","",NA,"",NA,"","Un chien du voisinage m'a coupé la route. J'ai tenté de l'esquiver sur la droite. Malheureusement, il m'a vu, a eu peur et s'est arrêté sur place. Lui fonçant alors dessus, j'ai freiné. La route étant faite à la mode ""on pose des gravier sur la route et hop ça suffira"" j'ai perdu l'avant et ai chuté.","L'imprévisibilité du chien et les gravillons juste posé sur la route.","Roulant à 20/30 km/h, j'ai mit un coup de guidon vers la droite pour esquiver. Puis freiner d'urgence lorsque j'allais rentrer dans le chien.","NRP","0","","","Vu la distance, tout s'est déroulé ""à l'instinct"".","2","0","","","","","","6","9","",NA,NA,"","et du dégoût (faire tomber ma moto chérie ^^)","",NA,NA,NA,NA,"2",1,"j'ai eu 2/3 secondes pour comprendre que je ne pouvais plus rien faire et que je perdais l'équilibre.","4","3","","","1","1","3","3","1","1","1","1",3,3,4,4,4,7,NA,NA,NA,NA,NA,NA,NA,NA,1,"3","","","",NA,NA,NA,NA,2,2,NA,2,1,1,1,10,0,50,40,0,"2","","","",NA,NA,"1","4","","",NA,2,1,2,4,6,NA,NA,NA,NA,0,NA,1,"2","1",2,0,25,1,10,2,3,7,NA,NA,NA,"",NA,"4","4","4","4","4","4","HUSQVARNA","900","NUDA","ROADSTER","2","1","1",1,1,1,"1",1,1,1,"1","15000","12","3","1","YAMAHA","600","R6 (YZF-R6)","SPORTIVE","2","3","4","19MAR1989","11","2","",2,3,5,0,"NSP","","","",2,0,0,1,0,1,"YAMAHA",600,"R6 (YZF-R6)","Sportive","","1999","16",2,1,7000,"","","","","","","","",NA,NA,NA,"","","","","","",NA,NA,NA,NA,NA,"","",NA,"","",NA,NA,NA,NA,NA,NA,"","",NA,"","",NA,NA,NA,NA,NA,NA,NA,7000,"3",4,NA,NA,NA,NA,NA,NA,NA,"NRP","","","NRP","2010","","","2007","NRP","","","","Motorcycle"