"","Ligne","Ligne.Q.qualif","Ligne.approfondissement.Accident","ACCIDENT","NBACC1","ACCFREQUENCE1","ANNEEACC1_1","ANNEEACC1_2","ANNEEACC1_3","ANNEEACC1_4","ANNEEACC1_5","NBACC2","ACCFREQUENCE2","ANNEEACC2_1","ANNEEACC2_2","ANNEEACC2_3","ANNEEACC2_4","ANNEEACC2_5","NBACC3","ACCFREQUENCE3","ANNEEACC3_1","ANNEEACC3_2","ANNEEACC3_3","ANNEEACC3_4","ANNEEACC3_5","NBACC4","ACCFREQUENCE4","ANNEEACC4_1","ANNEEACC4_2","ANNEEACC4_3","ANNEEACC4_4","ANNEEACC4_5","NBACC5","ACCFREQUENCE5","ANNEEACC5_1","ANNEEACC5_2","ANNEEACC5_3","ANNEEACC5_4","ANNEEACC5_5","NBACC6","ACCFREQUENCE6","ANNEEACC6_1","ANNEEACC6_2","ANNEEACC6_3","ANNEEACC6_4","ANNEEACC6_5","NBACC7","ACCFREQUENCE7","ANNEEACC7_1","ANNEEACC7_2","ANNEEACC7_3","ANNEEACC7_4","ANNEEACC7_5","NBACC8","ACCFREQUENCE8","ANNEEACC8_1","ANNEEACC8_2","ANNEEACC8_3","ANNEEACC8_4","ANNEEACC8_5","NBACC9","ACCFREQUENCE9","ANNEEACC9_1","ANNEEACC9_2","ANNEEACC9_3","ANNEEACC9_4","ANNEEACC9_5","NBACC10","ACCFREQUENCE10","ANNEEACC10_1","ANNEEACC10_2","ANNEEACC10_3","ANNEEACC10_4","ANNEEACC10_5","NBACC11","ACCFREQUENCE11","ANNEEACC11_1","ANNEEACC11_2","ANNEEACC11_3","ANNEEACC11_4","ANNEEACC11_5","NBACC12","ACCFREQUENCE12","ANNEEACC12_1","ANNEEACC12_2","ANNEEACC12_3","ANNEEACC12_4","ANNEEACC12_5","NBACC13","ACCFREQUENCE13","ANNEEACC13_1","ANNEEACC13_2","ANNEEACC13_3","ANNEEACC13_4","ANNEEACC13_5","NBACC14","ACCFREQUENCE14","ANNEEACC14_1","ANNEEACC14_2","ANNEEACC14_3","ANNEEACC14_4","ANNEEACC14_5","AUTRESACC","NBAUTRESACC","TOTAL_AC","ANNEEAUTREACC1","ANNEEAUTREACC2","ANNEEAUTREACC3","ANNEEAUTREACC4","ANNEEAUTREACC5","LIEUAUTREACC1","LIEUAUTREACC2","LIEUAUTREACC3","LIEUAUTREACC4","LIEUAUTREACC5","DESCRIPTIONAUTRESACC1","DESCRIPTIONAUTRESACC2","DESCRIPTIONAUTRESACC3","DESCRIPTIONAUTRESACC4","DESCRIPTIONAUTRESACC5","NBAUTRESACCCIRCUIT","NBAUTRESTOUTTERRAIN","EXPCYCLO","EXP125","EXPSUP125","ACCORDNEXTQ","CHOIXACC","RGPMTACC","RECUPANNEE","RECUPLIEU","RECUPANNE","RGPMTAC","CHOIX1","CHOIX2","CHOIX3","CHOIX4","CHOIX5","CHOIX6","CHOIX7","DESCRIPTION","RUPTURE","FAITS","ABS_REACTION","AUTRE_REACTION","PRECISIONREACTIONOUI","RECUL","PRECISIONREACTIONNON","IMPACTCOMPORTEMENT","AUTREUSAGER","REACTIONAUTREUSAGER","CONNAISSANCEREACTIONUSAGER","DIFFICULTES","AGGRAVATION","DIFFICULTES2","EMOTIONS1","EMOTIONS2","EMOTIONS3","EMOTIONS4","EMOTIONS5","EMOTIONS6","AUTRESENTIMENT","CLASSEMENTEMOTIONS1","CLASSEMENTEMOTIONS","CLASSEMENTEMOTIONS5","CLASSEMENTEMOTIONS6","CLASSEMENTEMOTIONS7","CLASSEMENTEMOTIONS8","CLASSEMENTEMOTIONS9","EXPLICATIONRESSENTI","BIENEQUIPE","ALLURE","ALLUREVITEDETAIL","ALLURELENTEDETAIL","SITUATIONPRESSE","SITUATIONDISTRAIT","SITUATIONCONFIANT","SITUATIONCONTROLE","SITUATIONLUDIQUE","SITUATIONPERF","SITUATIONSTRESS","SITUATIONFATIGUE","HUMEURNEUTRE","HUMEURGAI","HUMEURMECONTENT","HUMEURTRISTE","HUMEURCOLERE","CONTRIBUTION1","CONTRIBUTION2","CONTRIBUTION3","CONTRIBUTION4","CONTRIBUTION5","CONTRIBUTION6","CONTRIBUTION7","CONTRIBUTION8","CONTRIBUTION9","ROLEINFRA","ELEMENTINFRA1","ELEMENTINFRA2","ELEMENTINFRA3","ELEMENTINFRA4","ELEMENTINFRA5","ELEMENTINFRA6","ELEMENTINFRA7","ELEMENTINFRA8","ELEMENTINFRA9","ALCOOL","TXALCOOL","STUP","SEMAINE","MOMENTJOURNEE","TEMPS","CAUSEACC1","CAUSEACC2","CAUSEACC3","CAUSEACC4","CAUSEACC5","FORMATIONCAUSE","FORMATION1","FORMATION2","FORMATION3","FORMATION4","FORMATION5","TRAFIC","CHAUSSEE1","CHAUSSEE2","CHAUSSEE3","CHAUSSEE4","TYPEACC","BLESSURE","TETE","COU","THORAX","MEMBRESSUP","COLONNE","BASSIN","MEMBRESINF","HOPITAL","PLUS24H","TRAJET","TYPEROUTE","MOTIF","SENSTRAJET","PASSAGER","VITESSE","DESCEQ1","DESCEQ2","DESCEQ3","DESCEQ4","DESCEQ5","DESCEQ6","DESCEQ7","DESCEQ8","DESCEQ9","DESCEQ10","VEHICULEETE","VEHICULEAUTOMNE","VEHICULEPRINTEMPS","VEHICULEHIVER","VEHICULESEMAINE","VEHICULEWE","VEHMARQUE","VEHCYLINDREE","VEHMODELE","VEHSEGMENT","VEHSIDE","EQ2RMABS","EQ2RMCBS","EQ2RMABSCBS","EQ2RMREGULATEUR","EQ2RMLIMITEUR","EQ2RMPHARESDIRECT","EQ2RMCOUPURE","EQ2RMANTIPATINAGE","EQ2RMANTIXHEELING","EQ2RMSTABILILTE","VEHKM","POINTS","DUREE","AUTRE2RM","VEHPRECMARQUE","VEHPRECCYLINDREE","VEHPRECMODELE","VEHPRECSEGMENT","VEHPRECSIDE","TEMPS2RMPREC","FREQVEHPREC","DATE_NAISS","CSP","SOCIETAIRE","SALARIE","SECTEUR2RM","NBPERSFOYER","SITFAM","NBENF","TRNBENF1","TRNBENF2","TRNBENF3","TRNBENF4","NBAUTOFOYER","NBCYCLOFOYER","NBSCOOTFOYER","NBMOTOFOYER","NBTRIKEFOYER","NB2RMCONDUIT","MARQUE1","CYLINDREE1","MODELE1","SEGMENT1","SIDE1","ANMISECIRCU1","ASS1","FREQ1","USAGE1","NBKM1","GARAGE1","MARQUE2","CYLINDREE2","MODELE2","SEGMENT2","SIDE2","ANMISECIRCU2","ASS2","FREQ2","USAGE2","NBKM2","GARAGE2","MARQUE3","CYLINDREE3","MODELE3","SEGMENT3","SIDE3","ANMISECIRCU3","ASS3","FREQ3","USAGE3","NBKM3","GARAGE3","MARQUE4","CYLINDREE4","MODELE4","SEGMENT4","SIDE4","ANMISECIRCU4","ASS4","FREQ4","USAGE4","NBKM4","GARAGE4","MARQUE5","CYLINDREE5","MODELE5","SEGMENT5","SIDE5","ANMISECIRCU5","ASS5","FREQ5","USAGE5","NBKM5","GARAGE5","NBKMTOT","PERMIS1","PERMIS2","PERMIS3","PERMIS4","PERMIS5","PERMIS6","PERMIS7","PERMIS8","PERMIS9","ANPERMIS1","ANPERMIS6","ANPERMIS7","ANPERMIS2","ANPERMIS3","ANPERMIS8","ANPERMIS9","ANPERMIS4","ANPERMIS5","X","X.1","X.2","isScooter"
"8",758,1209,"349",1,0,3,"","",NA,NA,NA,0,3,"","","",NA,NA,0,3,"","",NA,"",NA,0,2,"","",NA,NA,NA,0,5,"","","","","",0,3,"","","",NA,NA,0,1,"",NA,NA,NA,NA,0,5,"","","",NA,NA,1,2,"1997","","","","",0,5,"","","","","",0,4,"","","","","",0,2,"","",NA,NA,NA,0,3,"","","",NA,NA,0,5,"","",NA,NA,NA,1,1,2,"1995","","","","","PARIS","","","","","Je remontais une file de véhicules par la gauche. L'un des véhicules a laissé un espace pour laisser passer une voiture venant d'une voie prioritaire, à droite. J'ai percuté ce dernier.","","","","",0,0,0,0,19,1,71,"15",1995,"PARIS","1995","Autre(s) type(s) d'accident(s).","2","6","",NA,"",NA,"","J'ai à peine 6 mois de permis. Il y a des grèves de transport et des embouteillages importants. Il pleut de la neige mouillée. Il fait froid et il fait noir. Je reviens de ma journée d'école et mon père est passager. Je remonte la file de voiture à l'arrêt, par la gauche, à faible vitesse. Entre 2 véhicules, une voiture vient d'une rue sur la droite et tourne sur sa gauche pour remonter la rue. Je ne la vois qu'au dernier moment. J'ai à peine le temps de freiner. Je percute la voiture par l'avant. Je passe par dessus son capot. La fourche de ma moto est endommagée. Mon père a mal à son genou et moi, à ma cheville. La conductrice de la voiture a eu très peur.","Le manque de visibilité (nuit et pluie) a fait que je n'ai vu la voiture qu'au dernier moment. Ensuite, le freinage était impossible à cause de la chaussée glissante. Mon manque d'expérience ne m'a pas permis d'anticiper la rue à ma droite, qui était masquée par les autres véhicules. Depuis, je fais attention.","Dès que j'ai vu le véhicule, j'ai essayé de l'éviter en obliquant la trajectoire de ma moto vers la droite. Et j'ai freiné. De son côté, l'automobiliste a freiné.","NRP","0","","","Il aurait fallu que j'agisse différemment bien avant le choc, en anticipant une priorité à droite et en cherchant à savoir si un véhicule arrivait. A partir du moment où je n'avais pas anticiper, le choc devenait inévitable.","2","1","1","1","La personne n'a pu me voir qu'au dernier moment. Elle m'a dit avoir eu très peur.","2","La pluie, la nuit et les embouteillages ne permettaient pas à l'automobiliste de réagir autrement.","2","","",NA,NA,"","","",1,NA,NA,NA,"",NA,"La surprise de voir le véhicule sortir de la file des voitures, sur ma droite, sans que je n'ai pu le voir avant. Surprise de me voir sur le capot de la voiture puis par-terre.","3","1","1","","1","1","3","2","1","1","3","2",1,4,4,4,4,1,7,NA,NA,NA,NA,NA,NA,NA,2,"","","","",NA,NA,NA,NA,2,2,NA,2,1,2,2,70,0,0,0,30,"2","","","",NA,NA,"4","2","","",NA,2,0,NA,NA,NA,NA,NA,NA,NA,NA,NA,2,"1","1",2,1,40,1,2,3,5,NA,NA,NA,NA,"",NA,"3","3","3","3","2","3","KAWASAKI","250","EL ""ELIMINATOR""","CUSTOM","2","1","1",1,1,1,"1",1,1,1,"1","30000","12","1","0","","","","","","","","31JAN1975","6","2","",2,3,4,1,"1","","","",1,1,0,1,0,1,"HONDA",800,"VFR-F","Routière / GT","","2008","10",1,2,15000,"","","","","","","","",NA,NA,NA,"","","","","","",NA,NA,NA,NA,NA,"","",NA,"","",NA,NA,NA,NA,NA,NA,"","",NA,"","",NA,NA,NA,NA,NA,NA,NA,15000,"3",4,NA,NA,NA,NA,NA,NA,NA,"NRP","","","NRP","1995","","","1993","NRP","","","","Motorcycle"
"9",590,1369,"455",1,1,6,"2013","",NA,NA,NA,0,6,"","","",NA,NA,0,2,"","",NA,"",NA,0,3,"","",NA,NA,NA,1,6,"2013","","","","",0,3,"","","",NA,NA,0,2,"",NA,NA,NA,NA,0,1,"","","",NA,NA,0,3,"","","","","",0,5,"","","","","",0,6,"","","","","",0,3,"","",NA,NA,NA,0,5,"","","",NA,NA,0,6,"","",NA,NA,NA,0,NA,2,"","","","","","","","","","","","","","","",NA,NA,10,15,15,1,1,"1",2013,"","2013","Vous circuliez sur un axe prioritaire. Un autre véhicule arrivant sur le même axe en sens opposé vous a coupé la route en tournant à gauche.","2","5","6",NA,"",NA,"","Un véhicule venant en sens inverse m'a coupé la route pour tourner sur sa gauche ,il m'a percuté au niveau de la fourche avant gauche .  Le conducteur de ce véhicule ne m'a pas vu car il roulait dans une file de voitures","Inattention du chauffeur de la voiture","Mon réflexe à été de vouloir sauter de la moto et j'ai pris appui sur le guidon et le choc aidant j'ai fait un roulé boulé sur le capot de la voiture","AUT|dans la fraction de seconde avant le choc j'ai voulu sauter","0","","","car la voiture a quitter sa file pour tourner à gauche au dernier moment","2","0","","","","","","2","3","6",NA,NA,"","","",1,2,NA,NA,"3",NA,"pas le temps","3","3","","","1","1","3","3","1","1","1","1",1,1,4,4,4,10,NA,NA,NA,NA,NA,NA,NA,NA,2,"","","","",NA,NA,NA,NA,2,2,NA,2,2,1,1,0,100,0,0,0,"2","","","",NA,NA,"3","1","","",NA,1,NA,NA,NA,NA,NA,NA,NA,NA,NA,NA,2,"1","3",NA,0,20,1,10,2,3,4,7,NA,NA,"",NA,"4","4","4","4","4","4","YAMAHA","900","XJS DIVERSION","Routière / GT","2","1","1",1,1,1,"1",1,1,1,"1","30000","12","4","0","","","","","","","","28APR1951","9","2","",2,2,3,NA,"NSP","","","",2,0,0,1,0,1,"YAMAHA",900,"XJS DIVERSION","Routière / GT","","2001","29",2,1,10000,"","","","","","","","",NA,NA,NA,"","","","","","",NA,NA,NA,NA,NA,"","",NA,"","",NA,NA,NA,NA,NA,NA,"","",NA,"","",NA,NA,NA,NA,NA,NA,NA,10000,"3",4,NA,NA,NA,NA,NA,NA,NA,"NRP","","","NRP","2001","","","1969","NRP","","","","Motorcycle"
"10",890,1617,"166",1,0,5,"","",NA,NA,NA,0,4,"","","",NA,NA,0,3,"","",NA,"",NA,0,2,"","",NA,NA,NA,0,6,"","","","","",0,5,"","","",NA,NA,0,1,"",NA,NA,NA,NA,0,3,"","","",NA,NA,0,6,"","","","","",1,4,"2013","","","","",0,4,"","","","","",0,2,"","",NA,NA,NA,1,6,"2001","","",NA,NA,1,4,"2003","",NA,NA,NA,0,NA,3,"","","","","","","","","","","","","","","",NA,NA,0,0,17,1,46,"10",2013,"","2013","Vous circuliez sur un axe constitué dau moins "" 2 X 2 voies "" (en urbain, périphérique, autoroute, RN ). Un véhicule vous a coupé la route en changeant de voie pour se placer sur celle de droite.","3","","",NA,"",NA,"","En circulation très fortement encombrée, sur le tronçon commun A4 A86 entre Créteil et Maisons-Alfort, alors que je circulais sur la file de droite qui roulait relativement vite (environ 40 km/h sur un axe limité à 90, ce qui est plutôt bien pour la région), un automobiliste comme tant d'autres, excédé d'être coincé une fin d'après-midi sur la deuxième file, voyant un espace vide entre deux voiture décide de s'y glisser en accélérant du même coup, sans prendre le temps de vérifier correctement s'il n'y a pas un 2RM dans cet espace vide. Les automobilistes n'ayant aucune formation sur les divers véhicules qu'ils peuvent rencontrer lors de la circulation ne s'attendent pas à voir quelque chose de plus petit qu'une voiture, et ma petite 1300 FJR a malheureusement dû céder sous l'assaut de la voiture. Par réflexe, j'ai évité je ne sais comment la chute et sauvé ma jambe gauche de l'écrasement. Du dépanneur à l'expert, en passant par le concessionnaire, tous m'ont demandé comment ça allait car tous pensait que la jambe avait souffert tant le côté gauche de la moto était abimé. Je l'ai certainement levée avant le choc, je ne sais plus, c'était un geste réflexe comme on apprend à en avoir avec la pratique sur les axes routiers franciliens et de bons stages post-permis (style AFDM). L'automobiliste était tout simplement ennuyé car il serait en retard chez lui, le remplissage de constat prenant du temps. En conclusion, à ne surtout pas oublier, toutes les voitures de police qui sont passées à côté sans daigner même sécuriser les lieux de l'accident et encore moins s'inquiéter s'il y avait un blessé. La force de l'habitude en région parisienne nous apprend qu'il vaut mieux se débrouiller seul que de penser à la police (plusieurs dépôt de plainte, dont un contre la police, et jamais aucune nouvelle reçu des suites de mes plaintes). On comprend mieux les banlieues.","Une voiture changeant brusquement de file de circulation sans pour autant avoir l'intention de quitter l'autoroute.","Je vois les roues de la voiture braquer dans ma direction et la voiture accélérer pour venir me percuter (comme si elle voulait me heurter volontairement). Je klaxonne tout en basculant la moto côté droit pour me déporter et éviter le choc, la voiture continue dans sa lancée, comme si de rien n'était. La voiture vient trop vite, je n'ai pas le temps de me déporter assez, tout en freinant (vive le freinage couplé) je balance donc la moto dans l'autre sens(vers la gauche), contre la voiture, pour ne pas me faire propulser dans les rails guillotines et prendre appui au maximum sur la voiture. Entendant le bruit de tôle froissée (de sa voiture ?), l'automobiliste cesse sa manoeuvre de catapultage et se décide tout de même à freiner Je frotte sur la voiture et parviens à m'arrêter ""normalement"", sans chute.","AUT|J'ai eu un série  de réactions qui ont sauvé la moto, ma jambe, voire plus si j'étais passé sous les guillotines.","0","","","Car si j'avais agi autrement, je serai soit handicapé, soit mort.","2","1","2","","Défaut de formation de l'automobiliste.","1","S'il avait cessé sa manoeuvre dès le moment où j'ai commencé à klaxonner, il n'y aurait pas eu d'accident.","1","4","",NA,NA,"","","2",NA,NA,1,NA,"",NA,"Je n'ai pas cessé, sur les quelques secondes qu'a duré l'événement, de penser aux conséquences des divers manoeuvres possibles (à ma connaissance).","4","3","","","1","1","3","4","1","1","2","1",1,4,4,4,4,10,NA,NA,NA,NA,NA,NA,NA,NA,1,"AUT|guillotines sur le bord droit de la chaussée","","","",NA,NA,NA,NA,2,2,NA,2,1,1,1,0,100,0,0,0,"1","AUT|les automobilstes ne sont pas assez formés","","",NA,NA,"3","1","","",NA,1,NA,NA,NA,NA,NA,NA,NA,NA,NA,NA,1,"3","1",2,0,40,1,2,3,4,7,9,NA,NA,"",NA,"4","4","4","4","4","2","YAMAHA","1300","FJR ABS","Routière / GT","2","0","0",0,1,1,"1",1,1,1,"1","NSP","12","4","1","SUZUKI","650","FREEWIND (XF)","ROADSTER","2","4","4","27DEC1971","5","1","",2,3,4,1,"1","","","",1,0,0,1,0,1,"YAMAHA",1300,"FJR","Routière / GT","","2010","37",1,2,19000,"","","","","","","","",NA,NA,NA,"","","","","","",NA,NA,NA,NA,NA,"","",NA,"","",NA,NA,NA,NA,NA,NA,"","",NA,"","",NA,NA,NA,NA,NA,NA,NA,19000,"3",4,NA,NA,NA,NA,NA,NA,NA,"NRP","","","NRP","1991","","","1990","NRP","","","","Motorcycle"
"11",664,1711,"351",1,0,5,"","",NA,NA,NA,0,4,"","","",NA,NA,0,6,"","",NA,"",NA,0,1,"","",NA,NA,NA,0,5,"","","","","",0,3,"","","",NA,NA,0,2,"",NA,NA,NA,NA,0,6,"","","",NA,NA,1,6,"2014","","","","",0,4,"","","","","",0,5,"","","","","",0,2,"","",NA,NA,NA,1,6,"2010","","",NA,NA,0,2,"","",NA,NA,NA,1,1,3,"2010","","","","","Palavas-les-flo","","","","","Un véhicule m'a percutée par l'arrière alors que je cédais le passage aux véhicules d'un rond point","","","","",0,0,0,5,1,1,71,"15",2010,"Palavas-les-flo","2010","Autre(s) type(s) d'accident(s).","2","","",NA,"",NA,"","Je roulais en moto 125cc accompagnée d'un ami en passager. Je cédais le passage à l'abord d'un rond point quand une voiture type SUV m'est rentrée dedans. Le pare choc de la voiture s'est retrouvé encastré entre la roue arrière et la selle de la moto. Le chauffeur de la voiture a expliqué qu'il ne m'avait pas vu car il regardait ailleurs (un accident de moto sur l'autre voie!).","NRP","NRP","3","0","","","Il m'était impossible de savoir que le véhicule derrière moi n'allait pas s'arrêter.","2","1","2","","de son propre aveu, le conducteur de la voiture ne regardait pas devant lui","2","Je ne dirais pas qu'il a aggraver l'accident mais qu'il l'a provoqué","7","","",NA,NA,"","","",NA,NA,NA,NA,"",NA,"","4","4","","","1","1","4","4","1","1","1","2",4,1,4,4,4,10,NA,NA,NA,NA,NA,NA,NA,NA,2,"","","","",NA,NA,NA,NA,2,2,NA,2,2,1,1,0,100,0,0,0,"2","","","",NA,NA,"1","1","","",NA,1,NA,NA,NA,NA,NA,NA,NA,NA,NA,NA,2,"1","3",NA,1,0,1,2,3,4,7,9,NA,NA,"",NA,"4","4","4","4","4","4","YAMAHA","125","TW","TRAIL / SUPERMOTARD","2","1","1",1,1,1,"1",1,1,1,"1","24000","12","2","0","","","","","","","","01JUL1980","12","2","",2,1,1,NA,"NSP","","","",0,0,0,3,0,3,"YAMAHA",125,"TW","Trail / Supermotard","","2001","16",1,1,10000,"","KAWASAKI","500","ER-5","Roadster","","2003","31",4,1,5000,"","KYMCO","125","SECTOR","Custom","",2000,31,2,2,5000,"","",NA,"","",NA,NA,NA,NA,NA,NA,"","",NA,"","",NA,NA,NA,NA,NA,NA,NA,20000,"3",4,NA,NA,NA,NA,NA,NA,NA,"NRP","","","NRP","2011","","","2001","NRP","","","","Motorcycle"
"12",1307,1730,"318",1,0,5,"","",NA,NA,NA,0,5,"","","",NA,NA,0,5,"","",NA,"",NA,0,4,"","",NA,NA,NA,0,5,"","","","","",0,3,"","","",NA,NA,0,3,"",NA,NA,NA,NA,0,5,"","","",NA,NA,0,3,"","","","","",1,5,"2010","","","","",0,5,"","","","","",0,2,"","",NA,NA,NA,0,5,"","","",NA,NA,0,1,"","",NA,NA,NA,0,NA,1,"","","","","","","","","","","","","","","",NA,NA,0,2,3,1,46,"10",2010,"","2010","Vous circuliez sur un axe constitué dau moins "" 2 X 2 voies "" (en urbain, périphérique, autoroute, RN ). Un véhicule vous a coupé la route en changeant de voie pour se placer sur celle de droite.","1","2","",NA,"",NA,"","Accident en ville. Rétrecissement de 2 voies en 1. J'étais déjà sur la voie de droite. La voiture m'a doublé, s'est rabattu trop rapidement. Elle venait de changer de voiture (sa nouvelle voiture était une Fiat 500 ! heureusement),n'avait pas encore bien la dimension de la voiture dans la tête.... (ça fait rêver) N'avait pas réalisé qu'une moto, ça avançait... ce n'est pas un vélo. Bref suite à la chute, j'ai glissé sur plusieurs mètres en me disant ""pour l'instant ça va, mais qu'Est-ce qui va m'arrêter ?"" La conductrice de la voiture a beaucoup pleuré et j'étais tellement contente de n'avoir que quelques brûlures (le blouson en glissant est remonté légèrement) que je l'ai quasi consolée...","La voiture n'a pas pris la mesure de ma vitesse, n'a pas regardé le rétro avant de se rabattre sur la file de droite. De mon côté, je débutais en 2 roues et n'ai pas suffisamment regardé le rétro, j'aurais dû savoir qu'elle était là et aurais dû surveiller son dépassement et pas le subir.","En se rabbatant la voiture m'a heurté et en fait j'ai glissé contre elle. Sur ce que j'ai fait, franchement, je ne m'en souviens plus, c'est allé très vite et j'ai subi plus que réagi.","2","1","J'aurais dû plus surveiller mon rétro, savoir que la voiture était là, arrivait, j'aurais dû surveiller son dépassement et éventuellement freiné.","Je ne savais pas que la voiture était là","","2","0","","","","","","3","6","",NA,NA,"","","",NA,1,NA,NA,"2",NA,"Je n'ai pas compris tout d'abord ce qui se passait","4","3","","","1","1","2","3","2","1","2","3",2,3,4,4,4,6,NA,NA,NA,NA,NA,NA,NA,NA,1,"6","","","",NA,NA,NA,NA,2,2,NA,2,1,1,1,10,90,0,0,0,"1","4","","",NA,NA,"3","1","","",NA,1,NA,NA,NA,NA,NA,NA,NA,NA,NA,NA,1,"4","1",2,0,50,1,10,2,3,4,7,NA,NA,"",NA,"4","4","4","4","4","2","SUZUKI","125","DR-SM","TRAIL / SUPERMOTARD","2","1","1",1,1,1,"1",1,1,1,"1","5000","12","2","0","","","","","","","","12JAN1969","5","2","",2,3,4,1,"1","","","",2,2,0,2,0,1,"KAWASAKI",650,"ER-6  N","ROADSTER","2","2008","31",1,2,10000,"7","","","","","","","",NA,NA,NA,"","","","","","",NA,NA,NA,NA,NA,"","",NA,"","",NA,NA,NA,NA,NA,NA,"","",NA,"","",NA,NA,NA,NA,NA,NA,NA,10000,"3",4,5,NA,NA,NA,NA,NA,NA,"NRP","NRP","NRP","NRP","2012","NRP","NRP","1988","2010","","","","Motorcycle"
"13",460,1981,"299",1,0,4,"","",NA,NA,NA,0,5,"","","",NA,NA,0,5,"","",NA,"",NA,0,3,"","",NA,NA,NA,0,5,"","","","","",0,4,"","","",NA,NA,0,3,"",NA,NA,NA,NA,0,5,"","","",NA,NA,0,3,"","","","","",0,4,"","","","","",0,5,"","","","","",0,2,"","",NA,NA,NA,0,3,"","","",NA,NA,0,3,"","",NA,NA,NA,1,1,1,"1990","","","","","Paris","","","","","3 files de circulations. Passage au vert du feu le véhicule sur la file la plus à droite change d'avis et coupe les deux files de gauche. je freine (pluie et pavés) et je fini par terre la moto encastrée sous la voiture.","","","","",0,0,3,0,27,1,71,"15",1990,"Paris","1990","Autre(s) type(s) d'accident(s).","5","","",NA,"",NA,"","Un automobiliste a décidé au dernier moment de changer de direction et a coupé 2 files de circulation sur une zone pavée par temps de pluie. Je n'ai pu éviter la chute et la moto c'est encastrée après avoir glissée juste derrière la roue avant. J'ai fini juste devant les roues de la voiture. Le conducteur de la voiture a été déclaré responsable à 100% mais son assurance a tenté de me faire signer un document ou je reconnaissais les torts.","Brusque changement de direction sans vérification de la présence d'un autre véhicule et secteur pavé.","Freinage d'urgence (sans ABS) perte de la roue avant et moto qui se couche. Aucune réaction de l'autre usager. Freinage de l'autre usager une fois la moto encastrée dans sa voiture.","NRP","0","","","Temps pour réagir trop court. L'autre usager a changé de direction sous mon nez.","2","1","2","","pas attentif aux autres","1","s'il avait regardé avant de tourner il ne l'aurait pas fait.","6","","",NA,NA,"","","",NA,NA,NA,NA,"1",NA,"impossible de faire mieux sur des pavés mouillés en étant surpris au dernier moment.","2","3","","","1","1","2","4","1","1","1","1",4,3,4,4,4,10,NA,NA,NA,NA,NA,NA,NA,NA,1,"3","","","",NA,NA,NA,NA,2,2,NA,2,1,3,2,0,80,0,10,10,"2","","","",NA,NA,"2","2","","",NA,1,NA,NA,NA,NA,NA,NA,NA,NA,NA,NA,2,"1","3",NA,0,60,1,2,5,NA,NA,NA,NA,NA,"",NA,"4","4","4","4","4","4","HONDA","750","VF-S (SABRE)","ROADSTER","2","1","1",1,1,1,"1",1,1,1,"1","45000","12","3","1","HONDA","500","CX","ROADSTER","2","3","4","28JAN1965","5","2","",2,5,4,3,"1","2","4","",2,0,0,1,0,1,"BMW",1600,"K1600GT","Routière / GT","2","2012","3",1,2,10000,"7","","","","","","","",NA,NA,NA,"","","","","","",NA,NA,NA,NA,NA,"","",NA,"","",NA,NA,NA,NA,NA,NA,"","",NA,"","",NA,NA,NA,NA,NA,NA,NA,10000,"3",4,NA,NA,NA,NA,NA,NA,NA,"NRP","","","NRP","1986","","","1984","NRP","","","","Motorcycle"