"","Ligne","Ligne.Q.qualif","Ligne.approfondissement.Accident","ACCIDENT","NBACC1","ACCFREQUENCE1","ANNEEACC1_1","ANNEEACC1_2","ANNEEACC1_3","ANNEEACC1_4","ANNEEACC1_5","NBACC2","ACCFREQUENCE2","ANNEEACC2_1","ANNEEACC2_2","ANNEEACC2_3","ANNEEACC2_4","ANNEEACC2_5","NBACC3","ACCFREQUENCE3","ANNEEACC3_1","ANNEEACC3_2","ANNEEACC3_3","ANNEEACC3_4","ANNEEACC3_5","NBACC4","ACCFREQUENCE4","ANNEEACC4_1","ANNEEACC4_2","ANNEEACC4_3","ANNEEACC4_4","ANNEEACC4_5","NBACC5","ACCFREQUENCE5","ANNEEACC5_1","ANNEEACC5_2","ANNEEACC5_3","ANNEEACC5_4","ANNEEACC5_5","NBACC6","ACCFREQUENCE6","ANNEEACC6_1","ANNEEACC6_2","ANNEEACC6_3","ANNEEACC6_4","ANNEEACC6_5","NBACC7","ACCFREQUENCE7","ANNEEACC7_1","ANNEEACC7_2","ANNEEACC7_3","ANNEEACC7_4","ANNEEACC7_5","NBACC8","ACCFREQUENCE8","ANNEEACC8_1","ANNEEACC8_2","ANNEEACC8_3","ANNEEACC8_4","ANNEEACC8_5","NBACC9","ACCFREQUENCE9","ANNEEACC9_1","ANNEEACC9_2","ANNEEACC9_3","ANNEEACC9_4","ANNEEACC9_5","NBACC10","ACCFREQUENCE10","ANNEEACC10_1","ANNEEACC10_2","ANNEEACC10_3","ANNEEACC10_4","ANNEEACC10_5","NBACC11","ACCFREQUENCE11","ANNEEACC11_1","ANNEEACC11_2","ANNEEACC11_3","ANNEEACC11_4","ANNEEACC11_5","NBACC12","ACCFREQUENCE12","ANNEEACC12_1","ANNEEACC12_2","ANNEEACC12_3","ANNEEACC12_4","ANNEEACC12_5","NBACC13","ACCFREQUENCE13","ANNEEACC13_1","ANNEEACC13_2","ANNEEACC13_3","ANNEEACC13_4","ANNEEACC13_5","NBACC14","ACCFREQUENCE14","ANNEEACC14_1","ANNEEACC14_2","ANNEEACC14_3","ANNEEACC14_4","ANNEEACC14_5","AUTRESACC","NBAUTRESACC","TOTAL_AC","ANNEEAUTREACC1","ANNEEAUTREACC2","ANNEEAUTREACC3","ANNEEAUTREACC4","ANNEEAUTREACC5","LIEUAUTREACC1","LIEUAUTREACC2","LIEUAUTREACC3","LIEUAUTREACC4","LIEUAUTREACC5","DESCRIPTIONAUTRESACC1","DESCRIPTIONAUTRESACC2","DESCRIPTIONAUTRESACC3","DESCRIPTIONAUTRESACC4","DESCRIPTIONAUTRESACC5","NBAUTRESACCCIRCUIT","NBAUTRESTOUTTERRAIN","EXPCYCLO","EXP125","EXPSUP125","ACCORDNEXTQ","CHOIXACC","RGPMTACC","RECUPANNEE","RECUPLIEU","RECUPANNE","RGPMTAC","CHOIX1","CHOIX2","CHOIX3","CHOIX4","CHOIX5","CHOIX6","CHOIX7","DESCRIPTION","RUPTURE","FAITS","ABS_REACTION","AUTRE_REACTION","PRECISIONREACTIONOUI","RECUL","PRECISIONREACTIONNON","IMPACTCOMPORTEMENT","AUTREUSAGER","REACTIONAUTREUSAGER","CONNAISSANCEREACTIONUSAGER","DIFFICULTES","AGGRAVATION","DIFFICULTES2","EMOTIONS1","EMOTIONS2","EMOTIONS3","EMOTIONS4","EMOTIONS5","EMOTIONS6","AUTRESENTIMENT","CLASSEMENTEMOTIONS1","CLASSEMENTEMOTIONS","CLASSEMENTEMOTIONS5","CLASSEMENTEMOTIONS6","CLASSEMENTEMOTIONS7","CLASSEMENTEMOTIONS8","CLASSEMENTEMOTIONS9","EXPLICATIONRESSENTI","BIENEQUIPE","ALLURE","ALLUREVITEDETAIL","ALLURELENTEDETAIL","SITUATIONPRESSE","SITUATIONDISTRAIT","SITUATIONCONFIANT","SITUATIONCONTROLE","SITUATIONLUDIQUE","SITUATIONPERF","SITUATIONSTRESS","SITUATIONFATIGUE","HUMEURNEUTRE","HUMEURGAI","HUMEURMECONTENT","HUMEURTRISTE","HUMEURCOLERE","CONTRIBUTION1","CONTRIBUTION2","CONTRIBUTION3","CONTRIBUTION4","CONTRIBUTION5","CONTRIBUTION6","CONTRIBUTION7","CONTRIBUTION8","CONTRIBUTION9","ROLEINFRA","ELEMENTINFRA1","ELEMENTINFRA2","ELEMENTINFRA3","ELEMENTINFRA4","ELEMENTINFRA5","ELEMENTINFRA6","ELEMENTINFRA7","ELEMENTINFRA8","ELEMENTINFRA9","ALCOOL","TXALCOOL","STUP","SEMAINE","MOMENTJOURNEE","TEMPS","CAUSEACC1","CAUSEACC2","CAUSEACC3","CAUSEACC4","CAUSEACC5","FORMATIONCAUSE","FORMATION1","FORMATION2","FORMATION3","FORMATION4","FORMATION5","TRAFIC","CHAUSSEE1","CHAUSSEE2","CHAUSSEE3","CHAUSSEE4","TYPEACC","BLESSURE","TETE","COU","THORAX","MEMBRESSUP","COLONNE","BASSIN","MEMBRESINF","HOPITAL","PLUS24H","TRAJET","TYPEROUTE","MOTIF","SENSTRAJET","PASSAGER","VITESSE","DESCEQ1","DESCEQ2","DESCEQ3","DESCEQ4","DESCEQ5","DESCEQ6","DESCEQ7","DESCEQ8","DESCEQ9","DESCEQ10","VEHICULEETE","VEHICULEAUTOMNE","VEHICULEPRINTEMPS","VEHICULEHIVER","VEHICULESEMAINE","VEHICULEWE","VEHMARQUE","VEHCYLINDREE","VEHMODELE","VEHSEGMENT","VEHSIDE","EQ2RMABS","EQ2RMCBS","EQ2RMABSCBS","EQ2RMREGULATEUR","EQ2RMLIMITEUR","EQ2RMPHARESDIRECT","EQ2RMCOUPURE","EQ2RMANTIPATINAGE","EQ2RMANTIXHEELING","EQ2RMSTABILILTE","VEHKM","POINTS","DUREE","AUTRE2RM","VEHPRECMARQUE","VEHPRECCYLINDREE","VEHPRECMODELE","VEHPRECSEGMENT","VEHPRECSIDE","TEMPS2RMPREC","FREQVEHPREC","DATE_NAISS","CSP","SOCIETAIRE","SALARIE","SECTEUR2RM","NBPERSFOYER","SITFAM","NBENF","TRNBENF1","TRNBENF2","TRNBENF3","TRNBENF4","NBAUTOFOYER","NBCYCLOFOYER","NBSCOOTFOYER","NBMOTOFOYER","NBTRIKEFOYER","NB2RMCONDUIT","MARQUE1","CYLINDREE1","MODELE1","SEGMENT1","SIDE1","ANMISECIRCU1","ASS1","FREQ1","USAGE1","NBKM1","GARAGE1","MARQUE2","CYLINDREE2","MODELE2","SEGMENT2","SIDE2","ANMISECIRCU2","ASS2","FREQ2","USAGE2","NBKM2","GARAGE2","MARQUE3","CYLINDREE3","MODELE3","SEGMENT3","SIDE3","ANMISECIRCU3","ASS3","FREQ3","USAGE3","NBKM3","GARAGE3","MARQUE4","CYLINDREE4","MODELE4","SEGMENT4","SIDE4","ANMISECIRCU4","ASS4","FREQ4","USAGE4","NBKM4","GARAGE4","MARQUE5","CYLINDREE5","MODELE5","SEGMENT5","SIDE5","ANMISECIRCU5","ASS5","FREQ5","USAGE5","NBKM5","GARAGE5","NBKMTOT","PERMIS1","PERMIS2","PERMIS3","PERMIS4","PERMIS5","PERMIS6","PERMIS7","PERMIS8","PERMIS9","ANPERMIS1","ANPERMIS6","ANPERMIS7","ANPERMIS2","ANPERMIS3","ANPERMIS8","ANPERMIS9","ANPERMIS4","ANPERMIS5","X","X.1","X.2","isScooter"
"14",862,2048,"127",1,0,4,"","",NA,NA,NA,1,5,"1999","","",NA,NA,0,6,"","",NA,"",NA,0,2,"","",NA,NA,NA,0,6,"","","","","",0,4,"","","",NA,NA,0,4,"",NA,NA,NA,NA,0,6,"","","",NA,NA,0,6,"","","","","",0,4,"","","","","",1,6,"1994","","","","",0,5,"","",NA,NA,NA,0,4,"","","",NA,NA,0,4,"","",NA,NA,NA,1,2,4,"2014","NSP","","","","Meyreuil","-","","","","Percuté par l'arrière en attendant devant un stop. voiture pensait que je démarrais","Pas d'accident mais je ne peux pas modifier le nombre2 en1","","","",0,0,3,0,22,1,6,"2",1999,"","1999","Vous circuliez derrière un véhicule. Ce véhicule a ralenti. Vous avez entrepris de dépasser ce véhicule par la gauche et celui-ci vous a coupé la route en tournant à gauche (ou en effectuant un œ tour","2","4","",NA,"",NA,"","Je dépassait à faible allure (20-30 km/h)un queue de voitures avancant en accordéon devant un rond point. Quand j'étais à l'hauteur de l'angle mort d'une voiture, celle-ci à voulu faire mi-tour en passant sur la ligne continue. Elle m'a rentrée dedans par la droite, ce qui a fait tomber la moto. Seulement des dommages à la bécane.  La conductrice était encore en 'A' et vennait de la garage ou elle avait fait réparer sa voiture après une autre accident qu'elle a eu.","déboitement à gauche de la voiture","J'ai essaié d'éviter en partant à gauche aussi, mais la voiture virait trop rapidement. A heurté la roue avant donc la moto est tombé. je n'ai pas eu le temps de freiner. La conductrice est sortie pour se pleindere d'abort que sa voiture était abimé avant de s'inquieter de mon sort","NRP","0","","","trop prês, trop rapide","2","1","2","","NSP","2","ce n'état pas très grave, car on roulait lentement","2","","",NA,NA,"","","",1,NA,NA,NA,"",NA,"je m'y attendais pas, je vennais de dépaser une dizaine de voitures déjà et personne donnait l'imporession d'être stressé ou de vouloir quitter la ligne. D'aillieurs c'était interdit à cet endroit","4","3","","","1","4","4","4","1","1","1","1",1,3,4,4,4,4,NA,NA,NA,NA,NA,NA,NA,NA,1,"1","","","",NA,NA,NA,NA,2,2,NA,2,1,1,1,0,100,0,0,0,"NSP","","","",NA,NA,"4","1","","",NA,1,NA,NA,NA,NA,NA,NA,NA,NA,NA,NA,1,"1","1",2,0,25,1,10,2,4,NA,NA,NA,NA,"",NA,"4","4","4","4","4","4","YAMAHA","900","XJ","ROADSTER","2","1","1",1,1,1,"1",1,1,1,"1","30000","12","4","1","HONDA","600","CBR 600F","SPORTIVE","2","4","4","20JAN1964","7","2","",2,3,4,1,"1","","","",2,0,0,1,0,1,"BMW",1200,"R1200GS ABS ""TRIPLE BLACK""","TRAIL / SUPERMOTARD","","2011","18",2,2,6500,"","","","","","","","",NA,NA,NA,"","","","","","",NA,NA,NA,NA,NA,"","",NA,"","",NA,NA,NA,NA,NA,NA,"","",NA,"","",NA,NA,NA,NA,NA,NA,NA,6500,"3",4,NA,NA,NA,NA,NA,NA,NA,"NRP","","","NRP","1992","","","1982","NRP","","","","Motorcycle"
"15",1190,2066,"205",1,0,3,"","",NA,NA,NA,0,3,"","","",NA,NA,0,5,"","",NA,"",NA,0,1,"","",NA,NA,NA,2,6,"2009","2010","","","",0,4,"","","",NA,NA,0,3,"",NA,NA,NA,NA,0,3,"","","",NA,NA,5,4,"2008","2008","2008","2009","2009",0,3,"","","","","",0,4,"","","","","",0,1,"","",NA,NA,NA,0,3,"","","",NA,NA,0,6,"","",NA,NA,NA,1,3,10,"2008","2009","2009","","","BAYONNE","BAYONNE","ANGLET","","","Dans un rond point ne voiture qui avait le clignotant pour sortir à brusquement changé d'avis et m'as percuté alors que j'étais sur la voie de gauche.","Une voiture utilitaire m'a reculé dessus au cédez le passage d'un rond point car elle n'avait pas vu le panneau indicatif situé avant le rond point","Une voiture était mal stationné de nuit à l'intérieur d'un virage en aveugle","","",0,0,6,0,6,1,22,"5",2010,"","2010","Vous circuliez sur un axe prioritaire. Un véhicule venant dun axe non prioritaire vous a coupé la route.","3","4","5",6,"",NA,"","Alors que je m'engageais sur une voix à sens unique un camion (19t) à fait irruption en sens inverse et je n'ai pu l'éviter.  Le chauffeurs à déclarer avoir prit cette direction car plus simple et plus rapide pour lui en sortant de sa zone de livraison. Pour information la rue fait 200m de long et le gain de cette manoeuvre ne doit pas excéder les 5min. En ce qui me concerne je suis resté près de 4ans en arrêt de travail suite à cette accident et je ne doit ma vie qu'a un très bon équipement ( mon casque arai présente des traces de pneu à sa surface et je n'ai cependant eu que 3points de suture au menton dus aux frottements de la jugulaire). Après 2 ans de procès le conducteur n'a même pas écopé d'une suspension de permis pour cet acte et continue d'exercer son travail de chauffeur livreur.","Manque de visibilité qui ne m'a pas permis de voir arriver le camion avant le moment fatidique. Non respect du code de la route par le chauffeur du camion","Je me souviens avoir prit mes freins en urgence se qui à causé un déséquilibre et m'a fait chuté. De son coté le chauffeur à donné un coup de volant se qui m'a fait passé sous le camion","NRP","0","","","aucune anticipation du danger possible","2","1","1","3","NSP","NSP","NSP","1","3","6",NA,NA,"","","3",NA,1,NA,NA,"2",NA,"JE n'ai pas compris comment cette situation pouvait se produire","4","3","","","1","1","4","4","3","1","1","1",4,3,4,4,4,7,NA,NA,NA,NA,NA,NA,NA,NA,1,"2","4","","",NA,NA,NA,NA,2,2,NA,2,1,1,1,0,100,0,0,0,"2","","","",NA,NA,"1","1","4","",NA,2,1,1,2,3,4,NA,NA,NA,1,1,1,"1","1",1,0,30,1,2,3,4,7,NA,NA,NA,"",NA,"4","4","4","4","4","4","YAMAHA","600","XJ6  34CV","ROADSTER","2","1","1",1,1,1,"1",1,1,1,"1","10000","12","2","1","YAMAHA","660","MT03 34CV","ROADSTER","2","3","4","25SEP1990","7","1","",1,1,1,NA,"NSP","","","",1,1,1,1,0,1,"YAMAHA",600,"XJ6  34CV","ROADSTER","","2009","37",1,2,12000,"","","","","","","","",NA,NA,NA,"","","","","","",NA,NA,NA,NA,NA,"","",NA,"","",NA,NA,NA,NA,NA,NA,"","",NA,"","",NA,NA,NA,NA,NA,NA,NA,12000,"1",2,3,4,NA,NA,NA,NA,NA,"2006","","","2009","2011","","","2008","NRP","","","","Motorcycle"
"16",98,2223,"413",1,0,6,"","",NA,NA,NA,0,6,"","","",NA,NA,1,5,"2013","",NA,"",NA,0,5,"","",NA,NA,NA,0,3,"","","","","",0,6,"","","",NA,NA,0,5,"",NA,NA,NA,NA,0,4,"","","",NA,NA,1,4,"2000","","","","",1,5,"2013","","","","",0,6,"","","","","",0,4,"","",NA,NA,NA,0,6,"","","",NA,NA,0,6,"","",NA,NA,NA,0,NA,3,"","","","","","","","","","","","","","","",NA,NA,15,3,15,1,41,"9",2000,"","2000","Vous avez fait une sortie de route, une perte de contrôle ou une glissade sans rien percuter.","2","4","5",6,"",NA,"","J'étais parti faire un tour à Renne voir des amis, c'était un aller retour dans la soirée, après le travail. Il faisait très froid et ca faisait 6 heures que je conduisais, et une voiture en face de moi à freiner et j'ai fait un freinage un peu fort, et là j'ai perdu le contrôle de ma moto, je suis tombé tout seul et sans touché la voiture en face de moi et qui a continuer sa route. Je me suis réveillé sur la bande d'arrêt d'urgence et j'ai voulu récupéré ma moto qui était sur la première file, et là une voiture m'a percuté. J'ai eu le plateau tibiale cassé.( ma moto ducati monster 600 avait un défaut de fabrication, une fuite du carter moteur, je l'ai rapporté 3 fois en réparation pour ça)","le froid et le freinage et une moto défaillante","NRP","3","1","Demande au consecionnaire de me remplacer ma moto et plus faire de grande distance par temps de froid","NRP","","2","1","2","","NSP","1","Il a vu la lumière de ma moto au loin et à continuer sa vitesse de croisière au lieu de ralentir","9","","",NA,NA,"","","",NA,NA,NA,NA,"",1,"une injustice, car je me suis fait percuté et j'ai eu une amende pour non maitrise de mon véhicule. et l'autre conducteur a était relaxé","1","3","","","1","1","4","4","NSP","1","1","3",1,3,4,4,4,7,NA,NA,NA,NA,NA,NA,NA,NA,1,"3","","","",NA,NA,NA,NA,2,2,NA,2,1,2,2,20,40,0,20,20,"2","","","",NA,NA,"1","2","","",NA,2,1,7,NA,NA,NA,NA,NA,NA,1,1,3,"3","3",NA,0,110,1,11,NA,NA,NA,NA,NA,NA,"",NA,"4","4","4","4","4","4","DUCATI","600","MONSTER 34CV","ROADSTER","2","1","1",1,1,1,"1",1,1,1,"1","NSP","12","2","1","MBK","50","BOOSTER","SCOOTER","2","4","4","17MAR1978","8","2","",2,4,4,2,"1","","","",1,0,1,1,0,2,"PIAGGIO",125,"MP3","SCOOTER","2","2008","15",3,1,1000,"","KAWASAKI","750","Z 750-N IE ABS","ROADSTER","2","2011","10",2,2,1000,"","","","","","",NA,NA,NA,NA,NA,"","",NA,"","",NA,NA,NA,NA,NA,NA,"","",NA,"","",NA,NA,NA,NA,NA,NA,NA,2000,"3",4,NA,NA,NA,NA,NA,NA,NA,"NRP","","","NRP","2000","","","1998","NRP","","","","Motorcycle"
"17",596,2312,"487",1,0,3,"","",NA,NA,NA,0,3,"","","",NA,NA,0,5,"","",NA,"",NA,0,3,"","",NA,NA,NA,0,4,"","","","","",0,5,"","","",NA,NA,0,4,"",NA,NA,NA,NA,0,5,"","","",NA,NA,1,6,"2012","","","","",0,6,"","","","","",0,6,"","","","","",0,3,"","",NA,NA,NA,1,5,"2013","","",NA,NA,0,4,"","",NA,NA,NA,0,NA,2,"","","","","","","","","","","","","","","",NA,NA,0,0,4,1,41,"9",2012,"","2012","Vous avez fait une sortie de route, une perte de contrôle ou une glissade sans rien percuter.","6","","",NA,"",NA,"","l'accident c'est passé sur un rond pont, sous la pluie. Une flaque de gazole était sur le rond point, je n'ai rien vu venir.","les éléments déclencheurs : la pluie et le gazole","je n'ai pas eu le temps de réagir. La moto a glissé sur le coté j'ai glissé a coté de la moto. les automobilistes se sont arrêtés sans me percuter.","3","0","","","la flaque de gazole n'était pas visible et je roulais déjà doucement","2","0","","","","","","1","2","3",6,NA,"","","3",1,2,NA,NA,"",NA,"je n'ai rien vu venir","4","3","","","1","NSP","2","3","3","1","2","1",1,4,4,4,4,10,NA,NA,NA,NA,NA,NA,NA,NA,2,"","","","",NA,NA,NA,NA,2,2,NA,2,2,1,2,20,0,0,40,40,"2","","","",NA,NA,"1","2","6","",NA,1,NA,NA,NA,NA,NA,NA,NA,NA,NA,NA,3,"2","3",NA,0,30,1,2,3,4,7,9,NA,NA,"",NA,"4","4","4","3","3","3","SUZUKI","500","GS-E 34CV","ROADSTER","2","1","1",1,1,1,"1",2,1,1,"1","24000","12","2","0","","","","","","","","18MAY1986","7","2","",2,2,3,NA,"NSP","","","",2,0,0,1,0,1,"SUZUKI",500,"GS","ROADSTER","2","2001","16",2,2,4000,"","","","","","","","",NA,NA,NA,"","","","","","",NA,NA,NA,NA,NA,"","",NA,"","",NA,NA,NA,NA,NA,NA,"","",NA,"","",NA,NA,NA,NA,NA,NA,NA,4000,"3",4,NA,NA,NA,NA,NA,NA,NA,"NRP","","","NRP","2011","","","2005","NRP","","","","Motorcycle"
"18",33,2540,"39",1,0,3,"","",NA,NA,NA,0,5,"","","",NA,NA,0,4,"","",NA,"",NA,0,2,"","",NA,NA,NA,1,5,"2012","","","","",0,3,"","","",NA,NA,0,4,"",NA,NA,NA,NA,0,4,"","","",NA,NA,0,3,"","","","","",0,3,"","","","","",0,5,"","","","","",0,1,"","",NA,NA,NA,0,4,"","","",NA,NA,0,4,"","",NA,NA,NA,0,NA,1,"","","","","","","","","","","","","","","",NA,NA,6,1,6,1,21,"5",2012,"","2012","Vous circuliez sur un axe prioritaire. Un véhicule venant dun axe non prioritaire vous a coupé la route.","1","2","3",6,"AUT|Le plus injuste",NA,"","Je roulais sur une petite rue urbaine, a allure modérée. La visibilité des rue perpendiculaire à ma droite est quasi nulle a cause des voitures stationnées le long de la chaussée à droite.  En arrivant au niveau de l'une de ces rues, une voiture est arrivée et s'est arrêtée à son stop.  J'ai ralenti jusqu'au moment où j'ai croisé son regard pour être sûr d'être vu. une fois sûr d'avoir été vu, j'ai accéléré fortement pour passer rapidement.  Malheureusement, la voiture que me voyait ralentir à cru qu'elle pouvait passer. Je l'ai percuté violemment au niveau de sa portière arrière.  Mon VFR a été classée épave, le conducteur de la voiture a eu 100% des torts. Malgré cela je n'ai été que très peu remboursé car la moto avec de l'âge.  Peu de temps après, des poteaux ont été installés aux abords des intersections afin que la visibilité soit bien meilleur.","1 - Le manque de visibilité qui a généré un état de surprise pour moi même ainsi que le conducteur de la voiture.  2 - Ma décision (réflexe) d'accélérer pour passer plutôt que freiner brusquement, me sachant prioritaire  3- La décision du conducteur de s'engager pensant que je le laissais passer ou qu'il en aurait le temps (mauvaise évaluation de l'accélération de la moto)","En pleine accélération, j'ai freiné très brusquement et ai perdu l'adhérence d'au moins la roue avant.  Je ne sais plus si j'ai été éjecté de la moto avant ou après le choc avec la voiture.  J'ai pris conscience de ce qu'il venait d'arrivé une fois arrêté sur le sol, cherchant a voir si je sentais encore tous mes membres.  Le conducteur m'a ensuite rejoint pour savoir si ça aller, et m'a aider à rejoindre un trottoire pour m'y allonger.  Sa voiture est restée au milieu de la route, la personne a eu aussi très peur.","NRP","0","","","La rue était très étroite, l'évitement était à mon sens pas possible.","2","1","NSP","","Effet de surprise en me voyant, mauvaise évaluation de sa capacité à passer","1","NRP","2","3","6",NA,NA,"","","",2,3,NA,NA,"1",NA,"Je n'avais pas d'échapatoire","3","1","1","","1","1","4","4","3","1","1","1",4,1,4,4,4,1,6,7,NA,NA,NA,NA,NA,NA,1,"4","","","",NA,NA,NA,NA,2,2,NA,2,1,1,1,40,40,0,20,0,"NSP","","","",NA,NA,"2","1","","",NA,2,1,2,NA,NA,NA,NA,NA,NA,1,0,1,"1","1",1,0,70,1,10,2,3,4,NA,NA,NA,"",NA,"4","4","4","4","4","4","HONDA","800","VFR-F","Routière / GT","2","1","0",1,1,1,"1",1,1,1,"1","60000","12","3","1","YAMAHA","600","FZ6-S FAZER","ROADSTER","2","1","4","26AUG1979","5","1","",2,4,4,2,"1","","","",2,0,0,2,0,2,"YAMAHA",600,"XTE","TRAIL / SUPERMOTARD","2","1993","37",1,2,9000,"","BUELL","1125","1125-R","SPORTIVE","2","2009","37",3,1,4000,"","","","","","",NA,NA,NA,NA,NA,"","",NA,"","",NA,NA,NA,NA,NA,NA,"","",NA,"","",NA,NA,NA,NA,NA,NA,NA,13000,"3",4,NA,NA,NA,NA,NA,NA,NA,"NRP","","","NRP","2009","","","2000","NRP","","","","Motorcycle"
"19",53,2577,"315",1,0,5,"","",NA,NA,NA,0,3,"","","",NA,NA,0,5,"","",NA,"",NA,0,1,"","",NA,NA,NA,0,6,"","","","","",0,3,"","","",NA,NA,0,4,"",NA,NA,NA,NA,0,4,"","","",NA,NA,1,5,"2008","","","","",0,6,"","","","","",0,6,"","","","","",0,2,"","",NA,NA,NA,0,3,"","","",NA,NA,0,2,"","",NA,NA,NA,1,1,2,"2004","","","","","Col de Porte","","","","","Dans un virage à droite, en montant sur une route de montagne, une voiture descendante à coupé le virage et m'a percuté.","","","","",0,0,9,1,10,1,41,"9",2008,"","2008","Vous avez fait une sortie de route, une perte de contrôle ou une glissade sans rien percuter.","1","2","3",4,"AUT|Il démontre qu'une infrastructure peut être dangereuse",NA,"","Ca s'est passé rue Jules Horowitz, à Grenoble  Je repartais de mon travail, comme tous les jours, avec ma Honda VFR 800 VTEC ; et comme tous les jours, je prends soin d'éviter un ralentisseur en plastique, tout en largeur, du type de ceux présents dans les parkings couverts. C'est un ralentisseur très violent, qui secoue très fort les voitures même à faible allure (il a provoqué le décrochage du rétroviseur interne de ma voiture), et encore plus pour une moto bien plus légère et aux suspensions plus fermes.  Je passe donc ce ralentisseur sur le côté droit, doucement, comme tous les jours, sauf que ce jour là, ma roue arrière n'a pas parfaitement suivi la roue avant, et a mordu sur le ralentisseur. J'étais en première, pneu froid, la roue a glissé, le moteur a pris des tours pendant que la roue patinait sur le ralentisseur, la roue arrière a chassé sur le côté, glissant sur la pente en bout de ralentisseur. J'ai très rapidement coupé les gaz, mais c'était trop tard, et en première la roue s'est bloquée et a continué à glisser jusqu'au trottoir. Au contact avec le trottoir, la moto s'est redressée violemment, me projetant par dessus le guidon.  Je suis retombé tête la première au sol, merci à mon fidèle casque de m'avoir protégé, mais ma clavicule a cassé net lorsque mon épaule a touché le bitume.  Je me dis que dans mon malheur, j'ai eu de la chance de retomber sur la route, car à cet endroit là le trottoir était jonché de longs créneaux en béton pour empêcher le stationnement. Si j'étais retombé sur ces créneaux, je ne sais pas ce qui serait resté de moi.  Suite à mon accident, après consultation du CHSCT de mon entreprise, les ralentisseurs ont été modifiés, rendus plus étroits pour laisser plus d'espace entre le trottoir et le ralentisseur pour que les deux roues puissent passer sans danger ; et les créneaux anti-stationnement ont été retirés sur plusieurs mètres après les ralentisseurs.","Un ralentisseur en plastique, glissant, qui m'a fait chasser la roue contre le trottoir.","Quand j'ai senti la roue glisser, j'ai coupé les gaz et cherché à garder la moto en ligne, mais en première, sur un V4, couper les gaz a bloqué la roue qui a a continué sa route jusqu'au trottoir qui m'a envoyé en high-side.","NRP","0","","","Tout s'est passé en une seconde, il n'y avait rien à faire.","2","0","","","","","","1","5","",NA,NA,"","","1",NA,NA,NA,2,"",NA,"je ne pouvais rien contrôler, j'étais parti en vol plané au dessus de ma moto, sans savoir où ni comment j'allais retomber.","4","3","","","2","3","3","3","2","1","1","1",4,1,4,4,4,4,NA,NA,NA,NA,NA,NA,NA,NA,1,"4","","","",NA,NA,NA,NA,2,2,NA,2,1,1,1,10,0,0,90,0,"2","","","",NA,NA,"1","1","AUT|il y avait des feuilles et des gravillons entre le ralentisseur et le trottoir","",NA,2,1,4,NA,NA,NA,NA,NA,NA,1,1,1,"1","1",2,0,25,1,2,3,4,7,9,NA,NA,"",NA,"4","4","4","2","4","4","HONDA","800","VFR-F V-TEC ABS","Routière / GT","2","0","0",0,1,1,"1",1,1,1,"1","12000","12","2","1","HONDA","600","CB-F ABS","ROADSTER","2","4","4","15MAR1978","5","2","",2,1,1,NA,"NSP","","","",1,0,0,1,0,1,"HONDA",1200,"VFR-F","ROUTIERE / GT","2","2010","28",1,2,15000,"","","","","","","","",NA,NA,NA,"","","","","","",NA,NA,NA,NA,NA,"","",NA,"","",NA,NA,NA,NA,NA,NA,"","",NA,"","",NA,NA,NA,NA,NA,NA,NA,15000,"3",4,5,NA,NA,NA,NA,NA,NA,"NRP","","","NRP","2004","","","1996","2004","","","","Motorcycle"
"20",1285,2592,"35",1,0,5,"","",NA,NA,NA,0,4,"","","",NA,NA,0,5,"","",NA,"",NA,0,1,"","",NA,NA,NA,0,5,"","","","","",0,5,"","","",NA,NA,0,2,"",NA,NA,NA,NA,0,3,"","","",NA,NA,0,3,"","","","","",0,2,"","","","","",0,3,"","","","","",0,3,"","",NA,NA,NA,0,3,"","","",NA,NA,0,4,"","",NA,NA,NA,1,1,1,"2007","","","","","BAYONNE","","","","","JE SORTAIS A RECULONS DE MA PROPRIETE, 1 VEHICLE A SURGI DERRIERE MOI ET M'A ARRACHE LA VALISE GAUCHE.  Notez que la sortie de ma propriété est à 5 m d'un feu tricolore. Rouge au moment où je reculais !","","","","",0,0,5,12,23,1,71,"15",2007,"BAYONNE","2007","Autre(s) type(s) d'accident(s).","1","","",NA,"",NA,"","Habitant près d'un carrefour avec feux tricolores (5 mètres entre le portail de ma propriété et les feux tricolores), l'accès à ma propriété est en légère pente montante. Tout le tour de la maison est constitué d'une couche épaisse de graviers de rivière qui interdisent le passage d'un 2 roues motorisé quel qu'il soit. Je stationnais donc ma moto toujours dans le garage.  Or un jour de 2007, en descendant la rampe en marche arrière pour quitter mon domicile et alors que j'avais bien pris soin de vérifier que le feu était au rouge un véhicule est arrivé très vite sur ma droite (alors que j'avais la tête tournée sur la gauche pour contrôler que le feu était toujours rouge.  Ce véhicule s'est bien arrêté au feu tricolore mais non sans m'avoir arraché la valise gauche de ma moto. Pratiquant le métier d'assureur, je n'ai pu que accepter de prendre tous les torts à ma charge car  sortant d'une propriété privée et en reculant je ne pouvais espérer partager la responsabilité de cet accident. En revanche j'ai incendié le conducteur en question sur le fait de sa vitesse en arrivant à un feu rouge de surcroît et lui faisant constater la difficulté qui était mienne pour quitter ma propriété...","Le bruit du choc! Je n'ai pas du tout vu arriver le véhicule tant il est arrivé vite! Je suis conscient que si j'avais reculé d'un mètre de plus dans la seconde qui précédait j'étais percuté de plein fouet sur tout le flanc droit!","Je reculais pour sortir de chez moi, en regardant sur ma gauche pour vérifier que le feu tricolore était toujours au rouge et pour vérifier si des piétons n'étaient pas engagés sur le trottoir. Puis le choc du véhicule sur ma valise arrachée. Je n'ai pas vu arriver la voiture sur mon arrière  droit. En effet je n'ai pas eu le temps de tourner la tête. Immédiatement après le choc j'ai béquillé ma moto, puis ai vérifié sa position sur la chaussée, puis me suis dirigé vers le conducteur du véhicule qui n'était pas encore descendu de son siège. Nous nous sommes entretenu puis avons rédigé le constat amiable réglementaire. Le conducteur de la voiture s'est empressé de me faire admettre que je sortais d'une propriété privée et que je reculais, ce à quoi j'ai répondu que la conduite d'un véhicule était faite d'anticipation, et qu'il n'est pas convenable d'arriver aussi vite dans un carrefour lorsque le feu est rouge depuis plusieurs secondes. J'ai ajouté que même si je reconnaissais avoir à supporter la responsabilité de cet accident, si j'avais été blessé ou si un éventuel passager que j'aurai pu transporter avait été blessé, j'aurai sur le champ déposé une plainte contre lui pour conduite dangereuse.","NRP","1","Avant de laisser rouler en arrière ma moto, j'aurai du regarder sur la droite pour voir arriver ce véhicule.  Mais compte tenu de sa vitesse l'aurais-je vu?","Je pense que l'habitude de sortir de chez moi dans les mêmes conditions depuis plusieurs années et d'être habitué aux autres conducteurs qui s'arrêtent pour me laisser manoeuvrer m'ont rendu moins attentif à l'accès sur la chaussée.","","2","1","2","","Je suis certain qu'il ne regardait pas la route devant lui lorsqu'il ma percuté. Une moto de ce calibre avec top case et deux valises NONFANGO 38 litres représentent un volume d'occupation conséquent. ma roue arrière empiétait de 15 à 20 centimètres sur la chaussée et donc ma valise un peu plus.","1","j'en suis encore aujourd'hui persuadé. Ce qui renforce ma pensée est le fait que son véhicule était totalement neuf il sortait la veille de la concession. Je peux aisément supposer que son attention était détournée par un quelconque gadget d'équipement ou tout autre chose!!!","6","","",NA,NA,"","","",NA,NA,NA,NA,"1",NA,"Lorsque vous êtes percutés à l'arrêt de votre véhicule ou au quasi arrêt, et que vous êtes percutés vous ne pouvez absolument pas réagir même si vous comprenez en une fraction de seconde se qu'il vous arrive. La pensée est beaucoup plus rapide que l'action ou la réaction. Pour éviter le choc il eut fallu que je visse arriver la voiture, que j'enclenche la première vitesse et que j'inverse mon sens de roulage autrement dit avec beaucoup de prétention et de la chance 3 à 4 secondes!!! C'était absolument impossible!","4","4","","","1","2","4","3","1","1","1","1",2,2,4,4,4,5,NA,NA,NA,NA,NA,NA,NA,NA,2,"","","","",NA,NA,NA,NA,2,2,NA,2,1,1,1,100,0,0,0,0,"2","","","",NA,NA,"2","1","","",NA,1,NA,NA,NA,NA,NA,NA,NA,NA,NA,NA,1,"1","1",1,0,0,1,2,3,4,7,8,9,NA,"",NA,"4","4","4","4","4","3","BMW","1000","K100RS 16S ABS","Routière / GT","2","0","1",1,1,1,"1",1,1,1,"1","93520","9","4","1","YAMAHA","750","XTZ SUPER TENERE","TRAIL / SUPERMOTARD","2","4","3","10FEB1953","7","1","",2,4,4,2,"1","","","",3,0,0,2,0,2,"HONDA",1300,"PAN EUROPEAN C-ABS","ROUTIERE / GT","2","2008","37",1,3,15000,"","BMW","1000","K100RS 16S ABS","ROUTIERE / GT","2","1990","37",4,1,100,"","","","","","",NA,NA,NA,NA,NA,"","",NA,"","",NA,NA,NA,NA,NA,NA,"","",NA,"","",NA,NA,NA,NA,NA,NA,NA,15100,"4",3,NA,NA,NA,NA,NA,NA,NA,"NRP","","","NRP","1991","","","1972","NRP","","","","Motorcycle"