"","Ligne","Ligne.Q.qualif","Ligne.approfondissement.Accident","ACCIDENT","NBACC1","ACCFREQUENCE1","ANNEEACC1_1","ANNEEACC1_2","ANNEEACC1_3","ANNEEACC1_4","ANNEEACC1_5","NBACC2","ACCFREQUENCE2","ANNEEACC2_1","ANNEEACC2_2","ANNEEACC2_3","ANNEEACC2_4","ANNEEACC2_5","NBACC3","ACCFREQUENCE3","ANNEEACC3_1","ANNEEACC3_2","ANNEEACC3_3","ANNEEACC3_4","ANNEEACC3_5","NBACC4","ACCFREQUENCE4","ANNEEACC4_1","ANNEEACC4_2","ANNEEACC4_3","ANNEEACC4_4","ANNEEACC4_5","NBACC5","ACCFREQUENCE5","ANNEEACC5_1","ANNEEACC5_2","ANNEEACC5_3","ANNEEACC5_4","ANNEEACC5_5","NBACC6","ACCFREQUENCE6","ANNEEACC6_1","ANNEEACC6_2","ANNEEACC6_3","ANNEEACC6_4","ANNEEACC6_5","NBACC7","ACCFREQUENCE7","ANNEEACC7_1","ANNEEACC7_2","ANNEEACC7_3","ANNEEACC7_4","ANNEEACC7_5","NBACC8","ACCFREQUENCE8","ANNEEACC8_1","ANNEEACC8_2","ANNEEACC8_3","ANNEEACC8_4","ANNEEACC8_5","NBACC9","ACCFREQUENCE9","ANNEEACC9_1","ANNEEACC9_2","ANNEEACC9_3","ANNEEACC9_4","ANNEEACC9_5","NBACC10","ACCFREQUENCE10","ANNEEACC10_1","ANNEEACC10_2","ANNEEACC10_3","ANNEEACC10_4","ANNEEACC10_5","NBACC11","ACCFREQUENCE11","ANNEEACC11_1","ANNEEACC11_2","ANNEEACC11_3","ANNEEACC11_4","ANNEEACC11_5","NBACC12","ACCFREQUENCE12","ANNEEACC12_1","ANNEEACC12_2","ANNEEACC12_3","ANNEEACC12_4","ANNEEACC12_5","NBACC13","ACCFREQUENCE13","ANNEEACC13_1","ANNEEACC13_2","ANNEEACC13_3","ANNEEACC13_4","ANNEEACC13_5","NBACC14","ACCFREQUENCE14","ANNEEACC14_1","ANNEEACC14_2","ANNEEACC14_3","ANNEEACC14_4","ANNEEACC14_5","AUTRESACC","NBAUTRESACC","TOTAL_AC","ANNEEAUTREACC1","ANNEEAUTREACC2","ANNEEAUTREACC3","ANNEEAUTREACC4","ANNEEAUTREACC5","LIEUAUTREACC1","LIEUAUTREACC2","LIEUAUTREACC3","LIEUAUTREACC4","LIEUAUTREACC5","DESCRIPTIONAUTRESACC1","DESCRIPTIONAUTRESACC2","DESCRIPTIONAUTRESACC3","DESCRIPTIONAUTRESACC4","DESCRIPTIONAUTRESACC5","NBAUTRESACCCIRCUIT","NBAUTRESTOUTTERRAIN","EXPCYCLO","EXP125","EXPSUP125","ACCORDNEXTQ","CHOIXACC","RGPMTACC","RECUPANNEE","RECUPLIEU","RECUPANNE","RGPMTAC","CHOIX1","CHOIX2","CHOIX3","CHOIX4","CHOIX5","CHOIX6","CHOIX7","DESCRIPTION","RUPTURE","FAITS","ABS_REACTION","AUTRE_REACTION","PRECISIONREACTIONOUI","RECUL","PRECISIONREACTIONNON","IMPACTCOMPORTEMENT","AUTREUSAGER","REACTIONAUTREUSAGER","CONNAISSANCEREACTIONUSAGER","DIFFICULTES","AGGRAVATION","DIFFICULTES2","EMOTIONS1","EMOTIONS2","EMOTIONS3","EMOTIONS4","EMOTIONS5","EMOTIONS6","AUTRESENTIMENT","CLASSEMENTEMOTIONS1","CLASSEMENTEMOTIONS","CLASSEMENTEMOTIONS5","CLASSEMENTEMOTIONS6","CLASSEMENTEMOTIONS7","CLASSEMENTEMOTIONS8","CLASSEMENTEMOTIONS9","EXPLICATIONRESSENTI","BIENEQUIPE","ALLURE","ALLUREVITEDETAIL","ALLURELENTEDETAIL","SITUATIONPRESSE","SITUATIONDISTRAIT","SITUATIONCONFIANT","SITUATIONCONTROLE","SITUATIONLUDIQUE","SITUATIONPERF","SITUATIONSTRESS","SITUATIONFATIGUE","HUMEURNEUTRE","HUMEURGAI","HUMEURMECONTENT","HUMEURTRISTE","HUMEURCOLERE","CONTRIBUTION1","CONTRIBUTION2","CONTRIBUTION3","CONTRIBUTION4","CONTRIBUTION5","CONTRIBUTION6","CONTRIBUTION7","CONTRIBUTION8","CONTRIBUTION9","ROLEINFRA","ELEMENTINFRA1","ELEMENTINFRA2","ELEMENTINFRA3","ELEMENTINFRA4","ELEMENTINFRA5","ELEMENTINFRA6","ELEMENTINFRA7","ELEMENTINFRA8","ELEMENTINFRA9","ALCOOL","TXALCOOL","STUP","SEMAINE","MOMENTJOURNEE","TEMPS","CAUSEACC1","CAUSEACC2","CAUSEACC3","CAUSEACC4","CAUSEACC5","FORMATIONCAUSE","FORMATION1","FORMATION2","FORMATION3","FORMATION4","FORMATION5","TRAFIC","CHAUSSEE1","CHAUSSEE2","CHAUSSEE3","CHAUSSEE4","TYPEACC","BLESSURE","TETE","COU","THORAX","MEMBRESSUP","COLONNE","BASSIN","MEMBRESINF","HOPITAL","PLUS24H","TRAJET","TYPEROUTE","MOTIF","SENSTRAJET","PASSAGER","VITESSE","DESCEQ1","DESCEQ2","DESCEQ3","DESCEQ4","DESCEQ5","DESCEQ6","DESCEQ7","DESCEQ8","DESCEQ9","DESCEQ10","VEHICULEETE","VEHICULEAUTOMNE","VEHICULEPRINTEMPS","VEHICULEHIVER","VEHICULESEMAINE","VEHICULEWE","VEHMARQUE","VEHCYLINDREE","VEHMODELE","VEHSEGMENT","VEHSIDE","EQ2RMABS","EQ2RMCBS","EQ2RMABSCBS","EQ2RMREGULATEUR","EQ2RMLIMITEUR","EQ2RMPHARESDIRECT","EQ2RMCOUPURE","EQ2RMANTIPATINAGE","EQ2RMANTIXHEELING","EQ2RMSTABILILTE","VEHKM","POINTS","DUREE","AUTRE2RM","VEHPRECMARQUE","VEHPRECCYLINDREE","VEHPRECMODELE","VEHPRECSEGMENT","VEHPRECSIDE","TEMPS2RMPREC","FREQVEHPREC","DATE_NAISS","CSP","SOCIETAIRE","SALARIE","SECTEUR2RM","NBPERSFOYER","SITFAM","NBENF","TRNBENF1","TRNBENF2","TRNBENF3","TRNBENF4","NBAUTOFOYER","NBCYCLOFOYER","NBSCOOTFOYER","NBMOTOFOYER","NBTRIKEFOYER","NB2RMCONDUIT","MARQUE1","CYLINDREE1","MODELE1","SEGMENT1","SIDE1","ANMISECIRCU1","ASS1","FREQ1","USAGE1","NBKM1","GARAGE1","MARQUE2","CYLINDREE2","MODELE2","SEGMENT2","SIDE2","ANMISECIRCU2","ASS2","FREQ2","USAGE2","NBKM2","GARAGE2","MARQUE3","CYLINDREE3","MODELE3","SEGMENT3","SIDE3","ANMISECIRCU3","ASS3","FREQ3","USAGE3","NBKM3","GARAGE3","MARQUE4","CYLINDREE4","MODELE4","SEGMENT4","SIDE4","ANMISECIRCU4","ASS4","FREQ4","USAGE4","NBKM4","GARAGE4","MARQUE5","CYLINDREE5","MODELE5","SEGMENT5","SIDE5","ANMISECIRCU5","ASS5","FREQ5","USAGE5","NBKM5","GARAGE5","NBKMTOT","PERMIS1","PERMIS2","PERMIS3","PERMIS4","PERMIS5","PERMIS6","PERMIS7","PERMIS8","PERMIS9","ANPERMIS1","ANPERMIS6","ANPERMIS7","ANPERMIS2","ANPERMIS3","ANPERMIS8","ANPERMIS9","ANPERMIS4","ANPERMIS5","X","X.1","X.2","isScooter"
"21",981,2611,"320",1,0,5,"","",NA,NA,NA,0,3,"","","",NA,NA,0,5,"","",NA,"",NA,0,2,"","",NA,NA,NA,0,5,"","","","","",1,5,"2005","","",NA,NA,0,4,"",NA,NA,NA,NA,0,4,"","","",NA,NA,3,5,"1983","1988","1998","","",0,4,"","","","","",0,2,"","","","","",0,2,"","",NA,NA,NA,1,4,"1984","","",NA,NA,0,4,"","",NA,NA,NA,0,NA,5,"","","","","","","","","","","","","","","",NA,NA,2,23,16,1,26,"6",2005,"","2005","Vous remontiez une file de véhicules par la gauche. Un véhicule de la file a laissé passer un autre véhicule venant dun autre axe non prioritaire. Ce dernier vous a coupé la route.","1","3","4",NA,"",NA,"","respectant la consigne je remontai la file à petite  vitesse m' attendant quand même à l' éventualité de voir surgir un véhicule mais n' ai pu stopper à temps, pas de mal pour moi mais moto pliée (125 Honda)","fatigue (trajet de retour travail) optimisme freinage ""léger"" sur la machine, en fait le véhicule n' était plus au niveau du carrefour (attention maximale) mais sur un petit parking à coté","j' ai freiné au maxi des possibilités de la machine et le conducteur du véhicule a stoppé pile sur ma trajectoire quand il m' a vu","NRP","1","j' aurai du maintenir mon attention à son maxi le carrefour était franchi mais la situation restait à risques malgré tout","NRP","","2","0","","","","","","2","9","",NA,NA,"","bon ce coup ci on y a droit !","",1,NA,NA,NA,"",2,"NRP","3","1","1","","1","1","4","4","1","1","3","3",2,3,1,4,4,5,NA,NA,NA,NA,NA,NA,NA,NA,2,"","","","",NA,NA,NA,NA,2,2,NA,2,1,1,1,50,50,0,0,0,"2","","","",NA,NA,"4","1","","",NA,1,NA,NA,NA,NA,NA,NA,NA,NA,NA,NA,1,"2","1",2,0,20,1,2,3,4,9,NA,NA,NA,"",NA,"4","3","3","2","4","2","HONDA","125","CB-TWIN (+ 15CV)","ROADSTER","2","1","1",1,1,1,"1",1,1,1,"1","50000","12","4","1","YAMAHA","650","XSUS","CUSTOM","2","4","3","02SEP1962","8","1","",2,4,4,2,"4","","","",2,0,0,5,0,3,"YAMAHA",650,"XSUS","CUSTOM","2","1979","37",3,1,5000,"","YAMAHA","650","XS","ROADSTER","2","1976","37",4,1,1000,"","YAMAHA","125","TY","TOUT TERRAIN (TRIAL, ENDURO, CROSS)","2",1978,37,4,1,0,"","",NA,"","",NA,NA,NA,NA,NA,NA,"","",NA,"","",NA,NA,NA,NA,NA,NA,NA,6000,"3",4,NA,NA,NA,NA,NA,NA,NA,"NRP","","","NRP","1983","","","1981","NRP","","","","Motorcycle"
"22",547,2727,"375",1,0,3,"","",NA,NA,NA,0,4,"","","",NA,NA,0,5,"","",NA,"",NA,0,4,"","",NA,NA,NA,0,5,"","","","","",0,4,"","","",NA,NA,1,4,"2006",NA,NA,NA,NA,0,4,"","","",NA,NA,0,3,"","","","","",0,4,"","","","","",0,4,"","","","","",0,4,"","",NA,NA,NA,0,6,"","","",NA,NA,0,2,"","",NA,NA,NA,0,NA,1,"","","","","","","","","","","","","","","",NA,NA,3,0,7,1,31,"7",2006,"","2006","Vous avez fait une sortie de route, une perte de contrôle ou une glissade puis avez percuté un véhicule arrivant en sens inverse.","4","5","6",NA,"",NA,"","une amis en scooter avec un passager mes rentré dedans alors que je m'arretais au milieu de la route","je ne possedais pas de feux stop et mon amis regardais pas devant lui","il me rentre dedans son scooter et mes 2 amis passe part dessus moi ma 50cc elle mes passer a travers les jambes sans rien pourvoir faire","2","1","ralentir plus sur le bas cotés","manque d'experiences en 2 roue","","2","1","2","","freinage trop tard","1","par le manque d'attention","3","","",NA,NA,"","","",NA,1,NA,NA,"",NA,"le fait de ne pas m'y attendre du tout en aucun j'ai penser a que le me rentre dedans","1","4","","","1","4","3","3","2","1","1","1",1,4,4,4,4,1,4,NA,NA,NA,NA,NA,NA,NA,2,"","","","",NA,NA,NA,NA,2,2,NA,2,2,1,1,25,75,0,0,0,"2","","","",NA,NA,"1","1","","",NA,2,1,6,NA,NA,NA,NA,NA,NA,0,NA,1,"2","3",NA,0,0,1,2,3,4,NA,NA,NA,NA,"",NA,"4","4","4","4","4","4","APRILIA","50","RS","SPORTIVE","2","1","1",1,1,1,"1",1,1,1,"1","NSP","NSP","2","0","","","","","","","","18APR1990","8","2","",2,2,3,NA,"NSP","","","",2,0,0,1,0,1,"SUZUKI",750,"GSX-R","SPORTIVE","2","1996","41",4,1,55666,"","","","","","","","",NA,NA,NA,"","","","","","",NA,NA,NA,NA,NA,"","",NA,"","",NA,NA,NA,NA,NA,NA,"","",NA,"","",NA,NA,NA,NA,NA,NA,NA,55666,"1",2,3,4,NA,NA,NA,NA,NA,"2006","","","2009","2009","","","2008","NRP","","","","Motorcycle"
"23",1098,2759,"270",1,0,1,"","",NA,NA,NA,0,4,"","","",NA,NA,0,3,"","",NA,"",NA,0,2,"","",NA,NA,NA,0,2,"","","","","",0,3,"","","",NA,NA,0,1,"",NA,NA,NA,NA,0,3,"","","",NA,NA,0,2,"","","","","",0,3,"","","","","",0,5,"","","","","",0,4,"","",NA,NA,NA,0,2,"","","",NA,NA,0,1,"","",NA,NA,NA,1,2,2,"2014","2012","","","","Angoulême","Angoulême","","","","Mon véhicule était stationné sur une place de parking le long d'une route. le véhicule devant (renault espace) ne m'a pas vue dans son rétroviseur.","Je doublait à gauche un véhicule sur une vois à sens unique car il s'était déporté sur la droite et freinait. Arrivé au niveau du chauffeur, il a tourné le volant à gauche en me percutant pour prendre une place à gauche.","","","",0,0,0,0,4,1,71,"15",2014,"Angoulême","2014","Autre(s) type(s) d'accident(s).","3","","",NA,"",NA,"","Je suivais une voiture sur une voie à sens unique dont la largeur de la voie faisait presque deux voitures de large. La voiture roulait au centre de la voie. Elle c'est mis à ralentir et ce décaler sur la droite. J'ai actionné mon clignotant et doublé le véhicule par la gauche. Nous roulions tout deux à une vitesse de 30km/h. Arrivé à la hauteur du chauffeur, le véhicule à tourné brusquement le volant dans ma direction pour prendre un stationnement à gauche. Le rétroviseur de la voiture à touché ma main en diagonal, ma roue avant à touché la jante de la voiture (positionné à 45°), ce qui m'a fait prendre un virage à 90° juste devant une voiture stationné. Je me suis effondré sur le capot de la voiture et accompagné ma moto sans la lancé tombé. Le chauffeur était accompagné de 3 passagers et devais les déposer à leur domicile (à moins de 30m). Concentré pour trouver une place pour déposé les passagers, il ne pas entendu et ne m'a pas vue. De plus l'autoradio fonctionnait.","Les personnes ne font pas attention aux véhicules à deux roues dans les petites villes. Les rétroviseur ne sont pas assez utilisés.","Comme ma main à touché le rétroviseur, ma moto à freiné et comme je roulais comme l'autre véhicule à basse vitesse, nous n'avons pas eu trop de dégats matériels. De plus je suis tombé sur le capot d'un voiture en stationnement donc pour moi et ma moto, cela a été léger. Le véhicule c'est arrété sur la droite et nous avons commencé à remplir le constat. Un des passager m'a cherché une compresse de désinfectant pour ma main.","NRP","0","","","Parce que le véhicule indiquait par son ralentissement et le fait de ce déporter sur la droite, l'intention de ce garer sur la droite. Comme 90% des personnes ne pensent pas à utiliser les clignotants, je ne pouvais que doubler.","2","0","","","","","","1","2","3",6,NA,"","","",1,2,NA,NA,"3",NA,"Le véhicule ne pouvait pas tourner à gauche et aussi rapidement.","3","3","","","1","1","4","4","4","1","1","1",1,4,4,4,4,10,NA,NA,NA,NA,NA,NA,NA,NA,1,"AUT|une voie à sens unique avec une voie de circulation avec la possibilitée de faire passer presque 2 voitures en largeur","","","",NA,NA,NA,NA,2,2,NA,2,1,1,1,5,75,20,0,0,"2","","","",NA,NA,"2","1","","",NA,2,1,4,7,NA,NA,NA,NA,NA,1,0,1,"1","3",NA,0,30,1,10,2,3,4,7,NA,NA,"",NA,"4","4","4","4","4","4","SUZUKI","650","BANDIT-S ABS","ROADSTER","2","0","1",1,1,1,"1",1,1,1,"1","57000","12","4","0","","","","","","","","01SEP1975","5","2","",2,1,1,NA,"NSP","","","",1,0,0,1,0,1,"SUZUKI",650,"BANDIT-S ABS","ROADSTER","2","2005","31",1,2,10000,"","","","","","","","",NA,NA,NA,"","","","","","",NA,NA,NA,NA,NA,"","",NA,"","",NA,NA,NA,NA,NA,NA,"","",NA,"","",NA,NA,NA,NA,NA,NA,NA,10000,"2",3,4,NA,NA,NA,NA,NA,NA,"NRP","","","1997","2010","","","1997","NRP","","","","Motorcycle"
"24",833,2839,"428",1,0,4,"","",NA,NA,NA,0,4,"","","",NA,NA,0,6,"","",NA,"",NA,0,6,"","",NA,NA,NA,0,2,"","","","","",0,5,"","","",NA,NA,0,3,"",NA,NA,NA,NA,0,2,"","","",NA,NA,1,4,"2011","","","","",0,4,"","","","","",0,2,"","","","","",0,2,"","",NA,NA,NA,0,6,"","","",NA,NA,0,5,"","",NA,NA,NA,0,NA,1,"","","","","","","","","","","","","","","",NA,NA,7,0,7,1,41,"9",2011,"","2011","Vous avez fait une sortie de route, une perte de contrôle ou une glissade sans rien percuter.","3","AUT|Le dernier depuis que j'ai repris la moto en 2007","",NA,"",NA,"","1. Je devais changer mon pneu arriere la semaine suivante 2. Il pleuvait énormément 3. Nous étions fin Janvier 4. En rentrant sur la rocade de toulouse, sur la bande d'accéleration, un cumul de pluie, gazoil, état du pneu et poignée de gaz certainement trop ouverte  J'ai glissé sur le coté droit, mon CBF1000 avait des pares moteur et un top case, de ce fait ma jambe n'est pas restée bloquée dessous et assez rapidement elle est partie sans m'entrainer.  Au passage le top case m'a fait un énorme hématome sur la fesse.  Mon pantalon d'hiver a bien résisté et mon jean dessous n'a pas eu d'impact. Ma veste d'hiver a bien résistée également.  Après qq secondes de glisse, je me suis relevé et me suis retourné vers les voitures arrétées derriere moi.  Voir cette rampe de phares m'a fait un réel choc. En un instant, la vision catastrophe du camion ne pouvant s'arreter ma traversé l'esprit.  Quelques automobilistes arrivaient déjà pour me porter secours, et cette solicitude m'a réconforté.","Il n'y a pas eu ""choc"" hormis avec la route.  Le pneu arriere a glissé, la moto s'est couchée.  Je n'ai pas ""su"" comment éviter la chute, l'aurais je pu d'ailleurs ?","NRP","1","0","","","Depuis, je rentre sur la rocade à cet endroit sans prendre de l'angle car je sais qu'il y a du gazoil et je n'accélère pas fort, et j'apprehende beaucoup plus la pluie. ce jour là, j'aurais pu agir autrement, mais pas réagir autrement.","2","0","","","","","","1","2","3",6,NA,"","","",1,2,NA,NA,"3",NA,"Je me suis dit ""M..."" qu'est qui se passe","3","1","2","","2","1","4","4","3","1","1","1",1,5,4,4,4,1,5,7,NA,NA,NA,NA,NA,NA,1,"AUT|gazoil","","","",NA,NA,NA,NA,2,2,NA,2,2,1,2,40,0,0,30,30,"2","","","",NA,NA,"2","2","6","",NA,2,1,6,NA,NA,NA,NA,NA,NA,1,0,1,"4","3",NA,0,70,1,2,3,4,7,9,NA,NA,"",NA,"4","4","4","4","4","4","HONDA","1000","CBF ABS","ROADSTER","2","0","0",0,1,1,"1",2,1,1,"1","24000","12","4","1","HONDA","600","CB-F ABS","ROADSTER","2","4","4","10SEP1957","5","2","",2,3,4,1,"4","","","",2,0,0,1,0,1,"HONDA",1000,"CB-F ABS","ROADSTER","2","2010","29",1,2,12000,"","","","","","","","",NA,NA,NA,"","","","","","",NA,NA,NA,NA,NA,"","",NA,"","",NA,NA,NA,NA,NA,NA,"","",NA,"","",NA,NA,NA,NA,NA,NA,NA,12000,"3",4,2,NA,NA,NA,NA,NA,NA,"NRP","","","1974","1978","","","1980","NRP","","","","Motorcycle"
"25",698,3125,"289",1,0,4,"","",NA,NA,NA,0,5,"","","",NA,NA,0,4,"","",NA,"",NA,0,4,"","",NA,NA,NA,0,4,"","","","","",0,1,"","","",NA,NA,0,3,"",NA,NA,NA,NA,0,3,"","","",NA,NA,1,2,"2004","","","","",0,6,"","","","","",0,6,"","","","","",0,1,"","",NA,NA,NA,0,4,"","","",NA,NA,0,4,"","",NA,NA,NA,0,NA,1,"","","","","","","","","","","","","","","",NA,NA,0,0,11,1,41,"9",2004,"","2004","Vous avez fait une sortie de route, une perte de contrôle ou une glissade sans rien percuter.","1","","",NA,"",NA,"","En ville, la voiture me précédent a pilé sans aucune raison. En freinant (distance de sécurité correcte), ma roue avant à bloqué (flaque d'huile au sol), ce qui a entrainé ma chute.","mauvaise réaction de l'automobiliste me précédent + présence d'huile sur la route","NRP","2","0","","","impossibilité de prévoir la manuvre de l'automobiliste ou la flaque d'huile","1","1","1","1","l'automobiliste me suivant gardant une bonne distance avec moi a eu le temps de freiner","2","NRP","2","3","",NA,NA,"","","",1,2,NA,NA,"",NA,"me suis demandé pourquoi l'automobiliste freinait","3","3","","","1","1","4","4","3","1","1","1",4,2,4,4,4,10,NA,NA,NA,NA,NA,NA,NA,NA,2,"","","","",NA,NA,NA,NA,2,2,NA,2,1,1,1,0,50,0,50,0,"2","","","",NA,NA,"2","1","6","",NA,2,1,4,6,7,NA,NA,NA,NA,1,0,1,"1","1",1,0,30,1,10,2,3,4,NA,NA,NA,"",NA,"4","3","3","1","4","4","SUZUKI","600","BANDIT-S","ROADSTER","2","1","1",1,1,1,"1",1,1,1,"1","26000","12","3","0","","","","","","","","11JAN1980","7","2","",2,3,4,1,"1","","","",2,1,0,1,0,1,"HONDA",600,"CB-F ""N"" ABS","ROADSTER","2","2007","33",1,2,8000,"","","","","","","","",NA,NA,NA,"","","","","","",NA,NA,NA,NA,NA,"","",NA,"","",NA,NA,NA,NA,NA,NA,"","",NA,"","",NA,NA,NA,NA,NA,NA,NA,8000,"3",4,NA,NA,NA,NA,NA,NA,NA,"NRP","","","NRP","2003","","","1998","NRP","","","","Motorcycle"
"26",747,3162,"404",1,0,6,"","",NA,NA,NA,0,5,"","","",NA,NA,0,6,"","",NA,"",NA,0,4,"","",NA,NA,NA,1,6,"2013","","","","",0,3,"","","",NA,NA,0,5,"",NA,NA,NA,NA,0,6,"","","",NA,NA,1,5,"2012","","","","",1,5,"2013","","","","",0,3,"","","","","",0,3,"","",NA,NA,NA,1,3,"2012","","",NA,NA,0,3,"","",NA,NA,NA,1,2,6,"2014","2014","","","","Amiens","Amiens","","","","Un autre véhicule a perdu le contrôle dans un rond-point et m'a percutée.","Alors que j'étais à l'arrêt, un véhicule n'ayant pas freiné assez tôt m'est rentré dedans.","","","",0,0,0,3,1,1,21,"5",2013,"","2013","Vous circuliez sur un axe prioritaire. Un véhicule venant dun axe non prioritaire vous a coupé la route.","5","6","",NA,"",NA,"","Cet accident s'est produit alors je prenais un rond-point en intérieur. Je m'apprêtais à me réintroduire sur le file extérieure pour sortir quant une voiture m'a heurtée pour être dans la file intérieure, sans clignotant. Je suis tombée instanténément de ma moto mais elle a continué sa trajectoire sur 50m. J'ai perdu transitoirement connaissance, mais n'ai eu aucune séquelle.  La manette de mon embrayage a été cassé, ma moto rayée mais globalement je n'ai pas eu de soucis.","Quand j'ai vu la voiture approchait de moi, que j'ai compris qu'un contre braquage ne l'éviterait pas et qu'un impact aurait lieu, j'ai lâché ma moto. Je n'ai pas eu le temps de sauter, ce que je comptais pourtant faire initialement. Mais je pense que c'est ce qui a permis que je n'ai pas de séquelle.","Cf réponse précédente.  L'autre usager a continué sa trajectoire après m'avoir renversée.","NRP","0","","","Je suis convaincue que ma réaction est celle qui fallait.","2","1","2","","NSP","1","C'est le fait que cet usager ne se soit pas signalé que l'accident a eu lieu","1","6","",NA,NA,"","","2",NA,NA,NA,NA,"1",NA,"J'ai constaté de manière concrète que des accidents pouvaient arriver alors qu'on se comportait de façon normale","4","3","","","2","2","4","4","2","1","2","3",1,3,4,4,4,4,5,NA,NA,NA,NA,NA,NA,NA,2,"","","","",NA,NA,NA,NA,2,2,NA,2,1,1,2,0,100,0,0,0,"2","","","",NA,NA,"1","2","","",NA,2,1,1,4,7,NA,NA,NA,NA,0,NA,2,"1","3",NA,0,30,1,2,3,4,7,9,NA,NA,"",NA,"4","3","3","2","3","2","YAMAHA","125","YB-R","ROADSTER","2","1","1",1,1,1,"1",0,2,2,"2","2000","12","3","0","","","","","","","","06MAY1995","10","1","",2,2,5,0,"NSP","","","",1,0,0,1,0,1,"YAMAHA",125,"YB-R","ROADSTER","2","2011","37",3,1,2000,"","","","","","","","",NA,NA,NA,"","","","","","",NA,NA,NA,NA,NA,"","",NA,"","",NA,NA,NA,NA,NA,NA,"","",NA,"","",NA,NA,NA,NA,NA,NA,NA,2000,"2",NA,NA,NA,NA,NA,NA,NA,NA,"NRP","","","2011","NRP","","","NRP","NRP","","","","Motorcycle"