"","Ligne","Ligne.Q.qualif","Ligne.approfondissement.Accident","ACCIDENT","NBACC1","ACCFREQUENCE1","ANNEEACC1_1","ANNEEACC1_2","ANNEEACC1_3","ANNEEACC1_4","ANNEEACC1_5","NBACC2","ACCFREQUENCE2","ANNEEACC2_1","ANNEEACC2_2","ANNEEACC2_3","ANNEEACC2_4","ANNEEACC2_5","NBACC3","ACCFREQUENCE3","ANNEEACC3_1","ANNEEACC3_2","ANNEEACC3_3","ANNEEACC3_4","ANNEEACC3_5","NBACC4","ACCFREQUENCE4","ANNEEACC4_1","ANNEEACC4_2","ANNEEACC4_3","ANNEEACC4_4","ANNEEACC4_5","NBACC5","ACCFREQUENCE5","ANNEEACC5_1","ANNEEACC5_2","ANNEEACC5_3","ANNEEACC5_4","ANNEEACC5_5","NBACC6","ACCFREQUENCE6","ANNEEACC6_1","ANNEEACC6_2","ANNEEACC6_3","ANNEEACC6_4","ANNEEACC6_5","NBACC7","ACCFREQUENCE7","ANNEEACC7_1","ANNEEACC7_2","ANNEEACC7_3","ANNEEACC7_4","ANNEEACC7_5","NBACC8","ACCFREQUENCE8","ANNEEACC8_1","ANNEEACC8_2","ANNEEACC8_3","ANNEEACC8_4","ANNEEACC8_5","NBACC9","ACCFREQUENCE9","ANNEEACC9_1","ANNEEACC9_2","ANNEEACC9_3","ANNEEACC9_4","ANNEEACC9_5","NBACC10","ACCFREQUENCE10","ANNEEACC10_1","ANNEEACC10_2","ANNEEACC10_3","ANNEEACC10_4","ANNEEACC10_5","NBACC11","ACCFREQUENCE11","ANNEEACC11_1","ANNEEACC11_2","ANNEEACC11_3","ANNEEACC11_4","ANNEEACC11_5","NBACC12","ACCFREQUENCE12","ANNEEACC12_1","ANNEEACC12_2","ANNEEACC12_3","ANNEEACC12_4","ANNEEACC12_5","NBACC13","ACCFREQUENCE13","ANNEEACC13_1","ANNEEACC13_2","ANNEEACC13_3","ANNEEACC13_4","ANNEEACC13_5","NBACC14","ACCFREQUENCE14","ANNEEACC14_1","ANNEEACC14_2","ANNEEACC14_3","ANNEEACC14_4","ANNEEACC14_5","AUTRESACC","NBAUTRESACC","TOTAL_AC","ANNEEAUTREACC1","ANNEEAUTREACC2","ANNEEAUTREACC3","ANNEEAUTREACC4","ANNEEAUTREACC5","LIEUAUTREACC1","LIEUAUTREACC2","LIEUAUTREACC3","LIEUAUTREACC4","LIEUAUTREACC5","DESCRIPTIONAUTRESACC1","DESCRIPTIONAUTRESACC2","DESCRIPTIONAUTRESACC3","DESCRIPTIONAUTRESACC4","DESCRIPTIONAUTRESACC5","NBAUTRESACCCIRCUIT","NBAUTRESTOUTTERRAIN","EXPCYCLO","EXP125","EXPSUP125","ACCORDNEXTQ","CHOIXACC","RGPMTACC","RECUPANNEE","RECUPLIEU","RECUPANNE","RGPMTAC","CHOIX1","CHOIX2","CHOIX3","CHOIX4","CHOIX5","CHOIX6","CHOIX7","DESCRIPTION","RUPTURE","FAITS","ABS_REACTION","AUTRE_REACTION","PRECISIONREACTIONOUI","RECUL","PRECISIONREACTIONNON","IMPACTCOMPORTEMENT","AUTREUSAGER","REACTIONAUTREUSAGER","CONNAISSANCEREACTIONUSAGER","DIFFICULTES","AGGRAVATION","DIFFICULTES2","EMOTIONS1","EMOTIONS2","EMOTIONS3","EMOTIONS4","EMOTIONS5","EMOTIONS6","AUTRESENTIMENT","CLASSEMENTEMOTIONS1","CLASSEMENTEMOTIONS","CLASSEMENTEMOTIONS5","CLASSEMENTEMOTIONS6","CLASSEMENTEMOTIONS7","CLASSEMENTEMOTIONS8","CLASSEMENTEMOTIONS9","EXPLICATIONRESSENTI","BIENEQUIPE","ALLURE","ALLUREVITEDETAIL","ALLURELENTEDETAIL","SITUATIONPRESSE","SITUATIONDISTRAIT","SITUATIONCONFIANT","SITUATIONCONTROLE","SITUATIONLUDIQUE","SITUATIONPERF","SITUATIONSTRESS","SITUATIONFATIGUE","HUMEURNEUTRE","HUMEURGAI","HUMEURMECONTENT","HUMEURTRISTE","HUMEURCOLERE","CONTRIBUTION1","CONTRIBUTION2","CONTRIBUTION3","CONTRIBUTION4","CONTRIBUTION5","CONTRIBUTION6","CONTRIBUTION7","CONTRIBUTION8","CONTRIBUTION9","ROLEINFRA","ELEMENTINFRA1","ELEMENTINFRA2","ELEMENTINFRA3","ELEMENTINFRA4","ELEMENTINFRA5","ELEMENTINFRA6","ELEMENTINFRA7","ELEMENTINFRA8","ELEMENTINFRA9","ALCOOL","TXALCOOL","STUP","SEMAINE","MOMENTJOURNEE","TEMPS","CAUSEACC1","CAUSEACC2","CAUSEACC3","CAUSEACC4","CAUSEACC5","FORMATIONCAUSE","FORMATION1","FORMATION2","FORMATION3","FORMATION4","FORMATION5","TRAFIC","CHAUSSEE1","CHAUSSEE2","CHAUSSEE3","CHAUSSEE4","TYPEACC","BLESSURE","TETE","COU","THORAX","MEMBRESSUP","COLONNE","BASSIN","MEMBRESINF","HOPITAL","PLUS24H","TRAJET","TYPEROUTE","MOTIF","SENSTRAJET","PASSAGER","VITESSE","DESCEQ1","DESCEQ2","DESCEQ3","DESCEQ4","DESCEQ5","DESCEQ6","DESCEQ7","DESCEQ8","DESCEQ9","DESCEQ10","VEHICULEETE","VEHICULEAUTOMNE","VEHICULEPRINTEMPS","VEHICULEHIVER","VEHICULESEMAINE","VEHICULEWE","VEHMARQUE","VEHCYLINDREE","VEHMODELE","VEHSEGMENT","VEHSIDE","EQ2RMABS","EQ2RMCBS","EQ2RMABSCBS","EQ2RMREGULATEUR","EQ2RMLIMITEUR","EQ2RMPHARESDIRECT","EQ2RMCOUPURE","EQ2RMANTIPATINAGE","EQ2RMANTIXHEELING","EQ2RMSTABILILTE","VEHKM","POINTS","DUREE","AUTRE2RM","VEHPRECMARQUE","VEHPRECCYLINDREE","VEHPRECMODELE","VEHPRECSEGMENT","VEHPRECSIDE","TEMPS2RMPREC","FREQVEHPREC","DATE_NAISS","CSP","SOCIETAIRE","SALARIE","SECTEUR2RM","NBPERSFOYER","SITFAM","NBENF","TRNBENF1","TRNBENF2","TRNBENF3","TRNBENF4","NBAUTOFOYER","NBCYCLOFOYER","NBSCOOTFOYER","NBMOTOFOYER","NBTRIKEFOYER","NB2RMCONDUIT","MARQUE1","CYLINDREE1","MODELE1","SEGMENT1","SIDE1","ANMISECIRCU1","ASS1","FREQ1","USAGE1","NBKM1","GARAGE1","MARQUE2","CYLINDREE2","MODELE2","SEGMENT2","SIDE2","ANMISECIRCU2","ASS2","FREQ2","USAGE2","NBKM2","GARAGE2","MARQUE3","CYLINDREE3","MODELE3","SEGMENT3","SIDE3","ANMISECIRCU3","ASS3","FREQ3","USAGE3","NBKM3","GARAGE3","MARQUE4","CYLINDREE4","MODELE4","SEGMENT4","SIDE4","ANMISECIRCU4","ASS4","FREQ4","USAGE4","NBKM4","GARAGE4","MARQUE5","CYLINDREE5","MODELE5","SEGMENT5","SIDE5","ANMISECIRCU5","ASS5","FREQ5","USAGE5","NBKM5","GARAGE5","NBKMTOT","PERMIS1","PERMIS2","PERMIS3","PERMIS4","PERMIS5","PERMIS6","PERMIS7","PERMIS8","PERMIS9","ANPERMIS1","ANPERMIS6","ANPERMIS7","ANPERMIS2","ANPERMIS3","ANPERMIS8","ANPERMIS9","ANPERMIS4","ANPERMIS5","X","X.1","X.2","isScooter"
"27",103,3168,"84",1,1,3,"2006","",NA,NA,NA,0,4,"","","",NA,NA,0,5,"","",NA,"",NA,0,5,"","",NA,NA,NA,0,5,"","","","","",0,2,"","","",NA,NA,0,3,"",NA,NA,NA,NA,0,2,"","","",NA,NA,1,4,"1996","","","","",0,6,"","","","","",0,5,"","","","","",0,2,"","",NA,NA,NA,0,5,"","","",NA,NA,0,2,"","",NA,NA,NA,0,NA,2,"","","","","","","","","","","","","","","",NA,NA,2,4,15,1,1,"1",2006,"","2006","Vous circuliez sur un axe prioritaire. Un autre véhicule arrivant sur le même axe en sens opposé vous a coupé la route en tournant à gauche.","4","6","",NA,"",NA,"","Cet accident s'est passé à Linas (91), donc en ville. Je roulais à 35/40 km/h à l'approche d'un croisement, quand un Renault Express rouge, venant en sens inverse, a tourné à gauche. J'ai eu peur et j'ai freiné trop brutalement, bloquant la roue avant. La moto s'est couchée et je suis passé par dessus. L'express s'est arrêté puis est reparti en vitesse. Un automobiliste est immédiatement venu s'occuper de moi et signaler ma présence car je suis resté couché au sol. Beaucoup de voiture sont passées et il m'a semblé que peu de chauffeur se sont réellement aperçu que j'étais par terre. À un moment, mon bon samaritain s'est carrément mis debout au dessus de moi ! Puis les pompiers sont arrivée et m'ont pris en charge.","Comme dit à la page précédente, j'ai été surpris, j'ai eu peur et j'ai freiné trop brutalement. J'ai ensuite été incapable de me reprendre et de prendre conscience de la situation. Je me suis cramponné au guidon tout en serrant le frein avant.  Mon passage par dessus la moto, a provoqué une grave entorse du pouce.","Voir question précédente","1","1","Pour différentes raisons personnelles et après analyse, je me suis ""jeté"" par terre pour m'obliger à changer de vie. Ce que j'ai fait depuis. Si j'avais agit autrement, un autre accident serait arrivé et cela aurait pu être pire.","NRP","","2","0","","","","","","6","8","",NA,NA,"","","",NA,NA,NA,NA,"1",NA,"Tout va très vite","2","3","","","2","1","1","3","1","1","3","2",4,4,3,4,4,10,NA,NA,NA,NA,NA,NA,NA,NA,2,"","","","",NA,NA,NA,NA,2,2,NA,2,1,1,1,75,25,0,0,0,"2","","","",NA,NA,"3","1","","",NA,2,1,4,7,NA,NA,NA,NA,NA,1,1,1,"1","3",NA,0,35,1,10,2,5,NA,NA,NA,NA,"",NA,"3","3","3","3","3","3","SUZUKI","650","FREEWIND (XF)","ROADSTER","2","1","1",1,1,1,"1",1,1,1,"1","40000","12","2","1","HONDA","500","FT500 ASCOT","ROADSTER","2","4","3","02AUG1958","6","1","",2,2,3,NA,"NSP","","","",1,0,1,0,0,1,"HONDA",300,"SH IE ABS","SCOOTER","2","2008","37",1,2,12000,"","","","","","","","",NA,NA,NA,"","","","","","",NA,NA,NA,NA,NA,"","",NA,"","",NA,NA,NA,NA,NA,NA,"","",NA,"","",NA,NA,NA,NA,NA,NA,NA,12000,"4",3,2,NA,NA,NA,NA,NA,NA,"NRP","","","1976","1978","","","1978","NRP","","","","Motorcycle"
"28",1176,3205,"269",1,0,5,"","",NA,NA,NA,0,6,"","","",NA,NA,0,6,"","",NA,"",NA,0,3,"","",NA,NA,NA,0,4,"","","","","",0,3,"","","",NA,NA,0,2,"",NA,NA,NA,NA,0,5,"","","",NA,NA,0,3,"","","","","",0,1,"","","","","",0,3,"","","","","",0,3,"","",NA,NA,NA,0,4,"","","",NA,NA,0,2,"","",NA,NA,NA,1,1,1,"2012","","","","","Rouen","","","","","Chute seul a moto sans rien percuté","","","","",0,0,0,0,3,1,71,"15",2012,"Rouen","2012","Autre(s) type(s) d'accident(s).","1","","",NA,"",NA,"","L'accident a eu lieu alors que je quittais mon travail ( après 24h de travail : pompier ) avec un peu de fatigue, vers 8-9h en décembre.La route était légérement humide et les pneus encore froid et en fin de vie. Je partais d'un feu et je me suis engagé dans une courbe en 1ere, la roue ariere a glissé pendant quelque seconde puis a recupéré du grip. Etant en crabe dans la courbe la moto a été projeté dans le sens opposé avec moi ( comme un hide side un peu ). Bilan : moto détruite et clavicule pour le pilote","Fatigue, manque d'expérience, climat, pneu","Accident seul.  Le temps passe très vite et à peine le temps de réagir que la moto part dans l'autre sens me projetant dans les airs. Le contact avec le sol est rapide et je ne sais comment je me releve sur mes jambes ( un beau roulé boulé je pense ). Une fois sur mes jambes le coeur bat rapidement, je sens l'adrénaline. Je regarde autours de moi pour prendre mes repere, des debris de moto partout. Je vais voir et constate les débats. Des gens viennent à ma rencontre pour m'aider, et m'installe dans leur véhicule c'est a ce momment que je commence à resentir des douleurs","2","1","Prise du virage moins dans les tours.","Méconnaissance d'un phénomene.","","2","0","","","","","","3","","",NA,NA,"","","",NA,1,NA,NA,"",NA,"Ne pas comprendre pk la moto faisais ça. Comme la récupéré","3","1","3","","3","2","3","2","2","1","1","4",2,4,4,4,4,10,NA,NA,NA,NA,NA,NA,NA,NA,1,"3","","","",NA,NA,NA,NA,2,2,NA,2,1,1,2,70,0,0,15,15,"2","","","",NA,NA,"2","2","","",NA,2,1,4,NA,NA,NA,NA,NA,NA,1,0,1,"1","1",2,0,50,1,2,3,4,7,9,NA,NA,"",NA,"4","2","3","2","3","4","BMW","1200","R1200RS","Routière / GT","2","0","0",2,0,1,"1",1,0,0,"0","NSP","0","3","0","","","","","","","","26AUG1987","7","2","",2,1,1,NA,"NSP","","","",1,0,0,1,0,1,"YAMAHA",600,"FZ6-N","ROADSTER","2","2007","2",2,1,4500,"","","","","","","","",NA,NA,NA,"","","","","","",NA,NA,NA,NA,NA,"","",NA,"","",NA,NA,NA,NA,NA,NA,"","",NA,"","",NA,NA,NA,NA,NA,NA,NA,4500,"4",3,NA,NA,NA,NA,NA,NA,NA,"NRP","","","NRP","2011","","","2005","NRP","","","","Motorcycle"
"29",177,3267,"388",1,0,5,"","",NA,NA,NA,0,6,"","","",NA,NA,0,5,"","",NA,"",NA,0,3,"","",NA,NA,NA,0,6,"","","","","",0,5,"","","",NA,NA,0,4,"",NA,NA,NA,NA,0,5,"","","",NA,NA,0,5,"","","","","",0,5,"","","","","",0,4,"","","","","",0,3,"","",NA,NA,NA,0,3,"","","",NA,NA,0,4,"","",NA,NA,NA,1,1,1,"2003","","","","","BORDEAUX","","","","","Démarrage au feu vert sur les Boulevards, puis percuté par la gauche par un véhicule n'ayant pas respecté le feu rouge.. Ce véhicule a ensuite pris la fuite...","","","","",0,0,4,2,15,1,71,"15",2003,"BORDEAUX","2003","Autre(s) type(s) d'accident(s).","4","","",NA,"",NA,"","Départ d'un feux vert en interfile sur les Boulevards de Bordeaux - Un véhicule arrive sur ma gauche et me percute au niveau de la roue arrière - je finis ma course sur la voie de droite, coincé sous la moto - l'automobiliste continue sa route -   La police me fera un dépistage alcoolémie (négatif) et décrétera que c'est un motard qui roulait trop vite... no comment !!!!","Manque de ressource d'accélération sur la moto (Transalp) - Je pense que si j'avais eu une sportive ou un roadster, j'aurai eu assez de ressources pour éviter cet accident","Ai tenté d'accélérer sans effet - ai tenté de descendre une vitesse mais pas eu le temps   L'autre usagé impliqué ne s'étant pas arrêté.. je ne peux décrire quoi que se soit..  Le fait que l'automobiliste ai grillé un feu a eu pour conséquence ma chute","2","1","En restant derrière les véhicules arrêtés au feu, c'est une voiture qui aurait été percuté    Si j'avais eu une autre moto, plus puissante, j'aurai pu avoir assez de ressource pour accélérer assez et ainsi éviter le choc","Pour gagner quelques minutes, je suis passé en interfile afin de démarrer plus rapidement au feu vert - En restant derrière les véhicules circulant dans le même sens que moi, c'est une voiture qui aurait eu l'accident","","2","1","NSP","","NSP","1","En respectant son arrêt au feu rouge, il n'y aurait pas eu d'accident","1","2","6",NA,NA,"","","3",2,NA,NA,NA,"1",NA,"manque de ressource sur la poignée d'accélérateur","3","3","","","3","1","3","3","2","1","1","1",1,4,4,4,4,1,7,8,NA,NA,NA,NA,NA,NA,2,"","","","",NA,NA,NA,NA,2,2,NA,2,1,3,1,20,80,0,0,0,"2","","","",NA,NA,"3","1","","",NA,2,1,4,7,NA,NA,NA,NA,NA,1,0,2,"1","2",NA,0,40,1,10,2,3,4,NA,NA,NA,"",NA,"4","3","3","2","3","4","HONDA","650","TRANSALP","TRAIL / SUPERMOTARD","2","1","0",1,1,1,"1",1,1,1,"1","20","12","4","1","YAMAHA","125","TDR","TRAIL / SUPERMOTARD","2","4","3","22JUL1967","7","1","",2,4,4,2,"1","","","",3,0,0,1,2,2,"BMW",1200,"R1200R ABS ASC +PACK","ROADSTER","2","2007","37",2,2,4500,"","SHINERAY","250","QUAD STIXE","QUAD","2","2008","37",3,1,1000,"","","","","","",NA,NA,NA,NA,NA,"","",NA,"","",NA,NA,NA,NA,NA,NA,"","",NA,"","",NA,NA,NA,NA,NA,NA,NA,5500,"2",3,4,NA,NA,NA,NA,NA,NA,"NRP","","","1986","2001","","","1986","NRP","","","","Motorcycle"
"30",693,3385,"314",1,1,4,"2002","",NA,NA,NA,1,3,"2004","","",NA,NA,1,3,"1998","",NA,"",NA,0,3,"","",NA,NA,NA,2,5,"1987","1995","","","",0,3,"","","",NA,NA,0,3,"",NA,NA,NA,NA,1,3,"2010","","",NA,NA,0,3,"","","","","",0,2,"","","","","",0,3,"","","","","",0,2,"","",NA,NA,NA,0,2,"","","",NA,NA,0,3,"","",NA,NA,NA,0,NA,6,"","","","","","","","","","","","","","","",NA,NA,0,2,35,1,36,"8",2010,"","2010","Vous avez fait une sortie de route, une perte de contrôle ou une glissade puis avez percuté un obstacle fixe (panneau, arbre poteau ).","5","","",NA,"",NA,"","Une journée de Septembre, après un petit orage, une plaque de gas-oil mélangée avec un peu d'eau sur la route dans un virage à droite en sortie d'autoroute et tout chavire.Nous nous retrouvons parterre sans rien comprendre et à à peine 50 km/h. Un virage que je prends tous les jours et dont je connais la difficulté.La moto a continué à glisser, a taper le rail de sécurité.","gas-oil + eau = verglas d'été","Rien pu faire pour ma part à part me relever rapidement et rejoindre ma femme qui était encore à terre inconsciente, par contre les automobilistes présents ont agi rapidement pour sécuriser la zone de l'accident, un secouriste présent est intervenu rapidement pour ma femme.","2","0","","","Parce que ce genre de piège n'est pas détectable à part peut être l'odeur","1","0","","","","","","8","","",NA,NA,"","","",NA,NA,NA,NA,"",NA,"","3","3","","","1","1","2","4","1","1","1","1",3,3,4,4,4,5,NA,NA,NA,NA,NA,NA,NA,NA,2,"","","","",NA,NA,NA,NA,2,2,NA,2,2,1,2,30,60,0,0,10,"2","","","",NA,NA,"2","2","6","",NA,2,0,NA,NA,NA,NA,NA,NA,NA,NA,NA,1,"3","3",NA,1,50,1,10,2,3,4,NA,NA,NA,"",NA,"4","4","4","4","4","4","SUZUKI","650","BANDIT","ROADSTER","2","1","1",1,1,1,"1",1,1,1,"1","15000","12","3","1","YAMAHA","600","XJ-S DIVERSION","ROADSTER","2","4","4","20NOV1956","7","2","",2,2,3,NA,"NSP","","","",1,0,0,1,0,1,"SUZUKI",750,"GSX-F","ROUTIERE / GT","2","2006","29",1,2,10000,"","","","","","","","",NA,NA,NA,"","","","","","",NA,NA,NA,NA,NA,"","",NA,"","",NA,NA,NA,NA,NA,NA,"","",NA,"","",NA,NA,NA,NA,NA,NA,NA,10000,"3",4,NA,NA,NA,NA,NA,NA,NA,"NRP","","","NRP","1980","","","1975","NRP","","","","Motorcycle"
"31",800,3497,"479",1,0,5,"","",NA,NA,NA,1,5,"2013","","",NA,NA,0,5,"","",NA,"",NA,0,4,"","",NA,NA,NA,0,5,"","","","","",0,6,"","","",NA,NA,0,5,"",NA,NA,NA,NA,0,5,"","","",NA,NA,0,5,"","","","","",0,4,"","","","","",0,6,"","","","","",0,2,"","",NA,NA,NA,0,3,"","","",NA,NA,0,3,"","",NA,NA,NA,0,NA,1,"","","","","","","","","","","","","","","",NA,NA,4,2,10,1,6,"2",2013,"","2013","Vous circuliez derrière un véhicule. Ce véhicule a ralenti. Vous avez entrepris de dépasser ce véhicule par la gauche et celui-ci vous a coupé la route en tournant à gauche (ou en effectuant un œ tour","2","","",NA,"",NA,"","En fait dans un village 3 voiture suivaient un velo donc vitesse de 15 - 20 km/h. La 1er voiture a freiné et les 2 autres avec  le décalage on freinaient jusqu'a celle devant moi a pilé. dépassement d'urgence par la gauche 1 puis 2 voitures et la 1er de la file a fait son 1/2 tour tout seul sans clignotant. J'ai suivi sa direction jusqu'au moment ou sur les gravier plus d'adhérence . et le choc est la   Le probleme les cycliste qui prennent la route et se croient tout seul.  Les gens qui ne connaissent pas le clignotant    bref la route et à tout le monde mais personne la partage","j'ai suivi au maximun la direction de la personne qui tournait pour eviter l'impacte ..... Mais un moment avec tous les elements on ne paut plus","L'esquive a été la meilleur solution apres avec tout le elements au fur et a mesure  le freinage et le changement de direction on ne peut plus eviter le choc.   Le papi m'a simplement dis je vous avais pas vu donc que peut on faire pour une personne de 70 ans rien ...  Il y a plus de casse que de bobo donc l'énervement n'a pas lieu d'etre","NRP","0","","","car on été tous bloqué par les vélos avec une ligne blanche donc autre que les distances de sécurités .... je ne vois pas trop","2","1","2","","il ne m'avait pas vu","2","le papi allait chercher sa baguette donc pas stressé","2","4","6",NA,NA,"","","",3,NA,2,NA,"1",NA,"impossible d'éviter le choc","4","2","","4","1","1","4","4","4","1","1","1",1,4,4,4,4,10,NA,NA,NA,NA,NA,NA,NA,NA,2,"","","","",NA,NA,NA,NA,2,2,NA,2,2,1,1,0,100,0,0,0,"2","","","",NA,NA,"2","1","","",NA,2,1,7,NA,NA,NA,NA,NA,NA,1,0,2,"1","3",NA,1,20,1,2,3,4,7,9,NA,NA,"",NA,"4","4","4","4","4","4","HONDA","1000","CB 1000R ABS","ROADSTER","2","0","0",0,1,1,"1",1,1,1,"1","45000","12","4","1","HONDA","1000","CB 1000R ABS","ROADSTER","2","4","3","28JAN1971","5","2","",2,5,4,3,"2","3","","",2,0,0,1,0,1,"HONDA",1000,"CB 1000R ABS","ROADSTER","2","2010","10",2,1,20000,"","","","","","","","",NA,NA,NA,"","","","","","",NA,NA,NA,NA,NA,"","",NA,"","",NA,NA,NA,NA,NA,NA,"","",NA,"","",NA,NA,NA,NA,NA,NA,NA,20000,"3",4,NA,NA,NA,NA,NA,NA,NA,"NRP","","","NRP","2009","","","1989","NRP","","","","Motorcycle"
"32",356,3548,"85",1,0,4,"","",NA,NA,NA,0,4,"","","",NA,NA,0,4,"","",NA,"",NA,0,2,"","",NA,NA,NA,0,3,"","","","","",0,1,"","","",NA,NA,0,4,"",NA,NA,NA,NA,0,4,"","","",NA,NA,1,5,"2011","","","","",0,4,"","","","","",0,4,"","","","","",0,2,"","",NA,NA,NA,1,3,"2014","","",NA,NA,0,2,"","",NA,NA,NA,1,1,3,"2009","","","","","fajoles","","","","","Passagère ,petite route de campagne (pas largeur normale).Le véhicule arrive en face en prenant toute la largeur de la route .Pour éviter la collision mon mari se positionne sur la droite (bas coté herbe mouillée ) il a perdu l'adhérence donc glissade.","","","","",0,0,4,1,5,1,61,"13",2014,"","2014","Vous circuliez derrière un véhicule. Ce véhicule a freiné ou a ralenti et vous lavez percuté par larrière.","3","4","",NA,"",NA,"","C'était ma plus grande angoisse ...vu que nous circulons souvent en groupe ; percuter la moto qui me précède parce que je n'aurai pas eu le temps de réagir! Pour moi les distances de sécurité sont une priorité ,je circule toujours en quinconce pour éviter ce problème. Ce jour là ,il faisait trés beau et nous sommes partis à deux pour une balade trés cool, j'étais je pense pas vraiment dans ma conduite mais sur le coté ""cuicui les petits oiseaux"".Sorti de village en dessous de la vitesse autorisée un virage même pas trés prononcé mais juste en sorti une voiture qui s'arrète pour rentrer chez elle à gauche de la route, mon mari qui se déporte sur la droite et freine pour l'éviter  J'arrive gentiment et je vois la voiture qui n'a plus ses stops allumés, mon mari non plus ils sont sur le point de repartir ...Je tente de passer entre mon mari et la glissière de sécurité .Ai je freiné? on m'assure que oui sinon l'impact aurait été plus fort .Je ne me souviens que du bruit puis moi au milieu de la chaussée sur mes pieds à vérifier que mon mari que j'ai pourtant percuté est toujours sur ses roues et se gare sans encombre.","Pas vraiment dans la conduite ,distraite par l'ambiance du moment et le fait que nous roulions vraiment pas vite . Le virage sans difficulté et avec une fausse impression de visibilité alors qu'en fait j'ai été surprise par la situation banale mais non anticipée.J'avais d'ailleurs jamais remarqué qu'il y avait des maisons à cet endroit là . Une route que je connais parfaitement .","La voiture a redémarré pour rentrer chez elle ,elle est rentrée sans se rendre compte réellement de l'accident. Mon mari qui réaccélérait qui a cru qu'une voiture le percutait puis en se garant sur le coté a réalisé que ma moto était à terre. Moi deux souvenirs un visuel:une voiture ,la moto de mon mari ,la glissière de sécurité ...un bref instant j'ai envisagé de passer entre la moto et la glissière. Deuxième souvenir auditif: un grand bruit. Ce que j'ai fait ?  J'ai réalisé que j'ai du rouler ou glisser par terre lorsque le lendemain j'ai vu l'état du blouson et du casque.","NRP","0","","","J'ai du freiner mais vu la distance sorti de virage impact il aurait fallu freiner trés fort et les indications visuelles que j'avais ne m'indiquaient pas que les véhicules étaient à l'arrêt. J'aurai pu réagir différement si j'avais été dans une autre dynamique de conduite que je m'effortce d'appliquer maintenant.","2","1","2","","Il ne pouvait pas l'impact venait de l'arrière et il était à cent lieux de l'imaginer.","2","La voiture rentrait chez elle ,mon mari s'était déplacé sur la droite pour l'éviter et redémarrer à part accélérer plus fort plus vite ...","6","8","",NA,NA,"","","",NA,NA,NA,NA,"1",NA,"que faire????","4","2","","1","1","4","3","3","1","1","1","2",4,3,4,4,4,1,4,NA,NA,NA,NA,NA,NA,NA,2,"","","","",NA,NA,NA,NA,2,2,NA,2,2,1,1,90,10,0,0,0,"2","","","",NA,NA,"1","1","","",NA,2,1,4,NA,NA,NA,NA,NA,NA,1,0,1,"2","3",NA,0,80,1,2,3,4,7,9,NA,NA,"",NA,"4","4","4","4","2","4","TRIUMPH","675","STREET TRIPLE  ABS","ROADSTER","2","0","1",1,1,1,"1",1,1,1,"1","7000","12","1","1","DUCATI","696","MONSTER","ROADSTER","2","4","3","05JUL1963","5","1","",2,4,4,2,"4","","","",2,1,0,2,0,1,"DUCATI",696,"MONSTER IE","ROADSTER","2","2010","37",2,1,15000,"","","","","","","","",NA,NA,NA,"","","","","","",NA,NA,NA,NA,NA,"","",NA,"","",NA,NA,NA,NA,NA,NA,"","",NA,"","",NA,NA,NA,NA,NA,NA,NA,15000,"2",3,4,NA,NA,NA,NA,NA,NA,"NRP","","","1982","2010","","","1982","NRP","","","","Motorcycle"
"33",435,3565,"475",1,0,3,"","",NA,NA,NA,0,2,"","","",NA,NA,0,3,"","",NA,"",NA,0,2,"","",NA,NA,NA,1,3,"1981","","","","",0,1,"","","",NA,NA,0,2,"",NA,NA,NA,NA,0,3,"","","",NA,NA,1,4,"1979","","","","",0,2,"","","","","",0,2,"","","","","",0,1,"","",NA,NA,NA,1,5,"1979","","",NA,NA,0,2,"","",NA,NA,NA,0,NA,3,"","","","","","","","","","","","","","","",NA,NA,3,0,13,1,41,"9",1979,"","1979","Vous avez fait une sortie de route, une perte de contrôle ou une glissade sans rien percuter.","2","","",NA,"",NA,"","Lors de la traversée d'un village, j'ai pris un virage à droite et ma roue avant a décrochée subitement. Je suis partie en glissade et j'ai traversé toute la route pour aboutir dans le trottoir d'en face. En voulant comprendre pourquoi j'avais perdu le contrôle, je suis allé inspecter le virage et j'ai pu constater des traces grasses d'hydrocarbure. Je pense que c'est la cause de cette chute.","Elément inattendu sur la chaussée","NRP","AUT|difficile d'anticiper  sur un événement inattendu","0","","","effet de surprise","3","0","","","","","","2","6","",NA,NA,"","","",1,NA,NA,NA,"2",NA,"perte de contrôle non justifiée par rapport à ma conduite","3","3","","","NSP","3","4","4","NSP","1","1","1",1,4,4,4,4,5,NA,NA,NA,NA,NA,NA,NA,NA,1,"3","","","",NA,NA,NA,NA,2,2,NA,2,2,1,2,0,0,0,95,5,"NSP","","","",NA,NA,"1","2","6","",NA,1,NA,NA,NA,NA,NA,NA,NA,NA,NA,NA,1,"1","3",NA,0,60,1,10,2,5,NA,NA,NA,NA,"",NA,"2","2","2","2","2","2","HONDA","350","CB350","ROADSTER","2","1","1",1,1,1,"1",1,1,1,"1","NSP","12","2","1","GITANE","50","CHAMPION","SPORTIVE","2","2","3","26MAY1960","7","1","",2,2,3,NA,"NSP","","","",2,0,0,1,0,1,"DUCATI",1000,"MULTISTRADA S DS","ROADSTER","2","2005","37",2,1,5000,"","","","","","","","",NA,NA,NA,"","","","","","",NA,NA,NA,NA,NA,"","",NA,"","",NA,NA,NA,NA,NA,NA,"","",NA,"","",NA,NA,NA,NA,NA,NA,NA,5000,"2",3,4,NA,NA,NA,NA,NA,NA,"NRP","","","1978","1978","","","1978","NRP","","","","Motorcycle"