"","Ligne","Ligne.Q.qualif","Ligne.approfondissement.Accident","ACCIDENT","NBACC1","ACCFREQUENCE1","ANNEEACC1_1","ANNEEACC1_2","ANNEEACC1_3","ANNEEACC1_4","ANNEEACC1_5","NBACC2","ACCFREQUENCE2","ANNEEACC2_1","ANNEEACC2_2","ANNEEACC2_3","ANNEEACC2_4","ANNEEACC2_5","NBACC3","ACCFREQUENCE3","ANNEEACC3_1","ANNEEACC3_2","ANNEEACC3_3","ANNEEACC3_4","ANNEEACC3_5","NBACC4","ACCFREQUENCE4","ANNEEACC4_1","ANNEEACC4_2","ANNEEACC4_3","ANNEEACC4_4","ANNEEACC4_5","NBACC5","ACCFREQUENCE5","ANNEEACC5_1","ANNEEACC5_2","ANNEEACC5_3","ANNEEACC5_4","ANNEEACC5_5","NBACC6","ACCFREQUENCE6","ANNEEACC6_1","ANNEEACC6_2","ANNEEACC6_3","ANNEEACC6_4","ANNEEACC6_5","NBACC7","ACCFREQUENCE7","ANNEEACC7_1","ANNEEACC7_2","ANNEEACC7_3","ANNEEACC7_4","ANNEEACC7_5","NBACC8","ACCFREQUENCE8","ANNEEACC8_1","ANNEEACC8_2","ANNEEACC8_3","ANNEEACC8_4","ANNEEACC8_5","NBACC9","ACCFREQUENCE9","ANNEEACC9_1","ANNEEACC9_2","ANNEEACC9_3","ANNEEACC9_4","ANNEEACC9_5","NBACC10","ACCFREQUENCE10","ANNEEACC10_1","ANNEEACC10_2","ANNEEACC10_3","ANNEEACC10_4","ANNEEACC10_5","NBACC11","ACCFREQUENCE11","ANNEEACC11_1","ANNEEACC11_2","ANNEEACC11_3","ANNEEACC11_4","ANNEEACC11_5","NBACC12","ACCFREQUENCE12","ANNEEACC12_1","ANNEEACC12_2","ANNEEACC12_3","ANNEEACC12_4","ANNEEACC12_5","NBACC13","ACCFREQUENCE13","ANNEEACC13_1","ANNEEACC13_2","ANNEEACC13_3","ANNEEACC13_4","ANNEEACC13_5","NBACC14","ACCFREQUENCE14","ANNEEACC14_1","ANNEEACC14_2","ANNEEACC14_3","ANNEEACC14_4","ANNEEACC14_5","AUTRESACC","NBAUTRESACC","TOTAL_AC","ANNEEAUTREACC1","ANNEEAUTREACC2","ANNEEAUTREACC3","ANNEEAUTREACC4","ANNEEAUTREACC5","LIEUAUTREACC1","LIEUAUTREACC2","LIEUAUTREACC3","LIEUAUTREACC4","LIEUAUTREACC5","DESCRIPTIONAUTRESACC1","DESCRIPTIONAUTRESACC2","DESCRIPTIONAUTRESACC3","DESCRIPTIONAUTRESACC4","DESCRIPTIONAUTRESACC5","NBAUTRESACCCIRCUIT","NBAUTRESTOUTTERRAIN","EXPCYCLO","EXP125","EXPSUP125","ACCORDNEXTQ","CHOIXACC","RGPMTACC","RECUPANNEE","RECUPLIEU","RECUPANNE","RGPMTAC","CHOIX1","CHOIX2","CHOIX3","CHOIX4","CHOIX5","CHOIX6","CHOIX7","DESCRIPTION","RUPTURE","FAITS","ABS_REACTION","AUTRE_REACTION","PRECISIONREACTIONOUI","RECUL","PRECISIONREACTIONNON","IMPACTCOMPORTEMENT","AUTREUSAGER","REACTIONAUTREUSAGER","CONNAISSANCEREACTIONUSAGER","DIFFICULTES","AGGRAVATION","DIFFICULTES2","EMOTIONS1","EMOTIONS2","EMOTIONS3","EMOTIONS4","EMOTIONS5","EMOTIONS6","AUTRESENTIMENT","CLASSEMENTEMOTIONS1","CLASSEMENTEMOTIONS","CLASSEMENTEMOTIONS5","CLASSEMENTEMOTIONS6","CLASSEMENTEMOTIONS7","CLASSEMENTEMOTIONS8","CLASSEMENTEMOTIONS9","EXPLICATIONRESSENTI","BIENEQUIPE","ALLURE","ALLUREVITEDETAIL","ALLURELENTEDETAIL","SITUATIONPRESSE","SITUATIONDISTRAIT","SITUATIONCONFIANT","SITUATIONCONTROLE","SITUATIONLUDIQUE","SITUATIONPERF","SITUATIONSTRESS","SITUATIONFATIGUE","HUMEURNEUTRE","HUMEURGAI","HUMEURMECONTENT","HUMEURTRISTE","HUMEURCOLERE","CONTRIBUTION1","CONTRIBUTION2","CONTRIBUTION3","CONTRIBUTION4","CONTRIBUTION5","CONTRIBUTION6","CONTRIBUTION7","CONTRIBUTION8","CONTRIBUTION9","ROLEINFRA","ELEMENTINFRA1","ELEMENTINFRA2","ELEMENTINFRA3","ELEMENTINFRA4","ELEMENTINFRA5","ELEMENTINFRA6","ELEMENTINFRA7","ELEMENTINFRA8","ELEMENTINFRA9","ALCOOL","TXALCOOL","STUP","SEMAINE","MOMENTJOURNEE","TEMPS","CAUSEACC1","CAUSEACC2","CAUSEACC3","CAUSEACC4","CAUSEACC5","FORMATIONCAUSE","FORMATION1","FORMATION2","FORMATION3","FORMATION4","FORMATION5","TRAFIC","CHAUSSEE1","CHAUSSEE2","CHAUSSEE3","CHAUSSEE4","TYPEACC","BLESSURE","TETE","COU","THORAX","MEMBRESSUP","COLONNE","BASSIN","MEMBRESINF","HOPITAL","PLUS24H","TRAJET","TYPEROUTE","MOTIF","SENSTRAJET","PASSAGER","VITESSE","DESCEQ1","DESCEQ2","DESCEQ3","DESCEQ4","DESCEQ5","DESCEQ6","DESCEQ7","DESCEQ8","DESCEQ9","DESCEQ10","VEHICULEETE","VEHICULEAUTOMNE","VEHICULEPRINTEMPS","VEHICULEHIVER","VEHICULESEMAINE","VEHICULEWE","VEHMARQUE","VEHCYLINDREE","VEHMODELE","VEHSEGMENT","VEHSIDE","EQ2RMABS","EQ2RMCBS","EQ2RMABSCBS","EQ2RMREGULATEUR","EQ2RMLIMITEUR","EQ2RMPHARESDIRECT","EQ2RMCOUPURE","EQ2RMANTIPATINAGE","EQ2RMANTIXHEELING","EQ2RMSTABILILTE","VEHKM","POINTS","DUREE","AUTRE2RM","VEHPRECMARQUE","VEHPRECCYLINDREE","VEHPRECMODELE","VEHPRECSEGMENT","VEHPRECSIDE","TEMPS2RMPREC","FREQVEHPREC","DATE_NAISS","CSP","SOCIETAIRE","SALARIE","SECTEUR2RM","NBPERSFOYER","SITFAM","NBENF","TRNBENF1","TRNBENF2","TRNBENF3","TRNBENF4","NBAUTOFOYER","NBCYCLOFOYER","NBSCOOTFOYER","NBMOTOFOYER","NBTRIKEFOYER","NB2RMCONDUIT","MARQUE1","CYLINDREE1","MODELE1","SEGMENT1","SIDE1","ANMISECIRCU1","ASS1","FREQ1","USAGE1","NBKM1","GARAGE1","MARQUE2","CYLINDREE2","MODELE2","SEGMENT2","SIDE2","ANMISECIRCU2","ASS2","FREQ2","USAGE2","NBKM2","GARAGE2","MARQUE3","CYLINDREE3","MODELE3","SEGMENT3","SIDE3","ANMISECIRCU3","ASS3","FREQ3","USAGE3","NBKM3","GARAGE3","MARQUE4","CYLINDREE4","MODELE4","SEGMENT4","SIDE4","ANMISECIRCU4","ASS4","FREQ4","USAGE4","NBKM4","GARAGE4","MARQUE5","CYLINDREE5","MODELE5","SEGMENT5","SIDE5","ANMISECIRCU5","ASS5","FREQ5","USAGE5","NBKM5","GARAGE5","NBKMTOT","PERMIS1","PERMIS2","PERMIS3","PERMIS4","PERMIS5","PERMIS6","PERMIS7","PERMIS8","PERMIS9","ANPERMIS1","ANPERMIS6","ANPERMIS7","ANPERMIS2","ANPERMIS3","ANPERMIS8","ANPERMIS9","ANPERMIS4","ANPERMIS5","X","X.1","X.2","isScooter"
"41",710,3638,"240",1,0,2,"","",NA,NA,NA,0,2,"","","",NA,NA,0,3,"","",NA,"",NA,0,3,"","",NA,NA,NA,0,3,"","","","","",0,4,"","","",NA,NA,0,2,"",NA,NA,NA,NA,4,4,"1992","1992","1993",1994,NA,3,1,"1992","1992","1994","","",0,2,"","","","","",0,4,"","","","","",0,2,"","",NA,NA,NA,0,3,"","","",NA,NA,0,3,"","",NA,NA,NA,1,1,8,"1993","","","","","Marseille","","","","","le feu passe au vert, je démarre et glisse sur une flaque de carburant et la voiture derrière moi nous écrase, ma moto et moi.","","","","",0,0,0,2,8,1,71,"15",1993,"Marseille","1993","Autre(s) type(s) d'accident(s).","6","","",NA,"",NA,"","Le seul accident impliquant un automobiliste : j'ai glissé sur du gasoil alors que le fan passait au vert. une voiture s'est arrêtée sur moi, me bloquant la jambe entre son pare-choc. J'avais alors le haut du corps et le bras droit sur son capot. La protection de mes mains à l'époque était assurée par des gants SEGURA cloutés à l'intérieur. Ces clous ont légèrement marqué la peinture du capot. Le conducteur, toujours dans sa voiture, était fou de rage et a mis un certain temps à reculer alors qu'il me coinçait et il a fallut que je me mette à l'insulter pour qu'il recule enfin Il n'y a eu aucun constat sur place. Le conducteur a ensuite déclaré à son assurance que j'étais en tord et un témoin m'a alors aidé à conter son accusation et l'affaire a été sans suite.","le carrefour était en dévers et le ""gras"" (ici du gasoil) accumulé aux feux en général (plus l'été avec l'eu des climatisations) sont le mix responsable de ma chute. il en est de même pour tous les ralentisseurs qui, par le choc donné aux voitures, les font perdre graisse/huile et eau.","NRP","3","0","","","parce que le gazoil est invisible","2","1","2","","Il était bien trop près de moi au feu et en démarrant en même temps, il n'a pu m'éviter.","1","voir plus haut","2","","",NA,NA,"","","",1,NA,NA,NA,"",NA,"une situation inattendue","4","3","","","2","1","4","4","1","1","1","1",5,5,5,5,5,7,NA,NA,NA,NA,NA,NA,NA,NA,1,"1","2","3","4",NA,NA,NA,NA,2,2,NA,2,1,1,1,20,30,0,50,0,"1","1","2","3",NA,NA,"3","6","","",NA,1,NA,NA,NA,NA,NA,NA,NA,NA,NA,NA,2,"1","3",NA,0,3,1,10,2,3,4,NA,NA,NA,"",NA,"4","4","4","4","4","4","YAMAHA","600","XTZ TENERE","TRAIL / SUPERMOTARD","2","1","1",1,1,1,"0",2,1,1,"1","NSP","12","4","1","YAMAHA","125","DTLC","TRAIL / SUPERMOTARD","2","4","4","01JAN1973","4","2","",2,3,4,1,"1","","","",2,1,0,1,0,1,"YAMAHA",1700,"MT-01","ROADSTER","2","2008","37",3,1,10000,"","","","","","","","",NA,NA,NA,"","","","","","",NA,NA,NA,NA,NA,"","",NA,"","",NA,NA,NA,NA,NA,NA,"","",NA,"","",NA,NA,NA,NA,NA,NA,NA,10000,"3",4,NA,NA,NA,NA,NA,NA,NA,"NRP","","","NRP","1991","","","1992","NRP","","","","Motorcycle"
"42",818,3642,"7",1,0,3,"","",NA,NA,NA,1,5,"2013","","",NA,NA,0,6,"","",NA,"",NA,1,5,"2011","",NA,NA,NA,0,6,"","","","","",0,5,"","","",NA,NA,0,2,"",NA,NA,NA,NA,0,4,"","","",NA,NA,1,2,"2011","","","","",0,5,"","","","","",0,6,"","","","","",0,1,"","",NA,NA,NA,0,2,"","","",NA,NA,0,3,"","",NA,NA,NA,0,NA,3,"","","","","","","","","","","","","","","",NA,NA,0,2,2,1,6,"2",2013,"","2013","Vous circuliez derrière un véhicule. Ce véhicule a ralenti. Vous avez entrepris de dépasser ce véhicule par la gauche et celui-ci vous a coupé la route en tournant à gauche (ou en effectuant un œ tour","1","","",NA,"",NA,"","NRP","NRP","NRP","NRP","0","","","NRP","2","1","NSP","","NSP","2","NSP","1","","",NA,NA,"","","1",NA,NA,NA,NA,"",NA,"NRP","4","3","","","2","1","4","4","3","1","1","1",1,1,4,4,4,1,5,NA,NA,NA,NA,NA,NA,NA,2,"","","","",NA,NA,NA,NA,2,2,NA,2,1,3,1,20,80,0,0,0,"2","","","",NA,NA,"2","1","","",NA,1,NA,NA,NA,NA,NA,NA,NA,NA,NA,NA,1,"1","1",2,0,50,1,10,3,4,7,NA,NA,NA,"",NA,"4","4","4","4","4","4","PIAGGIO","125","MP3 IE YOURBAN","SCOOTER","2","1","1",1,1,1,"1",1,1,1,"1","15000","12","3","0","","","","","","","","01JAN1985","4","2","",2,2,3,NA,"NSP","","","",0,2,1,1,0,1,"PIAGGIO",125,"MP3 IE YOURBAN","SCOOTER","2","2011","10",1,3,9000,"","","","","","","","",NA,NA,NA,"","","","","","",NA,NA,NA,NA,NA,"","",NA,"","",NA,NA,NA,NA,NA,NA,"","",NA,"","",NA,NA,NA,NA,NA,NA,NA,9000,"4",5,NA,NA,NA,NA,NA,NA,NA,"NRP","","","NRP","NRP","","","2006","2011","","","","Motorcycle"
"43",73,3651,"122",1,0,5,"","",NA,NA,NA,3,6,"2002","2013","2014",NA,NA,1,5,"2013","",NA,"",NA,0,5,"","",NA,NA,NA,0,5,"","","","","",0,2,"","","",NA,NA,0,5,"",NA,NA,NA,NA,0,4,"","","",NA,NA,0,5,"","","","","",0,4,"","","","","",0,5,"","","","","",0,4,"","",NA,NA,NA,0,5,"","","",NA,NA,0,4,"","",NA,NA,NA,1,2,6,"2002","2014","","","","Paris","Saint Cloud","","","","Une voiture m'a dépassée et s'est rabattue sur moi. Chauffeur sous l'emprise de l'alcool","Arrêté à un feu rouge dans en 4ième position (3 voitures et un 2RM devant moi) un conducteur au téléphone m'a violemment percuté par l'arrière.","","","",0,0,4,5,5,1,72,"15",2014,"Saint Cloud","2014","Autre(s) type(s) d'accident(s).","3","6","",NA,"",NA,"","Arrêté à un feu rouge, je me suis fait percuter par l'arrière par un automobiliste au téléphone.","l'inattention du conducteur qui me précédait","Aucune réaction de ma part, n'ayant pas vu le danger arriver.  J'ai simplement entendu un coup de freins, le bruit du choc, voyant le ciel, c'est là que j'ai compris que ""c'était pour moi"".  L'autre usager a assumé ses responsabilités.","2","0","","","Arrêté dans une file de véhicule, même si j'avais vu le danger arriver (par l'arrière), je n'aurais rien pu faire. Le fait d'avoir conservé une distance suffisante avec le véhicule devant moi m'a permis de tomber sur le bitume en non sur le véhicule de devant.","2","1","1","1","Sol humide, mais c'est surtout qu'il ne regardait pas devant lui.","1","Si l'autre usagé avait été concentré sur sa conduite, il se serait arrêté normalement (feu rouge, plusieurs véhicules arrêtés devant moi).","7","","",NA,NA,"","","",NA,NA,NA,NA,"",NA,"","3","4","","","1","1","3","4","1","1","1","3",1,4,4,4,4,10,NA,NA,NA,NA,NA,NA,NA,NA,1,"4","","","",NA,NA,NA,NA,2,2,NA,2,1,2,2,0,100,0,0,0,"2","","","",NA,NA,"2","2","","",NA,2,1,4,NA,NA,NA,NA,NA,NA,1,0,2,"1","1",2,0,0,1,10,2,3,4,7,NA,NA,"",NA,"4","4","4","4","4","4","HONDA","1000","CBF-F C-ABS","ROADSTER","2","0","0",0,1,1,"1",1,1,1,"1","17000","9","4","1","HONDA","600","CB-F ABS","ROADSTER","2","4","4","25JAN1973","4","2","",2,4,4,2,"1","","","",1,0,1,1,0,1,"HONDA",600,"CB-F  S  ABS","ROADSTER","2","2009","29",1,3,20000,"","","","","","","","",NA,NA,NA,"","","","","","",NA,NA,NA,NA,NA,"","",NA,"","",NA,NA,NA,NA,NA,NA,"","",NA,"","",NA,NA,NA,NA,NA,NA,NA,20000,"3",4,NA,NA,NA,NA,NA,NA,NA,"NRP","","","NRP","2009","","","1992","NRP","","","","Motorcycle"
"44",451,3676,"355",1,0,4,"","",NA,NA,NA,0,3,"","","",NA,NA,0,6,"","",NA,"",NA,0,5,"","",NA,NA,NA,0,6,"","","","","",0,4,"","","",NA,NA,0,3,"",NA,NA,NA,NA,2,3,"1999","2014","",NA,NA,3,3,"NSP","NSP","NSP","","",0,6,"","","","","",1,6,"2007","","","","",0,1,"","",NA,NA,NA,0,5,"","","",NA,NA,0,2,"","",NA,NA,NA,0,NA,6,"","","","","","","","","","","","","","","",NA,NA,2,0,15,1,51,"11",2007,"","2007","Vous circuliez sur un axe constitué dau moins "" 2 X 2 voies "" (en urbain, périph, autoroute, RN ). Un véhicule vous a coupé la route en changeant de voie pour se placer sur celle de gauche.","AUT|le plus cher","","",NA,"",NA,"","Changement soudain de file d'une voiture et dont je soupçonne le conducteur d'avoir été au téléphone. Il ne m'a pas vu et la vitesse à laquelle il a changé de file ne m'a même pas laissé le temps de réagir (une première).","Impossibilité de réaction","Je me suis remis debout, constaté les dégats, fait des photos et dégagé la route","3","0","","","Pas le temps de réagir","3","0","","","","","","7","","",NA,NA,"","","",NA,NA,NA,NA,"",NA,"","3","3","","","2","1","3","4","1","3","1","1",1,4,4,4,4,10,NA,NA,NA,NA,NA,NA,NA,NA,2,"","","","",NA,NA,NA,NA,2,2,NA,2,1,3,1,0,100,0,0,0,"2","","","",NA,NA,"3","1","","",NA,1,NA,NA,NA,NA,NA,NA,NA,NA,NA,NA,1,"3","1",1,0,30,1,10,2,3,4,7,NA,NA,"",NA,"4","4","4","4","4","3","HONDA","600","HORNET","ROADSTER","2","1","1",1,1,1,"1",1,1,1,"1","50000","12","4","1","YAMAHA","600","FZS FAZER","ROADSTER","2","4","4","08DEC1975","7","2","",2,4,4,2,"1","","","",1,0,0,1,0,1,"MOTO GUZZI",1200,"SPORT","ROADSTER","2","2007","29",1,2,20000,"","","","","","","","",NA,NA,NA,"","","","","","",NA,NA,NA,NA,NA,"","",NA,"","",NA,NA,NA,NA,NA,NA,"","",NA,"","",NA,NA,NA,NA,NA,NA,NA,20000,"4",3,NA,NA,NA,NA,NA,NA,NA,"NRP","","","NRP","1998","","","1994","NRP","","","","Motorcycle"
"45",154,3682,"116",1,0,6,"","",NA,NA,NA,0,6,"","","",NA,NA,0,6,"","",NA,"",NA,0,4,"","",NA,NA,NA,1,6,"2009","","","","",0,4,"","","",NA,NA,0,6,"",NA,NA,NA,NA,2,6,"2011","2009","",NA,NA,0,3,"","","","","",0,5,"","","","","",1,6,"2011","","","","",0,4,"","",NA,NA,NA,0,6,"","","",NA,NA,0,5,"","",NA,NA,NA,0,NA,4,"","","","","","","","","","","","","","","",NA,NA,1,3,20,1,51,"11",2011,"","2011","Vous circuliez sur un axe constitué dau moins "" 2 X 2 voies "" (en urbain, périph, autoroute, RN ). Un véhicule vous a coupé la route en changeant de voie pour se placer sur celle de gauche.","3","","",NA,"",NA,"","J'attendais que le feu passe au vert sur une 2x2 voies. J'étais sur la file de gauche derrière une voiture. Lorsque le feu passe au vert la voiture qui est devant moi avance, mais celle qui était à ma droite change de file sans me voir et de ce fait m'accroche par son rétro au niveau du bras et me coince la jambe droite entre la moto et le coté gauche de sa voiture et me fais tomber. Il a déboité car celui de devant n'avançait pas assez vite pour lui. Et comme il téléphonais en même temps il ne m'a pas vu sur sa gauche (il tenais le téléphone dans sa main gauche. Il va s'en dire qu'il a eu tous les frais pour lui. De mon coté 5 jours d'ITT pour cause de phlebyte au niveau du mollet. C'était un jeune qui roulais avec la voiture de ses parents. Ceci c'est passé un matin vers 8h00.","Voiture qui déboite sans regarder.","Surprise totale, j'ai tapé du poing sur sa vitre pour lui signaler la situation et l'alerter. trop trad pour éviter d'être déséquilibré. Nous avons fait un constat à mon bureau, où il a reconnu ses erreurs. Plus tard il a voulu revenir sur ses déclarations, mais j'avais déjà transmis le constat à mon assurance, ainsi que mon ITT faite le jour même. Difficulté de prendre appui sa la jambe droite.","1","0","","","Impossible de prédire la bêtise humaine","2","1","2","","NSP","1","Téléphone au volant","1","","",NA,NA,"","","1",NA,NA,NA,NA,"",NA,"Impossible d'inverser la situation","4","4","","","2","3","3","4","2","1","1","1",2,2,4,4,4,10,NA,NA,NA,NA,NA,NA,NA,NA,2,"","","","",NA,NA,NA,NA,2,2,NA,2,1,1,1,0,100,0,0,0,"1","4","","",NA,NA,"4","1","","",NA,2,1,7,NA,NA,NA,NA,NA,NA,1,0,1,"1","1",1,0,0,1,10,2,3,4,7,NA,NA,"",NA,"4","4","4","4","4","3","SUZUKI","1250","BANDIT-S ABS","ROADSTER","2","0","1",1,1,1,"1",1,1,1,"1","25000","12","4","1","HONDA","1000","VARADERO IE ABS","TRAIL / SUPERMOTARD","2","4","4","29JUN1966","5","2","",2,4,4,2,"1","","","",2,0,1,1,0,1,"HONDA",1000,"CB 1000R ABS","ROADSTER","2","2011","16",1,2,10000,"","","","","","","","",NA,NA,NA,"","","","","","",NA,NA,NA,NA,NA,"","",NA,"","",NA,NA,NA,NA,NA,NA,"","",NA,"","",NA,NA,NA,NA,NA,NA,NA,10000,"2",3,4,NA,NA,NA,NA,NA,NA,"NRP","","","1985","2009","","","1985","NRP","","","","Motorcycle"
"46",479,3693,"217",1,0,5,"","",NA,NA,NA,1,5,"1978","","",NA,NA,0,5,"","",NA,"",NA,0,2,"","",NA,NA,NA,0,4,"","","","","",0,4,"","","",NA,NA,0,4,"",NA,NA,NA,NA,0,4,"","","",NA,NA,1,5,"1973","","","","",0,4,"","","","","",0,2,"","","","","",1,4,"1995","",NA,NA,NA,1,5,"2000","","",NA,NA,1,4,"1978","",NA,NA,NA,0,NA,5,"","","","","","","","","","","","","","","",NA,NA,5,2,43,1,6,"2",1978,"","1978","Vous circuliez derrière un véhicule. Ce véhicule a ralenti. Vous avez entrepris de dépasser ce véhicule par la gauche et celui-ci vous a coupé la route en tournant à gauche (ou en effectuant un œ tour","6","AUT|le plus sympomatique des rapports auto/moto","",NA,"",NA,"","En rentrant du travail, je suivais une file de voitures roulant à très petite vitesse en ville. Devant, un véhicule roulant quasiment au pas, les deux roues droites dans le caniveau. Toutes les voitures le dépassent, et au moment ou je le dépasse moi-même, il tourne brusquement à gauche sans clignotant, et m'emmène avec lui. J'ai suivi sa trajectoire en lui faisant une découpe tout le long de sa voiture avec la pédale de frein, en cassant sa vitre conducteur avec mon coude et défonçant sa portière avec mon genou. Il était tout simplement en train de chercher son bureau de vote pour les prochaines élections (d'où le fait de rouler au pas très à droite), et quand il l'a vu, il a tourné dans la rue à gauche sans regarder son rétroviseur ni mettre son clignotant, ce qu'il a d'ailleurs reconnu. Conséquences : matérielles pour lui et pour moi ; mais surtout pour moi des douleurs au genou droit pendants plusieurs dizaines d'années, disparues heureusement maintenant.","la rapidité avec laquelle la voiture a tourné à gauche.","Première réaction, freiner pour éviter le choc. Deuxième réaction, essayer de tourner aussi à gauche pour éviter le choc. Troisième réaction, essayer d'accompagner la trajectoire de la voiture après le choc pour minimiser les dégats. Je pense que c'est à ce moment là seulement que le conducteur de la voiture a réalisé qu'il se passait quelque chose et qu'il a commencé à freiner. Bizarrement, il a continué à virer à gauche, puisqu'en fin de course nous étions le long du trottoir de gauche et non pas au milieu de la rue perpendiculaire.","AUT|je pense avoir été actif. C'est lui qui n'a rien vu ni entendu jusqu'au moment du choc.","0","","","A cause de la rapidité des faits.","2","0","","","","","","4","6","",NA,NA,"","","",NA,NA,1,NA,"2",NA,"parce qu'à l'époque j'étais jeune et réactif et que j'ai tout fait pour éviter les choses et minimiser leur impact. Quand je me suis trouvé debout sur ma moto le long de la voiture une fois arrêté, je me suis dit que j'avais bien réagi.","4","3","","","1","1","3","4","1","1","1","1",1,4,4,4,4,1,5,NA,NA,NA,NA,NA,NA,NA,2,"","","","",NA,NA,NA,NA,2,2,NA,2,1,1,1,10,90,0,0,0,"2","","","",NA,NA,"2","1","","",NA,2,1,4,7,NA,NA,NA,NA,NA,1,0,1,"1","1",2,0,50,1,10,2,3,4,NA,NA,NA,"",NA,"4","4","4","4","4","4","NORTON","850","COMMANDO","ROADSTER","2","1","1",1,1,1,"1",1,1,1,"1","30000","NSP","3","1","TRIUMPH","750","TIGER","ROADSTER","2","4","4","18MAY1951","9","1","",2,2,3,NA,"NSP","","","",2,0,0,1,0,1,"BMW",1150,"R1150R","ROADSTER","1","2000","37",3,1,15000,"","","","","","","","",NA,NA,NA,"","","","","","",NA,NA,NA,NA,NA,"","",NA,"","",NA,NA,NA,NA,NA,NA,"","",NA,"","",NA,NA,NA,NA,NA,NA,NA,15000,"3",2,NA,NA,NA,NA,NA,NA,NA,"NRP","","","1970","1972","","","NRP","NRP","","","","Motorcycle"
"47",285,3700,"227",1,0,4,"","",NA,NA,NA,0,4,"","","",NA,NA,1,4,"2014","",NA,"",NA,2,4,"NSP","NSP",NA,NA,NA,0,2,"","","","","",0,3,"","","",NA,NA,0,2,"",NA,NA,NA,NA,0,2,"","","",NA,NA,0,3,"","","","","",1,4,"2013","","","","",2,4,"2013","2014","","","",0,4,"","",NA,NA,NA,0,3,"","","",NA,NA,0,3,"","",NA,NA,NA,1,2,8,"2013","2014","","","","PARIS","PARIS","","","","LORS D'UN COUP DE FREIN ENTRE FILES SUR LE PERIPH 1 SCOOTER M' A PERCUTER PAR L'ARRIERE SANS GRAVITE","IDEM AVEC PROJECTIO VERS L'AVANT ET CONTROLE SANS CHUTE MAIS UNE BONNE PEUR","","","",0,0,24,5,19,1,72,"15",2014,"PARIS","2014","Autre(s) type(s) d'accident(s).","3","","",NA,"",NA,"","sur le periph Parisien roulat sur la file de gauche, la voituer sur la file de droite est subitement et brusquement passé sur la voie sans clignotant. l'impact dans la voiture à eu lieu au niveau de la portiere conducteur. Manifestement le conducteur n'a pas regardé dans son retro ext gauche que je soupconne etre, avant le choc, sans miroir (lors du choc le retro a ete arraché sans eclat de miroir au sol)","manque de vigilence du conducteur de la voiture sachant pertinemment que les motards sur le periph fond parti du trafic habituel surtout aux heures de pointes","par reflexe,freinage + une tentative d'evitement le conducteur etait seul passager dans la voiture. Lors de cet accident je n'ai pas chuté, j'ai retenue ma moto contre la voiture avec une douleur dans la cuisse qui à arrachée le retro  le cionductey=ur est sorti de son vehicule avec son tel port à la main ecartant les eclats de sa vitre qu'il a reçu","2","0","","","l'effet de surprise et une reaction par reflexe","2","0","","","","","","3","","",NA,NA,"","","",NA,1,NA,NA,"",NA,"par le fait subi de la maneuvre du onducteur","3","3","","","1","1","4","4","1","1","1","2",1,4,4,4,4,5,NA,NA,NA,NA,NA,NA,NA,NA,2,"","","","",NA,NA,NA,NA,2,2,NA,2,1,1,1,0,100,0,0,0,"NSP","","","",NA,NA,"3","2","","",NA,2,1,7,NA,NA,NA,NA,NA,NA,0,NA,1,"4","1",2,0,60,1,10,2,4,NA,NA,NA,NA,"",NA,"4","4","4","4","4","4","TRIUMPH","1200","TROPHY 3 SE","Routière / GT","2","0","1",0,0,1,"1",1,0,0,"1","20000","8","3","1","HONDA","1300","PAN EUROPEAN","Routière / GT","2","4","4","29DEC1957","5","1","",2,1,1,NA,"NSP","","","",1,1,0,1,0,1,"TRIUMPH",1200,"TROPHY 2012","Routière / GT","2","2012","37",1,2,15000,"","","","","","","","",NA,NA,NA,"","","","","","",NA,NA,NA,NA,NA,"","",NA,"","",NA,NA,NA,NA,NA,NA,"","",NA,"","",NA,NA,NA,NA,NA,NA,NA,15000,"3",4,2,NA,NA,NA,NA,NA,NA,"NRP","","","1974","1979","","","1978","NRP","","","","Motorcycle"
"48",89,3701,"301",1,0,5,"","",NA,NA,NA,0,5,"","","",NA,NA,0,3,"","",NA,"",NA,0,6,"","",NA,NA,NA,0,6,"","","","","",0,4,"","","",NA,NA,0,5,"",NA,NA,NA,NA,1,6,"2014","","",NA,NA,0,6,"","","","","",0,5,"","","","","",0,6,"","","","","",0,4,"","",NA,NA,NA,0,5,"","","",NA,NA,0,3,"","",NA,NA,NA,0,NA,1,"","","","","","","","","","","","","","","",NA,NA,0,0,6,1,36,"8",2014,"","2014","Vous avez fait une sortie de route, une perte de contrôle ou une glissade puis avez percuté un obstacle fixe (panneau, arbre poteau ).","4","","",NA,"",NA,"","Il s'est déroulé dans une zone résidentielle à Limours (91) et je conduisais la moto de mon conjoint pour la 1ere fois. Il pleuvait très légèrement, rendant la chaussée humide, je roulais donc à 30km/h. J'ai vu un virage arriver, sauf que ce dernier était à 90° et que j'ai vu 2 plaques d'égout en plein sur la trajectoire de sécurité. J'ai essayé de viser entre les 2 plaques, sauf que j'ai réalisé après coup que je ne pourrai pas prendre le virage (jamais d'angle dans un virage mouillé !). J'ai choisi d'aller en face, puisqu'il y avait un énorme terre-plein en herbe. Il fallait juste viser entre 2 pierres de la taille de 2 parpaings ( pour empêcher les voiture de se garer). Malheureusement le trottoir pas très haut mais en biais a fait glisser la moto et j'ai été éjectée. J'aurai pu faire un rouler bouler sur l'herbe sauf qu'une des pierres a bloqué ma cuisse et le poids de mon corps m'a fait tomber violemment sur mon bras droit. Bilan : mon casque, en tapant, m'a fracturé la tête de l'humérus.   L'ami que je rejoignais m'a dit que cette route était réputée pour être glissante sous la pluie (son père y est tombé aussi). Cependant aucun panneau de la mairie.","- moto que je ne connaissais pas - pluie - plaque d'égout à éviter - virage à 90° que je n'avais pas anticipé (du moins pas si serré) - infrastructures mal faites (pas de panneau, pierres dangereuses) - facteur psychologique (je serai peut être passée ave","1ere réaction : freiner mais pas trop (risque de glisse) 2eme : s'assurer que personne n'arrivait sur l'autre voie 3eme : évitement des plaques 4eme : impossibilité de tourner, donc recherche d'une échappatoire  Toute autre réaction interrompue par la chute","NRP","1","J'aurai dû essayer d'anticiper le virage, surtout au guidon d'une moto que je ne connaissais pas. Ralentir encore + que 30km/h. Pour le reste, je ne pouvais rien faire car je ne maitrisais pas (pluie, infrastructures).","Je pensais que ralentir à 30km/h suffirait.","","2","0","","","","","","1","6","",NA,NA,"","","1",NA,NA,NA,NA,"2",NA,"Peur de ne pas rattraper le coup et d'abimer la moto Peur de tomber de manière plus violente (sur le bitume ou taper les pierres plus fort)","4","3","","","1","1","2","3","1","1","2","1",1,4,4,4,4,1,6,NA,NA,NA,NA,NA,NA,NA,1,"2","3","4","7",NA,NA,NA,NA,2,2,NA,2,2,1,2,20,0,0,40,40,"2","","","",NA,NA,"1","2","","",NA,2,1,4,NA,NA,NA,NA,NA,NA,1,0,2,"1","3",NA,0,30,1,2,3,4,7,9,NA,NA,"",NA,"1","1","1","1","1","1","DUCATI","1100","MONSTER","ROADSTER","2","1","2",2,1,1,"2",2,2,2,"2","8000","12","1","1","DUCATI","696","MONSTER","ROADSTER","2","4","3","16MAY1984","7","2","",2,2,3,NA,"NSP","","","",2,3,0,3,0,3,"DUCATI",696,"MONSTER+ ABS","ROADSTER","2","2010","29",3,2,4000,"","HONDA","500","CB","ROADSTER","2","1997","29",4,2,2000,"","KTM","990","SUPERDUKE","ROADSTER","2",2009,29,3,1,4000,"","",NA,"","",NA,NA,NA,NA,NA,NA,"","",NA,"","",NA,NA,NA,NA,NA,NA,NA,10000,"3",4,NA,NA,NA,NA,NA,NA,NA,"NRP","","","NRP","2008","","","2004","NRP","","","","Motorcycle"