"","Ligne","Ligne.Q.qualif","Ligne.approfondissement.Accident","ACCIDENT","NBACC1","ACCFREQUENCE1","ANNEEACC1_1","ANNEEACC1_2","ANNEEACC1_3","ANNEEACC1_4","ANNEEACC1_5","NBACC2","ACCFREQUENCE2","ANNEEACC2_1","ANNEEACC2_2","ANNEEACC2_3","ANNEEACC2_4","ANNEEACC2_5","NBACC3","ACCFREQUENCE3","ANNEEACC3_1","ANNEEACC3_2","ANNEEACC3_3","ANNEEACC3_4","ANNEEACC3_5","NBACC4","ACCFREQUENCE4","ANNEEACC4_1","ANNEEACC4_2","ANNEEACC4_3","ANNEEACC4_4","ANNEEACC4_5","NBACC5","ACCFREQUENCE5","ANNEEACC5_1","ANNEEACC5_2","ANNEEACC5_3","ANNEEACC5_4","ANNEEACC5_5","NBACC6","ACCFREQUENCE6","ANNEEACC6_1","ANNEEACC6_2","ANNEEACC6_3","ANNEEACC6_4","ANNEEACC6_5","NBACC7","ACCFREQUENCE7","ANNEEACC7_1","ANNEEACC7_2","ANNEEACC7_3","ANNEEACC7_4","ANNEEACC7_5","NBACC8","ACCFREQUENCE8","ANNEEACC8_1","ANNEEACC8_2","ANNEEACC8_3","ANNEEACC8_4","ANNEEACC8_5","NBACC9","ACCFREQUENCE9","ANNEEACC9_1","ANNEEACC9_2","ANNEEACC9_3","ANNEEACC9_4","ANNEEACC9_5","NBACC10","ACCFREQUENCE10","ANNEEACC10_1","ANNEEACC10_2","ANNEEACC10_3","ANNEEACC10_4","ANNEEACC10_5","NBACC11","ACCFREQUENCE11","ANNEEACC11_1","ANNEEACC11_2","ANNEEACC11_3","ANNEEACC11_4","ANNEEACC11_5","NBACC12","ACCFREQUENCE12","ANNEEACC12_1","ANNEEACC12_2","ANNEEACC12_3","ANNEEACC12_4","ANNEEACC12_5","NBACC13","ACCFREQUENCE13","ANNEEACC13_1","ANNEEACC13_2","ANNEEACC13_3","ANNEEACC13_4","ANNEEACC13_5","NBACC14","ACCFREQUENCE14","ANNEEACC14_1","ANNEEACC14_2","ANNEEACC14_3","ANNEEACC14_4","ANNEEACC14_5","AUTRESACC","NBAUTRESACC","TOTAL_AC","ANNEEAUTREACC1","ANNEEAUTREACC2","ANNEEAUTREACC3","ANNEEAUTREACC4","ANNEEAUTREACC5","LIEUAUTREACC1","LIEUAUTREACC2","LIEUAUTREACC3","LIEUAUTREACC4","LIEUAUTREACC5","DESCRIPTIONAUTRESACC1","DESCRIPTIONAUTRESACC2","DESCRIPTIONAUTRESACC3","DESCRIPTIONAUTRESACC4","DESCRIPTIONAUTRESACC5","NBAUTRESACCCIRCUIT","NBAUTRESTOUTTERRAIN","EXPCYCLO","EXP125","EXPSUP125","ACCORDNEXTQ","CHOIXACC","RGPMTACC","RECUPANNEE","RECUPLIEU","RECUPANNE","RGPMTAC","CHOIX1","CHOIX2","CHOIX3","CHOIX4","CHOIX5","CHOIX6","CHOIX7","DESCRIPTION","RUPTURE","FAITS","ABS_REACTION","AUTRE_REACTION","PRECISIONREACTIONOUI","RECUL","PRECISIONREACTIONNON","IMPACTCOMPORTEMENT","AUTREUSAGER","REACTIONAUTREUSAGER","CONNAISSANCEREACTIONUSAGER","DIFFICULTES","AGGRAVATION","DIFFICULTES2","EMOTIONS1","EMOTIONS2","EMOTIONS3","EMOTIONS4","EMOTIONS5","EMOTIONS6","AUTRESENTIMENT","CLASSEMENTEMOTIONS1","CLASSEMENTEMOTIONS","CLASSEMENTEMOTIONS5","CLASSEMENTEMOTIONS6","CLASSEMENTEMOTIONS7","CLASSEMENTEMOTIONS8","CLASSEMENTEMOTIONS9","EXPLICATIONRESSENTI","BIENEQUIPE","ALLURE","ALLUREVITEDETAIL","ALLURELENTEDETAIL","SITUATIONPRESSE","SITUATIONDISTRAIT","SITUATIONCONFIANT","SITUATIONCONTROLE","SITUATIONLUDIQUE","SITUATIONPERF","SITUATIONSTRESS","SITUATIONFATIGUE","HUMEURNEUTRE","HUMEURGAI","HUMEURMECONTENT","HUMEURTRISTE","HUMEURCOLERE","CONTRIBUTION1","CONTRIBUTION2","CONTRIBUTION3","CONTRIBUTION4","CONTRIBUTION5","CONTRIBUTION6","CONTRIBUTION7","CONTRIBUTION8","CONTRIBUTION9","ROLEINFRA","ELEMENTINFRA1","ELEMENTINFRA2","ELEMENTINFRA3","ELEMENTINFRA4","ELEMENTINFRA5","ELEMENTINFRA6","ELEMENTINFRA7","ELEMENTINFRA8","ELEMENTINFRA9","ALCOOL","TXALCOOL","STUP","SEMAINE","MOMENTJOURNEE","TEMPS","CAUSEACC1","CAUSEACC2","CAUSEACC3","CAUSEACC4","CAUSEACC5","FORMATIONCAUSE","FORMATION1","FORMATION2","FORMATION3","FORMATION4","FORMATION5","TRAFIC","CHAUSSEE1","CHAUSSEE2","CHAUSSEE3","CHAUSSEE4","TYPEACC","BLESSURE","TETE","COU","THORAX","MEMBRESSUP","COLONNE","BASSIN","MEMBRESINF","HOPITAL","PLUS24H","TRAJET","TYPEROUTE","MOTIF","SENSTRAJET","PASSAGER","VITESSE","DESCEQ1","DESCEQ2","DESCEQ3","DESCEQ4","DESCEQ5","DESCEQ6","DESCEQ7","DESCEQ8","DESCEQ9","DESCEQ10","VEHICULEETE","VEHICULEAUTOMNE","VEHICULEPRINTEMPS","VEHICULEHIVER","VEHICULESEMAINE","VEHICULEWE","VEHMARQUE","VEHCYLINDREE","VEHMODELE","VEHSEGMENT","VEHSIDE","EQ2RMABS","EQ2RMCBS","EQ2RMABSCBS","EQ2RMREGULATEUR","EQ2RMLIMITEUR","EQ2RMPHARESDIRECT","EQ2RMCOUPURE","EQ2RMANTIPATINAGE","EQ2RMANTIXHEELING","EQ2RMSTABILILTE","VEHKM","POINTS","DUREE","AUTRE2RM","VEHPRECMARQUE","VEHPRECCYLINDREE","VEHPRECMODELE","VEHPRECSEGMENT","VEHPRECSIDE","TEMPS2RMPREC","FREQVEHPREC","DATE_NAISS","CSP","SOCIETAIRE","SALARIE","SECTEUR2RM","NBPERSFOYER","SITFAM","NBENF","TRNBENF1","TRNBENF2","TRNBENF3","TRNBENF4","NBAUTOFOYER","NBCYCLOFOYER","NBSCOOTFOYER","NBMOTOFOYER","NBTRIKEFOYER","NB2RMCONDUIT","MARQUE1","CYLINDREE1","MODELE1","SEGMENT1","SIDE1","ANMISECIRCU1","ASS1","FREQ1","USAGE1","NBKM1","GARAGE1","MARQUE2","CYLINDREE2","MODELE2","SEGMENT2","SIDE2","ANMISECIRCU2","ASS2","FREQ2","USAGE2","NBKM2","GARAGE2","MARQUE3","CYLINDREE3","MODELE3","SEGMENT3","SIDE3","ANMISECIRCU3","ASS3","FREQ3","USAGE3","NBKM3","GARAGE3","MARQUE4","CYLINDREE4","MODELE4","SEGMENT4","SIDE4","ANMISECIRCU4","ASS4","FREQ4","USAGE4","NBKM4","GARAGE4","MARQUE5","CYLINDREE5","MODELE5","SEGMENT5","SIDE5","ANMISECIRCU5","ASS5","FREQ5","USAGE5","NBKM5","GARAGE5","NBKMTOT","PERMIS1","PERMIS2","PERMIS3","PERMIS4","PERMIS5","PERMIS6","PERMIS7","PERMIS8","PERMIS9","ANPERMIS1","ANPERMIS6","ANPERMIS7","ANPERMIS2","ANPERMIS3","ANPERMIS8","ANPERMIS9","ANPERMIS4","ANPERMIS5","X","X.1","X.2","isScooter"
"49",520,3709,"102",1,0,5,"","",NA,NA,NA,0,5,"","","",NA,NA,0,5,"","",NA,"",NA,0,5,"","",NA,NA,NA,1,5,"2004","","","","",1,5,"2010","","",NA,NA,0,2,"",NA,NA,NA,NA,1,3,"2011","","",NA,NA,1,5,"NSP","","","","",0,6,"","","","","",0,5,"","","","","",0,3,"","",NA,NA,NA,0,4,"","","",NA,NA,0,3,"","",NA,NA,NA,0,NA,4,"","","","","","","","","","","","","","","",NA,NA,2,15,12,1,21,"5",2004,"","2004","Vous circuliez sur un axe prioritaire. Un véhicule venant dun axe non prioritaire vous a coupé la route.","1","","",NA,"",NA,"","J'ai été renversé par un conducteur sénile, n'ayant pas respecté la signalisation (ligne blanche continue et panneau d'obligation de tourner à gauche), qui a vu le camion qui venant de sa gauche, mais pas le motard qui venant de sa droite.  Conducteur pas en état de conduire : âgé, mauvaise vue, mépris total (confirmé ultérieurement, y compris au tribunal) du Code de la route...","Conducteur adverse sénile et méprisant le code de la route","Pour le conducteur adverse, ça va être rapide : rien vu, rien entendu, il a été rattrapé au rond-point suivant pas un automobiliste.  Pour moi, freinage d'urgence AV+AR puis, comme la voiture adverse continuait sa manoeuvre, évitement par la droite. J'ai alors touché le trottoir et PAF ! le motard.","NRP","1","Anticiper : une voiture se présente en sortie d'un parking, avec l'intention prévisible de tourner à gauche (manoeuvre interdite et signalée ++). Dans le doute, on ralentit et on laisse passer.  Cet accident m'a rendu un peu parano. Pas trop, mais j'espère, juste assez.","Confiance excessive dans le respect de la signalisation par un autre conducteur.","","2","1","2","","86 ans au volant, on peut appeler ça une difficulté ?","1","NRP","2","6","",NA,NA,"","","",2,NA,NA,NA,"1",NA,"Même à 50 km/h, même avec une moto bien entretenue et avec une maîtrise correcte de ma part, rien pu faire pour que le conducteur adverse modifie ou interrompe sa manoeuvre. NB : l'avertisseur sonore ne m'est venu à l'esprit que loooooongtemps plus tard.","3","3","","","1","1","2","1","1","1","1","1",4,3,4,4,4,10,NA,NA,NA,NA,NA,NA,NA,NA,2,"","","","",NA,NA,NA,NA,2,2,NA,2,1,1,1,0,100,0,0,0,"2","","","",NA,NA,"2","1","","",NA,2,1,7,NA,NA,NA,NA,NA,NA,1,1,2,"1","3",NA,0,50,1,10,2,3,4,7,NA,NA,"",NA,"4","4","4","4","4","4","HONDA","500","CX500C","CUSTOM","2","1","1",1,1,1,"1",1,1,1,"1","80000","12","3","0","","","","","","","","18JAN1958","2","2","",2,2,3,NA,"NSP","","","",2,0,0,3,0,3,"SUZUKI",650,"DR 650 RSE","TRAIL / SUPERMOTARD","2","1996","29",3,2,12000,"","KAWASAKI","750","VULCAN (VN)","CUSTOM","2","1993","29",4,1,5000,"","HONDA","500","CX500C","CUSTOM","2",1980,29,4,1,2000,"","",NA,"","",NA,NA,NA,NA,NA,NA,"","",NA,"","",NA,NA,NA,NA,NA,NA,NA,19000,"2",3,4,NA,NA,NA,NA,NA,NA,"NRP","","","1975","1977","","","1977","NRP","","","","Motorcycle"
"50",736,3726,"329",1,0,5,"","",NA,NA,NA,0,5,"","","",NA,NA,0,4,"","",NA,"",NA,0,2,"","",NA,NA,NA,0,5,"","","","","",0,3,"","","",NA,NA,0,2,"",NA,NA,NA,NA,0,3,"","","",NA,NA,0,2,"","","","","",0,4,"","","","","",0,4,"","","","","",0,4,"","",NA,NA,NA,1,4,"2011","","",NA,NA,0,4,"","",NA,NA,NA,1,1,2,"2011","","","","","Le poujol sur O","","","","","Un chien de chasse m'a coupé la route dans un virage à gauche après être passé sous le rail de sécurité. Moto couchée et glissade dans le bas-côté","","","","",0,0,3,0,4,1,71,"15",2011,"Le poujol sur O","2011","Autre(s) type(s) d'accident(s).","AUT|le plus injuste","","",NA,"",NA,"","Je roulais tranquillement sur cette route secondaire relativement étroite lorsque, dans un virage à gauche, à environ 70 km/h, un chien de chasse (type terrier) est sorti de sous le rail de sécurité à droite et est passé sous ma roue avant. Je me suis instantanément retrouvé par terre. Fort heureusement, mon épouse qui me suivait sur sa propre moto, à pût nous éviter, ma machine et moi, ainsi que les trois autre compagnons de meute de mon ""agresseur"", tous des chiens de chasse reconnaissables à leur collier couleur orange fluo. Fracture du carter d'huile, élongation de l'épaule, rien de trop grave pour moi. Il a cependant été impossible de retrouver ce chien, qui s'est évidement enfui sans laisser les coordonnées de son propriétaire, malgré mes recherche dans tous les cabinets vétérinaires à 50 kms à la ronde. Il y avait ce jour là 3 société de chasse en activité sur ce secteur, et évidemment aucune n'a retrouvé un de ses animaux siglé ""Bridgestone"". Un responsable de l'une d'elle allant même jusqu'à m'expliquer au téléphone qu'au prix de leurs assurances de chasse, il valait mieux pour eux éviter de déclarer trop de sinistres pour ne pas faire monter encore les tarifs... A ce jour, 4 ans après, je suis toujours en attente de la décision du fond de garantie concernant un éventuel remboursement de ma franchise.","L'impossibilité pour moi de voir ce chien arriver de sous le rail de sécurité en rondins de bois, la végétation étant dense sous et au delà de ce rail.","NRP","3","0","","","Aucune anticipation possible de l'arrivée de l'animal jusqu'à ce qu'il passe sous ma roue, étant donné qu'il venait de la droite et que le virage étant à gauche, je regardais vers la gauche.","2","0","","","","","","7","","",NA,NA,"","","",NA,NA,NA,NA,"",NA,"","4","3","","","1","1","2","4","1","1","1","1",4,3,4,4,4,10,NA,NA,NA,NA,NA,NA,NA,NA,1,"AUT|Végétation bordant de près le rail","","","",NA,NA,NA,NA,2,2,NA,2,2,1,1,0,0,80,20,0,"2","","","",NA,NA,"1","2","","",NA,2,1,4,NA,NA,NA,NA,NA,NA,0,NA,2,"2","3",NA,0,70,1,2,3,4,7,9,NA,NA,"",NA,"4","4","4","4","4","4","SUZUKI","750","GSX-F","Routière / GT","2","1","1",1,1,1,"1",1,1,1,"1","79000","12","3","0","","","","","","","","26NOV1977","7","1","",2,2,3,NA,"NSP","","","",1,0,0,2,0,2,"BMW",1200,"R1200ST ABS","Routière / GT","2","2006","37",1,2,10000,"","SUZUKI","650","BANDIT-S","ROADSTER","2","2005","37",4,1,2000,"","","","","","",NA,NA,NA,NA,NA,"","",NA,"","",NA,NA,NA,NA,NA,NA,"","",NA,"","",NA,NA,NA,NA,NA,NA,NA,12000,"3",4,NA,NA,NA,NA,NA,NA,NA,"NRP","","","NRP","2009","","","1995","NRP","","","","Motorcycle"
"51",308,3730,"342",1,0,1,"","",NA,NA,NA,0,4,"","","",NA,NA,0,6,"","",NA,"",NA,0,4,"","",NA,NA,NA,0,6,"","","","","",0,1,"","","",NA,NA,0,2,"",NA,NA,NA,NA,0,3,"","","",NA,NA,0,5,"","","","","",0,4,"","","","","",0,6,"","","","","",0,1,"","",NA,NA,NA,0,6,"","","",NA,NA,0,1,"","",NA,NA,NA,1,1,1,"2009","","","","","BAGNOLS SUR CEZ","","","","","Perte de contrôle en sortant la moto d'un parking souterrain. Accident à basse vitesse (env. 20/30 km/h)","","","","",0,0,0,0,6,1,71,"15",2009,"BAGNOLS SUR CEZ","2009","Autre(s) type(s) d'accident(s).","1","5","6",NA,"",NA,"","C'est un accident qui n'implique que moi, et où je suis le seul responsable. Cet accident a eu lieu pendant ma période d'apprentissage en moto-école. En sortant une moto (de la moto école) d'un garage souterrain, sur la rampe de sortie du garage, j'ai confondu le mouvement de ""coupe"" des gaz, avec le mouvement ""d'accélération"" des gaz. J'ai donc accéléré fortement sur la rampe de sortie, perdu le contrôle de la moto, et je me suis couché avec la moto quelques mètres plus loin. La vitesse avec laquelle j'ai eu mon accident est d'environ 30 km/h.","C'est l'inexpérience et la panique qui ont fait que l'accident était inévitable.","Montée de la rampe de garage avec la moto. La vitesse était trop élevée, j'ai cherché à réduire les gaz. Au lieu de ça j'ai accéléré fortement. J'ai paniqué. Une fois arrivé sur le haut de la rampe et sur la route j'ai freiné sans maîtrise du véhicule et je suis tombé.","NRP","0","","","C'était ma 3° heure de conduite moto : c'était prématuré de me laisser conduire et faire cette manoeuvre.","2","0","","","","","","1","5","6",NA,NA,"","","3",NA,NA,NA,2,"1",NA,"Je ne savais pas quoi faire.","4","1","3","","1","1","1","1","1","1","4","1",4,3,4,4,4,5,6,7,NA,NA,NA,NA,NA,NA,2,"","","","",NA,NA,NA,NA,2,2,NA,2,2,1,1,95,0,0,5,0,"1","AUT|Je n'étais pas assez formé.","","",NA,NA,"1","1","","",NA,1,NA,NA,NA,NA,NA,NA,NA,NA,NA,NA,3,"1","3",NA,0,30,1,10,2,4,NA,NA,NA,NA,"",NA,"1","1","1","1","1","1","KAWASAKI","500","ER-5","ROADSTER","2","1","1",1,1,1,"1",1,1,1,"1","NSP","12","1","0","","","","","","","","10APR1986","5","2","3",2,2,3,NA,"NRP","","","",2,0,0,2,0,2,"KAWASAKI",750,"ZR-7","ROADSTER","2","2002","2",1,2,12000,"1","HONDA","125","CB-F","ROADSTER","2","2011","2",3,2,2000,"7","","","","","",NA,NA,NA,NA,NA,"","",NA,"","",NA,NA,NA,NA,NA,NA,"","",NA,"","",NA,NA,NA,NA,NA,NA,NA,14000,"3",4,NA,NA,NA,NA,NA,NA,NA,"NRP","NRP","NRP","NRP","2009","NRP","NRP","2004","NRP","","","","Motorcycle"
"52",755,3734,"380",1,0,4,"","",NA,NA,NA,0,3,"","","",NA,NA,0,4,"","",NA,"",NA,0,1,"","",NA,NA,NA,1,4,"2003","","","","",1,4,"2011","","",NA,NA,0,3,"",NA,NA,NA,NA,0,4,"","","",NA,NA,1,4,"1975","","","","",0,3,"","","","","",0,5,"","","","","",0,2,"","",NA,NA,NA,0,2,"","","",NA,NA,1,4,"1974","",NA,NA,NA,0,NA,4,"","","","","","","","","","","","","","","",NA,NA,4,2,38,1,21,"5",2003,"","2003","Vous circuliez sur un axe prioritaire. Un véhicule venant dun axe non prioritaire vous a coupé la route.","4","5","",NA,"",NA,"","lors du retour d'une balade, je circulait en ville sur un grand axe à la vitesse règlementée (lieu de nombreux contrôle radar) lorsqu'un véhicule venant de ma gauche m'a coupé la route(non respect du stop), je n'ai même pas eu le temps de freiner ni d'éviter ce véhicule, persuadé qu'il allait s'arrêter au stop. la conductrice de ce véhicule avait un âge certain et portait des lunettes....la seule déclaration qu'elle à fait à la police c'était ""je ne l'ai pas vue"" (ni le stop ni la moto....!)  quel homme politique aura le courage d'instaurer une visite médicale régulière pour l'ensemble des conducteurs et non seulement pour certaines catégorie de permis comme c'est le cas aujourd'hui?","un tiers irresponsable de sa conduite","NRP","2","0","","","si vous devez anticiper que dans une situation avec visibilité, d'obligation de respect de la signalisation, le véhicule venant à votre gauche ou droite ne va pas s'arrêter vous ne pouvez plus rouler....","2","0","","","","","","8","","",NA,NA,"","","",NA,NA,NA,NA,"",NA,"","4","3","","","1","1","3","4","1","1","1","1",1,4,4,4,4,10,NA,NA,NA,NA,NA,NA,NA,NA,2,"","","","",NA,NA,NA,NA,2,2,NA,2,2,1,1,0,100,0,0,0,"2","","","",NA,NA,"2","1","","",NA,2,1,6,NA,NA,NA,NA,NA,NA,1,1,1,"1","3",NA,1,50,1,10,2,3,4,NA,NA,NA,"",NA,"4","4","4","4","4","4","HONDA","800","PACIFIC COAST (PC800)","Routière / GT","2","1","1",1,1,1,"1",1,1,1,"1","75000","12","4","1","KAWASAKI","900","Z900","ROADSTER","2","4","3","15JUN1956","5","2","3",2,2,3,NA,"NRP","","","",2,0,0,1,0,1,"BMW",1200,"K1200LT","Routière / GT","2","2003","16",3,1,5000,"7","","","","","","","",NA,NA,NA,"","","","","","",NA,NA,NA,NA,NA,"","",NA,"","",NA,NA,NA,NA,NA,NA,"","",NA,"","",NA,NA,NA,NA,NA,NA,NA,5000,"3",4,NA,NA,NA,NA,NA,NA,NA,"NRP","NRP","NRP","NRP","1976","NRP","NRP","1974","NRP","","","","Motorcycle"
"53",472,3737,"41",1,0,4,"","",NA,NA,NA,0,4,"","","",NA,NA,1,3,"1988","",NA,"",NA,0,5,"","",NA,NA,NA,0,5,"","","","","",0,5,"","","",NA,NA,0,4,"",NA,NA,NA,NA,0,2,"","","",NA,NA,2,4,"NSP","NSP","","","",0,4,"","","","","",0,5,"","","","","",0,3,"","",NA,NA,NA,0,5,"","","",NA,NA,1,5,"2007","",NA,NA,NA,1,5,9,"1988","1989","NSP","NSP","NSP","Paris","Paris","Paris","Paris","Paris","doublant par la gauche le long d'une ligne continue et véhicule tournant à gauche","véhicule freinant brutalement devant moi","glissade sur feuilles mortes et pluie","glissade par freinage d'urgence","percuté par 2 roues venant en face",0,0,20,7,5,1,41,"9",0,"","-1","Vous avez fait une sortie de route, une perte de contrôle ou une glissade sans rien percuter.","3","","",NA,"",NA,"","Il s'agit d'un accident du à un autre 2 roues arrivant face à moi; ayant effectué un freinage d'urgence, j'ai glissé et suis tombé avec ma moto","L'élément : un 2 roues arrivant en face Les difficultés : Freinage roue AR difficile à maitriser et dérapage","Un freinage AV et AR simultané d'urgence","NRP","0","","","car c'est arrivé par surprise","3","1","2","","NSP","1","l'autre 2 roues est arrivé sur moi","1","","",NA,NA,"","","1",NA,NA,NA,NA,"",NA,"La peur du choc","2","3","","","2","2","3","3","2","1","1","2",5,5,5,5,5,7,NA,NA,NA,NA,NA,NA,NA,NA,2,"","","","",NA,NA,NA,NA,2,2,NA,2,1,1,2,0,100,0,0,0,"NSP","","","",NA,NA,"3","2","","",NA,1,NA,NA,NA,NA,NA,NA,NA,NA,NA,NA,1,"1","3",NA,0,40,1,10,2,NA,NA,NA,NA,NA,"",NA,"4","4","4","4","4","4","HONDA","125","ANF ""INNOVA""","SCOOTER","2","1","1",1,1,1,"1",1,1,1,"1","20","8","4","1","HONDA","125","XL-S","TRAIL / SUPERMOTARD","2","4","3","26JUL1965","5","2","3",2,4,4,2,"NRP","","","",1,1,1,0,0,2,"HONDA",300,"SH IE ABS","SCOOTER","2","2006","4",1,2,3000,"1","HONDA","50","AMIGO","ROADSTER","2","2007","31",3,1,500,"4","","","","","",NA,NA,NA,NA,NA,"","",NA,"","",NA,NA,NA,NA,NA,NA,"","",NA,"","",NA,NA,NA,NA,NA,NA,NA,3500,"3",4,NA,NA,NA,NA,NA,NA,NA,"NRP","NRP","NRP","NRP","1992","NRP","NRP","1984","NRP","","","","Motorcycle"
"54",628,3747,"230",1,0,4,"","",NA,NA,NA,0,4,"","","",NA,NA,0,6,"","",NA,"",NA,0,5,"","",NA,NA,NA,1,6,"2007","","","","",0,6,"","","",NA,NA,0,3,"",NA,NA,NA,NA,0,3,"","","",NA,NA,0,3,"","","","","",0,4,"","","","","",0,5,"","","","","",0,3,"","",NA,NA,NA,0,4,"","","",NA,NA,0,5,"","",NA,NA,NA,0,NA,1,"","","","","","","","","","","","","","","",NA,NA,5,2,3,1,21,"5",2007,"","2007","Vous circuliez sur un axe prioritaire. Un véhicule venant dun axe non prioritaire vous a coupé la route.","3","","",NA,"",NA,"","Sur une route prioritaire, une auto-école ne m'a pas vu arriver (ni l'élève ni le formateur) l'auto école a démarrée du stop ou elle était arrêtée. En m'apercevant l'élève a paniqué et à caler au milieu du carrefour. impossible de l'éviter.","distance insuffisante pour m'arrêter.","j'ai freiner en voyant la voiture s'engager dans le carrefour, l'auto école à caler au milieu du carrefour","NRP","0","","","je roulais à une allure normale, le véhicule était arrêter à un stop. impossible de penser que la voiture allait démarrer devant moi.","2","1","2","","panique de l'élève Formateur pas concentré","1","panique de l'élève Formateur pas concentré","3","6","",NA,NA,"","","",NA,2,NA,NA,"1",NA,"La voiture a démarrer juste devant moi, la distance était trop courte pour pouvoir m'arrêter","2","3","","","3","2","1","2","2","1","1","1",3,3,4,4,4,3,5,NA,NA,NA,NA,NA,NA,NA,2,"","","","",NA,NA,NA,NA,2,2,NA,2,1,1,1,0,100,0,0,0,"1","2","","",NA,NA,"1","1","","",NA,2,1,4,6,NA,NA,NA,NA,NA,1,0,1,"1","3",NA,0,40,1,10,2,5,NA,NA,NA,NA,"",NA,"3","3","3","3","3","3","HONDA","80","NH LEAD","SCOOTER","2","1","1",1,1,1,"1",1,1,1,"1","NSP","12","3","1","PEUGEOT","50","ST","SCOOTER","2","4","3","24MAY1978","7","1","3",2,2,3,NA,"NRP","","","",1,0,0,8,0,1,"HONDA",500,"CB","ROADSTER","2","1995","37",3,1,1000,"4","","","","","","","",NA,NA,NA,"","","","","","",NA,NA,NA,NA,NA,"","",NA,"","",NA,NA,NA,NA,NA,NA,"","",NA,"","",NA,NA,NA,NA,NA,NA,NA,1000,"3",4,NA,NA,NA,NA,NA,NA,NA,"NRP","NRP","NRP","NRP","2011","NRP","NRP","1996","NRP","","","","Motorcycle"
"55",317,3749,"281",1,0,4,"","",NA,NA,NA,1,5,"1995","","",NA,NA,0,4,"","",NA,"",NA,0,2,"","",NA,NA,NA,1,3,"1995","","","","",0,3,"","","",NA,NA,0,6,"",NA,NA,NA,NA,0,4,"","","",NA,NA,1,6,"1987","","","","",0,5,"","","","","",0,6,"","","","","",0,2,"","",NA,NA,NA,0,4,"","","",NA,NA,0,2,"","",NA,NA,NA,1,2,5,"1982","1988","","","","evreux","ivry la bataill","","","","en cyclomoteur, sur piste cyclable j'ai traversé une intersection avec feux rouge sans penser que les véhicules allant dans le même sens que moi pouvait tourner à droite...","en 600 dr, sortie de village un véhicule sortant de stationnement m'a heurté par la droite et envoyé dans une voiture arrivant en face. 9 mois d'arrêt...","","","",0,0,4,0,25,1,72,"15",1988,"ivry la bataill","1988","Autre(s) type(s) d'accident(s).","4","","",NA,"",NA,"","fourgon qui sort d'un stationnement en sortie d'agglomération et ne me voit pas. je heurte le fourgon et le choc m'envoie sur la voie de gauche ou un véhicule arrivant sens contraire me heurte à son tour.","déjà j'ai perdu connaissance au moment du choc. l'élément déclencheur est je pense la non concentration du chauffeur du fourgon, et peu être mon manque de visibilité (pas de gilet fluo à cette époque 1988 mais feux de croisement allumé)","perte de connaissance avec trauma crânien, pas de souvenir perso, juste le récit des autres protagonistes.  à priori je ne pouvais procéder à une manoeuvre d'évitement car un véhicule arrivait en face.","NRP","0","","","NRP","2","1","NSP","","NSP","NSP","NSP","7","","",NA,NA,"","","",NA,NA,NA,NA,"",NA,"","3","3","","","2","1","3","4","1","1","1","1",1,4,4,4,4,1,NA,NA,NA,NA,NA,NA,NA,NA,2,"","","","",NA,NA,NA,NA,2,2,NA,2,1,1,1,10,90,0,0,0,"2","","","",NA,NA,"1","1","","",NA,2,1,7,NA,NA,NA,NA,NA,NA,1,1,1,"1","3",NA,0,60,1,10,2,5,NA,NA,NA,NA,"",NA,"4","4","4","4","4","4","SUZUKI","600","DR600S","TRAIL / SUPERMOTARD","2","1","1",1,1,1,"1",1,1,1,"1","NSP","12","3","1","HONDA","500","CX","ROADSTER","2","4","4","02DEC1965","7","1","3",2,2,3,NA,"NRP","","","",2,0,0,3,0,3,"SUZUKI",400,"DRZ-S","TRAIL / SUPERMOTARD","2","2000","37",2,1,10000,"7","HONDA","125","XL-S","TRAIL / SUPERMOTARD","2","1983","18",3,1,2000,"7","HONDA","125","XR","TRAIL / SUPERMOTARD","2",1979,18,3,1,1500,"7","",NA,"","",NA,NA,NA,NA,NA,NA,"","",NA,"","",NA,NA,NA,NA,NA,NA,NA,13500,"4",9,NA,NA,NA,NA,NA,NA,NA,"NRP","NRP","NRP","NRP","NRP","NRP","1984","1986","NRP","","","","Motorcycle"