"","Ligne","Ligne.Q.qualif","Ligne.approfondissement.Accident","ACCIDENT","NBACC1","ACCFREQUENCE1","ANNEEACC1_1","ANNEEACC1_2","ANNEEACC1_3","ANNEEACC1_4","ANNEEACC1_5","NBACC2","ACCFREQUENCE2","ANNEEACC2_1","ANNEEACC2_2","ANNEEACC2_3","ANNEEACC2_4","ANNEEACC2_5","NBACC3","ACCFREQUENCE3","ANNEEACC3_1","ANNEEACC3_2","ANNEEACC3_3","ANNEEACC3_4","ANNEEACC3_5","NBACC4","ACCFREQUENCE4","ANNEEACC4_1","ANNEEACC4_2","ANNEEACC4_3","ANNEEACC4_4","ANNEEACC4_5","NBACC5","ACCFREQUENCE5","ANNEEACC5_1","ANNEEACC5_2","ANNEEACC5_3","ANNEEACC5_4","ANNEEACC5_5","NBACC6","ACCFREQUENCE6","ANNEEACC6_1","ANNEEACC6_2","ANNEEACC6_3","ANNEEACC6_4","ANNEEACC6_5","NBACC7","ACCFREQUENCE7","ANNEEACC7_1","ANNEEACC7_2","ANNEEACC7_3","ANNEEACC7_4","ANNEEACC7_5","NBACC8","ACCFREQUENCE8","ANNEEACC8_1","ANNEEACC8_2","ANNEEACC8_3","ANNEEACC8_4","ANNEEACC8_5","NBACC9","ACCFREQUENCE9","ANNEEACC9_1","ANNEEACC9_2","ANNEEACC9_3","ANNEEACC9_4","ANNEEACC9_5","NBACC10","ACCFREQUENCE10","ANNEEACC10_1","ANNEEACC10_2","ANNEEACC10_3","ANNEEACC10_4","ANNEEACC10_5","NBACC11","ACCFREQUENCE11","ANNEEACC11_1","ANNEEACC11_2","ANNEEACC11_3","ANNEEACC11_4","ANNEEACC11_5","NBACC12","ACCFREQUENCE12","ANNEEACC12_1","ANNEEACC12_2","ANNEEACC12_3","ANNEEACC12_4","ANNEEACC12_5","NBACC13","ACCFREQUENCE13","ANNEEACC13_1","ANNEEACC13_2","ANNEEACC13_3","ANNEEACC13_4","ANNEEACC13_5","NBACC14","ACCFREQUENCE14","ANNEEACC14_1","ANNEEACC14_2","ANNEEACC14_3","ANNEEACC14_4","ANNEEACC14_5","AUTRESACC","NBAUTRESACC","TOTAL_AC","ANNEEAUTREACC1","ANNEEAUTREACC2","ANNEEAUTREACC3","ANNEEAUTREACC4","ANNEEAUTREACC5","LIEUAUTREACC1","LIEUAUTREACC2","LIEUAUTREACC3","LIEUAUTREACC4","LIEUAUTREACC5","DESCRIPTIONAUTRESACC1","DESCRIPTIONAUTRESACC2","DESCRIPTIONAUTRESACC3","DESCRIPTIONAUTRESACC4","DESCRIPTIONAUTRESACC5","NBAUTRESACCCIRCUIT","NBAUTRESTOUTTERRAIN","EXPCYCLO","EXP125","EXPSUP125","ACCORDNEXTQ","CHOIXACC","RGPMTACC","RECUPANNEE","RECUPLIEU","RECUPANNE","RGPMTAC","CHOIX1","CHOIX2","CHOIX3","CHOIX4","CHOIX5","CHOIX6","CHOIX7","DESCRIPTION","RUPTURE","FAITS","ABS_REACTION","AUTRE_REACTION","PRECISIONREACTIONOUI","RECUL","PRECISIONREACTIONNON","IMPACTCOMPORTEMENT","AUTREUSAGER","REACTIONAUTREUSAGER","CONNAISSANCEREACTIONUSAGER","DIFFICULTES","AGGRAVATION","DIFFICULTES2","EMOTIONS1","EMOTIONS2","EMOTIONS3","EMOTIONS4","EMOTIONS5","EMOTIONS6","AUTRESENTIMENT","CLASSEMENTEMOTIONS1","CLASSEMENTEMOTIONS","CLASSEMENTEMOTIONS5","CLASSEMENTEMOTIONS6","CLASSEMENTEMOTIONS7","CLASSEMENTEMOTIONS8","CLASSEMENTEMOTIONS9","EXPLICATIONRESSENTI","BIENEQUIPE","ALLURE","ALLUREVITEDETAIL","ALLURELENTEDETAIL","SITUATIONPRESSE","SITUATIONDISTRAIT","SITUATIONCONFIANT","SITUATIONCONTROLE","SITUATIONLUDIQUE","SITUATIONPERF","SITUATIONSTRESS","SITUATIONFATIGUE","HUMEURNEUTRE","HUMEURGAI","HUMEURMECONTENT","HUMEURTRISTE","HUMEURCOLERE","CONTRIBUTION1","CONTRIBUTION2","CONTRIBUTION3","CONTRIBUTION4","CONTRIBUTION5","CONTRIBUTION6","CONTRIBUTION7","CONTRIBUTION8","CONTRIBUTION9","ROLEINFRA","ELEMENTINFRA1","ELEMENTINFRA2","ELEMENTINFRA3","ELEMENTINFRA4","ELEMENTINFRA5","ELEMENTINFRA6","ELEMENTINFRA7","ELEMENTINFRA8","ELEMENTINFRA9","ALCOOL","TXALCOOL","STUP","SEMAINE","MOMENTJOURNEE","TEMPS","CAUSEACC1","CAUSEACC2","CAUSEACC3","CAUSEACC4","CAUSEACC5","FORMATIONCAUSE","FORMATION1","FORMATION2","FORMATION3","FORMATION4","FORMATION5","TRAFIC","CHAUSSEE1","CHAUSSEE2","CHAUSSEE3","CHAUSSEE4","TYPEACC","BLESSURE","TETE","COU","THORAX","MEMBRESSUP","COLONNE","BASSIN","MEMBRESINF","HOPITAL","PLUS24H","TRAJET","TYPEROUTE","MOTIF","SENSTRAJET","PASSAGER","VITESSE","DESCEQ1","DESCEQ2","DESCEQ3","DESCEQ4","DESCEQ5","DESCEQ6","DESCEQ7","DESCEQ8","DESCEQ9","DESCEQ10","VEHICULEETE","VEHICULEAUTOMNE","VEHICULEPRINTEMPS","VEHICULEHIVER","VEHICULESEMAINE","VEHICULEWE","VEHMARQUE","VEHCYLINDREE","VEHMODELE","VEHSEGMENT","VEHSIDE","EQ2RMABS","EQ2RMCBS","EQ2RMABSCBS","EQ2RMREGULATEUR","EQ2RMLIMITEUR","EQ2RMPHARESDIRECT","EQ2RMCOUPURE","EQ2RMANTIPATINAGE","EQ2RMANTIXHEELING","EQ2RMSTABILILTE","VEHKM","POINTS","DUREE","AUTRE2RM","VEHPRECMARQUE","VEHPRECCYLINDREE","VEHPRECMODELE","VEHPRECSEGMENT","VEHPRECSIDE","TEMPS2RMPREC","FREQVEHPREC","DATE_NAISS","CSP","SOCIETAIRE","SALARIE","SECTEUR2RM","NBPERSFOYER","SITFAM","NBENF","TRNBENF1","TRNBENF2","TRNBENF3","TRNBENF4","NBAUTOFOYER","NBCYCLOFOYER","NBSCOOTFOYER","NBMOTOFOYER","NBTRIKEFOYER","NB2RMCONDUIT","MARQUE1","CYLINDREE1","MODELE1","SEGMENT1","SIDE1","ANMISECIRCU1","ASS1","FREQ1","USAGE1","NBKM1","GARAGE1","MARQUE2","CYLINDREE2","MODELE2","SEGMENT2","SIDE2","ANMISECIRCU2","ASS2","FREQ2","USAGE2","NBKM2","GARAGE2","MARQUE3","CYLINDREE3","MODELE3","SEGMENT3","SIDE3","ANMISECIRCU3","ASS3","FREQ3","USAGE3","NBKM3","GARAGE3","MARQUE4","CYLINDREE4","MODELE4","SEGMENT4","SIDE4","ANMISECIRCU4","ASS4","FREQ4","USAGE4","NBKM4","GARAGE4","MARQUE5","CYLINDREE5","MODELE5","SEGMENT5","SIDE5","ANMISECIRCU5","ASS5","FREQ5","USAGE5","NBKM5","GARAGE5","NBKMTOT","PERMIS1","PERMIS2","PERMIS3","PERMIS4","PERMIS5","PERMIS6","PERMIS7","PERMIS8","PERMIS9","ANPERMIS1","ANPERMIS6","ANPERMIS7","ANPERMIS2","ANPERMIS3","ANPERMIS8","ANPERMIS9","ANPERMIS4","ANPERMIS5","X","X.1","X.2","isScooter"
"56",1022,3778,"179",1,0,3,"","",NA,NA,NA,0,5,"","","",NA,NA,0,5,"","",NA,"",NA,0,2,"","",NA,NA,NA,0,5,"","","","","",0,3,"","","",NA,NA,0,3,"",NA,NA,NA,NA,0,2,"","","",NA,NA,0,2,"","","","","",0,6,"","","","","",1,5,"1995","","","","",0,1,"","",NA,NA,NA,0,5,"","","",NA,NA,0,2,"","",NA,NA,NA,0,NA,1,"","","","","","","","","","","","","","","",NA,NA,25,10,30,1,51,"11",1995,"","1995","Vous circuliez sur un axe constitué dau moins "" 2 X 2 voies "" (en urbain, périph, autoroute, RN ). Un véhicule vous a coupé la route en changeant de voie pour se placer sur celle de gauche.","4","","",NA,"",NA,"","sur l'autoroute A115 avant de prendre l'A15, je roulais sur la file de gauche au mileu de la voie. le véhicule a ma droite s'est déporté vers la gauche pour prendre la file ou j'étais. je me suis retrouvé entre elle et le rail. J'ai freiné par reflex avant de toucher soit la voiture soit le rail. Il pleuvait. la roue avant ( FJR1200 sans ABS ) a bloqué et a dérapée. La moto s'est couché et je suis passé par dessus..et je me suis reveillé à l'hopital...","la vision de la voiture qui me serre sans me voir","essayer d'echapper à la voiture mais sans freiner puis freiner par reflex sans doser","NRP","0","","","j ai le souvenir que cela a été très vite","2","1","NSP","","ne m'a pas vu ( c'est ce qui a été déclaré à la police )  il pleuvait les phares des motos ne se voient pas avec les phares des voitures au petit jour","1","Regarder dans son rétro extérieur !","5","6","",NA,NA,"","","",NA,NA,NA,2,"1",NA,"NRP","2","3","","","2","2","2","3","1","1","1","1",5,4,4,4,4,10,NA,NA,NA,NA,NA,NA,NA,NA,2,"","","","",NA,NA,NA,NA,2,2,NA,2,1,3,2,20,60,0,0,20,"2","","","",NA,NA,"3","2","","",NA,2,1,1,2,4,NA,NA,NA,NA,1,1,1,"3","1",1,0,90,1,10,2,3,5,NA,NA,NA,"",NA,"4","4","4","4","4","3","YAMAHA","1200","FJ","Routière / GT","2","1","1",1,1,1,"1",1,1,1,"1","15000","12","3","1","YAMAHA","900","XJ","ROADSTER","2","3","3","10JAN1953","5","1","3",2,2,3,NA,"NRP","","","",2,0,0,1,0,1,"BMW",1300,"K1300S PACK S","Routière / GT","2","2010","37",3,1,150000,"4","","","","","","","",NA,NA,NA,"","","","","","",NA,NA,NA,NA,NA,"","",NA,"","",NA,NA,NA,NA,NA,NA,"","",NA,"","",NA,NA,NA,NA,NA,NA,NA,150000,"3",4,NA,NA,NA,NA,NA,NA,NA,"NRP","NRP","NRP","NRP","1987","NRP","NRP","1971","NRP","","","","Motorcycle"
"57",216,3783,"129",1,1,4,"2001","",NA,NA,NA,1,4,"2001","","",NA,NA,0,3,"","",NA,"",NA,0,4,"","",NA,NA,NA,1,4,"NSP","","","","",0,3,"","","",NA,NA,0,3,"",NA,NA,NA,NA,0,3,"","","",NA,NA,1,4,"1985","","","","",0,3,"","","","","",0,3,"","","","","",0,4,"","",NA,NA,NA,0,3,"","","",NA,NA,0,2,"","",NA,NA,NA,1,4,8,"2001","2001","1985","NSP","","cavaillon","monteux","cavaillon","avignon","","je suis une boitaroue, elle met son clignotant a droite et rentre sur un parking. Au moment ou je la dépasse elle fait demi tour.","je me place au centre de la chaussée pour tourner a gauche. La boitaroue me percute a l'arrière","je circule sur une 2x2 voie.  Une voie est neutralisé pour des travaux. Je circule sur la voie neutralisée et il y a un grand trou. J'apprends rapidement a voler, mais je ne gère pas l'aterrissage","je circule en agglo a vitesse réduite. Une boitaroue sort d'un parking et tourne a gauche.","",0,0,2,2,36,1,6,"2",2001,"","2001","Vous circuliez derrière un véhicule. Ce véhicule a ralenti. Vous avez entrepris de dépasser ce véhicule par la gauche et celui-ci vous a coupé la route en tournant à gauche (ou en effectuant un œ tour","3","4","6",NA,"",NA,"","sortie du boulot, moto flambant neuve... Et le jour anniversaire de mes 20 ans de mariage.. j'ai pensé a ma famille qui m'attendait pour aller a la plage....","une maman dans une voiture avec des gamins agités... La chaleur du mois d'aout. Un mauvais controle de la dame.","Lorsque la voiture a entamé son demi tour, j'ai essayé de me déporter a gauche pour l'éviter voyant que ce n'était pas possible j'ai pris les freins, trop fort, et je suis passé en stoppie et j'ai frappé","NRP","0","","","parce que la voiture avait son clignotant a droite et il était évident qu'elle prenait un stationnement. Il me semblait impossible quelle fasse un demi-tour","2","1","2","","la dame cherchait la piscine, elle est très mal indiquée. Plus la chaleur, mles enfant agités....","1","NRP","2","3","6",NA,NA,"","","",1,3,NA,NA,"2",NA,"la voiture, toujours avec son clignotant a droite qui entame son demi tour","3","3","","","1","2","2","4","1","1","1","3",1,1,4,4,4,5,7,NA,NA,NA,NA,NA,NA,NA,1,"2","AUT|un emplacement de stationnement entre deux virages (supprimé depuis mon accident)","","",NA,NA,NA,NA,2,2,NA,2,1,1,1,30,50,0,20,0,"2","","","",NA,NA,"2","1","","",NA,2,1,3,4,7,NA,NA,NA,NA,1,0,1,"1","1",2,0,40,1,10,2,3,5,NA,NA,NA,"",NA,"4","4","4","4","4","4","SUZUKI","650","V-STROM","TRAIL / SUPERMOTARD","2","1","1",1,1,1,"1",1,1,1,"1","2000","12","1","1","HONDA","250","CM-C","CUSTOM","2","4","4","25JUN1960","8","2","3",2,3,4,1,"NRP","","","",2,0,0,1,0,1,"SUZUKI",650,"V-STROM","TRAIL / SUPERMOTARD","2","2011","28",1,2,12000,"4","","","","","","","",NA,NA,NA,"","","","","","",NA,NA,NA,NA,NA,"","",NA,"","",NA,NA,NA,NA,NA,NA,"","",NA,"","",NA,NA,NA,NA,NA,NA,NA,12000,"2",3,4,NA,NA,NA,NA,NA,NA,"NRP","NRP","NRP","1977","1989","NRP","NRP","1980","NRP","","","","Motorcycle"
"58",740,3794,"3",1,0,4,"","",NA,NA,NA,0,3,"","","",NA,NA,0,5,"","",NA,"",NA,1,5,"2000","",NA,NA,NA,0,4,"","","","","",0,2,"","","",NA,NA,0,1,"",NA,NA,NA,NA,0,3,"","","",NA,NA,0,3,"","","","","",0,5,"","","","","",0,2,"","","","","",0,2,"","",NA,NA,NA,0,1,"","","",NA,NA,0,4,"","",NA,NA,NA,0,NA,1,"","","","","","","","","","","","","","","",NA,NA,0,0,18,1,16,"4",2000,"","2000","Vous circuliez derrière un véhicule. Vous avez entrepris de dépasser ce véhicule par la droite et celui-ci vous a coupé la route en tournant à droite.","1","","",NA,"",NA,"","autoroute bouchée, remontée de file, pluie abondante, vitesse très réduite un véhicule passe de la voie de gauche à celle du milieu sans cligno et ne nous pas, je tente d'éviter le véhicule , mais avec le poids de ma passagère, je suis déséquilibré et nous ous retrouvons au sol aucun traumatismes pour moi, car j'ai pu anticiper le choc et je suis bien équipé un trauma au genou pour ma passagère qui en fait a cassé le rétro de la voiture avec celui ci pour moi, erreur d'inattention du conducteur dasn les bouchons vitesse faible et anticipation , m'ont permis d'aviter le pire","pas vu par le conducteur de la voiture","voir mon commentaire précédent déséquilibre du à l'impossibilité d'anticipation de ma passagère","NRP","0","","","pas d'autres choix","3","1","2","","moto non vu angle mort???","1","une meilleure prise en compte de l'environnement aurait surement pu eviter l'accident","9","","",NA,NA,"","inévitable! préparation à l'impact","",NA,NA,NA,NA,"",1,"j'ai pu tout décomposer , et malgrè plusieurs actions de ma part, ça s'est mal fini","3","3","","","1","1","3","4","1","1","2","1",1,4,4,4,4,10,NA,NA,NA,NA,NA,NA,NA,NA,2,"","","","",NA,NA,NA,NA,2,2,NA,2,1,1,2,20,70,0,0,10,"2","","","",NA,NA,"4","2","","",NA,2,0,NA,NA,NA,NA,NA,NA,NA,NA,NA,1,"3","1",1,1,30,1,10,2,3,4,NA,NA,NA,"",NA,"4","4","4","4","4","4","YAMAHA","600","FZ6","ROADSTER","2","1","1",1,1,1,"1",1,1,1,"1","15000","12","3","1","SUZUKI","650","DR 650 RSE","TRAIL / SUPERMOTARD","2","3","4","17APR1976","7","1","3",2,3,4,1,"NRP","","","",2,0,0,1,0,1,"TRIUMPH",675,"STREET TRIPLE","ROADSTER","2","2011","37",2,2,10000,"7","","","","","","","",NA,NA,NA,"","","","","","",NA,NA,NA,NA,NA,"","",NA,"","",NA,NA,NA,NA,NA,NA,"","",NA,"","",NA,NA,NA,NA,NA,NA,NA,10000,"3",4,NA,NA,NA,NA,NA,NA,NA,"NRP","NRP","NRP","NRP","1994","NRP","NRP","1995","NRP","","","","Motorcycle"
"59",186,3807,"63",1,0,3,"","",NA,NA,NA,0,4,"","","",NA,NA,0,5,"","",NA,"",NA,0,4,"","",NA,NA,NA,0,3,"","","","","",0,3,"","","",NA,NA,0,4,"",NA,NA,NA,NA,0,5,"","","",NA,NA,1,5,"2011","","","","",0,3,"","","","","",0,3,"","","","","",0,3,"","",NA,NA,NA,0,4,"","","",NA,NA,0,4,"","",NA,NA,NA,0,NA,1,"","","","","","","","","","","","","","","",NA,NA,3,2,20,1,41,"9",2011,"","2011","Vous avez fait une sortie de route, une perte de contrôle ou une glissade sans rien percuter.","1","5","",NA,"",NA,"","Cela s'est produit à vitesse très réduite, à la sortie d'un bourg, la configuration fait que l'on passe entre des maisons qui forment une ""chicane"". EN plein virage, mon pneu arrière a glissé sur une plaque, style PTT. Plaque glissante s'il en est... J'ai fini sur le trottoir, fort heureusement personne ne s'y trouvait.","Plaque métallique glissante.","Sûrement un réflexe incontrôlé m'a fait remettre la moto droite... Ca s'est passé très vite!","2","0","","","La plaque n'est visible que lorsque l'on arrive dessus","2","0","","","","","","7","","",NA,NA,"","","",NA,NA,NA,NA,"",NA,"","4","3","","","1","1","4","4","2","1","1","1",1,1,4,4,4,10,NA,NA,NA,NA,NA,NA,NA,NA,1,"4","","","",NA,NA,NA,NA,2,2,NA,2,2,1,1,15,0,0,85,0,"2","","","",NA,NA,"1","1","","",NA,1,NA,NA,NA,NA,NA,NA,NA,NA,NA,NA,2,"1","3",NA,0,45,1,2,3,5,NA,NA,NA,NA,"",NA,"4","3","3","2","2","4","SUZUKI","1400","GSX","ROADSTER","2","1","1",1,1,1,"1",1,1,1,"1","30000","12","4","1","YAMAHA","1300","XJR","ROADSTER","2","4","2","23FEB1962","7","2","3",2,2,3,NA,"NRP","","","",1,1,0,1,0,1,"YAMAHA",1300,"FJR ABS (SANS VALISE)","Routière / GT","2","2013","28",3,1,8000,"7","","","","","","","",NA,NA,NA,"","","","","","",NA,NA,NA,NA,NA,"","",NA,"","",NA,NA,NA,NA,NA,NA,"","",NA,"","",NA,NA,NA,NA,NA,NA,NA,8000,"4",3,NA,NA,NA,NA,NA,NA,NA,"NRP","NRP","NRP","NRP","1997","NRP","NRP","1982","NRP","","","","Motorcycle"
"60",739,3827,"22",1,1,6,"1978","",NA,NA,NA,0,6,"","","",NA,NA,0,6,"","",NA,"",NA,0,5,"","",NA,NA,NA,0,5,"","","","","",0,5,"","","",NA,NA,0,3,"",NA,NA,NA,NA,0,5,"","","",NA,NA,1,4,"1980","","","","",0,4,"","","","","",0,3,"","","","","",0,4,"","",NA,NA,NA,0,2,"","","",NA,NA,0,6,"","",NA,NA,NA,0,NA,2,"","","","","","","","","","","","","","","",NA,NA,2,2,34,1,1,"1",1978,"","1978","Vous circuliez sur un axe prioritaire. Un autre véhicule arrivant sur le même axe en sens opposé vous a coupé la route en tournant à gauche.","2","4","",NA,"",NA,"","je roulais en file derrière d'autres véhicules à vitesse limitée (40km/h. Au petit matin en automne. entre chien et loup, toutes les voitures avaient leurs phares allumés, y compris la voiture qui me suivait. Moi aussi. Arrivé sur le carrefour dans un village, une voiture arrivant en sens inverse s'arrête au milieu de la chaussée, son clignotant gauche allumé. Alors que j'arrive à son niveau, elle démarre et tourne.  Je n'ai pas eu le temps de l'éviter, ni de freiner, je la percute en plein milieu du capot, suis éjecté et vole au dessus de la voiture pour atterir sur le dos de l'autre coté. Je me relève, je n'étais que peu blessé (je m'étais coupé la langue).J'étais bien équipé, mais mon équipement était mort (conbine arrachée, bottes déchirées, casque rayé; En fait j'ai très vite souffert des deux chevilles (entorse importante dû, je pense, au fait que j'ai arraché le guidon en passant au-dessus de la moto. (une 125 suzuki)  la moto était HS, la voiture (une 104 peugeot) bien écrasée sur l'avant. la conductrice, très choquée, plus que moi, m'a dit qu'elle ne m'avait pas vu. Ce que j'ai pris comme expérience, car depuis à chaque carrefour dès qu'il y a du traffic, je déssélère prend de la distance avec le véhicule qui me précède et me méfie.","pas eu le temps de réagir puisqu'elle m'a coupé la route. peut-être si j'avais laissé plus de distance avec le véhicule qui me précédait, la voiture m'aurait coupé la route plus tôt et donc j'aurais eu plus de temps pour réagir...","aucune action sur les freins","AUT|elle a démarré, alors que j'étais a son niveau","1","comme je l'ai dit avec plus de distance entre moi et le véhicule précédent, la voiture m'aurait sans doute vu et même si elle avait malgré tout tenté sa manoeuvre j'aurais réussi en freinant brutalement et en faisant un écart, à l'éviter","pas assez d'experience j'avais deux ans de permis","","2","1","2","","elle m'a pas vu, donc elle a pensé qu'elle aurait le temps de faire sa manoeuvre","1","NRP","6","","",NA,NA,"","","",NA,NA,NA,NA,"1",NA,"pas eu le temps de réagir","4","3","","","1","1","4","4","1","1","1","1",2,4,4,4,4,5,NA,NA,NA,NA,NA,NA,NA,NA,1,"2","4","","",NA,NA,NA,NA,2,2,NA,2,1,3,3,50,50,0,0,0,"1","1","","",NA,NA,"3","2","","",NA,2,1,7,NA,NA,NA,NA,NA,NA,0,NA,1,"2","1",1,0,40,1,2,3,5,9,NA,NA,NA,"",NA,"4","4","4","4","4","4","SUZUKI","125","TS","TRAIL / SUPERMOTARD","2","1","1",1,1,1,"1",1,1,1,"1","NSP","NSP","3","0","","","","","","","","25FEB1962","5","1","3",2,2,3,NA,"NRP","","","",2,0,0,1,0,3,"EML",1000,"R100RS SIDE-CAR GT","SIDE-CAR / TRIKE","1","1988","37",2,1,10000,"7","EML","1000","R100RS SIDE-CAR GT","SIDE-CAR / TRIKE","1","1988","37",2,1,10000,"7","EML","1000","R100RS SIDE-CAR GT","SIDE-CAR / TRIKE","1",1988,37,2,1,10000,"7","",NA,"","",NA,NA,NA,NA,NA,NA,"","",NA,"","",NA,NA,NA,NA,NA,NA,NA,30000,"2",3,4,NA,NA,NA,NA,NA,NA,"NRP","NRP","NRP","1978","1980","NRP","NRP","1980","NRP","","","","Motorcycle"
"61",789,3835,"361",1,0,1,"","",NA,NA,NA,0,4,"","","",NA,NA,1,6,"2012","",NA,"",NA,0,3,"","",NA,NA,NA,0,3,"","","","","",0,4,"","","",NA,NA,0,2,"",NA,NA,NA,NA,0,2,"","","",NA,NA,0,1,"","","","","",0,4,"","","","","",0,5,"","","","","",0,1,"","",NA,NA,NA,0,1,"","","",NA,NA,0,4,"","",NA,NA,NA,1,1,2,"1998","","","","","les mureaux","","","","","vehicule arrivant de la droite, tournant a sa gauche, et forcant le passage en coupant son virage","","","","",0,0,2,3,25,1,71,"15",1998,"les mureaux","1998","Autre(s) type(s) d'accident(s).","1","","",NA,"",NA,"","en ville voiture qui surgit de ma droite en coupant son virage pour tourner sur sa gauche,freinage d'urgence, blocage de la roue avant, pneu en bois, chute, glissade, arrêt dans la roue avant de la voiture, cotes cassées.","j'ai écrasé le levier de frein avant entrainant le blocage de la roue","freinage de l'avant et blocage de la roue, l'autre conducteur s'est arreté au milieu du carrefour","NRP","0","","","pas de possibilitée d'evitement car rue etroite en ville aucune visibilité et l'autre conducteur a coupé son virage, je roulais a 50 km/h avant le freinage","2","1","1","1","rue etroite pas de possibilité d'evitement","1","il a reconnu avoir coupé son virage et de ce fait etait totalement masqué par les habitations","2","","",NA,NA,"","","",1,NA,NA,NA,"",NA,"mais qu'est ce qu'il fait là ????","4","3","","","1","2","4","3","4","1","1","2",5,5,5,5,5,7,NA,NA,NA,NA,NA,NA,NA,NA,1,"2","","","",NA,NA,NA,NA,2,2,NA,2,1,1,1,10,60,0,30,0,"2","","","",NA,NA,"1","1","","",NA,2,1,3,7,NA,NA,NA,NA,NA,1,0,1,"1","1",2,0,50,1,10,2,5,NA,NA,NA,NA,"",NA,"4","4","4","4","4","4","YAMAHA","600","XJ-S DIVERSION","ROADSTER","2","1","1",1,1,1,"1",1,1,1,"1","34000","12","4","1","SUZUKI","600","DJEBEL","TRAIL / SUPERMOTARD","2","4","4","22MAR1960","5","2","3",2,2,3,NA,"NRP","","","",1,0,0,1,0,1,"BMW",1150,"R1150RT","Routière / GT","2","2002","18",1,2,12000,"6","","","","","","","",NA,NA,NA,"","","","","","",NA,NA,NA,NA,NA,"","",NA,"","",NA,NA,NA,NA,NA,NA,"","",NA,"","",NA,NA,NA,NA,NA,NA,NA,12000,"3",4,NA,NA,NA,NA,NA,NA,NA,"NRP","NRP","NRP","NRP","1978","NRP","NRP","1978","NRP","","","","Motorcycle"
"62",140,3855,"14",1,0,4,"","",NA,NA,NA,0,4,"","","",NA,NA,0,3,"","",NA,"",NA,0,2,"","",NA,NA,NA,0,4,"","","","","",0,3,"","","",NA,NA,0,3,"",NA,NA,NA,NA,0,3,"","","",NA,NA,0,2,"","","","","",1,4,"2003","","","","",1,4,"2005","","","","",0,4,"","",NA,NA,NA,0,2,"","","",NA,NA,0,4,"","",NA,NA,NA,1,2,4,"NSP","2012","","","","bègles 33","talence 33","","","","refus de priorité à droite de la part d'une automobiliste","velo circulant sur passage pour piétons à une intersection gérée par feu tricolore alors que le feu était vert pour moi","","","",0,0,10,30,11,1,72,"15",2012,"talence 33","2012","Autre(s) type(s) d'accident(s).","3","","",NA,"",NA,"","je circulais sur une voie en agglomération avec terre plein central lorsqu'en passant au feu vert d'une intersection un cycliste casque audio sur les oreilles a traversé la voie sur le passage pour piétons alors que le feu des piétons était rouge pour lui, je n'ai pu l'éviter malgré ma faible vitesse et je l'ai envoyé au solavec son vélo, j'ai chuté également et une jambe est resté bloquée sous la moto j'en étais quitte pour une entorse de la cheville et des dégats vestimentaires en plus des dégats sur ma moto .le cycliste n'avait rien et a pu repartir avec son vélo","malgré ma faible vitesse en ville je n'ai pas eu le temps de freiner pour éviter le cycliste ne m'attendant pas à ce qu'il traverse sur un passage pour piétons","des témoins m'ont aidé à me sortir de sous ma moto,le cycliste s'est relevé tout seul, je suis allé le voir pour savoir s'il était blessé ,les policiers municipaux sont arrivés et ont fait un constat d'accident et m'ont aidé à dégager ma moto de l'intersection , nous avons échangé nos coordonnées avec le cycliste et je suis reparti .le constat entre le cycliste et moimème a été rédigé quelques heures plus tard après ma visite chez le medecin .","2","1","plus d'attention aux cyclistes qui font du grand n'importe quoi et prennet les passages pour piétons pour des pistes cyclables","trop confiant envers la nature humaine","","2","0","","","","","","2","","",NA,NA,"","","",1,NA,NA,NA,"",NA,"je ne m'attendais pas à ce qu'un cycliste traverse sur un passage pour pietons alors que le feu lui interdisait","4","3","","","2","2","2","4","3","1","1","1",1,1,4,4,4,4,5,NA,NA,NA,NA,NA,NA,NA,2,"","","","",NA,NA,NA,NA,2,2,NA,2,1,1,2,0,100,0,0,0,"2","","","",NA,NA,"3","2","","",NA,2,1,7,NA,NA,NA,NA,NA,NA,0,NA,2,"1","3",NA,0,30,1,2,3,4,7,9,NA,NA,"",NA,"4","4","4","4","4","4","HONDA","1000","CBF C-ABS TRAVEL EDITION","ROADSTER","2","0","0",1,1,1,"1",1,1,1,"1","60000","10","4","1","YAMAHA","600","FZ6-S FAZER","ROADSTER","2","4","4","25MAR1947","9","1","3",2,2,3,NA,"NRP","","","",1,0,0,1,0,1,"HONDA",1000,"CB-F C-ABS TRAVEL EDITION","ROADSTER","2","2009","37",1,1,15000,"7","","","","","","","",NA,NA,NA,"","","","","","",NA,NA,NA,NA,NA,"","",NA,"","",NA,NA,NA,NA,NA,NA,"","",NA,"","",NA,NA,NA,NA,NA,NA,NA,15000,"2",3,4,NA,NA,NA,NA,NA,NA,"NRP","NRP","NRP","1967","2004","NRP","NRP","1967","NRP","","","","Motorcycle"