"","Ligne","Ligne.Q.qualif","Ligne.approfondissement.Accident","ACCIDENT","NBACC1","ACCFREQUENCE1","ANNEEACC1_1","ANNEEACC1_2","ANNEEACC1_3","ANNEEACC1_4","ANNEEACC1_5","NBACC2","ACCFREQUENCE2","ANNEEACC2_1","ANNEEACC2_2","ANNEEACC2_3","ANNEEACC2_4","ANNEEACC2_5","NBACC3","ACCFREQUENCE3","ANNEEACC3_1","ANNEEACC3_2","ANNEEACC3_3","ANNEEACC3_4","ANNEEACC3_5","NBACC4","ACCFREQUENCE4","ANNEEACC4_1","ANNEEACC4_2","ANNEEACC4_3","ANNEEACC4_4","ANNEEACC4_5","NBACC5","ACCFREQUENCE5","ANNEEACC5_1","ANNEEACC5_2","ANNEEACC5_3","ANNEEACC5_4","ANNEEACC5_5","NBACC6","ACCFREQUENCE6","ANNEEACC6_1","ANNEEACC6_2","ANNEEACC6_3","ANNEEACC6_4","ANNEEACC6_5","NBACC7","ACCFREQUENCE7","ANNEEACC7_1","ANNEEACC7_2","ANNEEACC7_3","ANNEEACC7_4","ANNEEACC7_5","NBACC8","ACCFREQUENCE8","ANNEEACC8_1","ANNEEACC8_2","ANNEEACC8_3","ANNEEACC8_4","ANNEEACC8_5","NBACC9","ACCFREQUENCE9","ANNEEACC9_1","ANNEEACC9_2","ANNEEACC9_3","ANNEEACC9_4","ANNEEACC9_5","NBACC10","ACCFREQUENCE10","ANNEEACC10_1","ANNEEACC10_2","ANNEEACC10_3","ANNEEACC10_4","ANNEEACC10_5","NBACC11","ACCFREQUENCE11","ANNEEACC11_1","ANNEEACC11_2","ANNEEACC11_3","ANNEEACC11_4","ANNEEACC11_5","NBACC12","ACCFREQUENCE12","ANNEEACC12_1","ANNEEACC12_2","ANNEEACC12_3","ANNEEACC12_4","ANNEEACC12_5","NBACC13","ACCFREQUENCE13","ANNEEACC13_1","ANNEEACC13_2","ANNEEACC13_3","ANNEEACC13_4","ANNEEACC13_5","NBACC14","ACCFREQUENCE14","ANNEEACC14_1","ANNEEACC14_2","ANNEEACC14_3","ANNEEACC14_4","ANNEEACC14_5","AUTRESACC","NBAUTRESACC","TOTAL_AC","ANNEEAUTREACC1","ANNEEAUTREACC2","ANNEEAUTREACC3","ANNEEAUTREACC4","ANNEEAUTREACC5","LIEUAUTREACC1","LIEUAUTREACC2","LIEUAUTREACC3","LIEUAUTREACC4","LIEUAUTREACC5","DESCRIPTIONAUTRESACC1","DESCRIPTIONAUTRESACC2","DESCRIPTIONAUTRESACC3","DESCRIPTIONAUTRESACC4","DESCRIPTIONAUTRESACC5","NBAUTRESACCCIRCUIT","NBAUTRESTOUTTERRAIN","EXPCYCLO","EXP125","EXPSUP125","ACCORDNEXTQ","CHOIXACC","RGPMTACC","RECUPANNEE","RECUPLIEU","RECUPANNE","RGPMTAC","CHOIX1","CHOIX2","CHOIX3","CHOIX4","CHOIX5","CHOIX6","CHOIX7","DESCRIPTION","RUPTURE","FAITS","ABS_REACTION","AUTRE_REACTION","PRECISIONREACTIONOUI","RECUL","PRECISIONREACTIONNON","IMPACTCOMPORTEMENT","AUTREUSAGER","REACTIONAUTREUSAGER","CONNAISSANCEREACTIONUSAGER","DIFFICULTES","AGGRAVATION","DIFFICULTES2","EMOTIONS1","EMOTIONS2","EMOTIONS3","EMOTIONS4","EMOTIONS5","EMOTIONS6","AUTRESENTIMENT","CLASSEMENTEMOTIONS1","CLASSEMENTEMOTIONS","CLASSEMENTEMOTIONS5","CLASSEMENTEMOTIONS6","CLASSEMENTEMOTIONS7","CLASSEMENTEMOTIONS8","CLASSEMENTEMOTIONS9","EXPLICATIONRESSENTI","BIENEQUIPE","ALLURE","ALLUREVITEDETAIL","ALLURELENTEDETAIL","SITUATIONPRESSE","SITUATIONDISTRAIT","SITUATIONCONFIANT","SITUATIONCONTROLE","SITUATIONLUDIQUE","SITUATIONPERF","SITUATIONSTRESS","SITUATIONFATIGUE","HUMEURNEUTRE","HUMEURGAI","HUMEURMECONTENT","HUMEURTRISTE","HUMEURCOLERE","CONTRIBUTION1","CONTRIBUTION2","CONTRIBUTION3","CONTRIBUTION4","CONTRIBUTION5","CONTRIBUTION6","CONTRIBUTION7","CONTRIBUTION8","CONTRIBUTION9","ROLEINFRA","ELEMENTINFRA1","ELEMENTINFRA2","ELEMENTINFRA3","ELEMENTINFRA4","ELEMENTINFRA5","ELEMENTINFRA6","ELEMENTINFRA7","ELEMENTINFRA8","ELEMENTINFRA9","ALCOOL","TXALCOOL","STUP","SEMAINE","MOMENTJOURNEE","TEMPS","CAUSEACC1","CAUSEACC2","CAUSEACC3","CAUSEACC4","CAUSEACC5","FORMATIONCAUSE","FORMATION1","FORMATION2","FORMATION3","FORMATION4","FORMATION5","TRAFIC","CHAUSSEE1","CHAUSSEE2","CHAUSSEE3","CHAUSSEE4","TYPEACC","BLESSURE","TETE","COU","THORAX","MEMBRESSUP","COLONNE","BASSIN","MEMBRESINF","HOPITAL","PLUS24H","TRAJET","TYPEROUTE","MOTIF","SENSTRAJET","PASSAGER","VITESSE","DESCEQ1","DESCEQ2","DESCEQ3","DESCEQ4","DESCEQ5","DESCEQ6","DESCEQ7","DESCEQ8","DESCEQ9","DESCEQ10","VEHICULEETE","VEHICULEAUTOMNE","VEHICULEPRINTEMPS","VEHICULEHIVER","VEHICULESEMAINE","VEHICULEWE","VEHMARQUE","VEHCYLINDREE","VEHMODELE","VEHSEGMENT","VEHSIDE","EQ2RMABS","EQ2RMCBS","EQ2RMABSCBS","EQ2RMREGULATEUR","EQ2RMLIMITEUR","EQ2RMPHARESDIRECT","EQ2RMCOUPURE","EQ2RMANTIPATINAGE","EQ2RMANTIXHEELING","EQ2RMSTABILILTE","VEHKM","POINTS","DUREE","AUTRE2RM","VEHPRECMARQUE","VEHPRECCYLINDREE","VEHPRECMODELE","VEHPRECSEGMENT","VEHPRECSIDE","TEMPS2RMPREC","FREQVEHPREC","DATE_NAISS","CSP","SOCIETAIRE","SALARIE","SECTEUR2RM","NBPERSFOYER","SITFAM","NBENF","TRNBENF1","TRNBENF2","TRNBENF3","TRNBENF4","NBAUTOFOYER","NBCYCLOFOYER","NBSCOOTFOYER","NBMOTOFOYER","NBTRIKEFOYER","NB2RMCONDUIT","MARQUE1","CYLINDREE1","MODELE1","SEGMENT1","SIDE1","ANMISECIRCU1","ASS1","FREQ1","USAGE1","NBKM1","GARAGE1","MARQUE2","CYLINDREE2","MODELE2","SEGMENT2","SIDE2","ANMISECIRCU2","ASS2","FREQ2","USAGE2","NBKM2","GARAGE2","MARQUE3","CYLINDREE3","MODELE3","SEGMENT3","SIDE3","ANMISECIRCU3","ASS3","FREQ3","USAGE3","NBKM3","GARAGE3","MARQUE4","CYLINDREE4","MODELE4","SEGMENT4","SIDE4","ANMISECIRCU4","ASS4","FREQ4","USAGE4","NBKM4","GARAGE4","MARQUE5","CYLINDREE5","MODELE5","SEGMENT5","SIDE5","ANMISECIRCU5","ASS5","FREQ5","USAGE5","NBKM5","GARAGE5","NBKMTOT","PERMIS1","PERMIS2","PERMIS3","PERMIS4","PERMIS5","PERMIS6","PERMIS7","PERMIS8","PERMIS9","ANPERMIS1","ANPERMIS6","ANPERMIS7","ANPERMIS2","ANPERMIS3","ANPERMIS8","ANPERMIS9","ANPERMIS4","ANPERMIS5","X","X.1","X.2","isScooter"
"63",1228,3868,"490",1,0,5,"","",NA,NA,NA,0,5,"","","",NA,NA,0,5,"","",NA,"",NA,0,3,"","",NA,NA,NA,0,5,"","","","","",0,6,"","","",NA,NA,0,4,"",NA,NA,NA,NA,0,5,"","","",NA,NA,2,5,"1979","1980","","","",0,2,"","","","","",0,3,"","","","","",0,2,"","",NA,NA,NA,0,3,"","","",NA,NA,0,2,"","",NA,NA,NA,1,1,3,"1979","","","","","Cuges les pins","","","","","Alors que je dépassais un cycliste, Une voiture m'a également dépassé. Une autre voiture est arrivée en sens inverse. La voiture qui me doublait m'a serré. J'ai serré le cycliste. J'ai accroché son bras avec mon guidon. Il a été destabilisé et a tourné vers la gauche. Il a été percuté par une moto qui roulait derrière moi dans le même sens.","","","","",4,0,4,0,30,1,71,"15",1979,"Cuges les pins","1979","Autre(s) type(s) d'accident(s).","6","","",NA,"",NA,"","Je circulais en cyclomoteur le jour d'une manifestation moto (Grand Prix) sur la N8, route qui mène au circuit du castelet. Il y avait beaucoup de trafic, auto, vélo et moto. Dans une montée, j'ai dépassé un cycliste qui pédalait ""en danseuse"" (il zigzaguait un peu). Une voiture nous a dépassé tous les deux. Une deuxième est arrivée en face. Pour pouvoir la croiser, la voiture qui nous dépassait s'est serrée vers moi, je me suis serré vers le cycliste. Je lui ai accroché le bras avec l'extrémité de mon guidon, il a perdu le contrôle de son vélo, a ""zigzagué"" puis traversé derrière moi notre voie de circulation. Il a été percuté par une moto qui circulait juste derrière nous...","une voiture m'a dépassé alors que je dépassais avec mon cyclomoteur un cycliste.","Quand la voiture qui nous doublait (le cycliste et moi) a été confrontée à un véhicule venant en sens inverse, elle s'est serrée vers moi, et moi je me suis trop serré vers le cycliste.","NRP","1","J'aurais dû moins serrer le cycliste, je ne l'aurais pas touché.","Tout s'est passé rapidement.","","2","1","NSP","","Le cycliste, jusqu'à ce que j'arrive à sa hauteur, n'a pas perçu la situation de conflit...","NSP","NSP","1","2","6",NA,NA,"","","3",1,NA,NA,NA,"2",NA,"tout était normal, puis très rapidement, mais progressivement la situation est devenue inextricable.","3","3","","","1","2","3","3","3","1","1","1",3,1,4,4,4,1,4,NA,NA,NA,NA,NA,NA,NA,2,"","","","",NA,NA,NA,NA,2,2,NA,2,2,1,1,50,50,0,0,0,"2","","","",NA,NA,"3","1","","",NA,2,0,NA,NA,NA,NA,NA,NA,NA,NA,NA,2,"2","3",NA,0,50,1,2,5,NA,NA,NA,NA,NA,"",NA,"3","3","3","2","3","3","MALAGUTI","50","CAVALCONE","TRAIL / SUPERMOTARD","2","1","1",1,1,1,"0",1,1,1,"1","NSP","NSP","1","1","MOBYLETTE","50","MOBYMATIC STANDARD","ROADSTER","2","1","2","09MAR1965","5","1","3",2,5,4,3,"NRP","","","",2,2,0,2,0,2,"YAMAHA",600,"XTE","TRAIL / SUPERMOTARD","2","1991","37",3,2,2000,"7","SUZUKI","650","SV-N","ROADSTER","2","2005","31",4,1,1500,"7","","","","","",NA,NA,NA,NA,NA,"","",NA,"","",NA,NA,NA,NA,NA,NA,"","",NA,"","",NA,NA,NA,NA,NA,NA,NA,3500,"2",3,4,NA,NA,NA,NA,NA,NA,"NRP","NRP","NRP","1983","1984","NRP","NRP","1983","NRP","","","","Motorcycle"
"64",112,3871,"117",1,0,2,"","",NA,NA,NA,0,3,"","","",NA,NA,0,4,"","",NA,"",NA,0,2,"","",NA,NA,NA,0,2,"","","","","",0,3,"","","",NA,NA,0,2,"",NA,NA,NA,NA,0,2,"","","",NA,NA,0,4,"","","","","",0,3,"","","","","",0,4,"","","","","",0,2,"","",NA,NA,NA,0,3,"","","",NA,NA,0,4,"","",NA,NA,NA,1,2,2,"1975","2005","","","","Boulogne","Meyrargue","","","","Un véhicule venant de gauche est sorti trop large sur ma voie et nous nous sommes percutés de face","J'étais sur le rond-point dans l'angle mort d'une voiture qui entrait sur le rond-point","","","",1,0,2,0,43,1,72,"15",2005,"Meyrargue","2005","Autre(s) type(s) d'accident(s).","3","","",NA,"",NA,"","J'étais sur un rond point. Une voiture entrant sur le rond point ne m'a pas vu, caché par le montant de son pare-brise. Elle m'a percuté à l'arrière mais sans ralentir.  Le chauffeur, de mauvaise foi, a abusé de ma sympathie et de mon état choqué. Il a tourné les faits et le graphique du constat amiable a son avantage et je me suis retrouvé responsable.","j'étais sur le rond point, bien visible, j'étais sûr que la voiture ralentirait. J'ai compris trop tard qu'elle ne m'avais pas vu et je n'ai pu l'éviter.","J'ai bien sûr ralenti en entrant sur le rond-point. En voyant que la voiture allais me percuter par l'arrière, j'ai essayé de l'éviter en me déportant à gauche et en me déhanchant (restes de moto-cross). J'ai peut-être accéléré mais je ne sais plus. Lui a pilé mais seulement au moment ou après le choc.","NRP","1","NRP","NRP","","2","1","2","","Les autres usagers sont passés sans demander quoi que ce soit.","2","NRP","6","","",NA,NA,"","","",NA,NA,NA,NA,"1",NA,"Impossible d'éviter qu'on me percute","3","3","","","2","1","4","4","3","1","1","1",1,4,4,4,4,5,NA,NA,NA,NA,NA,NA,NA,NA,2,"","","","",NA,NA,NA,NA,2,2,NA,2,1,1,1,0,100,0,0,0,"2","","","",NA,NA,"3","1","","",NA,1,NA,NA,NA,NA,NA,NA,NA,NA,NA,NA,1,"2","1",1,0,50,1,10,2,3,4,NA,NA,NA,"",NA,"4","4","4","4","4","4","YAMAHA","900","XJ","ROADSTER","2","1","1",1,1,1,"1",1,1,1,"1","90000","12","4","1","SUZUKI","850","GS850G","ROADSTER","2","4","4","04JUN1949","9","1","3",2,2,3,NA,"NRP","","","",2,0,0,3,0,3,"HONDA",500,"VF-F","Routière / GT","2","1985","37",2,1,5000,"7","HONDA","750","VF-S (SABRE)","ROADSTER","2","1983","37",2,1,5000,"7","HONDA","1000","VF-R","Routière / GT","2",1985,37,2,1,5000,"7","",NA,"","",NA,NA,NA,NA,NA,NA,"","",NA,"","",NA,NA,NA,NA,NA,NA,NA,15000,"3",4,NA,NA,NA,NA,NA,NA,NA,"NRP","NRP","NRP","NRP","1968","NRP","NRP","1970","NRP","","","","Motorcycle"
"65",1222,3872,"56",1,0,5,"","",NA,NA,NA,1,6,"2013","","",NA,NA,0,5,"","",NA,"",NA,0,6,"","",NA,NA,NA,0,5,"","","","","",0,6,"","","",NA,NA,0,4,"",NA,NA,NA,NA,0,4,"","","",NA,NA,0,4,"","","","","",0,6,"","","","","",0,5,"","","","","",0,5,"","",NA,NA,NA,0,5,"","","",NA,NA,3,5,"2006","2009",2013,NA,NA,0,NA,4,"","","","","","","","","","","","","","","",NA,NA,3,4,5,1,6,"2",2013,"","2013","Vous circuliez derrière un véhicule. Ce véhicule a ralenti. Vous avez entrepris de dépasser ce véhicule par la gauche et celui-ci vous a coupé la route en tournant à gauche (ou en effectuant un œ tour","3","","",NA,"",NA,"","au feu rouge alors que le véhicule sortait d'un garage ,il c'est engagé empiétent sur les deux voies et débordant sur le passage piéton ,il ne peut voir les feux ,alors je klaxonne et il part se retrouvant sur la voie de gauche comme moi,il se rabat sur la droite ""ce que je crois""alors je passe étant sur la file de gauche et il tourne subitement a gauche .il ne se rabattait pas ,il prenait large pour son demi tour ""sur la ligne blanche !""il ne m'aurait pas vu ,mais oubli qu'il part au feu a cause de mon klaxonne ! accident sans grande gravité puisque nous sommes au départ d'un feu ,mais je garde en souvenir des douleurs a l'épaule au moins une fois part semaine .","j'ai cru qu'il se rabattait par courtoisie .il ne voyait pas les feux .","freiner était la seule réaction et jurer ,vitesse trop faible pour un évitement et lacher la moto pour ne pas ètre entrainer avec elle.","NRP","1","en ne dépassent pas,je ne dépasse jamais dans les intersection.","Mais techniquement ce n'était pas une intersection et sa volte a été si soudaine ,rapide et non signalée ,que le choc me parait inévitable .","","2","0","","","","","","1","2","3",6,9,"","de la colère","",1,NA,NA,NA,"2",3,"pour il se mettait sur la droite par courtoisie ou pour tourné à droite,c'est un endroit ou les gens tournent au dernier moment souvent .","3","3","","","2","4","4","4","1","1","1","1",3,4,4,4,4,5,NA,NA,NA,NA,NA,NA,NA,NA,1,"AUT|la voie n'est pas séparée (donc demi tour possible et fréquent )","","","",NA,NA,NA,NA,2,2,NA,2,1,1,1,10,90,0,0,0,"2","","","",NA,NA,"1","1","","",NA,2,1,4,NA,NA,NA,NA,NA,NA,1,0,1,"1","3",NA,0,20,1,2,3,4,7,9,NA,NA,"",NA,"4","4","4","4","4","4","HONDA","600","CB-F ABS","ROADSTER","2","0","1",1,1,1,"1",1,1,1,"1","26000","11","4","1","YAMAHA","125","SR","CUSTOM","2","4","4","27DEC1969","7","1","3",2,6,4,4,"NRP","","","",2,1,0,1,0,1,"HONDA",600,"CB-F  S  ABS","ROADSTER","2","2006","37",2,1,6000,"4","","","","","","","",NA,NA,NA,"","","","","","",NA,NA,NA,NA,NA,"","",NA,"","",NA,NA,NA,NA,NA,NA,"","",NA,"","",NA,NA,NA,NA,NA,NA,NA,6000,"3",4,NA,NA,NA,NA,NA,NA,NA,"NRP","NRP","NRP","NRP","2011","NRP","NRP","1999","NRP","","","","Motorcycle"
"66",263,3878,"109",1,1,4,"1992","",NA,NA,NA,0,6,"","","",NA,NA,0,4,"","",NA,"",NA,0,5,"","",NA,NA,NA,1,5,"1981","","","","",0,6,"","","",NA,NA,0,5,"",NA,NA,NA,NA,0,5,"","","",NA,NA,1,6,"1988","","","","",0,5,"","","","","",0,5,"","","","","",0,3,"","",NA,NA,NA,0,4,"","","",NA,NA,0,4,"","",NA,NA,NA,0,NA,3,"","","","","","","","","","","","","","","",NA,NA,4,0,35,1,21,"5",1981,"","1981","Vous circuliez sur un axe prioritaire. Un véhicule venant dun axe non prioritaire vous a coupé la route.","4","5","6",NA,"",NA,"","Je circulait en moto sur une grande avenue à Béziers, il était environ 23h30 quand une voiture arrivant dans l'autre sens à brusquement tourné dans une rue sur sa gauche devant mes roues. je n'ai rien pu faire pour éviter le choc. La moto a été détruite, le conducteur sortait d'un apéritif et était largement positif au test d'alcolémie.","L'impossibilité d'anticiper le geste de l'automobiliste.","J'ai essayé de freiner, l'automobiliste quand à lui n'a eu aucune réaction","2","1","En roulant un peu moins vite mon freinage aurait été plus efficace","Manque d'expérience surement...","","2","0","","","","","","5","6","",NA,NA,"","","",NA,NA,NA,1,"2",NA,"en pensant au conséquences (blessure ou plus)","4","1","1","","1","1","3","4","1","1","1","1",1,4,4,4,4,1,NA,NA,NA,NA,NA,NA,NA,NA,2,"","","","",NA,NA,NA,NA,2,2,NA,2,2,2,1,20,80,0,0,0,"1","3","4","",NA,NA,"1","1","","",NA,1,NA,NA,NA,NA,NA,NA,NA,NA,NA,NA,1,"1","3",NA,0,70,1,10,2,3,5,NA,NA,NA,"",NA,"4","4","4","4","4","4","HONDA","1100","GOLD WING ""DX""","Routière / GT","1","1","1",1,1,1,"1",1,1,1,"1","15000","NSP","1","1","HONDA","750","CB ""K2""","ROADSTER","2","2","4","09NOV1958","7","1","3",2,3,2,2,"NRP","","","",1,1,0,2,0,3,"TRIUMPH",900,"DAYTONA","Routière / GT","2","1996","37",1,1,16000,"1","TRIUMPH","1200","TROPHY","Routière / GT","2","1998","37",1,2,15000,"7","PEUGEOT","50","LUDIX TREND","SCOOTER","2",2011,37,1,1,1000,"7","",NA,"","",NA,NA,NA,NA,NA,NA,"","",NA,"","",NA,NA,NA,NA,NA,NA,NA,32000,"2",3,4,8,9,NA,NA,NA,NA,"NRP","NRP","NRP","1979","1979","1979","1979","1986","NRP","","","","Motorcycle"
"67",1145,3891,"354",1,1,5,"2012","",NA,NA,NA,0,5,"","","",NA,NA,1,6,"2010","",NA,"",NA,0,5,"","",NA,NA,NA,0,5,"","","","","",0,6,"","","",NA,NA,0,5,"",NA,NA,NA,NA,0,6,"","","",NA,NA,2,6,"2008","2013","","","",0,4,"","","","","",0,6,"","","","","",0,4,"","",NA,NA,NA,0,4,"","","",NA,NA,0,5,"","",NA,NA,NA,0,NA,4,"","","","","","","","","","","","","","","",NA,NA,9,2,11,1,41,"9",2008,"","2008","Vous avez fait une sortie de route, une perte de contrôle ou une glissade sans rien percuter.","6","","",NA,"",NA,"","vous ne pouvez pas faire confiance aux badaux,ni aux assurances et encore moins aux hopitaux!","un filet d'huile sur le coté du pneu","seul comme un grand,tres rapidement sans prevenir c'est le coup de la raquette","3","0","","","independant de ma volonté","2","0","","","","","","7","","",NA,NA,"","","",NA,NA,NA,NA,"",NA,"","3","3","","","2","1","3","2","1","1","2","1",1,4,2,2,4,10,NA,NA,NA,NA,NA,NA,NA,NA,2,"","","","",NA,NA,NA,NA,2,2,NA,2,1,1,1,50,0,0,50,0,"2","","","",NA,NA,"1","1","6","",NA,2,1,4,6,7,NA,NA,NA,NA,1,0,1,"2","1",2,0,70,1,2,3,4,NA,NA,NA,NA,"",NA,"4","4","4","2","4","4","YAMAHA","1000","FZS FAZER","ROADSTER","2","1","1",1,1,1,"1",1,1,1,"1","100000","12","4","1","YAMAHA","600","FZS FAZER","ROADSTER","2","4","4","05JAN1973","7","2","3",2,3,4,1,"NRP","","","",3,0,0,2,0,2,"YAMAHA",1000,"FZS FAZER","ROADSTER","2","2001","40",1,2,20000,"7","YAMAHA","600","FZS FAZER","ROADSTER","2","1999","40",1,2,10000,"7","","","","","",NA,NA,NA,NA,NA,"","",NA,"","",NA,NA,NA,NA,NA,NA,"","",NA,"","",NA,NA,NA,NA,NA,NA,NA,30000,"4",3,NA,NA,NA,NA,NA,NA,NA,"NRP","NRP","NRP","NRP","2006","NRP","NRP","1992","NRP","","","","Motorcycle"
"68",1202,3894,"398",1,0,4,"","",NA,NA,NA,0,6,"","","",NA,NA,0,4,"","",NA,"",NA,0,2,"","",NA,NA,NA,0,5,"","","","","",0,3,"","","",NA,NA,0,5,"",NA,NA,NA,NA,1,4,"2009","","",NA,NA,0,5,"","","","","",0,5,"","","","","",0,6,"","","","","",0,2,"","",NA,NA,NA,0,2,"","","",NA,NA,0,3,"","",NA,NA,NA,0,NA,1,"","","","","","","","","","","","","","","",NA,NA,0,0,8,1,36,"8",2009,"","2009","Vous avez fait une sortie de route, une perte de contrôle ou une glissade puis avez percuté un obstacle fixe (panneau, arbre poteau ).","3","","",NA,"",NA,"","Chute classique , inévitable , imparable : gasoil répandu dans un rond-point . La roue avant est partie instantanément , heureusement j'ai glissé en étant dégagé de la moto et je n'ai pas rencontré d'obstacle  Bilan : hématome a la cuisse et moto limite épave vue son année . J'étais bien équipé , casque , gants , blouson cuir , bottes , tout était râpé . Le carburant sur la chaussée est la hantise du motard. Je ne comprend pas pourquoi les camions ne sont pas équipés de clapet anti débordement comme sur les voiture actuelles. Cela devrait être obligatoire pour la sécurité de tous car on nous impose bien de porté un gilet jaune à bord de nos véhicules . Il faudrait l'imposer aux constructeurs ou aux fabricants de réservoirs et d'équiper les véhicules moins récents d'un kit. Lorsqu'il fait beau, on arrives à s'apercevoir de la présence de carburant sur la chaussée et même le sentir , mais quand il pleut ......","Comme expliqué ci-avant , carburant de type gazoil répandue sur la circonférence d'un rond-point.","Aucunes réactions de ma part car comme expliqué au début, la chute était inévitable. J'ai seulement eu la présence d'esprit de me désolidariser de la moto . Une personne m'a aidé à relevé la moto après m'avoir demandé si tout allait bien et j'ai pu repartir avec le guidon tordu et quelques commandes cassées , j'étais près de chez moi.","2","0","","","Car aucune réaction n'est possible dans cette circonstance. On ne peut que subir.","2","0","","","","","","2","6","",NA,NA,"","","",1,NA,NA,NA,"2",NA,"NRP","3","3","","","1","1","4","4","2","1","1","1",1,5,4,4,4,10,NA,NA,NA,NA,NA,NA,NA,NA,2,"","","","",NA,NA,NA,NA,2,2,NA,2,1,1,1,0,100,0,0,0,"2","","","",NA,NA,"1","6","","",NA,2,1,7,NA,NA,NA,NA,NA,NA,0,NA,2,"2","3",NA,0,35,1,10,2,3,4,7,NA,NA,"",NA,"4","4","4","4","4","4","KAWASAKI","650","VERSYS","ROADSTER","2","0","1",1,1,1,"1",0,1,1,"1","25000","12","3","1","ZUNDAPP","50","KS (CYCLO)","ROADSTER","2","4","4","24MAR1960","5","2","3",2,3,4,1,"NRP","","","",3,0,0,1,0,1,"KAWASAKI",650,"VERSYS ABS","ROADSTER","2","2007","25",1,2,10000,"AUT|appentis ( dans propriété )","","","","","","","",NA,NA,NA,"","","","","","",NA,NA,NA,NA,NA,"","",NA,"","",NA,NA,NA,NA,NA,NA,"","",NA,"","",NA,NA,NA,NA,NA,NA,NA,10000,"2",3,4,NA,NA,NA,NA,NA,NA,"NRP","NRP","NRP","1979","2006","NRP","NRP","1979","NRP","","","","Motorcycle"
"69",1046,3923,"194",1,0,5,"","",NA,NA,NA,0,4,"","","",NA,NA,1,4,"1970","",NA,"",NA,1,4,"1977","",NA,NA,NA,0,4,"","","","","",0,4,"","","",NA,NA,0,4,"",NA,NA,NA,NA,0,4,"","","",NA,NA,2,4,"1975","1992","","","",0,4,"","","","","",0,5,"","","","","",0,3,"","",NA,NA,NA,0,3,"","","",NA,NA,0,4,"","",NA,NA,NA,0,NA,4,"","","","","","","","","","","","","","","",NA,NA,4,0,45,1,16,"4",1977,"","1977","Vous circuliez derrière un véhicule. Vous avez entrepris de dépasser ce véhicule par la droite et celui-ci vous a coupé la route en tournant à droite.","4","","",NA,"",NA,"","Je suivais un camion de carrière de 19 tonnes qui arrivait à une intersection en ville de Cournon 63 cette intersection comportait un couloir de présélection au milieu de la chaussée pour les véhicules devant tourner à gauche. Le chauffeur mit son clignotant à gauche pour se placer dans ce couloir et une fois placé,au moment où j'accélérais pour le passer sur ma file donc à sa droite,il inversa son clignotant en même temps qu'il se mit à tourner à droite et de fait me coupa la route ou je ne pu freiner efficacement cet endroit étant recouvert d'une fine couche de sable probablement tombé d'autres bennes car il y avait sur cette route une forte circulation de ces camions de carrières.Je dérapais donc et fus obligé de coucher la moto pour éviter de percuter la benne du camion. Aprés une glissade de quelques mètres je me retrouvais coincé par le bras droit sous une des roues arrière du camion ainsi que mon épouse elle coincée plus sérieusement par une jambe qui était passée entre les deux roue jumelées du camion. Dieu merci le chauffeur avait entendu mon klaxon et stoppé immédiatement son camion en travers de la route","les deux changements de direction simultanés du camion,le sable sur la chaussée et certainement la non utilisation des rétroviseurs par le chauffeur du poids lourd.","Freinage immédiat en klaxonnant , et roue avant en dérapage droit puis le choc étant inévitable j'ai couché ma moto sur son flanc gauche. Le chauffeur a pilé dés qu'il a entendu le klaxon.","NRP","0","","","cette manoeuvre du camion était parfaitement imprévisible car je n'ai perçu de l'arrière que la mise du clignotant gauche et le dégagement de la voie sur laquelle je roulais.","2","0","","","","","","2","3","",NA,NA,"","","",1,2,NA,NA,"",NA,"cette manoeuvre était pour moi incompréhensible.","4","3","","","1","1","3","4","1","1","1","1",3,3,4,4,4,5,NA,NA,NA,NA,NA,NA,NA,NA,1,"3","5","","",NA,NA,NA,NA,2,2,NA,2,1,1,1,0,90,0,10,0,"2","","","",NA,NA,"2","1","4","",NA,2,0,NA,NA,NA,NA,NA,NA,NA,NA,NA,1,"1","3",NA,1,45,1,2,3,4,9,NA,NA,NA,"",NA,"4","4","4","4","4","4","KAWASAKI","1000","Z1R","ROADSTER","2","1","1",1,1,1,"1",1,1,1,"1","22000","12","3","1","HONDA","500","CB","ROADSTER","2","4","4","19NOV1950","9","2","3",2,2,3,NA,"NRP","","","",3,1,0,1,0,2,"KAWASAKI",1400,"ZZR","Routière / GT","2","2011","29",2,1,16000,"7","MBK","50","MAGNUM","ROADSTER","2","1990","38",4,1,500,"7","","","","","",NA,NA,NA,NA,NA,"","",NA,"","",NA,NA,NA,NA,NA,NA,"","",NA,"","",NA,NA,NA,NA,NA,NA,NA,16500,"3",4,NA,NA,NA,NA,NA,NA,NA,"NRP","NRP","NRP","NRP","1969","NRP","NRP","1969","NRP","","","","Motorcycle"
"70",894,3932,"457",1,0,4,"","",NA,NA,NA,0,5,"","","",NA,NA,0,4,"","",NA,"",NA,0,4,"","",NA,NA,NA,1,6,"2004","","","","",0,4,"","","",NA,NA,0,4,"",NA,NA,NA,NA,0,4,"","","",NA,NA,0,4,"","","","","",0,4,"","","","","",0,4,"","","","","",0,4,"","",NA,NA,NA,0,4,"","","",NA,NA,0,4,"","",NA,NA,NA,0,NA,1,"","","","","","","","","","","","","","","",NA,NA,38,38,37,1,21,"5",2004,"","2004","Vous circuliez sur un axe prioritaire. Un véhicule venant dun axe non prioritaire vous a coupé la route.","3","","",NA,"",NA,"","refus de priorité, et en plus du gasoil sur la chaussée bref la poisse","grillage de stop du véhicule adverse et freinage d urgence sur une nappe de gasoil","freinage d urgence","2","0","","","j avais la priorité j etais engagé","2","0","","","","","","6","","",NA,NA,"","","",NA,NA,NA,NA,"1",NA,"on peut rien faire  juste laisser partir","3","3","","","1","1","3","3","3","1","1","1",1,1,4,4,4,5,NA,NA,NA,NA,NA,NA,NA,NA,2,"","","","",NA,NA,NA,NA,2,2,NA,2,1,1,1,0,90,0,10,0,"2","","","",NA,NA,"1","6","","",NA,1,NA,NA,NA,NA,NA,NA,NA,NA,NA,NA,2,"4","3",NA,0,50,1,10,2,3,5,NA,NA,NA,"",NA,"4","4","4","4","4","4","YAMAHA","1100","XVS DRAG STAR","CUSTOM","2","1","1",1,1,1,"1",1,1,1,"1","45000","12","3","1","KAWASAKI","500","Z500B","ROADSTER","2","4","4","11MAR1962","5","2","3",2,2,3,NA,"NRP","","","",2,0,0,2,0,2,"HARLEY-DAVIDSON",1584,"STREET GLIDE","Routière / GT","2","2010","16",2,1,18000,"7","HONDA","125","VT SHADOW","CUSTOM","2","2006","28",2,2,6000,"7","","","","","",NA,NA,NA,NA,NA,"","",NA,"","",NA,NA,NA,NA,NA,NA,"","",NA,"","",NA,NA,NA,NA,NA,NA,NA,24000,"4",3,NA,NA,NA,NA,NA,NA,NA,"NRP","NRP","NRP","NRP","1980","NRP","NRP","1980","NRP","","","","Motorcycle"