"","Ligne","Ligne.Q.qualif","Ligne.approfondissement.Accident","ACCIDENT","NBACC1","ACCFREQUENCE1","ANNEEACC1_1","ANNEEACC1_2","ANNEEACC1_3","ANNEEACC1_4","ANNEEACC1_5","NBACC2","ACCFREQUENCE2","ANNEEACC2_1","ANNEEACC2_2","ANNEEACC2_3","ANNEEACC2_4","ANNEEACC2_5","NBACC3","ACCFREQUENCE3","ANNEEACC3_1","ANNEEACC3_2","ANNEEACC3_3","ANNEEACC3_4","ANNEEACC3_5","NBACC4","ACCFREQUENCE4","ANNEEACC4_1","ANNEEACC4_2","ANNEEACC4_3","ANNEEACC4_4","ANNEEACC4_5","NBACC5","ACCFREQUENCE5","ANNEEACC5_1","ANNEEACC5_2","ANNEEACC5_3","ANNEEACC5_4","ANNEEACC5_5","NBACC6","ACCFREQUENCE6","ANNEEACC6_1","ANNEEACC6_2","ANNEEACC6_3","ANNEEACC6_4","ANNEEACC6_5","NBACC7","ACCFREQUENCE7","ANNEEACC7_1","ANNEEACC7_2","ANNEEACC7_3","ANNEEACC7_4","ANNEEACC7_5","NBACC8","ACCFREQUENCE8","ANNEEACC8_1","ANNEEACC8_2","ANNEEACC8_3","ANNEEACC8_4","ANNEEACC8_5","NBACC9","ACCFREQUENCE9","ANNEEACC9_1","ANNEEACC9_2","ANNEEACC9_3","ANNEEACC9_4","ANNEEACC9_5","NBACC10","ACCFREQUENCE10","ANNEEACC10_1","ANNEEACC10_2","ANNEEACC10_3","ANNEEACC10_4","ANNEEACC10_5","NBACC11","ACCFREQUENCE11","ANNEEACC11_1","ANNEEACC11_2","ANNEEACC11_3","ANNEEACC11_4","ANNEEACC11_5","NBACC12","ACCFREQUENCE12","ANNEEACC12_1","ANNEEACC12_2","ANNEEACC12_3","ANNEEACC12_4","ANNEEACC12_5","NBACC13","ACCFREQUENCE13","ANNEEACC13_1","ANNEEACC13_2","ANNEEACC13_3","ANNEEACC13_4","ANNEEACC13_5","NBACC14","ACCFREQUENCE14","ANNEEACC14_1","ANNEEACC14_2","ANNEEACC14_3","ANNEEACC14_4","ANNEEACC14_5","AUTRESACC","NBAUTRESACC","TOTAL_AC","ANNEEAUTREACC1","ANNEEAUTREACC2","ANNEEAUTREACC3","ANNEEAUTREACC4","ANNEEAUTREACC5","LIEUAUTREACC1","LIEUAUTREACC2","LIEUAUTREACC3","LIEUAUTREACC4","LIEUAUTREACC5","DESCRIPTIONAUTRESACC1","DESCRIPTIONAUTRESACC2","DESCRIPTIONAUTRESACC3","DESCRIPTIONAUTRESACC4","DESCRIPTIONAUTRESACC5","NBAUTRESACCCIRCUIT","NBAUTRESTOUTTERRAIN","EXPCYCLO","EXP125","EXPSUP125","ACCORDNEXTQ","CHOIXACC","RGPMTACC","RECUPANNEE","RECUPLIEU","RECUPANNE","RGPMTAC","CHOIX1","CHOIX2","CHOIX3","CHOIX4","CHOIX5","CHOIX6","CHOIX7","DESCRIPTION","RUPTURE","FAITS","ABS_REACTION","AUTRE_REACTION","PRECISIONREACTIONOUI","RECUL","PRECISIONREACTIONNON","IMPACTCOMPORTEMENT","AUTREUSAGER","REACTIONAUTREUSAGER","CONNAISSANCEREACTIONUSAGER","DIFFICULTES","AGGRAVATION","DIFFICULTES2","EMOTIONS1","EMOTIONS2","EMOTIONS3","EMOTIONS4","EMOTIONS5","EMOTIONS6","AUTRESENTIMENT","CLASSEMENTEMOTIONS1","CLASSEMENTEMOTIONS","CLASSEMENTEMOTIONS5","CLASSEMENTEMOTIONS6","CLASSEMENTEMOTIONS7","CLASSEMENTEMOTIONS8","CLASSEMENTEMOTIONS9","EXPLICATIONRESSENTI","BIENEQUIPE","ALLURE","ALLUREVITEDETAIL","ALLURELENTEDETAIL","SITUATIONPRESSE","SITUATIONDISTRAIT","SITUATIONCONFIANT","SITUATIONCONTROLE","SITUATIONLUDIQUE","SITUATIONPERF","SITUATIONSTRESS","SITUATIONFATIGUE","HUMEURNEUTRE","HUMEURGAI","HUMEURMECONTENT","HUMEURTRISTE","HUMEURCOLERE","CONTRIBUTION1","CONTRIBUTION2","CONTRIBUTION3","CONTRIBUTION4","CONTRIBUTION5","CONTRIBUTION6","CONTRIBUTION7","CONTRIBUTION8","CONTRIBUTION9","ROLEINFRA","ELEMENTINFRA1","ELEMENTINFRA2","ELEMENTINFRA3","ELEMENTINFRA4","ELEMENTINFRA5","ELEMENTINFRA6","ELEMENTINFRA7","ELEMENTINFRA8","ELEMENTINFRA9","ALCOOL","TXALCOOL","STUP","SEMAINE","MOMENTJOURNEE","TEMPS","CAUSEACC1","CAUSEACC2","CAUSEACC3","CAUSEACC4","CAUSEACC5","FORMATIONCAUSE","FORMATION1","FORMATION2","FORMATION3","FORMATION4","FORMATION5","TRAFIC","CHAUSSEE1","CHAUSSEE2","CHAUSSEE3","CHAUSSEE4","TYPEACC","BLESSURE","TETE","COU","THORAX","MEMBRESSUP","COLONNE","BASSIN","MEMBRESINF","HOPITAL","PLUS24H","TRAJET","TYPEROUTE","MOTIF","SENSTRAJET","PASSAGER","VITESSE","DESCEQ1","DESCEQ2","DESCEQ3","DESCEQ4","DESCEQ5","DESCEQ6","DESCEQ7","DESCEQ8","DESCEQ9","DESCEQ10","VEHICULEETE","VEHICULEAUTOMNE","VEHICULEPRINTEMPS","VEHICULEHIVER","VEHICULESEMAINE","VEHICULEWE","VEHMARQUE","VEHCYLINDREE","VEHMODELE","VEHSEGMENT","VEHSIDE","EQ2RMABS","EQ2RMCBS","EQ2RMABSCBS","EQ2RMREGULATEUR","EQ2RMLIMITEUR","EQ2RMPHARESDIRECT","EQ2RMCOUPURE","EQ2RMANTIPATINAGE","EQ2RMANTIXHEELING","EQ2RMSTABILILTE","VEHKM","POINTS","DUREE","AUTRE2RM","VEHPRECMARQUE","VEHPRECCYLINDREE","VEHPRECMODELE","VEHPRECSEGMENT","VEHPRECSIDE","TEMPS2RMPREC","FREQVEHPREC","DATE_NAISS","CSP","SOCIETAIRE","SALARIE","SECTEUR2RM","NBPERSFOYER","SITFAM","NBENF","TRNBENF1","TRNBENF2","TRNBENF3","TRNBENF4","NBAUTOFOYER","NBCYCLOFOYER","NBSCOOTFOYER","NBMOTOFOYER","NBTRIKEFOYER","NB2RMCONDUIT","MARQUE1","CYLINDREE1","MODELE1","SEGMENT1","SIDE1","ANMISECIRCU1","ASS1","FREQ1","USAGE1","NBKM1","GARAGE1","MARQUE2","CYLINDREE2","MODELE2","SEGMENT2","SIDE2","ANMISECIRCU2","ASS2","FREQ2","USAGE2","NBKM2","GARAGE2","MARQUE3","CYLINDREE3","MODELE3","SEGMENT3","SIDE3","ANMISECIRCU3","ASS3","FREQ3","USAGE3","NBKM3","GARAGE3","MARQUE4","CYLINDREE4","MODELE4","SEGMENT4","SIDE4","ANMISECIRCU4","ASS4","FREQ4","USAGE4","NBKM4","GARAGE4","MARQUE5","CYLINDREE5","MODELE5","SEGMENT5","SIDE5","ANMISECIRCU5","ASS5","FREQ5","USAGE5","NBKM5","GARAGE5","NBKMTOT","PERMIS1","PERMIS2","PERMIS3","PERMIS4","PERMIS5","PERMIS6","PERMIS7","PERMIS8","PERMIS9","ANPERMIS1","ANPERMIS6","ANPERMIS7","ANPERMIS2","ANPERMIS3","ANPERMIS8","ANPERMIS9","ANPERMIS4","ANPERMIS5","X","X.1","X.2","isScooter"
"71",621,3937,"23",1,1,4,"1995","",NA,NA,NA,0,5,"","","",NA,NA,0,5,"","",NA,"",NA,0,2,"","",NA,NA,NA,0,5,"","","","","",0,3,"","","",NA,NA,0,2,"",NA,NA,NA,NA,0,3,"","","",NA,NA,4,4,"1974","1975","1981","1999","",0,5,"","","","","",3,5,"1998","1999","2002","","",0,2,"","",NA,NA,NA,0,2,"","","",NA,NA,0,2,"","",NA,NA,NA,1,3,11,"NSP","NSP","2000","","","Lyon","Lyon","Lyon","","","ouverture soudaine de la portière d'une voiture en stationnement. Chute à basse vitesse","le guidon a heurté une voiture arrivant en face et se déportant sur la gauche, dans une courbe. Accident sérieux (fractures)","moto volontairement percutée par l'arrière par un automobiliste irascible qui tentait de bloquer un autre motard","","",0,2,3,5,35,1,72,"15",NA,"Lyon","-1","Autre(s) type(s) d'accident(s).","4","","",NA,"",NA,"","Je rentrais tranquillement chez moi en fin d'après midi l'été, après un repas plutôt copieux et une bonne journée de travail. Sur un axe sinueux mais confortable, dans une courbe à gauche, j'ai percuté avec le guidon gauche (750 YZF) le montant du pare-brise d'une voiture roulant dans le sens inverse. Nous étions tous deux proche de l'axe médian, moi sur la trajectoire et l'automobiliste adverse plutôt sur l'extérieur du virage.  conséquences : violent choc sur la paume de la main et par répercussion ""explosion"" de la tête radiale au niveau du coude.  Hospitalisation, chirurgie (deux clous)  pas de séquelles","plusieurs éléments (je repasse tous les jours au même endroit) :  - distraction sur un itinéraire familier - conduite tranquille facilitant le manque d'attention - plaque d'égout sur la trajectoire qui m'a incité à prendre à gauche - probable distraction (sac à main ?) de l'adversaire, mais sans en être certain","j'ai vu arriver le choc quelques fractions de secondes avant, trop tard pour modifier la trajectoire  id pour la partie adverse  En revanche, après le choc et malgré la fracture, la moto n'est pas tombée et j'ai réussi à la maintenir, à faire demi tour et à revenir sur le lieu du choc","1","1","Je ne laisse plus des plaques d'égout (ou passages piétons) perturber mes trajectoires : je les anticipe plus et je passe ""du bon côté""  j'ai repris en ville une conduite plus dynamique (même si elle plait moins aux forces de police)  je suis de plus en plus vigilant dans les situations de conduite le soir, et encore plus la nuit","inattention et inexpérience (relative)","","2","1","2","","il roulait plutôt à gauche, et moi aussi","1","Si elle avait ""tenu sa droite"", l'accident n'aurait pas eu lieu.  la police a considéré que les torts étaient partagés 50/50","1","6","8",NA,NA,"","","2",NA,NA,NA,NA,"1",NA,"C'est le seul de mes accidents ou presque-accidents pour lequel je n'ai rien pu tenter","3","3","","","1","3","3","3","1","1","1","3",4,2,4,4,4,2,4,NA,NA,NA,NA,NA,NA,NA,1,"3","AUT|bouche d'égout (tous les 60 m sur les 3 km de l'axe concerné)","","",NA,NA,NA,NA,2,1,1,2,1,1,1,40,40,0,20,0,"2","","","",NA,NA,"1","1","","",NA,2,1,4,NA,NA,NA,NA,NA,NA,1,1,1,"1","1",2,0,60,1,2,4,NA,NA,NA,NA,NA,"",NA,"4","4","4","4","4","4","YAMAHA","750","YZF-R","SPORTIVE","2","0","1",1,1,1,"1",1,1,1,"1","NSP","12","4","1","YAMAHA","250","TDR","Routière / GT","null","4","4","26JUL1953","3","1","3",2,2,3,NA,"NRP","","","",1,0,0,4,0,2,"BMW",1200,"R1200RT","Routière / GT","2","2012","37",1,2,8000,"7","YAMAHA","250","TDR","Routière / GT","2","1988","37",4,1,1000,"7","","","","","",NA,NA,NA,NA,NA,"","",NA,"","",NA,NA,NA,NA,NA,NA,"","",NA,"","",NA,NA,NA,NA,NA,NA,NA,9000,"3",4,NA,NA,NA,NA,NA,NA,NA,"NRP","NRP","NRP","NRP","1973","NRP","NRP","1973","NRP","","","","Motorcycle"
"72",803,3941,"206",1,0,2,"","",NA,NA,NA,0,4,"","","",NA,NA,0,5,"","",NA,"",NA,0,5,"","",NA,NA,NA,1,4,"1980","","","","",0,5,"","","",NA,NA,0,3,"",NA,NA,NA,NA,0,5,"","","",NA,NA,1,3,"1977","","","","",0,5,"","","","","",0,5,"","","","","",0,2,"","",NA,NA,NA,0,4,"","","",NA,NA,0,3,"","",NA,NA,NA,0,NA,2,"","","","","","","","","","","","","","","",NA,NA,2,1,34,1,21,"5",1980,"","1980","Vous circuliez sur un axe prioritaire. Un véhicule venant dun axe non prioritaire vous a coupé la route.","6","","",NA,"",NA,"","J'étais dans une courbe descendante avec une visibilité réduite à cause des pavillons. La voiture a traversé le stop (dans l'intérieur de la courbe) pour rentrer dans sa propriété, en face, sur l'extérieur de la courbe. J'ai vu la voiture démarrer au moment ou j'arrivais et j'ai freiné. Mais ai senti que je ne pourrai pas éviter la voiture. J'ai bloqué la roue arrière pour coucher la moto et m'éviter un choc corporel avec le véhicule. La moto a percuté seule la voiture pendant que je me suis retrouvé assis sur la route.","Virage en descente, faible visibilité, freinage moins efficace car moto penchée.","J'ai essayé de freiner mais j'étais penché et en descente. La moto ne ralentissait pas assez pour éviter le choc.  La conductrice de la voiture ne m'avait probablement pas vu.","NRP","0","","","Pas de dégagement possible, voiture en plein milieu de la route,manque de distance pour pouvoir s'arrêter.","2","0","","","","","","4","6","",NA,NA,"","","",NA,NA,2,NA,"1",NA,"j'ai senti que je n'avais pas la possibilité d'arrêter la moto pour éviter le choc. Manque de puissance au freinage.","4","1","2","","1","1","3","3","2","1","1","1",2,1,4,4,4,1,NA,NA,NA,NA,NA,NA,NA,NA,2,"","","","",NA,NA,NA,NA,2,2,NA,2,1,1,1,25,75,0,0,0,"2","","","",NA,NA,"1","1","","",NA,1,NA,NA,NA,NA,NA,NA,NA,NA,NA,NA,2,"1","3",NA,0,65,1,2,3,4,NA,NA,NA,NA,"",NA,"4","4","4","4","4","4","HONDA","750","CB-KZ","ROADSTER","2","1","1",1,1,1,"1",2,1,1,"1","7500","12","2","1","HONDA","125","XL-S","TRAIL / SUPERMOTARD","2","3","4","16JUL1959","7","2","3",2,2,3,NA,"NRP","","","",1,0,0,1,0,1,"YAMAHA",900,"TDM ABS","ROADSTER","2","2011","29",1,2,7000,"7","","","","","","","",NA,NA,NA,"","","","","","",NA,NA,NA,NA,NA,"","",NA,"","",NA,NA,NA,NA,NA,NA,"","",NA,"","",NA,NA,NA,NA,NA,NA,NA,7000,"4",3,NA,NA,NA,NA,NA,NA,NA,"NRP","NRP","NRP","NRP","1978","NRP","NRP","1978","NRP","","","","Motorcycle"
"73",945,3948,"67",1,1,6,"NSP","",NA,NA,NA,0,5,"","","",NA,NA,0,6,"","",NA,"",NA,0,4,"","",NA,NA,NA,0,5,"","","","","",0,6,"","","",NA,NA,0,4,"",NA,NA,NA,NA,0,6,"","","",NA,NA,1,5,"NSP","","","","",0,4,"","","","","",0,6,"","","","","",0,2,"","",NA,NA,NA,0,4,"","","",NA,NA,0,3,"","",NA,NA,NA,1,1,3,"2008","","","","","Rodez","","","","","Percuté par l'arrière, alors que j'étais à l'arret avant d'entrer dans un rond-point (sur la ligne de ceder le passage)","","","","",0,10,3,3,30,1,71,"15",2008,"Rodez","2008","Autre(s) type(s) d'accident(s).","3","","",NA,"",NA,"","J'attendais de pouvoir m'engager dans un rond-point, j'ai été percuté par l'arrière. Une automobiliste qui regardait les voitures dans le rond point et pas devant elle...","Une automobiliste qui a mieux à faire que regarder devant elle.","Aucune, l'automobiliste a freiné. J'ai essayé d'empêcher ma moto de tomber.","3","0","","","J'etais à l'arret, il n'y avait aucun échappatoire","3","1","2","","NSP","2","NRP","9","","",NA,NA,"","de la colére","",NA,NA,NA,NA,"",1,"Parce qu'il y en a marre des conducteurs qui se croient seuls sur la route","3","4","","","2","4","4","4","1","1","1","1",1,4,4,4,4,10,NA,NA,NA,NA,NA,NA,NA,NA,2,"","","","",NA,NA,NA,NA,2,2,NA,2,1,1,1,0,100,0,0,0,"1","3","","",NA,NA,"3","1","","",NA,1,NA,NA,NA,NA,NA,NA,NA,NA,NA,NA,2,"4","1",1,0,0,1,10,2,3,4,7,NA,NA,"",NA,"4","4","4","2","4","4","DUCATI","695","MONSTER","ROADSTER","2","1","1",1,1,1,"1",1,1,1,"1","NSP","12","4","1","KAWASAKI","750","ZR-7 S","ROADSTER","2","3","3","05NOV1957","11","1","3",2,3,4,1,"NRP","","","",3,0,0,2,0,2,"MOTO GUZZI",750,"V7 STONE","ROADSTER","2","2012","37",2,1,8000,"7","SHERCO","125","SHERCO 1.25","TOUT TERRAIN (TRIAL, ENDURO, CROSS)","2","2006","41",4,1,0,"7","","","","","",NA,NA,NA,NA,NA,"","",NA,"","",NA,NA,NA,NA,NA,NA,"","",NA,"","",NA,NA,NA,NA,NA,NA,NA,8000,"3",4,NA,NA,NA,NA,NA,NA,NA,"NRP","NRP","NRP","NRP","1979","NRP","NRP","1976","NRP","","","","Motorcycle"
"74",111,3982,"73",1,1,6,"2009","",NA,NA,NA,0,5,"","","",NA,NA,0,4,"","",NA,"",NA,0,4,"","",NA,NA,NA,1,5,"2005","","","","",0,3,"","","",NA,NA,0,3,"",NA,NA,NA,NA,0,3,"","","",NA,NA,0,2,"","","","","",0,2,"","","","","",0,4,"","","","","",0,3,"","",NA,NA,NA,0,2,"","","",NA,NA,0,3,"","",NA,NA,NA,0,NA,2,"","","","","","","","","","","","","","","",NA,NA,0,2,9,1,1,"1",2009,"","2009","Vous circuliez sur un axe prioritaire. Un autre véhicule arrivant sur le même axe en sens opposé vous a coupé la route en tournant à gauche.","3","4","6",NA,"",NA,"","franchissement d'un carrefour au feu vert se terminant( j'ai eu juste le temps d'apercevoir l'orange s'allumer au moment de mon passage)Comme le carrefour était assez large et ma vitesse normale( 40 à 50 km/h) je pense qu'en face le feu etait oange ''bien mûr'' ou même rouge quand je suis arrivé de l'autre coté du carrefour.en face, un velomoteur qui je pense a voulu eviter ce feu rouge en coupant à travers le parking du supermarché à sa gauche(à ma droite)...","la rapidité de l'action, même avec une vitesse normale, donc l'impossibilité d'eviter le velomoteur.","freinage violent et desespéré, de toute façon impossibilité d'evitr le choc, le velomoteur etant en travers de ma voie de circulation au moment du choc. Pas de possibilité d'evitement lateral(vehicules à l'arret à gauche et trottoir + muret à droite)","NRP","0","","","voir plus haut!","3","1","2","","etait il en pleine possession de ses moyens?vue? alcool? je ne l'ai pas su..","1","il est le declencheur de l'accident, en ayant obliqué sans prévenir","3","6","",NA,NA,"","","",NA,2,NA,NA,"1",NA,"d'apres mes souvenirs il y a une dizaine de mètres entre l'endroit ou je l'ai vu obliquer et l'endroit du choc. Ca fait donc tres peu de temps.. il y a eu des marques de freinage sur 3 ou 4 mètres, ca a du quand même diminuer la violence de l'impact, mais c'etait insuffisant","4","3","","","1","1","3","4","1","1","1","2",3,5,4,4,4,10,NA,NA,NA,NA,NA,NA,NA,NA,1,"1","","","",NA,NA,NA,NA,2,2,NA,2,1,1,1,0,90,0,10,0,"2","","","",NA,NA,"3","1","","",NA,2,1,4,NA,NA,NA,NA,NA,NA,0,NA,2,"1","2",NA,0,45,1,10,2,3,5,NA,NA,NA,"",NA,"4","4","4","4","4","4","BMW","1100","R1100R ABS","ROADSTER","2","0","1",1,1,1,"1",1,1,1,"1","60000","11","4","1","VESPA","125","GRANDTURISMO L","SCOOTER","2","4","4","07APR1968","4","1","3",2,5,4,3,"NRP","","","",1,0,0,1,0,1,"BMW",1100,"R1100R ABS","ROADSTER","2","1996","37",1,2,7000,"4","","","","","","","",NA,NA,NA,"","","","","","",NA,NA,NA,NA,NA,"","",NA,"","",NA,NA,NA,NA,NA,NA,"","",NA,"","",NA,NA,NA,NA,NA,NA,NA,7000,"3",4,NA,NA,NA,NA,NA,NA,NA,"NRP","NRP","NRP","NRP","2006","NRP","NRP","1986","NRP","","","","Motorcycle"
"75",468,3988,"79",1,0,2,"","",NA,NA,NA,0,2,"","","",NA,NA,0,2,"","",NA,"",NA,0,2,"","",NA,NA,NA,0,2,"","","","","",0,3,"","","",NA,NA,0,1,"",NA,NA,NA,NA,0,2,"","","",NA,NA,1,4,"2007","","","","",1,2,"2011","","","","",0,2,"","","","","",0,3,"","",NA,NA,NA,1,2,"2014","","",NA,NA,0,2,"","",NA,NA,NA,0,NA,3,"","","","","","","","","","","","","","","",NA,NA,6,2,8,1,61,"13",2014,"","2014","Vous circuliez derrière un véhicule. Ce véhicule a freiné ou a ralenti et vous lavez percuté par larrière.","3","6","",NA,"",NA,"","En vacances en Croatie, sur la  route côtière, nous circulions avec mon amie peu après Split en direction de Dubrovnik.  Alors que nous revenions aux motos après avoir visité Split, je me suis apperçu qu'on m'avait volé mon blouson et mes gants que j'avais laissé sécurisés (pas assez faut-il croire) sur la moto. C'est donc assez pertubé et déstabilisé que nous avons repris notre route : le samedi après-midi les magasins sont fermés. C'est donc en T-shirt et mains nues que j'ai repris la route et l'esprit bien occupé en me questionnant sur la manière dont j'allai pouvoir solutionner cela ! A peine deux heures après c'est dans cet ""état second"" que j'ai percuté la voiture qui me précédait et qui avait freiné. IL a fallu palabrer en anglais pendant plus de deux heures avec le chauffeur de la voiture et ensuite les flics croates. Payer une amende (eh oui, quand vous avez un accident et que vous êtes en tort vous avez une amende en Croatie ...) légale ou non : j'ai eu quand même un reçu ...  Avoir un accident dans ces circonstances vous met en situation de dépendance et de faiblesse incroyable : dépendance du bon vouloir de ceux qui sont du pays (traduction des conversation et même (surtout ?) du constat que vous êtes incapables de faire tout seul, vous le cochez en fonction de ce qu'on veut bien vous dire en terme de traduction (facile de se faire avoir !), etc. ...","Le contexte préalable de vol de mes protections (blouson et gants) qui me préoccupaient de manière importante : pas suffisamment concentré sur la conduite.","tentative de freinage d'urgence,  essai de maitriser la ruade de la moto (la roue arrière a décollé de 20-30 cm d'après mon amie qui me suivait) : pas de chute. pas d'action du conducteur de la voiture (grosse berline allemande ...)","2","1","Déjà, en amont de l'accident, nous n'aurions pas dû reprendre la route, du moins trouver un camping immédiatement !  Sur l'accident si j'avais été un peu plus conscient, j'aurai pû essayer d'éviter la voiture par sa gauche, mais n'aurais pas percuté de front un éventuel véhicule venant d'en face, ce qui aurait été pire encore.","idem : absent mentalement","","2","0","","","","","","2","4","",NA,NA,"","","",1,NA,2,NA,"",NA,"C'est comme si je sortai de ma torpeur : un peu comme si mon cerveau était jusqu'alors en veille et que l'accident le réactivait","1","1","3","","2","4","3","3","2","1","4","3",1,4,4,3,4,2,4,NA,NA,NA,NA,NA,NA,NA,1,"AUT|la route cotière est un superbe ruban droit et surfréquenté","","","",NA,NA,NA,NA,2,2,NA,2,2,1,1,75,0,0,25,0,"2","","","",NA,NA,"3","1","AUT|ruban de goudron tout neuf","",NA,1,NA,NA,NA,NA,NA,NA,NA,NA,NA,NA,3,"2","3",NA,0,70,1,3,9,NA,NA,NA,NA,NA,"",NA,"4","4","4","3","4","4","HONDA","1000","CBF ABS","ROADSTER","2","0","0",0,1,1,"1",1,1,1,"1","65000","10","3","1","BMW","1200","R1200GS ABS","TRAIL / SUPERMOTARD","2","2","4","15DEC1956","7","1","3",2,1,1,NA,"NRP","","","",1,0,0,1,0,1,"BMW",1200,"R1200GS ABS","TRAIL / SUPERMOTARD","2","2005","37",1,2,19000,"7","","","","","","","",NA,NA,NA,"","","","","","",NA,NA,NA,NA,NA,"","",NA,"","",NA,NA,NA,NA,NA,NA,"","",NA,"","",NA,NA,NA,NA,NA,NA,NA,19000,"2",3,4,NA,NA,NA,NA,NA,NA,"NRP","NRP","NRP","1980","2007","NRP","NRP","1980","NRP","","","","Motorcycle"
"76",971,3990,"36",1,0,2,"","",NA,NA,NA,0,4,"","","",NA,NA,0,4,"","",NA,"",NA,0,2,"","",NA,NA,NA,1,5,"2003","","","","",1,5,"2001","","",NA,NA,0,2,"",NA,NA,NA,NA,0,2,"","","",NA,NA,1,4,"2014","","","","",0,2,"","","","","",0,4,"","","","","",0,2,"","",NA,NA,NA,0,4,"","","",NA,NA,0,4,"","",NA,NA,NA,0,NA,3,"","","","","","","","","","","","","","","",NA,NA,15,0,15,1,26,"6",2001,"","2001","Vous remontiez une file de véhicules par la gauche. Un véhicule de la file a laissé passer un autre véhicule venant dun autre axe non prioritaire. Ce dernier vous a coupé la route.","2","","",NA,"",NA,"","Même si le véhicule que j'ai percuté était en tord, j'aurais sûrement dû être plus vigilant.  Ma vitesse relative n'était pas élevée (<10km/h) mais mon attention ce matin là, 5mn après avoir démarré de chez moi, n'était pas encore optimale. J'étais jeune et inexpérimenté (moins de 4 ans de permis mais utilisation quotidienne d'un 600 cm3 pendant 2 ans) et même si j'avais conscience du danger, le quotidien et ses habitudes sont un vrai danger que j'avais sous-estimé. Ce n'est plus arrivé depuis !","C'est précisément mon inattention et probablement aussi celle du conducteur de l'autre véhicule qui ont été déterminant dans cet accrochage.","Dans la mesure où il s'est écoulé 14 ans .... je vais tenter de me rappeler .... Je remontais une file de voitures arrêtées à un feu sur une rue à deux voies. D'autres rues débouchent perpendiculairement sur celle-ci. Alors que je remontais cette file à petite allure sur la ligne blanche et arrivé à hauteur d'une des rues perpendiculaires, venant de droite une camionnette blanche a débouché. Je ne l'ai vue qu'au moment ou son capot avant dépassait de la file de voiture devant moi. J'ai alors pilé mais la roue de ma moto est venue percuter l'aile avant-gauche du véhicule et moi je suis passé par dessus le capot en faisant une ""roulade avant"" comme je l'ai appris pendant 18 ans de Judo. Je me suis retrouvé assis de l'autre coté de la voiture qui elle-aussi a pilé puis s'est arrêtée. Je me suis rapidement relevé et je suis retourné voir ma moto qui était alors restée appuyée sur l'aile de la voiture. Nous nous sommes éloigné du bouchon pour dresser le constat.","NRP","0","","","Lorsque je me suis rendu compte de l'imminence du choc il était trop tard pour l'éviter sans risquer de percuter un véhicule venant en sens inverse.","2","1","1","1","Manque de visibilité, du fait de la présence des voitures arrêtées dans la file, pour pouvoir traverser et partir en sens inverse de la file.","2","NRP","2","","",NA,NA,"","","",1,NA,NA,NA,"",NA,"Je ne m'y attendais pas et je me concentrai uniquement sur ma remontée de voitures et pas sur les voies annexes.","3","3","","","1","2","4","3","1","1","1","1",2,4,4,4,4,2,NA,NA,NA,NA,NA,NA,NA,NA,2,"","","","",NA,NA,NA,NA,2,2,NA,2,1,3,1,40,60,0,0,0,"2","","","",NA,NA,"4","1","","",NA,1,NA,NA,NA,NA,NA,NA,NA,NA,NA,NA,1,"1","1",1,0,15,1,10,2,4,7,NA,NA,NA,"",NA,"3","4","4","4","4","4","YAMAHA","600","XTE","TRAIL / SUPERMOTARD","2","1","1",1,1,1,"1",1,1,1,"1","50000","12","3","0","","","","","","","","21JUL1975","5","1","3",2,4,4,2,"NRP","","","",1,0,0,1,0,1,"KAWASAKI",750,"Z 750-N IE","ROADSTER","2","2005","37",1,2,15000,"4","","","","","","","",NA,NA,NA,"","","","","","",NA,NA,NA,NA,NA,"","",NA,"","",NA,NA,NA,NA,NA,NA,"","",NA,"","",NA,NA,NA,NA,NA,NA,NA,15000,"3",4,NA,NA,NA,NA,NA,NA,NA,"NRP","NRP","NRP","NRP","1996","NRP","NRP","1993","NRP","","","","Motorcycle"