"","Ligne","Ligne.Q.qualif","Ligne.approfondissement.Accident","ACCIDENT","NBACC1","ACCFREQUENCE1","ANNEEACC1_1","ANNEEACC1_2","ANNEEACC1_3","ANNEEACC1_4","ANNEEACC1_5","NBACC2","ACCFREQUENCE2","ANNEEACC2_1","ANNEEACC2_2","ANNEEACC2_3","ANNEEACC2_4","ANNEEACC2_5","NBACC3","ACCFREQUENCE3","ANNEEACC3_1","ANNEEACC3_2","ANNEEACC3_3","ANNEEACC3_4","ANNEEACC3_5","NBACC4","ACCFREQUENCE4","ANNEEACC4_1","ANNEEACC4_2","ANNEEACC4_3","ANNEEACC4_4","ANNEEACC4_5","NBACC5","ACCFREQUENCE5","ANNEEACC5_1","ANNEEACC5_2","ANNEEACC5_3","ANNEEACC5_4","ANNEEACC5_5","NBACC6","ACCFREQUENCE6","ANNEEACC6_1","ANNEEACC6_2","ANNEEACC6_3","ANNEEACC6_4","ANNEEACC6_5","NBACC7","ACCFREQUENCE7","ANNEEACC7_1","ANNEEACC7_2","ANNEEACC7_3","ANNEEACC7_4","ANNEEACC7_5","NBACC8","ACCFREQUENCE8","ANNEEACC8_1","ANNEEACC8_2","ANNEEACC8_3","ANNEEACC8_4","ANNEEACC8_5","NBACC9","ACCFREQUENCE9","ANNEEACC9_1","ANNEEACC9_2","ANNEEACC9_3","ANNEEACC9_4","ANNEEACC9_5","NBACC10","ACCFREQUENCE10","ANNEEACC10_1","ANNEEACC10_2","ANNEEACC10_3","ANNEEACC10_4","ANNEEACC10_5","NBACC11","ACCFREQUENCE11","ANNEEACC11_1","ANNEEACC11_2","ANNEEACC11_3","ANNEEACC11_4","ANNEEACC11_5","NBACC12","ACCFREQUENCE12","ANNEEACC12_1","ANNEEACC12_2","ANNEEACC12_3","ANNEEACC12_4","ANNEEACC12_5","NBACC13","ACCFREQUENCE13","ANNEEACC13_1","ANNEEACC13_2","ANNEEACC13_3","ANNEEACC13_4","ANNEEACC13_5","NBACC14","ACCFREQUENCE14","ANNEEACC14_1","ANNEEACC14_2","ANNEEACC14_3","ANNEEACC14_4","ANNEEACC14_5","AUTRESACC","NBAUTRESACC","TOTAL_AC","ANNEEAUTREACC1","ANNEEAUTREACC2","ANNEEAUTREACC3","ANNEEAUTREACC4","ANNEEAUTREACC5","LIEUAUTREACC1","LIEUAUTREACC2","LIEUAUTREACC3","LIEUAUTREACC4","LIEUAUTREACC5","DESCRIPTIONAUTRESACC1","DESCRIPTIONAUTRESACC2","DESCRIPTIONAUTRESACC3","DESCRIPTIONAUTRESACC4","DESCRIPTIONAUTRESACC5","NBAUTRESACCCIRCUIT","NBAUTRESTOUTTERRAIN","EXPCYCLO","EXP125","EXPSUP125","ACCORDNEXTQ","CHOIXACC","RGPMTACC","RECUPANNEE","RECUPLIEU","RECUPANNE","RGPMTAC","CHOIX1","CHOIX2","CHOIX3","CHOIX4","CHOIX5","CHOIX6","CHOIX7","DESCRIPTION","RUPTURE","FAITS","ABS_REACTION","AUTRE_REACTION","PRECISIONREACTIONOUI","RECUL","PRECISIONREACTIONNON","IMPACTCOMPORTEMENT","AUTREUSAGER","REACTIONAUTREUSAGER","CONNAISSANCEREACTIONUSAGER","DIFFICULTES","AGGRAVATION","DIFFICULTES2","EMOTIONS1","EMOTIONS2","EMOTIONS3","EMOTIONS4","EMOTIONS5","EMOTIONS6","AUTRESENTIMENT","CLASSEMENTEMOTIONS1","CLASSEMENTEMOTIONS","CLASSEMENTEMOTIONS5","CLASSEMENTEMOTIONS6","CLASSEMENTEMOTIONS7","CLASSEMENTEMOTIONS8","CLASSEMENTEMOTIONS9","EXPLICATIONRESSENTI","BIENEQUIPE","ALLURE","ALLUREVITEDETAIL","ALLURELENTEDETAIL","SITUATIONPRESSE","SITUATIONDISTRAIT","SITUATIONCONFIANT","SITUATIONCONTROLE","SITUATIONLUDIQUE","SITUATIONPERF","SITUATIONSTRESS","SITUATIONFATIGUE","HUMEURNEUTRE","HUMEURGAI","HUMEURMECONTENT","HUMEURTRISTE","HUMEURCOLERE","CONTRIBUTION1","CONTRIBUTION2","CONTRIBUTION3","CONTRIBUTION4","CONTRIBUTION5","CONTRIBUTION6","CONTRIBUTION7","CONTRIBUTION8","CONTRIBUTION9","ROLEINFRA","ELEMENTINFRA1","ELEMENTINFRA2","ELEMENTINFRA3","ELEMENTINFRA4","ELEMENTINFRA5","ELEMENTINFRA6","ELEMENTINFRA7","ELEMENTINFRA8","ELEMENTINFRA9","ALCOOL","TXALCOOL","STUP","SEMAINE","MOMENTJOURNEE","TEMPS","CAUSEACC1","CAUSEACC2","CAUSEACC3","CAUSEACC4","CAUSEACC5","FORMATIONCAUSE","FORMATION1","FORMATION2","FORMATION3","FORMATION4","FORMATION5","TRAFIC","CHAUSSEE1","CHAUSSEE2","CHAUSSEE3","CHAUSSEE4","TYPEACC","BLESSURE","TETE","COU","THORAX","MEMBRESSUP","COLONNE","BASSIN","MEMBRESINF","HOPITAL","PLUS24H","TRAJET","TYPEROUTE","MOTIF","SENSTRAJET","PASSAGER","VITESSE","DESCEQ1","DESCEQ2","DESCEQ3","DESCEQ4","DESCEQ5","DESCEQ6","DESCEQ7","DESCEQ8","DESCEQ9","DESCEQ10","VEHICULEETE","VEHICULEAUTOMNE","VEHICULEPRINTEMPS","VEHICULEHIVER","VEHICULESEMAINE","VEHICULEWE","VEHMARQUE","VEHCYLINDREE","VEHMODELE","VEHSEGMENT","VEHSIDE","EQ2RMABS","EQ2RMCBS","EQ2RMABSCBS","EQ2RMREGULATEUR","EQ2RMLIMITEUR","EQ2RMPHARESDIRECT","EQ2RMCOUPURE","EQ2RMANTIPATINAGE","EQ2RMANTIXHEELING","EQ2RMSTABILILTE","VEHKM","POINTS","DUREE","AUTRE2RM","VEHPRECMARQUE","VEHPRECCYLINDREE","VEHPRECMODELE","VEHPRECSEGMENT","VEHPRECSIDE","TEMPS2RMPREC","FREQVEHPREC","DATE_NAISS","CSP","SOCIETAIRE","SALARIE","SECTEUR2RM","NBPERSFOYER","SITFAM","NBENF","TRNBENF1","TRNBENF2","TRNBENF3","TRNBENF4","NBAUTOFOYER","NBCYCLOFOYER","NBSCOOTFOYER","NBMOTOFOYER","NBTRIKEFOYER","NB2RMCONDUIT","MARQUE1","CYLINDREE1","MODELE1","SEGMENT1","SIDE1","ANMISECIRCU1","ASS1","FREQ1","USAGE1","NBKM1","GARAGE1","MARQUE2","CYLINDREE2","MODELE2","SEGMENT2","SIDE2","ANMISECIRCU2","ASS2","FREQ2","USAGE2","NBKM2","GARAGE2","MARQUE3","CYLINDREE3","MODELE3","SEGMENT3","SIDE3","ANMISECIRCU3","ASS3","FREQ3","USAGE3","NBKM3","GARAGE3","MARQUE4","CYLINDREE4","MODELE4","SEGMENT4","SIDE4","ANMISECIRCU4","ASS4","FREQ4","USAGE4","NBKM4","GARAGE4","MARQUE5","CYLINDREE5","MODELE5","SEGMENT5","SIDE5","ANMISECIRCU5","ASS5","FREQ5","USAGE5","NBKM5","GARAGE5","NBKMTOT","PERMIS1","PERMIS2","PERMIS3","PERMIS4","PERMIS5","PERMIS6","PERMIS7","PERMIS8","PERMIS9","ANPERMIS1","ANPERMIS6","ANPERMIS7","ANPERMIS2","ANPERMIS3","ANPERMIS8","ANPERMIS9","ANPERMIS4","ANPERMIS5","X","X.1","X.2","isScooter"
"77",549,3995,"374",1,0,3,"","",NA,NA,NA,0,2,"","","",NA,NA,1,6,"1998","",NA,"",NA,0,5,"","",NA,NA,NA,1,3,"2000","","","","",0,5,"","","",NA,NA,0,5,"",NA,NA,NA,NA,0,6,"","","",NA,NA,1,5,"1997","","","","",1,6,"2006","","","","",0,3,"","","","","",0,3,"","",NA,NA,NA,0,3,"","","",NA,NA,0,2,"","",NA,NA,NA,1,1,5,"2000","","","","","paris","","","","","sol mouillé. feu passe au rouge. perte de la roue avant sur la peinture passage pieton. glissade. pas trop de dégats, faible vitesse.","","","","",0,0,2,0,20,1,11,"3",1998,"","1998","Vous remontiez une file de véhicules (à larrêt ou au ralenti) par la gauche. Un véhicule de cette file vous a coupé la route en tournant à gauche.","AUT|celui qui m'a rappelé le code de la route","","",NA,"",NA,"","En ville, une longue file de véhicules roule au pas. Je remonte la file par la gauche en mordant sur la voie à contre sens. Il n'y a pas de ligne blanche continue qui sépare les 2 voies. Il n'y a pas non plus de véhicule venant en sens inverse. J'ai mon clignotant afin de signaler mon ""dépassement"". Je pense donc respecter pleinement le code de la route. Une voiture, qui roule dans le même sens que moi, me coupe soudainement la route en traversant la voie sur laquelle je me trouve. Son but, entrer dans un parking sur la gauche, en traversant la voie à contre sens. Le tout s'est produit à moins de 30 km/h. Résultat : moi indemne, moto abimée et conducteur de la voiture confus de ne pas m'avoir vu. Conclusions de l'assureur : il est interdit de doubler en ville. Tout pour ma pomme.","l'accident est dû à mon manque total d'anticipation. A aucun moment il ne m'est venu à l'idée qu'une voiture pouvait me couper la route. Depuis, dans cette même situation, j'essaye d'anticiper, aussi bien en ville que lorsque je double hors agglomération. Un véhicule pourrait effectivement tourner à gauche (rentrer dans une propriété ou autre...) sans m'avoir remarqué.","J'ai ""suivi"" la trajectoire de la voiture pendant un cours instant (j'ai tourné avec elle pour éviter le choc). L'accident a eu lieu car la voiture a pris un angle à 45° et j'étais trop proche à ce moment là. Je n'ai pas eu le temps de freiner. Le conducteur ne m'a vu que lorsque j'étais dans sa portière.","2","0","","","Certes, j'étais en tort du point de vue du code de la route et je n'avais pas anticipé cette situation mais je ne peux rien contre l'inattention d'un autre conducteur.","2","0","","","","","","2","6","9",NA,NA,"","Du fatalisme... Et merde, trop tard ! Le tout s'est joué en moins de 5 ou 6 secondes.","",1,NA,NA,NA,"3",2,"Ben qu'est ce qu'il fout ?????","3","3","","","3","3","3","3","2","1","1","1",1,4,4,4,4,4,5,NA,NA,NA,NA,NA,NA,NA,2,"","","","",NA,NA,NA,NA,2,2,NA,2,1,1,1,0,100,0,0,0,"1","3","4","",NA,NA,"3","1","","",NA,1,NA,NA,NA,NA,NA,NA,NA,NA,NA,NA,1,"1","1",1,0,30,1,10,2,3,4,NA,NA,NA,"",NA,"4","4","4","4","4","4","HONDA","600","CBR 600F","SPORTIVE","2","1","1",1,1,1,"1",1,1,1,"1","50000","12","3","0","","","","","","","","19JUN1971","7","1","3",2,5,4,3,"NRP","","","",1,0,0,1,0,1,"VICTORY",1730,"VISION TOUR","Routière / GT","2","2011","37",3,1,9000,"6","","","","","","","",NA,NA,NA,"","","","","","",NA,NA,NA,NA,NA,"","",NA,"","",NA,NA,NA,NA,NA,NA,"","",NA,"","",NA,NA,NA,NA,NA,NA,NA,9000,"2",3,4,NA,NA,NA,NA,NA,NA,"NRP","NRP","NRP","1990","1993","NRP","NRP","1990","NRP","","","","Motorcycle"
"78",223,3998,"214",1,0,2,"","",NA,NA,NA,0,5,"","","",NA,NA,1,5,"2014","",NA,"",NA,0,3,"","",NA,NA,NA,2,4,"1985","2014","","","",1,4,"2014","","",NA,NA,0,3,"",NA,NA,NA,NA,0,5,"","","",NA,NA,0,4,"","","","","",0,5,"","","","","",0,5,"","","","","",0,3,"","",NA,NA,NA,1,4,"2008","","",NA,NA,0,2,"","",NA,NA,NA,0,NA,5,"","","","","","","","","","","","","","","",NA,NA,0,2,38,1,22,"5",2014,"","2014","Vous circuliez sur un axe prioritaire. Un véhicule venant dun axe non prioritaire vous a coupé la route.","3","4","",NA,"",NA,"","En ville, je remontais sur la gauche une file de véhicules à l'arret, à 20km/h environ. les véhicules ont laissé passer un véhicule qui venait de droite et qui voulait tourner à G, en franchissant une ligne continue. Il faisait nuit, nous ne nous sommes pas vus et il m'a percuté sur le flanc D de la moto. Des dégats matériels et une fracture de clavicule pour moi. Responsabilité jugée partagée pour mon assurance (MMotards).","Un véhicule traverse une file de véhicules à l'arret et ne voit pas un 2RM qui circule le long de cette file: avant du véhicule qui déborde sans visibilité","Freinage brutal ayant déclenché l'ABS sur 2 metres et choc avec l'avant G du véhicule. Le véhicule en question avancait lentement mais ne m'a pas vu avant le choc, et n'a donc pas freiné.","NRP","1","J'aurai du voir l'espace entre 2 véhicules de la file arretée et supposer qu'un autre véhicule pouvait s'engager.","Il faisait nuit et fin d'une journée de travail, donc moins attentif...","","2","1","2","","Ne m'a pas vu et ne pouvait pas me voir plus de 2 m avant le choc","1","la traversée d'une file impose, avant d'engager l'avant de son véhicule, de vérifier qu'on peut le faire sans risque. Franchissement d'une ligne continue pour accomplir sa manoeuvre","2","","",NA,NA,"","","",1,NA,NA,NA,"",NA,"je n'avais pas prévu qu'un véhicule puisse se trouver à cet endroit (sortait d'une impasse). Ligne continue empêchant théoriquement cette manoeuvre","4","3","","","3","3","3","3","1","1","2","4",4,4,4,4,4,3,4,5,NA,NA,NA,NA,NA,NA,2,"","","","",NA,NA,NA,NA,2,2,NA,2,1,2,1,10,90,0,0,0,"1","AUT|formation des 4RM envers les 2RM","","",NA,NA,"4","1","","",NA,2,1,4,NA,NA,NA,NA,NA,NA,1,1,1,"1","1",2,0,20,1,2,3,4,7,9,NA,NA,"",NA,"4","4","4","4","4","2","KAWASAKI","1000","Z1000 IE SX ABS","Routière / GT","2","0","1",1,1,1,"1",2,1,1,"1","16000","12","4","1","KTM","990","SUPERDUKE R","ROADSTER","2","4","4","17SEP1952","5","1","3",2,2,3,NA,"NRP","","","",1,0,0,1,0,1,"KAWASAKI",1000,"Z1000H INJECTION","ROADSTER","2","2012","37",1,2,8000,"7","","","","","","","",NA,NA,NA,"","","","","","",NA,NA,NA,NA,NA,"","",NA,"","",NA,NA,NA,NA,NA,NA,"","",NA,"","",NA,NA,NA,NA,NA,NA,NA,8000,"3",4,NA,NA,NA,NA,NA,NA,NA,"NRP","NRP","NRP","NRP","1977","NRP","NRP","1970","NRP","","","","Motorcycle"
"79",814,3999,"92",1,0,3,"","",NA,NA,NA,0,4,"","","",NA,NA,0,4,"","",NA,"",NA,1,3,"1994","",NA,NA,NA,0,4,"","","","","",0,4,"","","",NA,NA,0,3,"",NA,NA,NA,NA,0,4,"","","",NA,NA,1,4,"2000","","","","",0,4,"","","","","",0,4,"","","","","",0,4,"","",NA,NA,NA,1,3,"1993","","",NA,NA,0,3,"","",NA,NA,NA,0,NA,3,"","","","","","","","","","","","","","","",NA,NA,0,0,23,1,16,"4",1994,"","1994","Vous circuliez derrière un véhicule. Vous avez entrepris de dépasser ce véhicule par la droite et celui-ci vous a coupé la route en tournant à droite.","AUT|énervant","","",NA,"",NA,"","je suivait une voiture en ville, arrivé à un carrefour elle met son clignotant à gauche pour tourner. roulant pas plus de 10kmh je décide de passer à droite du véhicule pour le dépasser car la voie est large et le véhicule serrait à gauche et d'un coup il tourne sur sa droite me touchant, ce qui ma déséquilibré et j'ai chuté. Ayant à l'époque une 750 yzf, donc caréné, et bien tous les plastics on cassés sauf l'arrière gauche.la personne a reconnu tout de suite ses tors et ma dis quel pensait à quelque chose qui la fait changer de direction rapidement. Etant très énervé on a fait le constat immédiatement. cet accident ma appris à rester très vigilant en ville, surtout au carrefour d'autant plus maintenant avec toutes les nouvelles technologies qui peuvent distraire un conducteur et ainsi ne pas faire attention aux véhicules qui se déplace autour de lui.je reste sagement derrière et attend que le véhicule ai bien tourné. depuis le carrefour a été modifié non pas suite à mon accident mais à plusieurs situation dangereuse comme la mienne, il ont rétrécie la voie ainsi il est impossible de dépasser.","dès que je suis arrivé à sa hauteur, et que l'ai vu tourné le volant j'ai compris qu'il me renversait.","NRP","2","1","j'aurai gardé ma distance de sécurité c'est à dire resté derrière rien ne se serait passé.","manque de d'expérience par rapport à la méfiance des autres conducteurs.","","2","1","2","","il était choqué","NSP","NRP","6","","",NA,NA,"","","",NA,NA,NA,NA,"1",NA,"la surprise du changement de direction brutal.","3","3","","","1","1","3","3","3","1","1","1",3,4,4,4,4,10,NA,NA,NA,NA,NA,NA,NA,NA,2,"","","","",NA,NA,NA,NA,2,2,NA,2,1,1,1,0,100,0,0,0,"2","","","",NA,NA,"2","1","","",NA,1,NA,NA,NA,NA,NA,NA,NA,NA,NA,NA,1,"1","1",2,0,10,1,10,2,3,4,7,NA,NA,"",NA,"4","3","3","2","3","4","YAMAHA","750","YZF-R","SPORTIVE","2","1","1",1,1,1,"1",1,1,1,"1","NSP","12","3","1","YAMAHA","750","FZ","Routière / GT","null","4","3","16DEC1968","7","2","3",2,4,4,2,"NRP","","","",2,0,0,1,0,1,"YAMAHA",1000,"FZ1  N","ROADSTER","2","2008","29",2,1,3500,"7","","","","","","","",NA,NA,NA,"","","","","","",NA,NA,NA,NA,NA,"","",NA,"","",NA,NA,NA,NA,NA,NA,"","",NA,"","",NA,NA,NA,NA,NA,NA,NA,3500,"3",4,NA,NA,NA,NA,NA,NA,NA,"NRP","NRP","NRP","NRP","1991","NRP","NRP","1987","NRP","","","","Motorcycle"
"80",1034,4012,"311",1,0,6,"","",NA,NA,NA,0,6,"","","",NA,NA,0,4,"","",NA,"",NA,0,3,"","",NA,NA,NA,0,5,"","","","","",0,5,"","","",NA,NA,0,4,"",NA,NA,NA,NA,0,4,"","","",NA,NA,1,4,"2013","","","","",0,3,"","","","","",0,5,"","","","","",0,1,"","",NA,NA,NA,0,2,"","","",NA,NA,0,3,"","",NA,NA,NA,1,1,2,"2014","","","","","nant - aveyron","","","","","percuté par l'arrière par une autre moto","","","","",0,0,0,3,15,1,71,"15",2014,"nant - aveyron","2014","Autre(s) type(s) d'accident(s).","3","6","",NA,"",NA,"","sortie entre amis sur plusieurs jours. c'était le dernier jour et nous étions en train de rentrer. j'ouvrais le groupe et à la sortie d'un village, à l'approche d'un croisement, j'étais en train de vérifier la direction à prendre (à gauche ou tout droit). A ce moment là, un ami qui souhaitait faire une pose car sa passagère était fatiguée, a voulu doubler le groupe pour faire signe à tout le monde d'un arrêt demandé. il a entamé son dépassement mais ne s'est pas rendu compte que ceux de devant (dont moi) étions pratiquement à l'arrêt. le temps qu'il réalise, le choc entre nos motos n'a pu être évité. les autres ont vu le choc qui allait se produire et plusieurs en ont été choqué. nous nous en sortons tous assez bien puisque la personne la plus bléssée était ma passagère avec un trauma cranien.","la vigilance et la fatigue sont responsable de cet accident et quand on roule en groupe sur plusieurs jours, il faut vraiment insister pour faire de fréquentes poses et faire le point sur la fatigue des uns et des autres. il est important ensuite d'adapter le rythme du groupe et les routes, quitte à couper au plus court pour soulager si certains sont vraiment fatigués.","le choc venant par l'arrière sans que je puisse le voir arriver, j'ai été déséquilibré vers l'arrière et j'ai laché le guidon. j'ai donc subit sans pouvoir intervenir. la moto est parti en avant, a louvoyé sur quelques mètres avant de tomber sur le coté droit. l'ami (qui l'est toujours d'ailleurs) qui m'est rentré dedans, n'ayant vu qu'au dernier moment qu'il roulait beaucoup plus vite que moi, n'a pu freiner qu'au tout dernier moment et donc sans aucun effet sur le choc. les autres motards (dont certains travaillant dans le corps médical et un autre ancien gendarme, ça aide) ont tout de suite pris la situation en main par rapport aux blessés, à la circulation et la protection des lieux (personnes et véhicules)","3","0","","","je pensais que tout le monde suivait gentiment sans savoir qu'un d'entre nous souhaitait doubler le groupe à ce moment là.","2","1","1","1","trop près et n'a pas eu le temps suffisant pour éviter ou freiner suffisamment.","2","il est responsable vis à vis du code de la route car il n'a pas été maitre de son véhicule. mais l'accident est dû à un ensemble de circonstance et pas uniquement à sa conduite","7","","",NA,NA,"","","",NA,NA,NA,NA,"",NA,"","4","3","","","1","1","3","4","1","1","2","2",3,4,4,4,4,1,6,NA,NA,NA,NA,NA,NA,NA,2,"","","","",NA,NA,NA,NA,2,2,NA,2,2,1,1,20,80,0,0,0,"2","","","",NA,NA,"1","1","","",NA,2,1,7,NA,NA,NA,NA,NA,NA,0,NA,3,"2","3",NA,1,30,1,2,3,4,7,9,NA,NA,"",NA,"4","3","3","2","3","3","BMW","1200","K1200GT PACK PREMIUM","Routière / GT","2","0","0",0,0,1,"1",1,0,1,"1","75000","12","4","1","BMW","1100","R1100RT ""75""","Routière / GT","2","4","3","01OCT1963","7","2","3",2,2,3,NA,"NRP","","","",1,0,0,1,0,1,"BMW",1200,"K1200GT","Routière / GT","2","2006","16",2,1,25000,"4","","","","","","","",NA,NA,NA,"","","","","","",NA,NA,NA,NA,NA,"","",NA,"","",NA,NA,NA,NA,NA,NA,"","",NA,"","",NA,NA,NA,NA,NA,NA,NA,25000,"2",3,4,NA,NA,NA,NA,NA,NA,"NRP","NRP","NRP","1979","1995","NRP","NRP","1981","NRP","","","","Motorcycle"
"81",404,4018,"158",1,0,4,"","",NA,NA,NA,0,5,"","","",NA,NA,0,3,"","",NA,"",NA,0,2,"","",NA,NA,NA,0,5,"","","","","",0,3,"","","",NA,NA,0,2,"",NA,NA,NA,NA,0,3,"","","",NA,NA,1,3,"2011","","","","",0,5,"","","","","",0,4,"","","","","",0,2,"","",NA,NA,NA,0,4,"","","",NA,NA,0,2,"","",NA,NA,NA,0,NA,1,"","","","","","","","","","","","","","","",NA,NA,2,2,6,1,41,"9",2011,"","2011","Vous avez fait une sortie de route, une perte de contrôle ou une glissade sans rien percuter.","6","AUT|les autres étant des ""chutes à l'arrêt""","",NA,"",NA,"","Trajet domicile au travail un matin, accident en zone urbaine (dans la zone d'activités Techlid à LIMONEST 69). J'avais les pneus d'origines (de qualité médiocre).  Ce matin là, la route était humide (il venait de pleuvoir ou une pluie fine et légère était persistante).  La route à cet endroit est en virages successifs légers (pas fermés, donc tranquilles). Je roulais aux environs de 55Km/h), j'ai d'abord perdu l'adhérence de la roue arrière.  Après quelques secondes et avoir récupéré le contrôle de l'arrière, j'ai perdu le contrôle de la roue avant : effet ""guidonnage"". Je n'ai pas pu récupérer le contrôle et le guidon est resté braqué à fond puis j'ai chuté...  Du coup j'ai glissé sur le bitume, quelques mètres derrière la moto, en sens inverse de la circulation. Heureusement, aucun véhicule n'arrivait en face...  Je roule au quotidien en 2RM et à l'époque je n'avais que 3 mois d'expériences avec cette nouvelle moto et 2ans d'expériences gros cube (et avant 2ans d'expériences 125).","Pour ma part, c'était lié à la mauvaise qualité des pneus d'origine...  Mes difficultés ont été la récupération de la perte de contrôle de l'arrière, mais surtout de l'avant / guidonnage.","Accident en perte de contrôle, tout seul...  Par contre, les témoins piétons ainsi qu'un chauffeur de bus (transport en commun) se sont arrêtés pour me venir en aide (vérifier que tout allait bien) et m'aider à redresser la moto.  Concernant les actions, je ne me rappelles plus comment j'ai agi sur les freins AV ou AR, ni comment j'ai essayé de maitriser le guidon...","NRP","1","Avec l'expérience de conduite, les séances de prévention (au travers de journée organisée par la préfecture du Rhône), je pense que j'aurais mmieux gérer l'usage de l'embrayage et des freins ou mieux serrer la moto avec les genoux.","Par manque d'expériences et surtout de techniques.  Par ailleurs, depuis j'ai constaté une adhésion à la route sans commune mesure par rapport aux pneumatiques d'origines !","","2","0","","","","","","6","","",NA,NA,"","","",NA,NA,NA,NA,"1",NA,"Avec l'impossibilité de maitriser la moto et la perte de contrôle de l'avant, je n'ai pu que subir la chute, suivie de la glissade...","4","3","","","1","1","4","4","4","1","1","2",1,3,4,4,4,10,NA,NA,NA,NA,NA,NA,NA,NA,1,"1","3","","",NA,NA,NA,NA,2,2,NA,2,1,3,2,40,0,0,20,40,"1","AUT|informations liées aux guidonnage ou perte de l'arrière","","",NA,NA,"1","2","6","",NA,2,1,7,NA,NA,NA,NA,NA,NA,0,NA,1,"1","1",1,0,55,1,10,2,3,4,NA,NA,NA,"",NA,"2","1","1","1","3","3","HONDA","1000","CBF-F C-ABS","ROADSTER","2","0","0",0,1,1,"1",2,1,1,"2","3000","12","1","1","YAMAHA","600","XJ6 DIVERSION","ROADSTER","2","3","4","06OCT1980","5","1","3",2,2,3,NA,"NRP","","","",1,0,0,1,0,1,"HONDA",1000,"CB-F","ROADSTER","2","2011","37",1,2,8500,"7","","","","","","","",NA,NA,NA,"","","","","","",NA,NA,NA,NA,NA,"","",NA,"","",NA,NA,NA,NA,NA,NA,"","",NA,"","",NA,NA,NA,NA,NA,NA,NA,8500,"3",4,NA,NA,NA,NA,NA,NA,NA,"NRP","NRP","NRP","NRP","2009","NRP","NRP","1998","NRP","","","","Motorcycle"
"82",322,4025,"126",1,0,4,"","",NA,NA,NA,0,4,"","","",NA,NA,0,3,"","",NA,"",NA,0,3,"","",NA,NA,NA,1,4,"2005","","","","",0,2,"","","",NA,NA,0,2,"",NA,NA,NA,NA,1,4,"2006","","",NA,NA,0,4,"","","","","",0,3,"","","","","",0,4,"","","","","",0,4,"","",NA,NA,NA,0,2,"","","",NA,NA,0,1,"","",NA,NA,NA,0,NA,2,"","","","","","","","","","","","","","","",NA,NA,0,0,11,1,36,"8",2006,"","2006","Vous avez fait une sortie de route, une perte de contrôle ou une glissade puis avez percuté un obstacle fixe (panneau, arbre poteau ).","4","","",NA,"",NA,"","Perte de l'avant en quasi ligne droite, objet sur la route ? huile ? gasoil ? circonstance indéterminé à 90 km/h (respect de la limitation de vitesse) glissade jusqu'a percuté la glissière de sécurité.","dans ma tête c'etait, Je vais glissé jusque ou ? pourvu que je ne percute pas la glissière .. ça va faire mal .. et Paf la glissière ..","Pas eut le temps réagir que j'etais déjà au sol. j'espèrai que la voiture derrière s'arrete à temps, et qu'en face également, se fut le cas.","3","0","","","parce qu'a ce jour, je ne sais toujours pas pourquoi je suis tombé","2","0","","","","","","6","7","",NA,NA,"","","",NA,NA,NA,NA,"1",NA,"je perds l'avant sans raison.. rien à faire à part subir","4","3","","","2","2","3","3","3","1","1","4",2,2,4,4,4,4,NA,NA,NA,NA,NA,NA,NA,NA,1,"3","","","",NA,NA,NA,NA,2,2,NA,2,1,3,1,25,0,0,75,0,"2","","","",NA,NA,"1","1","4","6",NA,2,1,5,6,7,NA,NA,NA,NA,1,1,1,"2","1",1,0,90,1,2,3,4,7,9,NA,NA,"",NA,"4","4","4","4","4","4","SUZUKI","1200","BANDIT","ROADSTER","2","1","1",1,1,1,"1",1,1,1,"1","40000","12","3","1","SUZUKI","600","BANDIT","ROADSTER","2","3","4","21DEC1984","7","2","3",2,3,4,1,"NRP","","","",2,0,0,2,0,2,"BMW",650,"F650GS","TRAIL / SUPERMOTARD","2","2004","39",1,2,20000,"7","APRILIA","1000","RS-V R (CC) HAGA REPLICA","SPORTIVE","2","2002","41",4,1,5000,"7","","","","","",NA,NA,NA,NA,NA,"","",NA,"","",NA,NA,NA,NA,NA,NA,"","",NA,"","",NA,NA,NA,NA,NA,NA,NA,25000,"3",4,NA,NA,NA,NA,NA,NA,NA,"NRP","NRP","NRP","NRP","2004","NRP","NRP","2002","NRP","","","","Motorcycle"
"83",854,4034,"49",1,0,4,"","",NA,NA,NA,0,5,"","","",NA,NA,0,6,"","",NA,"",NA,0,2,"","",NA,NA,NA,0,6,"","","","","",0,5,"","","",NA,NA,0,3,"",NA,NA,NA,NA,0,4,"","","",NA,NA,0,4,"","","","","",1,5,"2010","","","","",0,5,"","","","","",0,2,"","",NA,NA,NA,2,4,"2008","2009","",NA,NA,1,5,"2013","",NA,NA,NA,0,NA,4,"","","","","","","","","","","","","","","",NA,NA,12,5,7,1,46,"10",2010,"","2010","Vous circuliez sur un axe constitué dau moins "" 2 X 2 voies "" (en urbain, périphérique, autoroute, RN ). Un véhicule vous a coupé la route en changeant de voie pour se placer sur celle de droite.","AUT|Le plus manifestement lié ni à la vitesse de l'un ni à celle de l'autre, mais à un défaut d'attention","","",NA,"",NA,"","Circulant ""en interfile"" à une période de l'année où il fait très froid et alors qu'il a gelé les jour précédents, je suis à une vitesse comprise entre 40 et 60 km/h en moyenne. Dans un virage, alors que la visibilité est réduite mais que le marquage au sol le permet, un automobiliste met son clignotant et déboîte dans la foulée. J'ai vu le clignotant s'allumer à l'arrière de la voiture au moment où ma tête passait à sa hauteur et j'ai juste eu le temps de me déporter un peu sur le côté avant d'arracher complètement l'avant de la roue de ce véhicule ainsi que le part-choc. Je suis resté debout et je n'ai pas eu de choc direct. Ce qui est frappant, pour moi, c'est l'excuse du conducteur ""je vous avais pas vu"", liée au fait que, sur cet axe, il y a profusion de panneaux divers signalant peu de choses, mais aucun marquage au sol qui précise qu'il ne faut pas déboîter dans les virages, là ou la visibilité est réduite. Cela dit, c'est dans le code de la route, et chacun devrait le savoir...","La visibilité momentanément restreinte liée, probablement, à un ""oubli"" du conducteur de contrôler ses angles morts. A part cela, la circulation était globalement fluide, lente, mais fluide.","J'ai vu le clignotant de la voiture et me suis dit immédiatement que c'était trop tard. Le temps de me le dire, je crois que j'ai freiné et que je n'aurais pas du.","NRP","1","J'aurais mieux fait d'accélérer. Cela m'aurait permis de dépasser le point d'impact... Cela dit, ça aurait peut être déplacé le point d'impact à l'arrière de ma moto et m'aurait envoyé par terre alors que sur ce choc, je ne suis pas tombé.","Le réflexe de crispation sur le frein est le plus fort, là où un peu plus de réflexion manque...","","2","1","NSP","","Manque de visibilité certainement, puisque c'était en virage.","1","Absence de contrôle entre le moment de la mise en route des clignotants et la manoeuvre signalée.","1","6","",NA,NA,"","","2",NA,NA,NA,NA,"1",NA,"J'ai su qu'il était trop tard... Là, il n'y a, d'une certaine façon, qu'à attendre...","4","3","","","1","1","2","4","1","1","1","1",3,3,4,4,4,10,NA,NA,NA,NA,NA,NA,NA,NA,1,"1","2","","",NA,NA,NA,NA,2,2,NA,2,1,1,1,0,100,0,0,0,"1","AUT|Je pense à la formation du conducteur de l'automobile. Il n'avait aucune notion de la possibilité de la présence d'une moto à cet endroit.","","",NA,NA,"2","1","","",NA,1,NA,NA,NA,NA,NA,NA,NA,NA,NA,NA,1,"4","1",1,0,50,1,2,3,4,7,9,NA,NA,"",NA,"4","4","4","4","4","4","HONDA","700","TRANSALP ABS","TRAIL / SUPERMOTARD","2","0","0",0,1,1,"1",1,1,1,"1","NSP","10","4","1","HONDA","125","PANTHEON (FES)","SCOOTER","2","4","4","25FEB1978","5","2","3",2,5,4,3,"NRP","","","",1,0,0,1,0,1,"TRIUMPH",800,"TIGER XC ABS","TRAIL / SUPERMOTARD","2","2012","10",1,2,8000,"5","","","","","","","",NA,NA,NA,"","","","","","",NA,NA,NA,NA,NA,"","",NA,"","",NA,NA,NA,NA,NA,NA,"","",NA,"","",NA,NA,NA,NA,NA,NA,NA,8000,"3",4,NA,NA,NA,NA,NA,NA,NA,"NRP","NRP","NRP","NRP","2008","NRP","NRP","1996","NRP","","","","Motorcycle"