"","Ligne","Ligne.Q.qualif","Ligne.approfondissement.Accident","ACCIDENT","NBACC1","ACCFREQUENCE1","ANNEEACC1_1","ANNEEACC1_2","ANNEEACC1_3","ANNEEACC1_4","ANNEEACC1_5","NBACC2","ACCFREQUENCE2","ANNEEACC2_1","ANNEEACC2_2","ANNEEACC2_3","ANNEEACC2_4","ANNEEACC2_5","NBACC3","ACCFREQUENCE3","ANNEEACC3_1","ANNEEACC3_2","ANNEEACC3_3","ANNEEACC3_4","ANNEEACC3_5","NBACC4","ACCFREQUENCE4","ANNEEACC4_1","ANNEEACC4_2","ANNEEACC4_3","ANNEEACC4_4","ANNEEACC4_5","NBACC5","ACCFREQUENCE5","ANNEEACC5_1","ANNEEACC5_2","ANNEEACC5_3","ANNEEACC5_4","ANNEEACC5_5","NBACC6","ACCFREQUENCE6","ANNEEACC6_1","ANNEEACC6_2","ANNEEACC6_3","ANNEEACC6_4","ANNEEACC6_5","NBACC7","ACCFREQUENCE7","ANNEEACC7_1","ANNEEACC7_2","ANNEEACC7_3","ANNEEACC7_4","ANNEEACC7_5","NBACC8","ACCFREQUENCE8","ANNEEACC8_1","ANNEEACC8_2","ANNEEACC8_3","ANNEEACC8_4","ANNEEACC8_5","NBACC9","ACCFREQUENCE9","ANNEEACC9_1","ANNEEACC9_2","ANNEEACC9_3","ANNEEACC9_4","ANNEEACC9_5","NBACC10","ACCFREQUENCE10","ANNEEACC10_1","ANNEEACC10_2","ANNEEACC10_3","ANNEEACC10_4","ANNEEACC10_5","NBACC11","ACCFREQUENCE11","ANNEEACC11_1","ANNEEACC11_2","ANNEEACC11_3","ANNEEACC11_4","ANNEEACC11_5","NBACC12","ACCFREQUENCE12","ANNEEACC12_1","ANNEEACC12_2","ANNEEACC12_3","ANNEEACC12_4","ANNEEACC12_5","NBACC13","ACCFREQUENCE13","ANNEEACC13_1","ANNEEACC13_2","ANNEEACC13_3","ANNEEACC13_4","ANNEEACC13_5","NBACC14","ACCFREQUENCE14","ANNEEACC14_1","ANNEEACC14_2","ANNEEACC14_3","ANNEEACC14_4","ANNEEACC14_5","AUTRESACC","NBAUTRESACC","TOTAL_AC","ANNEEAUTREACC1","ANNEEAUTREACC2","ANNEEAUTREACC3","ANNEEAUTREACC4","ANNEEAUTREACC5","LIEUAUTREACC1","LIEUAUTREACC2","LIEUAUTREACC3","LIEUAUTREACC4","LIEUAUTREACC5","DESCRIPTIONAUTRESACC1","DESCRIPTIONAUTRESACC2","DESCRIPTIONAUTRESACC3","DESCRIPTIONAUTRESACC4","DESCRIPTIONAUTRESACC5","NBAUTRESACCCIRCUIT","NBAUTRESTOUTTERRAIN","EXPCYCLO","EXP125","EXPSUP125","ACCORDNEXTQ","CHOIXACC","RGPMTACC","RECUPANNEE","RECUPLIEU","RECUPANNE","RGPMTAC","CHOIX1","CHOIX2","CHOIX3","CHOIX4","CHOIX5","CHOIX6","CHOIX7","DESCRIPTION","RUPTURE","FAITS","ABS_REACTION","AUTRE_REACTION","PRECISIONREACTIONOUI","RECUL","PRECISIONREACTIONNON","IMPACTCOMPORTEMENT","AUTREUSAGER","REACTIONAUTREUSAGER","CONNAISSANCEREACTIONUSAGER","DIFFICULTES","AGGRAVATION","DIFFICULTES2","EMOTIONS1","EMOTIONS2","EMOTIONS3","EMOTIONS4","EMOTIONS5","EMOTIONS6","AUTRESENTIMENT","CLASSEMENTEMOTIONS1","CLASSEMENTEMOTIONS","CLASSEMENTEMOTIONS5","CLASSEMENTEMOTIONS6","CLASSEMENTEMOTIONS7","CLASSEMENTEMOTIONS8","CLASSEMENTEMOTIONS9","EXPLICATIONRESSENTI","BIENEQUIPE","ALLURE","ALLUREVITEDETAIL","ALLURELENTEDETAIL","SITUATIONPRESSE","SITUATIONDISTRAIT","SITUATIONCONFIANT","SITUATIONCONTROLE","SITUATIONLUDIQUE","SITUATIONPERF","SITUATIONSTRESS","SITUATIONFATIGUE","HUMEURNEUTRE","HUMEURGAI","HUMEURMECONTENT","HUMEURTRISTE","HUMEURCOLERE","CONTRIBUTION1","CONTRIBUTION2","CONTRIBUTION3","CONTRIBUTION4","CONTRIBUTION5","CONTRIBUTION6","CONTRIBUTION7","CONTRIBUTION8","CONTRIBUTION9","ROLEINFRA","ELEMENTINFRA1","ELEMENTINFRA2","ELEMENTINFRA3","ELEMENTINFRA4","ELEMENTINFRA5","ELEMENTINFRA6","ELEMENTINFRA7","ELEMENTINFRA8","ELEMENTINFRA9","ALCOOL","TXALCOOL","STUP","SEMAINE","MOMENTJOURNEE","TEMPS","CAUSEACC1","CAUSEACC2","CAUSEACC3","CAUSEACC4","CAUSEACC5","FORMATIONCAUSE","FORMATION1","FORMATION2","FORMATION3","FORMATION4","FORMATION5","TRAFIC","CHAUSSEE1","CHAUSSEE2","CHAUSSEE3","CHAUSSEE4","TYPEACC","BLESSURE","TETE","COU","THORAX","MEMBRESSUP","COLONNE","BASSIN","MEMBRESINF","HOPITAL","PLUS24H","TRAJET","TYPEROUTE","MOTIF","SENSTRAJET","PASSAGER","VITESSE","DESCEQ1","DESCEQ2","DESCEQ3","DESCEQ4","DESCEQ5","DESCEQ6","DESCEQ7","DESCEQ8","DESCEQ9","DESCEQ10","VEHICULEETE","VEHICULEAUTOMNE","VEHICULEPRINTEMPS","VEHICULEHIVER","VEHICULESEMAINE","VEHICULEWE","VEHMARQUE","VEHCYLINDREE","VEHMODELE","VEHSEGMENT","VEHSIDE","EQ2RMABS","EQ2RMCBS","EQ2RMABSCBS","EQ2RMREGULATEUR","EQ2RMLIMITEUR","EQ2RMPHARESDIRECT","EQ2RMCOUPURE","EQ2RMANTIPATINAGE","EQ2RMANTIXHEELING","EQ2RMSTABILILTE","VEHKM","POINTS","DUREE","AUTRE2RM","VEHPRECMARQUE","VEHPRECCYLINDREE","VEHPRECMODELE","VEHPRECSEGMENT","VEHPRECSIDE","TEMPS2RMPREC","FREQVEHPREC","DATE_NAISS","CSP","SOCIETAIRE","SALARIE","SECTEUR2RM","NBPERSFOYER","SITFAM","NBENF","TRNBENF1","TRNBENF2","TRNBENF3","TRNBENF4","NBAUTOFOYER","NBCYCLOFOYER","NBSCOOTFOYER","NBMOTOFOYER","NBTRIKEFOYER","NB2RMCONDUIT","MARQUE1","CYLINDREE1","MODELE1","SEGMENT1","SIDE1","ANMISECIRCU1","ASS1","FREQ1","USAGE1","NBKM1","GARAGE1","MARQUE2","CYLINDREE2","MODELE2","SEGMENT2","SIDE2","ANMISECIRCU2","ASS2","FREQ2","USAGE2","NBKM2","GARAGE2","MARQUE3","CYLINDREE3","MODELE3","SEGMENT3","SIDE3","ANMISECIRCU3","ASS3","FREQ3","USAGE3","NBKM3","GARAGE3","MARQUE4","CYLINDREE4","MODELE4","SEGMENT4","SIDE4","ANMISECIRCU4","ASS4","FREQ4","USAGE4","NBKM4","GARAGE4","MARQUE5","CYLINDREE5","MODELE5","SEGMENT5","SIDE5","ANMISECIRCU5","ASS5","FREQ5","USAGE5","NBKM5","GARAGE5","NBKMTOT","PERMIS1","PERMIS2","PERMIS3","PERMIS4","PERMIS5","PERMIS6","PERMIS7","PERMIS8","PERMIS9","ANPERMIS1","ANPERMIS6","ANPERMIS7","ANPERMIS2","ANPERMIS3","ANPERMIS8","ANPERMIS9","ANPERMIS4","ANPERMIS5","X","X.1","X.2","isScooter"
"84",394,4037,"302",1,0,3,"","",NA,NA,NA,0,2,"","","",NA,NA,0,3,"","",NA,"",NA,0,1,"","",NA,NA,NA,0,3,"","","","","",1,3,"2009","","",NA,NA,0,1,"",NA,NA,NA,NA,0,3,"","","",NA,NA,0,1,"","","","","",0,2,"","","","","",1,4,"2006","","","","",0,1,"","",NA,NA,NA,0,2,"","","",NA,NA,0,2,"","",NA,NA,NA,1,3,5,"2003","2006","2009","","","Cergy","Vélizy","Igny","","","Un chient non tenu en laisse à traversé la route devant moi.","Une voiture étant sur la voie de droite, m'a percuté à basse vitesse pour ce rangé sur la voie de gauche.","Une voiture sortant d'un parking, cachée par une camionnette que j'étais en train de doublé a coupé ma route. Cela c'est passé à très basse vitesse.","","",0,0,0,0,16,1,73,"15",2009,"Igny","2009","Autre(s) type(s) d'accident(s).","3","6","",NA,"",NA,"","Le plus marquant car en partie dû à un manque de bon réflexe de ma part et également dû à la confiance dans un parcourt connu.  En effet, cet accident est survenu alors que je remontais la rue passant devant ma résidence, qui me mène sur la N118 et que j'emprunte tous les jours. Ce jour là elle était complètement saturée et je la remontais en doublant les véhicules à faible allure et en me méfiant. C'est certainement cela qui m'a permis en plus de mon pantalon moto avec coques de m'en tiré juste avec une égratignure au genou. En fait un camionnette de cette file à laissé passer une voiture qui sortait de son parking pour remonter la rue que je descendais. Le manque de visibilité dû à la camionnette, m'a obligé à freiner brutalement, lorsque j'ai aperçu la voiture devant la camionnette, le revêtement de cette rue n'étant pas spécialement en bonne état et la météo était plutôt humide et froide, j'ai bloqué l'avant.","La surprise de voir ce véhicule devant moi, alors que je n'avais pas envisagé cette situation !! Le mauvais réflexe, peut-être, de ma tentative de freiner un peut trop brutalement vu les conditions.","Je pense avoir bien réagit mais pas avec le bon dosage (sur les freins) et pas aidé par l'état de la route et les conditions météo.  Je dis bien avoir réagit, car il n'y a eu de choque avec le véhicule, mais je me suis malgré tout retrouvé par terre.  Le véhicule a bien réagit, car autant surpris que moi, il a freiné et a bien sur participé au fait que l'on ne se soit pas rencontré.","NRP","1","Faire ce que je fais maintenant, ne pas ""imaginer""  ce qu'il peut avoir là ou je ne vois pas !!  Dans des cas comme celui de l'accident, je ne continu mon chemin, qu'une fois que je suis sûr qu le route est sans dangers.","Je me suis aussi laissé piégé par l'habitude...","","2","1","1","1","NSP","2","S'il n'avait pas freiné, il y aurait eu choque","1","2","6",NA,NA,"","","3",1,NA,NA,NA,"2",NA,"Situation que je n'avais pas imaginé","4","1","1","","1","1","3","3","1","1","1","1",1,4,4,4,4,1,5,NA,NA,NA,NA,NA,NA,NA,1,"3","5","","",NA,NA,NA,NA,2,2,NA,2,1,3,2,55,5,0,20,20,"NSP","","","",NA,NA,"4","2","7","",NA,2,1,7,NA,NA,NA,NA,NA,NA,0,NA,1,"1","1",1,0,15,1,2,3,4,7,9,NA,NA,"",NA,"4","4","4","4","4","4","YAMAHA","1000","FZ1 ""N""","ROADSTER","2","1","1",1,1,1,"1",1,1,1,"1","NSP","12","3","1","YAMAHA","600","R6 (YZF-R6)","SPORTIVE","2","4","4","20MAY1964","7","1","3",2,1,1,NA,"NRP","","","",1,0,0,1,0,1,"YAMAHA",800,"FZ8","ROADSTER","2","2010","37",1,2,8000,"6","","","","","","","",NA,NA,NA,"","","","","","",NA,NA,NA,NA,NA,"","",NA,"","",NA,NA,NA,NA,NA,NA,"","",NA,"","",NA,NA,NA,NA,NA,NA,NA,8000,"3",4,NA,NA,NA,NA,NA,NA,NA,"NRP","NRP","NRP","NRP","1999","NRP","NRP","1983","NRP","","","","Motorcycle"
"85",329,4044,"62",1,0,6,"","",NA,NA,NA,0,6,"","","",NA,NA,1,6,"NSP","",NA,"",NA,0,5,"","",NA,NA,NA,0,5,"","","","","",1,5,"2014","","",NA,NA,0,5,"",NA,NA,NA,NA,3,6,"2007","2008","2012",NA,NA,0,2,"","","","","",0,6,"","","","","",0,6,"","","","","",0,3,"","",NA,NA,NA,0,4,"","","",NA,NA,0,4,"","",NA,NA,NA,0,NA,5,"","","","","","","","","","","","","","","",NA,NA,15,0,8,1,26,"6",2014,"","2014","Vous remontiez une file de véhicules par la gauche. Un véhicule de la file a laissé passer un autre véhicule venant dun autre axe non prioritaire. Ce dernier vous a coupé la route.","3","6","AUT|le plus couteux",NA,"",NA,"","Le manque de visibilité fait que ni moi, ni l'automobiliste ne pouvions voir quoi que ce soit. Situation à la con... La police ne m'a pas reproché ma remonté de fil : tant mieux ! Mais cela reste anxiogene quand on est à terre et que les pandores arrivent...","Freinage d'urgence, voiture qui continue d'accélérer dans ma direction, porte qui se ferme... Plus d'erreur possible, c'est l'heure.","L'autre usagé regardait du coté opposé, et accélérait pour s'insérer en tournant à gauche... Freinage d'urgence, porte fermée, j'ai couché la moto au moment ou la voiture me touchait et je me suis ejecté pour éviter le vol plané...","NRP","0","","","Je ne pouvais pas freiner plus tot. Je ne pouvais pas éviter la voiture. Si je n'avais pas couché la moto la voiture me percutait en quasi-frontal...","2","1","2","","NSP","1","Accélérant pour prendre sa place dans la circulation, et regardant du coté opposé pour vérifier que personne n'arrivait de sa droite, meme si j'avais été à l'arret complet elle m'aurait roulé dessus...","1","6","",NA,NA,"","","1",NA,NA,NA,NA,"2",NA,"Peur pour la moto ! Peur du choc, du vol plané, de l'aterrissage contre un obstacle.","4","1","3","","4","4","3","3","1","1","1","4",5,5,1,5,1,1,2,3,4,NA,NA,NA,NA,NA,1,"2","","","",NA,NA,NA,NA,2,2,NA,2,1,1,2,50,50,0,0,0,"2","","","",NA,NA,"4","2","","",NA,1,NA,NA,NA,NA,NA,NA,NA,NA,NA,NA,2,"1","3",NA,0,50,1,2,3,4,7,9,NA,NA,"",NA,"4","4","4","4","4","4","HONDA","800","VFR-F","Routière / GT","2","1","0",1,1,1,"1",1,1,1,"1","61000","12","4","1","HONDA","500","CB","ROADSTER","2","4","4","18JUL1984","6","2","3",2,3,5,0,"NRP","","","",1,2,0,2,0,3,"HONDA",800,"VFR-F","Routière / GT","2","2001","31",2,1,12000,"7","MOTOBECANE","50","50V","ROADSTER","2","1978","31",4,1,100,"7","MBK","50","51V","ROADSTER","2",1992,41,4,1,0,"7","",NA,"","",NA,NA,NA,NA,NA,NA,"","",NA,"","",NA,NA,NA,NA,NA,NA,NA,12100,"3",4,NA,NA,NA,NA,NA,NA,NA,"NRP","NRP","NRP","NRP","2009","NRP","NRP","2003","NRP","","","","Motorcycle"
"86",1155,4061,"204",1,1,5,"1983","",NA,NA,NA,0,4,"","","",NA,NA,0,3,"","",NA,"",NA,0,2,"","",NA,NA,NA,0,4,"","","","","",0,3,"","","",NA,NA,0,3,"",NA,NA,NA,NA,0,5,"","","",NA,NA,2,6,"2009","2013","","","",0,4,"","","","","",0,4,"","","","","",0,2,"","",NA,NA,NA,0,4,"","","",NA,NA,0,4,"","",NA,NA,NA,0,NA,3,"","","","","","","","","","","","","","","",NA,NA,1,1,34,1,42,"9",2013,"","2013","Vous avez fait une sortie de route, une perte de contrôle ou une glissade sans rien percuter.","3","","",NA,"",NA,"","Glissade en sortie de virage à vitesse réduite. La route était recouverte de lisier de vache que je n'ai pas vu. (Contre jour) Je pensais que c'était une simple tache d'humidité. Les autres motos qui me suivait on pu l'éviter.","Chaussée salle. Pas de d'avertissement (pas de panneau traversée de troupeau par exemple) Pas de limitation de vitesse. Route départementale","L'arrière de la moto a glissé et chute sur la chaussée. Impossible de la rattraper. J'ai glissé en me mettant face à la moto qui était devant moi. Glissades de la moto et de moi même dans le sens de la chaussée. Route à faible circulation. Accotement en herbe. Pas de véhicule inverse.","2","0","","","Impossible de déceler le danger en sortie de virage. Réaction trop vive de la moto.","3","0","","","","","","2","4","",NA,NA,"","","",1,NA,2,NA,"",NA,"Je n'ai pas compris pourquoi la moto était parti à si faible allure.","4","3","","","1","3","3","3","3","1","1","1",1,1,4,4,4,10,NA,NA,NA,NA,NA,NA,NA,NA,1,"2","3","","",NA,NA,NA,NA,2,2,NA,2,2,1,1,10,0,5,80,5,"2","","","",NA,NA,"1","1","5","AUT|Lisier d'animaux (troupeau)",NA,1,NA,NA,NA,NA,NA,NA,NA,NA,NA,NA,3,"2","3",NA,0,30,1,2,3,4,9,NA,NA,NA,"",NA,"4","4","4","3","3","3","KAWASAKI","1200","ZRX-S","ROADSTER","2","1","1",1,1,1,"1",1,1,1,"1","60000","12","4","1","KAWASAKI","500","GPZ-S","Routière / GT","2","4","3","25APR1959","5","1","3",2,3,4,1,"NRP","","","",3,0,0,2,0,2,"KAWASAKI",1200,"ZRX-S","ROADSTER","2","2003","37",2,1,10000,"7","KAWASAKI","650","ER-6  N","ROADSTER","2","2009","37",3,1,5000,"7","","","","","",NA,NA,NA,NA,NA,"","",NA,"","",NA,NA,NA,NA,NA,NA,"","",NA,"","",NA,NA,NA,NA,NA,NA,NA,15000,"3",4,NA,NA,NA,NA,NA,NA,NA,"NRP","NRP","NRP","NRP","1981","NRP","NRP","1978","NRP","","","","Motorcycle"
"87",456,4066,"154",1,1,5,"2001","",NA,NA,NA,1,4,"1978","","",NA,NA,0,5,"","",NA,"",NA,0,4,"","",NA,NA,NA,0,3,"","","","","",0,3,"","","",NA,NA,0,3,"",NA,NA,NA,NA,0,4,"","","",NA,NA,0,4,"","","","","",0,4,"","","","","",0,2,"","","","","",0,1,"","",NA,NA,NA,0,2,"","","",NA,NA,0,2,"","",NA,NA,NA,1,1,3,"2013","","","","","LA COURNEUVE","","","","","Après avoir tourné à gauche, j'étais arrêté devant le passage piétons pour laisser passer un piéton. Un véhicule venant de la même rue que moi m'a percuté à l'arrière.","","","","",0,0,3,6,25,1,71,"15",2013,"LA COURNEUVE","2013","Autre(s) type(s) d'accident(s).","3","AUT|je ne l'ai pas vu arriver","",NA,"",NA,"","J'étais arrêtée à un feu rouge, en 1ere position, clignotant gauche activité, personne derrière moi. Le feu est  est passé au vert, personne en face, je me suis engagée sur le carrefour, j'ai tourné à gauche et me suis arrêtée devant le passage piéton car un piéton voulait traverser. Il est passé devant moi  et a rejoindre l'îlot central (c'est sur la N2).  J'allais redémarrer lorsque mon scoot est parti vers l'avant,  je me suis retrouvée couchée en arrière sur la selle, j'ai lâché le guidon et me suis retrouvée par terre. C'est en me relevant que j'ai compris que j'avais été percuté à l'arrière par un véhicule.","Dans mon cas, c'est l'inattention du conducteur du véhicule qui m'a percuté. Il a déclaré ne pas m'avoir vu. Je ne vois pas comment c'est possible à part s'il regardait ailleurs que là où il allait puisque j'étais devant lui et à l'arrêt. A noter que le véhicule venait de la même rue que moi,.","Pour ma part, je n'ai pas eu de réaction lors de cet accident puisque je ne l'ai pas vu venir. Pour le conducteur du véhicule qui m'a percuté, il s'est arrêté très rapidement (il n'allait pas vite vu qu'il venait de démarrer au feu vert. Il est descendu de son véhicule  et est venu vers  moi pour savoir si ça allait","3","0","","","Parce que le véhicule venait de derrière moi et  que mon attention était portée sur le piéton que je laissais traverser","2","0","","","","","","7","","",NA,NA,"","","",NA,NA,NA,NA,"",NA,"","4","4","","","1","1","3","4","1","1","1","1",2,4,4,4,4,10,NA,NA,NA,NA,NA,NA,NA,NA,2,"","","","",NA,NA,NA,NA,2,2,NA,2,1,1,1,0,100,0,0,0,"2","","","",NA,NA,"3","1","","",NA,2,1,5,NA,NA,NA,NA,NA,NA,0,NA,1,"1","1",1,0,0,1,10,2,3,4,7,NA,NA,"",NA,"4","4","4","4","4","4","HONDA","400","SILVER WING (FJS)","SCOOTER","2","1","0",1,1,1,"1",1,1,1,"1","55000","11","4","1","HONDA","650","DEAUVILLE","Routière / GT","2","4","4","27JUN1962","5","1","3",2,2,2,1,"NRP","","","",0,0,1,2,0,3,"HONDA",400,"SILVER WING (FJS)","SCOOTER","2","2008","37",1,2,8000,"6","TRIUMPH","900","BONNEVILLE T100","ROADSTER","2","2011","37",3,1,8000,"6","HONDA","500","CX500C","CUSTOM","2",1982,37,4,1,3000,"6","",NA,"","",NA,NA,NA,NA,NA,NA,"","",NA,"","",NA,NA,NA,NA,NA,NA,NA,19000,"2",3,4,NA,NA,NA,NA,NA,NA,"NRP","NRP","NRP","1979","1989","NRP","NRP","1984","NRP","","","","Motorcycle"
"88",44,4095,"328",1,0,3,"","",NA,NA,NA,0,5,"","","",NA,NA,0,4,"","",NA,"",NA,0,3,"","",NA,NA,NA,0,6,"","","","","",0,5,"","","",NA,NA,0,2,"",NA,NA,NA,NA,0,2,"","","",NA,NA,0,2,"","","","","",1,6,"2009","","","","",0,2,"","","","","",0,2,"","",NA,NA,NA,1,4,"2014","","",NA,NA,0,6,"","",NA,NA,NA,1,1,3,"2007","","","","","l'hay les roses","","","","","j'ai été percuté par l'arriere","","","","",0,0,0,0,9,1,46,"10",2009,"","2009","Vous circuliez sur un axe constitué dau moins "" 2 X 2 voies "" (en urbain, périphérique, autoroute, RN ). Un véhicule vous a coupé la route en changeant de voie pour se placer sur celle de droite.","3","","",NA,"",NA,"","Remontée de file a faible allure (-30km/h) car circulation a l'arret sur l'A86. Une jeune permis (1 semaine de permis voiture...) déboite sans clignotant sans controle ds les rétros pour passer de la voie de gauche a la voie de droite. manque de chance j'étais la","L'innatention, le manque de controle de la jeune conductrice","sauter sur les freins et klaxon... La conductrice s'est mise a pleurer et me répétant qu'elle était désolé qu'elle a pas fait attention...","NRP","0","","","NRP","2","1","2","","changement de file intempestif","1","un regard ds 1 rétro 1 clignotant et l'accident pourrait etre évité","1","6","8",NA,NA,"","","1",NA,NA,NA,NA,"2",NA,"surprise en voyant la voiture changer de file","3","3","","","2","3","3","3","1","1","2","1",3,4,4,4,4,10,NA,NA,NA,NA,NA,NA,NA,NA,2,"","","","",NA,NA,NA,NA,2,2,NA,2,1,1,1,0,100,0,0,0,"1","AUT|.","","",NA,NA,"4","1","","",NA,2,1,7,NA,NA,NA,NA,NA,NA,1,0,2,"3","3",NA,0,30,1,2,3,4,NA,NA,NA,NA,"",NA,"4","4","4","3","4","4","BUELL","1200","XB12-SS LIGHTNING LONG","ROADSTER","2","1","1",1,1,1,"1",2,1,1,"1","14000","12","2","1","SUZUKI","650","SV-N","ROADSTER","null","4","4","06MAY1986","7","2","3",1,3,5,0,"NRP","","","",3,0,0,1,0,1,"YAMAHA",1000,"R1 (YZF-R1)","SPORTIVE","2","2011","31",2,1,8000,"7","","","","","","","",NA,NA,NA,"","","","","","",NA,NA,NA,NA,NA,"","",NA,"","",NA,NA,NA,NA,NA,NA,"","",NA,"","",NA,NA,NA,NA,NA,NA,NA,8000,"3",4,NA,NA,NA,NA,NA,NA,NA,"NRP","NRP","NRP","NRP","2006","NRP","NRP","2005","NRP","","","","Motorcycle"
"89",384,4099,"78",1,1,5,"1980","",NA,NA,NA,0,2,"","","",NA,NA,0,2,"","",NA,"",NA,0,1,"","",NA,NA,NA,0,6,"","","","","",0,2,"","","",NA,NA,0,3,"",NA,NA,NA,NA,0,5,"","","",NA,NA,1,5,"1975","","","","",0,4,"","","","","",0,5,"","","","","",0,3,"","",NA,NA,NA,0,2,"","","",NA,NA,0,2,"","",NA,NA,NA,1,1,3,"1976","","","","","Marseille","","","","","J ' ai été percuté par l ' arrière alors que j ' étais arrêté à un feu rouge..... Et je ne suis pas mort et pas en fauteuil roulant ......Mais à quelques centimètres prés..........","","","","",0,0,2,0,40,1,1,"1",1980,"","1980","Vous circuliez sur un axe prioritaire. Un autre véhicule arrivant sur le même axe en sens opposé vous a coupé la route en tournant à gauche.","4","6","",NA,"",NA,"","Après midi , au mois de février dans le sud de la France , j ' ai 24 ans . Je prends ma Yamaha xs 1100 pour aller retrouver ma copine , temps frais , chauffe de la moto et départ , 3 km après alors que j ' allais croiser un véhicule , celui ci a soudainement tourner à gauche pour rejoindre un parking . Je ne roulais pas très vite , environ 80/100 kmh , j ' ai freiné , mais j ' ai percuté la voiture au niveau du montant central entre les 2 portières .. Je suis passé par dessus la voiture et la moto s ' est encastrée dans celle ci . Choc violent , perte de connaissance , traumatisme cranien  , fracture d ' un poigné et de 2 cotes ....réveil dans l' ambulance des pompiers après chute de tension et augmentation pulsassions .... Pas de souvenir car amnésie rétroactive , le cerveau est bien fait ....parfois.....  6 mois après , remboursement de la moto et rachat de la même ..........Merci l ' amnésie ..... Et je suis toujours motard ...... J ' ai 58 ans .......","Véhicule qui tourne à gauche sans prévenir","Amnésie rétroactive ......... Donc effacement de quelques secondes avant le choc..........","AUT|voir ci dessus","0","","","Voir amnésie rétroactive","1","1","2","","NSP","1","Tourne à gauche sans prévenir","7","","",NA,NA,"","","",NA,NA,NA,NA,"",NA,"","2","3","","","2","1","4","4","2","1","1","1",4,3,4,4,4,10,NA,NA,NA,NA,NA,NA,NA,NA,2,"","","","",NA,NA,NA,NA,2,2,NA,2,1,1,1,0,100,0,0,0,"1","2","","",NA,NA,"1","1","","",NA,2,1,1,3,4,NA,NA,NA,NA,1,1,1,"2","3",NA,0,80,1,10,2,3,5,NA,NA,NA,"",NA,"4","4","4","4","2","4","YAMAHA","1100","XS","ROADSTER","2","1","1",1,1,1,"1",1,1,1,"1","10000","12","4","1","YAMAHA","250","RD","ROADSTER","2","4","3","17DEC1956","5","1","3",2,1,1,NA,"NRP","","","",1,0,0,1,0,1,"TRIUMPH",1050,"TIGER ABS","ROADSTER","2","2011","37",2,1,6000,"7","","","","","","","",NA,NA,NA,"","","","","","",NA,NA,NA,NA,NA,"","",NA,"","",NA,NA,NA,NA,NA,NA,"","",NA,"","",NA,NA,NA,NA,NA,NA,NA,6000,"4",3,NA,NA,NA,NA,NA,NA,NA,"NRP","NRP","NRP","NRP","1974","NRP","NRP","1974","NRP","","","","Motorcycle"