"","Ligne","Ligne.Q.qualif","Ligne.approfondissement.Accident","ACCIDENT","NBACC1","ACCFREQUENCE1","ANNEEACC1_1","ANNEEACC1_2","ANNEEACC1_3","ANNEEACC1_4","ANNEEACC1_5","NBACC2","ACCFREQUENCE2","ANNEEACC2_1","ANNEEACC2_2","ANNEEACC2_3","ANNEEACC2_4","ANNEEACC2_5","NBACC3","ACCFREQUENCE3","ANNEEACC3_1","ANNEEACC3_2","ANNEEACC3_3","ANNEEACC3_4","ANNEEACC3_5","NBACC4","ACCFREQUENCE4","ANNEEACC4_1","ANNEEACC4_2","ANNEEACC4_3","ANNEEACC4_4","ANNEEACC4_5","NBACC5","ACCFREQUENCE5","ANNEEACC5_1","ANNEEACC5_2","ANNEEACC5_3","ANNEEACC5_4","ANNEEACC5_5","NBACC6","ACCFREQUENCE6","ANNEEACC6_1","ANNEEACC6_2","ANNEEACC6_3","ANNEEACC6_4","ANNEEACC6_5","NBACC7","ACCFREQUENCE7","ANNEEACC7_1","ANNEEACC7_2","ANNEEACC7_3","ANNEEACC7_4","ANNEEACC7_5","NBACC8","ACCFREQUENCE8","ANNEEACC8_1","ANNEEACC8_2","ANNEEACC8_3","ANNEEACC8_4","ANNEEACC8_5","NBACC9","ACCFREQUENCE9","ANNEEACC9_1","ANNEEACC9_2","ANNEEACC9_3","ANNEEACC9_4","ANNEEACC9_5","NBACC10","ACCFREQUENCE10","ANNEEACC10_1","ANNEEACC10_2","ANNEEACC10_3","ANNEEACC10_4","ANNEEACC10_5","NBACC11","ACCFREQUENCE11","ANNEEACC11_1","ANNEEACC11_2","ANNEEACC11_3","ANNEEACC11_4","ANNEEACC11_5","NBACC12","ACCFREQUENCE12","ANNEEACC12_1","ANNEEACC12_2","ANNEEACC12_3","ANNEEACC12_4","ANNEEACC12_5","NBACC13","ACCFREQUENCE13","ANNEEACC13_1","ANNEEACC13_2","ANNEEACC13_3","ANNEEACC13_4","ANNEEACC13_5","NBACC14","ACCFREQUENCE14","ANNEEACC14_1","ANNEEACC14_2","ANNEEACC14_3","ANNEEACC14_4","ANNEEACC14_5","AUTRESACC","NBAUTRESACC","TOTAL_AC","ANNEEAUTREACC1","ANNEEAUTREACC2","ANNEEAUTREACC3","ANNEEAUTREACC4","ANNEEAUTREACC5","LIEUAUTREACC1","LIEUAUTREACC2","LIEUAUTREACC3","LIEUAUTREACC4","LIEUAUTREACC5","DESCRIPTIONAUTRESACC1","DESCRIPTIONAUTRESACC2","DESCRIPTIONAUTRESACC3","DESCRIPTIONAUTRESACC4","DESCRIPTIONAUTRESACC5","NBAUTRESACCCIRCUIT","NBAUTRESTOUTTERRAIN","EXPCYCLO","EXP125","EXPSUP125","ACCORDNEXTQ","CHOIXACC","RGPMTACC","RECUPANNEE","RECUPLIEU","RECUPANNE","RGPMTAC","CHOIX1","CHOIX2","CHOIX3","CHOIX4","CHOIX5","CHOIX6","CHOIX7","DESCRIPTION","RUPTURE","FAITS","ABS_REACTION","AUTRE_REACTION","PRECISIONREACTIONOUI","RECUL","PRECISIONREACTIONNON","IMPACTCOMPORTEMENT","AUTREUSAGER","REACTIONAUTREUSAGER","CONNAISSANCEREACTIONUSAGER","DIFFICULTES","AGGRAVATION","DIFFICULTES2","EMOTIONS1","EMOTIONS2","EMOTIONS3","EMOTIONS4","EMOTIONS5","EMOTIONS6","AUTRESENTIMENT","CLASSEMENTEMOTIONS1","CLASSEMENTEMOTIONS","CLASSEMENTEMOTIONS5","CLASSEMENTEMOTIONS6","CLASSEMENTEMOTIONS7","CLASSEMENTEMOTIONS8","CLASSEMENTEMOTIONS9","EXPLICATIONRESSENTI","BIENEQUIPE","ALLURE","ALLUREVITEDETAIL","ALLURELENTEDETAIL","SITUATIONPRESSE","SITUATIONDISTRAIT","SITUATIONCONFIANT","SITUATIONCONTROLE","SITUATIONLUDIQUE","SITUATIONPERF","SITUATIONSTRESS","SITUATIONFATIGUE","HUMEURNEUTRE","HUMEURGAI","HUMEURMECONTENT","HUMEURTRISTE","HUMEURCOLERE","CONTRIBUTION1","CONTRIBUTION2","CONTRIBUTION3","CONTRIBUTION4","CONTRIBUTION5","CONTRIBUTION6","CONTRIBUTION7","CONTRIBUTION8","CONTRIBUTION9","ROLEINFRA","ELEMENTINFRA1","ELEMENTINFRA2","ELEMENTINFRA3","ELEMENTINFRA4","ELEMENTINFRA5","ELEMENTINFRA6","ELEMENTINFRA7","ELEMENTINFRA8","ELEMENTINFRA9","ALCOOL","TXALCOOL","STUP","SEMAINE","MOMENTJOURNEE","TEMPS","CAUSEACC1","CAUSEACC2","CAUSEACC3","CAUSEACC4","CAUSEACC5","FORMATIONCAUSE","FORMATION1","FORMATION2","FORMATION3","FORMATION4","FORMATION5","TRAFIC","CHAUSSEE1","CHAUSSEE2","CHAUSSEE3","CHAUSSEE4","TYPEACC","BLESSURE","TETE","COU","THORAX","MEMBRESSUP","COLONNE","BASSIN","MEMBRESINF","HOPITAL","PLUS24H","TRAJET","TYPEROUTE","MOTIF","SENSTRAJET","PASSAGER","VITESSE","DESCEQ1","DESCEQ2","DESCEQ3","DESCEQ4","DESCEQ5","DESCEQ6","DESCEQ7","DESCEQ8","DESCEQ9","DESCEQ10","VEHICULEETE","VEHICULEAUTOMNE","VEHICULEPRINTEMPS","VEHICULEHIVER","VEHICULESEMAINE","VEHICULEWE","VEHMARQUE","VEHCYLINDREE","VEHMODELE","VEHSEGMENT","VEHSIDE","EQ2RMABS","EQ2RMCBS","EQ2RMABSCBS","EQ2RMREGULATEUR","EQ2RMLIMITEUR","EQ2RMPHARESDIRECT","EQ2RMCOUPURE","EQ2RMANTIPATINAGE","EQ2RMANTIXHEELING","EQ2RMSTABILILTE","VEHKM","POINTS","DUREE","AUTRE2RM","VEHPRECMARQUE","VEHPRECCYLINDREE","VEHPRECMODELE","VEHPRECSEGMENT","VEHPRECSIDE","TEMPS2RMPREC","FREQVEHPREC","DATE_NAISS","CSP","SOCIETAIRE","SALARIE","SECTEUR2RM","NBPERSFOYER","SITFAM","NBENF","TRNBENF1","TRNBENF2","TRNBENF3","TRNBENF4","NBAUTOFOYER","NBCYCLOFOYER","NBSCOOTFOYER","NBMOTOFOYER","NBTRIKEFOYER","NB2RMCONDUIT","MARQUE1","CYLINDREE1","MODELE1","SEGMENT1","SIDE1","ANMISECIRCU1","ASS1","FREQ1","USAGE1","NBKM1","GARAGE1","MARQUE2","CYLINDREE2","MODELE2","SEGMENT2","SIDE2","ANMISECIRCU2","ASS2","FREQ2","USAGE2","NBKM2","GARAGE2","MARQUE3","CYLINDREE3","MODELE3","SEGMENT3","SIDE3","ANMISECIRCU3","ASS3","FREQ3","USAGE3","NBKM3","GARAGE3","MARQUE4","CYLINDREE4","MODELE4","SEGMENT4","SIDE4","ANMISECIRCU4","ASS4","FREQ4","USAGE4","NBKM4","GARAGE4","MARQUE5","CYLINDREE5","MODELE5","SEGMENT5","SIDE5","ANMISECIRCU5","ASS5","FREQ5","USAGE5","NBKM5","GARAGE5","NBKMTOT","PERMIS1","PERMIS2","PERMIS3","PERMIS4","PERMIS5","PERMIS6","PERMIS7","PERMIS8","PERMIS9","ANPERMIS1","ANPERMIS6","ANPERMIS7","ANPERMIS2","ANPERMIS3","ANPERMIS8","ANPERMIS9","ANPERMIS4","ANPERMIS5","X","X.1","X.2","isScooter"
"90",966,4101,"139",1,0,5,"","",NA,NA,NA,0,4,"","","",NA,NA,0,4,"","",NA,"",NA,0,2,"","",NA,NA,NA,1,3,"NSP","","","","",0,2,"","","",NA,NA,0,3,"",NA,NA,NA,NA,0,4,"","","",NA,NA,0,4,"","","","","",0,4,"","","","","",0,4,"","","","","",0,3,"","",NA,NA,NA,0,3,"","","",NA,NA,0,4,"","",NA,NA,NA,1,3,4,"NSP","NSP","NSP","","","Périgueux","Royan","Vendée","","","en ligne droite un automobiliste sort d'un parking à ma gauche, et accroche ma valise gauche.","un automobiliste devant moi semble se ranger à droite sur places de stationnement, et finalement fait demi-tour d'un coup de volant à gauche en me coupant la route. je l'accroche avec ma valise droite.","je roule sur un petit rond-point, un automobiliste entre derrière moi - mais un peu tard - sur ce rond-point, et m'accroche à l'arrière.","","",0,0,0,0,30,1,73,"15",NA,"Vendée","-1","Autre(s) type(s) d'accident(s).","6","AUT|symptomatique de l'invisibilité des motards","",NA,"",NA,"","je tournais sur un rond point, une voiture m'a laissé passer, puis a démarré s'est engagé dans le rond-point :la conductrice regardait à sa gauche et m'a percuté à l'arrière-droit, persuadée que j'étais totalement passé, mais je roulais moins vite que dans son imagination. parce que - c'est bien connu - les motos roulent toujours vite...","la voiture s'est engagée sur le rond point alors que je n'étais pas encore totalement passé. je pense que c'est le regard tourné à gauche de la conductrice qui a provoqué l'accident, ainsi que l'a-priori sur la vitesse des motards","j'ai senti un choc par l'arrière, et j'ai figé mon regard et mes bras pour maintenir la moto debout. j'ai donc grimpé sur le trottoir devant moi.","3","0","","","le choc est venu de l'arrière.","2","1","NSP","","difficile pour un(e) automobiliste d'évaluer la vitesse d'une moto.","2","la conductrice qui m'a heurté par l'arrière a elle-même été surprise","7","","",NA,NA,"","","",NA,NA,NA,NA,"",NA,"","4","2","","1","1","1","3","3","2","1","1","1",1,5,4,4,4,10,NA,NA,NA,NA,NA,NA,NA,NA,2,"","","","",NA,NA,NA,NA,2,2,NA,2,2,1,1,10,90,0,0,0,"2","","","",NA,NA,"2","1","","",NA,1,NA,NA,NA,NA,NA,NA,NA,NA,NA,NA,3,"2","3",NA,1,30,1,10,2,3,4,7,NA,NA,"",NA,"4","3","3","2","2","4","BMW","1100","R1100RT ""75""","Routière / GT","2","0","2",2,1,1,"1",2,2,1,"1","NSP","12","4","1","BMW","1000","K100LT","Routière / GT","2","4","3","17MAR1962","6","1","3",2,1,1,NA,"NRP","","","",1,0,0,2,0,2,"BMW",1200,"R1200GS","TRAIL / SUPERMOTARD","2","2011","37",3,1,15000,"7","HONDA","500","TOURIST TROPHY (GB)","ROADSTER","2","1993","37",4,1,500,"7","","","","","",NA,NA,NA,NA,NA,"","",NA,"","",NA,NA,NA,NA,NA,NA,"","",NA,"","",NA,NA,NA,NA,NA,NA,NA,15500,"3",4,NA,NA,NA,NA,NA,NA,NA,"NRP","NRP","NRP","NRP","1982","NRP","NRP","1980","NRP","","","","Motorcycle"
"91",1009,4104,"213",1,0,3,"","",NA,NA,NA,0,4,"","","",NA,NA,0,3,"","",NA,"",NA,0,3,"","",NA,NA,NA,0,3,"","","","","",0,3,"","","",NA,NA,0,2,"",NA,NA,NA,NA,0,3,"","","",NA,NA,0,2,"","","","","",0,3,"","","","","",0,3,"","","","","",0,3,"","",NA,NA,NA,0,4,"","","",NA,NA,1,5,"NSP","",NA,NA,NA,1,2,3,"NSP","2013","","","","hirsingue","basel","","","","enfant qui traverse je freine je repart l'enfant retraverse je pile net  et chute","je tourne pour me garer ma roue avant ce situe sur une plaque d'égout et glissade","","","",2,0,3,1,20,1,72,"15",2013,"basel","2013","Autre(s) type(s) d'accident(s).","3","","",NA,"",NA,"","je roule pour aller au boulot arriver a la hauteur de mon parking je met le clignotant pour tourner a gauche et je tourne filet de gaz pour démarrer et roue braquer a gauche mais voila en tournant je me trouve sur une plaque d'égout et perte de l'avant et chute","perte de l'avant et la chute","perte de l'avant essayer de freiner et ensuite arriver a mettre les deux pieds au sol pour éviter la chute de ma personne mais comme la moto a commencer a ce couché c'était trop tard","2","1","en pensant qu'une plaque d'égout le matin c'est glissant","plaque d'égout et bitume pour réparer nos route ne sot pas sensé être la pour nous faire chuter mais juste le contraire pour nous permettre de rouler en toute sécurité","","1","0","","","","","","9","","",NA,NA,"","fais chier ,perte de temps","",NA,NA,NA,NA,"",1,"car je suis humain et les temps étant ce qu'ils sont le boulot passe avant tout","3","3","","","1","1","4","4","1","4","1","1",1,1,4,4,4,10,NA,NA,NA,NA,NA,NA,NA,NA,1,"3","","","",NA,NA,NA,NA,2,2,NA,2,1,3,1,50,0,0,50,0,"2","","","",NA,NA,"2","1","","",NA,2,1,4,NA,NA,NA,NA,NA,NA,1,0,1,"1","1",1,0,7,2,3,4,7,9,NA,NA,NA,"",NA,"4","4","4","1","4","4","SUZUKI","1300","GSX-R ""HAYABUSA""","Routière / GT","2","1","2",1,1,1,"1",1,0,2,"2","NSP","NSP","4","1","SUZUKI","1000","GSX-R IE","SPORTIVE","2","4","3","26NOV1959","8","1","3",2,3,4,1,"NRP","","","",2,0,0,2,0,2,"SUZUKI",1300,"GSX-R  HAYABUSA","Routière / GT","2","2009","37",3,1,6000,"7","SUZUKI","600","GSX-R","SPORTIVE","2","2006","37",4,1,3000,"7","","","","","",NA,NA,NA,NA,NA,"","",NA,"","",NA,NA,NA,NA,NA,NA,"","",NA,"","",NA,NA,NA,NA,NA,NA,NA,9000,"3",4,NA,NA,NA,NA,NA,NA,NA,"NRP","NRP","NRP","NRP","1995","NRP","NRP","1978","NRP","","","","Motorcycle"
"92",266,4107,"201",1,0,3,"","",NA,NA,NA,0,2,"","","",NA,NA,2,5,"1980","1990",NA,"",NA,0,3,"","",NA,NA,NA,0,4,"","","","","",0,2,"","","",NA,NA,0,3,"",NA,NA,NA,NA,1,5,"1990","","",NA,NA,4,6,"1978","1980","1981","2012","",0,4,"","","","","",0,4,"","","","","",0,2,"","",NA,NA,NA,0,4,"","","",NA,NA,0,2,"","",NA,NA,NA,0,NA,7,"","","","","","","","","","","","","","","",NA,NA,2,30,15,1,12,"3",1990,"","1990","Vous remontiez une file de véhicules (à larrêt ou au ralenti) par la gauche. Un véhicule de cette file vous a coupé la route en tournant à gauche.","2","","",NA,"",NA,"","Habitant en région parisienne j'ai l'habitude de remonter à faible allure les files de voitures à l'arrêt dans les embouteillages des trajet domicile-travail. Ce soir là je me suis retrouvé dans une grande avenue, normalement déserte à cette heure tardive, derrière une file de voitures à l'arrêt que j'ai entrepris de remonter. Une des voitures est sortie de la file quand je passait à sa hauteur. Elle voulait faire demi-tour et échapper au bouchon. Je l'ai pas eu le temps de l'éviter, juste de lever le pied droit, c'est mon repose pied qui à endommagé sa portière avant-gauche. La moto à chuté sur la gauche sans dégats (à part des traces sur les poignée et porte bagage) car je roulais lentement (20 km/h ?). Je me suis remis en selle, la conductrice s'excusant et prenant en charge ses propres réparations je n'ai pas rempli de constat d'accident.  Avec le recul j'ai conscience de notre fragilité, de l'impossibilité de réagir en moins d'une seconde et du fait que si des dizaines de voitures sont arrêtées ça n'empêche pas l'une d'elles de faire un écart/demi/quart de tour qui vous coupe la route.","sortie  soudaine d'une voiture de sa file de à l'arrêt","juste le temps de lever le pied/jambe droite pour ne pas être touché par la voiture venant vers moi.","NRP","0","","","le véhicule déboite juste au moment où je passe, une fraction de seconde ne permet pas d'alerter/ d'éviter (par un arrêt ou un évitement).","2","1","1","1","visibilité ? manque de conscience de ma présence possible ?","2","en s'arrêtant immédiatement la voiture à limité les dégats.","6","","",NA,NA,"","","",NA,NA,NA,NA,"1",NA,"Pas le temps d'éviter, malgré vitesse très basse.","4","3","","","1","2","4","4","1","1","1","2",1,4,4,4,4,10,NA,NA,NA,NA,NA,NA,NA,NA,2,"","","","",NA,NA,NA,NA,2,2,NA,2,1,2,1,0,100,0,0,0,"1","AUT|formation des automobilistes : prendre en compte les autres usagers !","","",NA,NA,"4","1","","",NA,1,NA,NA,NA,NA,NA,NA,NA,NA,NA,NA,2,"1","3",NA,0,20,1,10,2,3,4,7,NA,NA,"",NA,"4","4","4","4","4","3","HONDA","500","VT-E","ROADSTER","2","1","1",1,1,1,"1",1,1,1,"1","100000","12","4","1","HONDA","125","CB-TWIN","ROADSTER","2","4","3","12JUL1961","5","1","3",2,3,4,1,"NRP","","","",1,0,0,1,0,1,"YAMAHA",125,"YB-R","ROADSTER","2","2006","37",1,2,3500,"4","","","","","","","",NA,NA,NA,"","","","","","",NA,NA,NA,NA,NA,"","",NA,"","",NA,NA,NA,NA,NA,NA,"","",NA,"","",NA,NA,NA,NA,NA,NA,NA,3500,"2",3,4,NA,NA,NA,NA,NA,NA,"NRP","NRP","NRP","1979","1988","NRP","NRP","1983","NRP","","","","Motorcycle"
"93",626,4118,"138",1,0,4,"","",NA,NA,NA,0,6,"","","",NA,NA,0,5,"","",NA,"",NA,0,3,"","",NA,NA,NA,0,5,"","","","","",0,4,"","","",NA,NA,0,3,"",NA,NA,NA,NA,0,5,"","","",NA,NA,1,4,"2011","","","","",0,4,"","","","","",0,5,"","","","","",0,4,"","",NA,NA,NA,0,4,"","","",NA,NA,0,3,"","",NA,NA,NA,0,NA,1,"","","","","","","","","","","","","","","",NA,NA,2,0,12,1,41,"9",2011,"","2011","Vous avez fait une sortie de route, une perte de contrôle ou une glissade sans rien percuter.","1","","",NA,"",NA,"","Blocage de la roue avant lors du freinage. Moto non équipée de l'ABS. Chute sur voie rapide. Vitesse de la chute environ 90km. Glissade sans percuter d'obstacle.","Blocage instantané. Peut-être un élément glissant sur la route. Impossible de rétablir l'équilibre de la moto.","Je n'ai rien pu faire pour éviter la chute. Les voitures se sont arrêté derrière moi et une personne est venu voir si j'étais blessé.","NRP","0","","","Je pense que seul l'ABS aurait pu me faire éviter la chute.","2","0","","","","","","6","","",NA,NA,"","","",NA,NA,NA,NA,"1",NA,"Une fois la glissade entamée. Seul l'équipement que je portais m'a permis de limiter les blessures. En ce qui me concerne, je ne pouvais rien faire de particulier pour éviter la glissade.","4","3","","","1","3","3","3","2","1","1","2",3,3,4,4,4,4,7,NA,NA,NA,NA,NA,NA,NA,1,"1","AUT|Produit glissant sur la route","","",NA,NA,NA,NA,2,2,NA,2,1,3,1,50,0,0,50,0,"2","","","",NA,NA,"3","1","6","AUT|froide",NA,2,1,7,NA,NA,NA,NA,NA,NA,1,0,1,"3","1",1,0,90,1,2,3,4,9,NA,NA,NA,"",NA,"4","4","4","4","4","4","KAWASAKI","1200","ZZR","Routière / GT","2","1","1",1,1,1,"1",1,1,1,"1","90000","12","4","1","DUCATI","800","SS IE","Routière / GT","2","4","3","05DEC1980","7","2","3",2,2,3,NA,"NRP","","","",2,0,0,1,0,1,"SUZUKI",1800,"INTRUDER M1800R (VZ-R)","CUSTOM","2","2011","10",1,2,20000,"4","","","","","","","",NA,NA,NA,"","","","","","",NA,NA,NA,NA,NA,"","",NA,"","",NA,NA,NA,NA,NA,NA,"","",NA,"","",NA,NA,NA,NA,NA,NA,NA,20000,"3",4,NA,NA,NA,NA,NA,NA,NA,"NRP","NRP","NRP","NRP","2002","NRP","NRP","1999","NRP","","","","Motorcycle"
"94",1097,4127,"161",1,1,4,"1979","",NA,NA,NA,0,5,"","","",NA,NA,0,5,"","",NA,"",NA,0,3,"","",NA,NA,NA,0,3,"","","","","",0,3,"","","",NA,NA,0,4,"",NA,NA,NA,NA,0,3,"","","",NA,NA,0,2,"","","","","",0,6,"","","","","",0,4,"","","","","",0,3,"","",NA,NA,NA,0,2,"","","",NA,NA,0,3,"","",NA,NA,NA,1,3,4,"2007","2012","2014","","","chambery","route napoléon","ajaccio","","","sur le chemin de retour à mon domicile apres le travail vers 21h00 en passant devant la foire de savoie à 30 km/h je me prend en travers du buste un cable electrique qui pendait en attendant que l'electricien traverse la rue pour le tendre depuis l'autre coté de la rue. une moto fracassée,un pilote au urgence mais pour rien.","banale glissade à 30 km/h dans un virage pourri par un liquide gras","chute à 10 km/h sur une route en travaux couverte d'une pelicule de sable","","",0,0,8,4,12,1,73,"15",2014,"ajaccio","2014","Autre(s) type(s) d'accident(s).","3","","",NA,"",NA,"","en remontanr vers le nord à la sortie d'ajaccio le secteur était en travaux et la route recouverte de sable sec et fin avec vue sur la mer: une vraie plage. je gaffe bien les engins de chantier divers qui tournent et manoeuvrent sans se soucier de la circulation.pas ou peu de signalisation.  j'arrive à une patte d'oie correctectement signalée mais une camionette s'est garée devant les panneaux d'orientation. là je relache mon attention pour trouver ma route et je chute sur le coté gauche sans avoir eu le temps de rien du tout. grosse douleur à l'epaule et à la main ( je roule toujours ganté et entierement equipé sauf ce jour là où il faisait vraiment trop chaud) la chute s'st produite devant une voiture pleine de gendarmes tres préssés qui m'ont aidé à remonter la becane tres gentiment tout en me faisant comprendre qu'ils ont mieux à faire une fois le constat fait de l'absence de trauma grave.la trouille de rater le bateau du lendemain me fait sublimer la douleur et je termine le sejour en conduisantr d'une main ou presque. sur le retour en depassant Sisteron les gendarmes me décollent trois points + 90  pour un ecces de vitesse  bilan : la becane = rien , le bonhomme = trois mois de reeducation et autres fantaisies medicales et 5 points restant sur le permis. pour les gendarmes je l'ai pensé tres tres fort mais je l'ai pas dit , ils avaient l'air pret à me mettre une rallonge vu qu'ils ont inspecté la becanne sous toutes les coutures.  bon la corse c'est jouly et il y a de beaux virages","le sable sur la route qui rendait meme difficile la marche à pied","prit par surprise je n'ai pas eu le temps d'agir","2","1","rester vigilant malgre le bordel ambiant","le sentiment de devoir aller vite pour arriver avant la nuit","","2","0","","","","","","2","3","",NA,NA,"","","",1,2,NA,NA,"",NA,"question ????! ben euh , je ne m'y attendait pas","3","3","","","3","2","3","4","1","1","3","1",3,4,4,4,4,3,6,NA,NA,NA,NA,NA,NA,NA,1,"3","4","5","6",NA,NA,NA,NA,2,2,NA,2,1,1,1,10,0,0,90,0,"2","","","",NA,NA,"2","1","4","7",NA,2,1,2,4,NA,NA,NA,NA,NA,0,NA,3,"1","3",NA,0,15,1,3,4,7,8,9,NA,NA,"",NA,"4","4","4","4","4","4","BMW","850","R850RT","Routière / GT","2","0","1",1,1,1,"1",1,1,1,"1","134000","5","4","1","BMW","1000","K100RT","Routière / GT","2","3","4","11JAN1959","6","2","3",2,2,3,NA,"NRP","","","",2,1,0,1,0,1,"BMW",850,"R850RT","Routière / GT","2","2000","31",1,2,22000,"7","","","","","","","",NA,NA,NA,"","","","","","",NA,NA,NA,NA,NA,"","",NA,"","",NA,NA,NA,NA,NA,NA,"","",NA,"","",NA,NA,NA,NA,NA,NA,NA,22000,"4",3,NA,NA,NA,NA,NA,NA,NA,"NRP","NRP","NRP","NRP","2008","NRP","NRP","1986","NRP","","","","Motorcycle"
"95",99,4133,"247",1,0,6,"","",NA,NA,NA,0,6,"","","",NA,NA,0,6,"","",NA,"",NA,5,6,"2005","2006",2007,2009,2014,2,6,"2005","2006","","","",0,5,"","","",NA,NA,0,1,"",NA,NA,NA,NA,0,3,"","","",NA,NA,0,4,"","","","","",0,6,"","","","","",0,6,"","","","","",0,2,"","",NA,NA,NA,0,2,"","","",NA,NA,0,3,"","",NA,NA,NA,1,3,10,"2007","2009","2014","","","tarnos","bayonne","biarotte","","","percuté par l'arrière à un feu rouge par véhicule qui ne l'a pas respecté","percuté par l arrière à un feu rouge par véhicule qui ne s'est pas arrété","percuté par l arrière à un stop par camionnette dont conducteur téléphonait","","",0,0,49,2,41,1,22,"5",2006,"","2006","Vous circuliez sur un axe prioritaire. Un véhicule venant dun axe non prioritaire vous a coupé la route.","6","","",NA,"",NA,"","Dans un virage serré, en sortie d'une ferme, une voiture a fait un demi tour sans regarder dans le miroir qui visualisait les 2 bouts de route aveugles la venue ou non d'un autre véhicule.","je roulais à 60 km/h, pas vite mais penché pour prendre le virage serré, avec ma femme derrière, la voiture a été surprise, a marqué un temps d'hésitation mais est passé quand même rendant le choc inévitable.  Si la voiture avait accéléré, je passais derrière elle, si la voiture s'était arrétée, je passais devant elle, seule sa mauvaise estimation visuelle de la situation, sa non attention à sa conduite (elle avait oublié quelque chose et retournait rapidement le chercher, seule chose qu'elle avait en tête. Si j'avais été en voiture, c'est elle qui aurait eu des blessures, pas moi.","1 On se relève, 2. on relève son passager. 3 on estime briévement les blessures. 4. on sécurise les lieux le reste, ce sont les constats, le dépannage, le toubib et le contre coup nerveux du choc à digérer.","AUT|tout va très vite. aucune réponse ci dessus","0","","","la réaction de l'automobiliste à sa bévue a été la mauvaise, penché dans un virage serré à faible vitesse avec un passager, les maneuvres sont limitées","2","1","2","","se concentrer sur sa conduite au lieu d'un problème personnel","1","voir plus haut","6","","",NA,NA,"","","",NA,NA,NA,NA,"1",NA,"une situation sur laquelle on n'a plus la main","4","3","","","1","1","4","4","4","1","1","1",1,1,4,4,4,10,NA,NA,NA,NA,NA,NA,NA,NA,1,"AUT|un S avec une cour de ferme permettant de faire 1/2 tour","","","",NA,NA,NA,NA,2,2,NA,2,2,1,1,10,70,0,20,0,"2","","","",NA,NA,"1","1","","",NA,2,1,3,6,NA,NA,NA,NA,NA,1,0,1,"2","3",NA,1,70,1,10,2,3,4,7,NA,NA,"",NA,"4","4","4","4","4","4","YAMAHA","1000","FZ1 FAZER","ROADSTER","2","0","1",1,1,1,"1",1,1,1,"1","15000","12","3","1","SUZUKI","1200","BANDIT-S","ROADSTER","2","4","4","07SEP1957","5","1","3",2,2,3,NA,"NRP","","","",2,0,0,1,0,1,"BMW",1200,"R1200R","ROADSTER","2","2011","37",2,1,8400,"7","","","","","","","",NA,NA,NA,"","","","","","",NA,NA,NA,NA,NA,"","",NA,"","",NA,NA,NA,NA,NA,NA,"","",NA,"","",NA,NA,NA,NA,NA,NA,NA,8400,"4",3,2,NA,NA,NA,NA,NA,NA,"NRP","NRP","NRP","1978","1979","NRP","NRP","1980","NRP","","","","Motorcycle"
"96",230,4142,"334",1,0,5,"","",NA,NA,NA,0,3,"","","",NA,NA,0,3,"","",NA,"",NA,0,2,"","",NA,NA,NA,0,6,"","","","","",0,1,"","","",NA,NA,0,4,"",NA,NA,NA,NA,0,4,"","","",NA,NA,1,3,"2009","","","","",0,3,"","","","","",0,5,"","","","","",0,3,"","",NA,NA,NA,0,2,"","","",NA,NA,0,2,"","",NA,NA,NA,0,NA,1,"","","","","","","","","","","","","","","",NA,NA,2,1,6,1,41,"9",2009,"","2009","Vous avez fait une sortie de route, une perte de contrôle ou une glissade sans rien percuter.","1","2","",NA,"",NA,"","J'ai perdu l'avant de la moto à 23h le dimanche 9 aout 2009 dans un rond point ou une voiture venait juste de laisser un flaque d'huile pour cause de carter d'huile perforé par une bielle","Glissade sur une plaque d'huile","Je prenais le rond point à environ 30km/h lorsque l'avant décroche et raccroche vivement, ne pouvant rien faire je laisse tout partir en essayant de retenir ma femme qui est derrière.La glissage est interminable et le frottement de la ferraille sur le bitume provoque des étincelles et des bruits de tôles dans la nuit sombre. Tout s'arrête d'un seul coup, je me relève les genoux en feu ouf!! je bouge. Je cherche aussitôt ma femme ouf!! elle me répond et elle bouge mais abasourdie. J'essaye alors de relever la moto de 260kgs pour éviter le suraccident mais je patauge dans une marre d'huile et je ne peux pas. Viens alors une aide extérieur et nous dégageons la moto. Cette aide n'est autre que le chauffeur de la voiture perforée qui n'a pu faire plus de mètre. puis tout s'enchaine: pompiers qui nous prennent en charge, gendarmes qui me font souffler dans le ballon pour commencer, dépanneuse qui embarque la bécane et nous voila aux urgences de Saumur pour en ressortir vers 3h du matin les genoux en vrac mais vivant. Je récupère la moto fin Octobre et le chauffeur de la voiture à financé toutes les réparations soit 1900. Depuis ma femme ne m'accompagne plus.","2","0","","","Une plaque d'huile ne se voit pas la nuit","2","0","","","","","","2","3","6",NA,NA,"","","",1,3,NA,NA,"2",NA,"Ma conduite était cool et j'étais surpris de perdre l'avant comme ça","3","3","","","1","1","4","4","4","1","1","1",1,4,4,4,4,5,NA,NA,NA,NA,NA,NA,NA,NA,1,"2","3","7","",NA,NA,NA,NA,2,2,NA,2,2,2,1,0,90,0,10,0,"2","","","",NA,NA,"1","1","","",NA,2,1,7,NA,NA,NA,NA,NA,NA,1,0,2,"2","3",NA,1,30,1,2,3,4,NA,NA,NA,NA,"",NA,"4","4","4","4","4","4","YAMAHA","900","XJS DIVERSION","Routière / GT","2","1","1",1,1,1,"1",1,1,1,"1","60000","12","1","1","PIONEER","125","MOTODUST","TRAIL / SUPERMOTARD","2","3","4","07FEB1959","7","2","3",2,2,3,NA,"NRP","","","",1,0,0,1,0,1,"YAMAHA",900,"XJS DIVERSION","Routière / GT","2","1998","29",1,2,10000,"7","","","","","","","",NA,NA,NA,"","","","","","",NA,NA,NA,NA,NA,"","",NA,"","",NA,NA,NA,NA,NA,NA,"","",NA,"","",NA,NA,NA,NA,NA,NA,NA,10000,"3",4,NA,NA,NA,NA,NA,NA,NA,"NRP","NRP","NRP","NRP","2009","NRP","NRP","1978","NRP","","","","Motorcycle"