"","Ligne","Ligne.Q.qualif","Ligne.approfondissement.Accident","ACCIDENT","NBACC1","ACCFREQUENCE1","ANNEEACC1_1","ANNEEACC1_2","ANNEEACC1_3","ANNEEACC1_4","ANNEEACC1_5","NBACC2","ACCFREQUENCE2","ANNEEACC2_1","ANNEEACC2_2","ANNEEACC2_3","ANNEEACC2_4","ANNEEACC2_5","NBACC3","ACCFREQUENCE3","ANNEEACC3_1","ANNEEACC3_2","ANNEEACC3_3","ANNEEACC3_4","ANNEEACC3_5","NBACC4","ACCFREQUENCE4","ANNEEACC4_1","ANNEEACC4_2","ANNEEACC4_3","ANNEEACC4_4","ANNEEACC4_5","NBACC5","ACCFREQUENCE5","ANNEEACC5_1","ANNEEACC5_2","ANNEEACC5_3","ANNEEACC5_4","ANNEEACC5_5","NBACC6","ACCFREQUENCE6","ANNEEACC6_1","ANNEEACC6_2","ANNEEACC6_3","ANNEEACC6_4","ANNEEACC6_5","NBACC7","ACCFREQUENCE7","ANNEEACC7_1","ANNEEACC7_2","ANNEEACC7_3","ANNEEACC7_4","ANNEEACC7_5","NBACC8","ACCFREQUENCE8","ANNEEACC8_1","ANNEEACC8_2","ANNEEACC8_3","ANNEEACC8_4","ANNEEACC8_5","NBACC9","ACCFREQUENCE9","ANNEEACC9_1","ANNEEACC9_2","ANNEEACC9_3","ANNEEACC9_4","ANNEEACC9_5","NBACC10","ACCFREQUENCE10","ANNEEACC10_1","ANNEEACC10_2","ANNEEACC10_3","ANNEEACC10_4","ANNEEACC10_5","NBACC11","ACCFREQUENCE11","ANNEEACC11_1","ANNEEACC11_2","ANNEEACC11_3","ANNEEACC11_4","ANNEEACC11_5","NBACC12","ACCFREQUENCE12","ANNEEACC12_1","ANNEEACC12_2","ANNEEACC12_3","ANNEEACC12_4","ANNEEACC12_5","NBACC13","ACCFREQUENCE13","ANNEEACC13_1","ANNEEACC13_2","ANNEEACC13_3","ANNEEACC13_4","ANNEEACC13_5","NBACC14","ACCFREQUENCE14","ANNEEACC14_1","ANNEEACC14_2","ANNEEACC14_3","ANNEEACC14_4","ANNEEACC14_5","AUTRESACC","NBAUTRESACC","TOTAL_AC","ANNEEAUTREACC1","ANNEEAUTREACC2","ANNEEAUTREACC3","ANNEEAUTREACC4","ANNEEAUTREACC5","LIEUAUTREACC1","LIEUAUTREACC2","LIEUAUTREACC3","LIEUAUTREACC4","LIEUAUTREACC5","DESCRIPTIONAUTRESACC1","DESCRIPTIONAUTRESACC2","DESCRIPTIONAUTRESACC3","DESCRIPTIONAUTRESACC4","DESCRIPTIONAUTRESACC5","NBAUTRESACCCIRCUIT","NBAUTRESTOUTTERRAIN","EXPCYCLO","EXP125","EXPSUP125","ACCORDNEXTQ","CHOIXACC","RGPMTACC","RECUPANNEE","RECUPLIEU","RECUPANNE","RGPMTAC","CHOIX1","CHOIX2","CHOIX3","CHOIX4","CHOIX5","CHOIX6","CHOIX7","DESCRIPTION","RUPTURE","FAITS","ABS_REACTION","AUTRE_REACTION","PRECISIONREACTIONOUI","RECUL","PRECISIONREACTIONNON","IMPACTCOMPORTEMENT","AUTREUSAGER","REACTIONAUTREUSAGER","CONNAISSANCEREACTIONUSAGER","DIFFICULTES","AGGRAVATION","DIFFICULTES2","EMOTIONS1","EMOTIONS2","EMOTIONS3","EMOTIONS4","EMOTIONS5","EMOTIONS6","AUTRESENTIMENT","CLASSEMENTEMOTIONS1","CLASSEMENTEMOTIONS","CLASSEMENTEMOTIONS5","CLASSEMENTEMOTIONS6","CLASSEMENTEMOTIONS7","CLASSEMENTEMOTIONS8","CLASSEMENTEMOTIONS9","EXPLICATIONRESSENTI","BIENEQUIPE","ALLURE","ALLUREVITEDETAIL","ALLURELENTEDETAIL","SITUATIONPRESSE","SITUATIONDISTRAIT","SITUATIONCONFIANT","SITUATIONCONTROLE","SITUATIONLUDIQUE","SITUATIONPERF","SITUATIONSTRESS","SITUATIONFATIGUE","HUMEURNEUTRE","HUMEURGAI","HUMEURMECONTENT","HUMEURTRISTE","HUMEURCOLERE","CONTRIBUTION1","CONTRIBUTION2","CONTRIBUTION3","CONTRIBUTION4","CONTRIBUTION5","CONTRIBUTION6","CONTRIBUTION7","CONTRIBUTION8","CONTRIBUTION9","ROLEINFRA","ELEMENTINFRA1","ELEMENTINFRA2","ELEMENTINFRA3","ELEMENTINFRA4","ELEMENTINFRA5","ELEMENTINFRA6","ELEMENTINFRA7","ELEMENTINFRA8","ELEMENTINFRA9","ALCOOL","TXALCOOL","STUP","SEMAINE","MOMENTJOURNEE","TEMPS","CAUSEACC1","CAUSEACC2","CAUSEACC3","CAUSEACC4","CAUSEACC5","FORMATIONCAUSE","FORMATION1","FORMATION2","FORMATION3","FORMATION4","FORMATION5","TRAFIC","CHAUSSEE1","CHAUSSEE2","CHAUSSEE3","CHAUSSEE4","TYPEACC","BLESSURE","TETE","COU","THORAX","MEMBRESSUP","COLONNE","BASSIN","MEMBRESINF","HOPITAL","PLUS24H","TRAJET","TYPEROUTE","MOTIF","SENSTRAJET","PASSAGER","VITESSE","DESCEQ1","DESCEQ2","DESCEQ3","DESCEQ4","DESCEQ5","DESCEQ6","DESCEQ7","DESCEQ8","DESCEQ9","DESCEQ10","VEHICULEETE","VEHICULEAUTOMNE","VEHICULEPRINTEMPS","VEHICULEHIVER","VEHICULESEMAINE","VEHICULEWE","VEHMARQUE","VEHCYLINDREE","VEHMODELE","VEHSEGMENT","VEHSIDE","EQ2RMABS","EQ2RMCBS","EQ2RMABSCBS","EQ2RMREGULATEUR","EQ2RMLIMITEUR","EQ2RMPHARESDIRECT","EQ2RMCOUPURE","EQ2RMANTIPATINAGE","EQ2RMANTIXHEELING","EQ2RMSTABILILTE","VEHKM","POINTS","DUREE","AUTRE2RM","VEHPRECMARQUE","VEHPRECCYLINDREE","VEHPRECMODELE","VEHPRECSEGMENT","VEHPRECSIDE","TEMPS2RMPREC","FREQVEHPREC","DATE_NAISS","CSP","SOCIETAIRE","SALARIE","SECTEUR2RM","NBPERSFOYER","SITFAM","NBENF","TRNBENF1","TRNBENF2","TRNBENF3","TRNBENF4","NBAUTOFOYER","NBCYCLOFOYER","NBSCOOTFOYER","NBMOTOFOYER","NBTRIKEFOYER","NB2RMCONDUIT","MARQUE1","CYLINDREE1","MODELE1","SEGMENT1","SIDE1","ANMISECIRCU1","ASS1","FREQ1","USAGE1","NBKM1","GARAGE1","MARQUE2","CYLINDREE2","MODELE2","SEGMENT2","SIDE2","ANMISECIRCU2","ASS2","FREQ2","USAGE2","NBKM2","GARAGE2","MARQUE3","CYLINDREE3","MODELE3","SEGMENT3","SIDE3","ANMISECIRCU3","ASS3","FREQ3","USAGE3","NBKM3","GARAGE3","MARQUE4","CYLINDREE4","MODELE4","SEGMENT4","SIDE4","ANMISECIRCU4","ASS4","FREQ4","USAGE4","NBKM4","GARAGE4","MARQUE5","CYLINDREE5","MODELE5","SEGMENT5","SIDE5","ANMISECIRCU5","ASS5","FREQ5","USAGE5","NBKM5","GARAGE5","NBKMTOT","PERMIS1","PERMIS2","PERMIS3","PERMIS4","PERMIS5","PERMIS6","PERMIS7","PERMIS8","PERMIS9","ANPERMIS1","ANPERMIS6","ANPERMIS7","ANPERMIS2","ANPERMIS3","ANPERMIS8","ANPERMIS9","ANPERMIS4","ANPERMIS5","X","X.1","X.2","isScooter"
"97",635,4145,"259",1,0,1,"","",NA,NA,NA,0,2,"","","",NA,NA,0,2,"","",NA,"",NA,0,2,"","",NA,NA,NA,1,2,"1960","","","","",0,2,"","","",NA,NA,0,2,"",NA,NA,NA,NA,1,1,"1967","","",NA,NA,0,1,"","","","","",0,2,"","","","","",0,2,"","","","","",0,2,"","",NA,NA,NA,0,2,"","","",NA,NA,0,1,"","",NA,NA,NA,0,NA,2,"","","","","","","","","","","","","","","",NA,NA,60,53,53,1,21,"5",1960,"","1960","Vous circuliez sur un axe prioritaire. Un véhicule venant dun axe non prioritaire vous a coupé la route.","5","","",NA,"",NA,"","Refus de priorité, je ne conduisais pas et nous sommes passée sur la voiture fautive; nous somme tombés sans trop de mal","désormais j'applique le  principe PMC: Prudence Méfiance Courtoisie c'est toujours le motard qui a mal en cas d'accident, même quand il est dans son droit....ne jamais perdre cela de vue","NRP","AUT|et parce que je ne conduisais pas","1","NRP","NRP","","2","1","1","1","NSP","NSP","NSP","1","5","",NA,NA,"","","2",NA,NA,NA,1,"",NA,"Ca ne s'explique pas, ça se constate","3","3","","","2","1","3","3","1","1","1","3",5,5,5,4,4,5,NA,NA,NA,NA,NA,NA,NA,NA,2,"","","","",NA,NA,NA,NA,2,2,NA,2,1,1,1,0,100,0,0,0,"2","","","",NA,NA,"2","1","","",NA,1,NA,NA,NA,NA,NA,NA,NA,NA,NA,NA,2,"1","3",NA,0,40,1,2,4,NA,NA,NA,NA,NA,"",NA,"3","3","3","3","3","3","PUCH","175","BASIQUE","ROADSTER","2","1","1",1,1,1,"1",1,1,1,"1","NSP","NSP","2","1","MOTOBECANE","125","STANDARD","ROADSTER","2","2","1","26OCT1943","9","1","3",2,2,3,NA,"NRP","","","",1,0,0,1,0,1,"BMW",850,"R850RT","Routière / GT","2","2001","37",2,1,8000,"AUT|cour","","","","","","","",NA,NA,NA,"","","","","","",NA,NA,NA,NA,NA,"","",NA,"","",NA,NA,NA,NA,NA,NA,"","",NA,"","",NA,NA,NA,NA,NA,NA,NA,8000,"3",4,NA,NA,NA,NA,NA,NA,NA,"NRP","NRP","NRP","NRP","1963","NRP","NRP","1962","NRP","","","","Motorcycle"
"98",796,4153,"471",1,1,4,"1996","",NA,NA,NA,0,2,"","","",NA,NA,0,4,"","",NA,"",NA,0,6,"","",NA,NA,NA,0,5,"","","","","",0,4,"","","",NA,NA,0,4,"",NA,NA,NA,NA,0,5,"","","",NA,NA,1,4,"1997","","","","",1,6,"2005","","","","",1,5,"2007","","","","",0,2,"","",NA,NA,NA,0,3,"","","",NA,NA,0,5,"","",NA,NA,NA,0,NA,4,"","","","","","","","","","","","","","","",NA,NA,0,0,20,1,51,"11",2007,"","2007","Vous circuliez sur un axe constitué dau moins "" 2 X 2 voies "" (en urbain, périph, autoroute, RN ). Un véhicule vous a coupé la route en changeant de voie pour se placer sur celle de gauche.","6","","",NA,"",NA,"","je circulais sur la voie de gauche. le vehicule qui était à ma hauteur sur la voie de droite à brutalement changé de file, me jetant à terre.","le conducteur n'a pas, de son propre aveu, regardé dans son retro ni surveillé son angle mort avant de changer de file","j'ai tenté un manuvre d'évitement, mais son changement de file était trop brutale, et nos vitesses trop similaires pour me dégager. le conducteur de la voiture n'a reagit qu'après le contact en regagnant sa file, et en s'arretant.","NRP","1","ne pas rester à hauteur du vehicule en situation vulnérable, me signaler","manque d'expérience","","2","1","2","","il se croyait seul manque d'attention","1","sa responsabilité a été engagée à 100%","2","3","6",NA,NA,"","","",1,3,NA,NA,"2",NA,"surpris de me retrouver par terre","3","3","","","1","2","3","3","1","1","1","1",1,3,4,4,4,5,NA,NA,NA,NA,NA,NA,NA,NA,2,"","","","",NA,NA,NA,NA,2,2,NA,2,1,1,1,5,95,0,0,0,"2","","","",NA,NA,"2","1","","",NA,1,NA,NA,NA,NA,NA,NA,NA,NA,NA,NA,3,"4","3",NA,0,40,1,10,2,5,NA,NA,NA,NA,"",NA,"4","4","4","4","4","4","YAMAHA","600","XJ-S DIVERSION","ROADSTER","2","1","1",1,1,1,"1",1,1,1,"1","20000","12","3","0","","","","","","","","27SEP1971","4","2","3",2,5,4,3,"NRP","","","",1,0,0,1,0,1,"SUZUKI",1200,"BANDIT-S","ROADSTER","2","2001","10",2,3,6000,"7","","","","","","","",NA,NA,NA,"","","","","","",NA,NA,NA,NA,NA,"","",NA,"","",NA,NA,NA,NA,NA,NA,"","",NA,"","",NA,NA,NA,NA,NA,NA,NA,6000,"3",4,NA,NA,NA,NA,NA,NA,NA,"NRP","NRP","NRP","NRP","1995","NRP","NRP","1989","NRP","","","","Motorcycle"
"99",1136,4154,"248",1,0,4,"","",NA,NA,NA,0,4,"","","",NA,NA,0,4,"","",NA,"",NA,0,2,"","",NA,NA,NA,0,4,"","","","","",0,2,"","","",NA,NA,0,2,"",NA,NA,NA,NA,0,3,"","","",NA,NA,0,2,"","","","","",0,5,"","","","","",0,4,"","","","","",0,2,"","",NA,NA,NA,0,4,"","","",NA,NA,0,3,"","",NA,NA,NA,1,2,2,"2010","2014","","","","TOULOUSE","CASTANET TOLOSA","","","","J'ai été percuté à l'arrière par une autre moto, j'ai freiné pour m'arrêter à un feu ""orange sanguin""","J'ai été percuté à l'arrière par une voiture alors que je me suis arrêté pour marquer un stop","","","",0,0,2,4,34,1,72,"15",2014,"CASTANET TOLOSA","2014","Autre(s) type(s) d'accident(s).","5","","",NA,"",NA,"","Sur un croissement en T et marqué par un stop, j'ai marqué l'arrêt sur ce stop et une voiture m'a percutée par l'arrière.","Sur ce croissement, les véhicules ont tendance à vérifier s'ils doivent s'arrêter réellement ou le franchir sans s'arrêter. Aucun véhicule ne venant par la gauche, la voiture qui m'a percuté a accélérée pour ""bruler"" le stop.","J'ai ralenti ma moto à l'approche du stop et j'ai marqué l'arrêt ""absolu"" en actionnant les freins et en posant les pieds au sol. La position de ma moto sur le stop me permettant de vérifier si d'autres usager pouvaient arriver à gauche et à droite. Lors du choc, je suis tombé sur le côté droit et la conductrice de la voiture est venue me demander si j'étais blessé. D'autres automobilistes m'ont posés la question. J'ai vérifié que je n'avais aucunes douleurs et me suis relevé après quelques secondes.","3","0","","","NRP","2","1","2","","aucune puisque à cet endroit le marquage du stop est absolu","2","Ma moto était au sol et le véhicule qui m'à percuté étaient à l'arrêt","7","","",NA,NA,"","","",NA,NA,NA,NA,"",NA,"","4","4","","","1","1","4","4","4","1","1","1",1,1,4,4,4,5,8,NA,NA,NA,NA,NA,NA,NA,2,"","","","",NA,NA,NA,NA,2,2,NA,2,1,2,1,0,100,0,0,0,"2","","","",NA,NA,"1","1","","",NA,1,NA,NA,NA,NA,NA,NA,NA,NA,NA,NA,1,"2","1",1,0,0,1,10,2,3,4,7,NA,NA,"",NA,"4","4","4","4","4","4","BMW","1200","R1200RT","Routière / GT","2","0","2",0,0,1,"1",0,0,1,"0","25000","12","1","1","BMW","1200","R1200RT","Routière / GT","2","4","4","12SEP1955","7","1","3",2,2,3,NA,"NRP","","","",2,1,0,1,0,2,"BMW",1200,"R1200RT PACK","Routière / GT","2","2009","37",1,2,20000,"7","PEUGEOT","50","103","ROADSTER","2","1989","16",4,1,200,"7","","","","","",NA,NA,NA,NA,NA,"","",NA,"","",NA,NA,NA,NA,NA,NA,"","",NA,"","",NA,NA,NA,NA,NA,NA,NA,20200,"2",4,NA,NA,NA,NA,NA,NA,NA,"NRP","NRP","NRP","1980","NRP","NRP","NRP","1974","NRP","","","","Motorcycle"
"100",685,4155,"30",1,1,4,"1987","",NA,NA,NA,0,3,"","","",NA,NA,0,3,"","",NA,"",NA,0,3,"","",NA,NA,NA,0,3,"","","","","",0,2,"","","",NA,NA,0,3,"",NA,NA,NA,NA,0,4,"","","",NA,NA,0,4,"","","","","",0,3,"","","","","",0,3,"","","","","",0,2,"","",NA,NA,NA,0,3,"","","",NA,NA,0,3,"","",NA,NA,NA,0,NA,1,"","","","","","","","","","","","","","","",NA,NA,4,0,30,1,1,"1",1987,"","1987","Vous circuliez sur un axe prioritaire. Un autre véhicule arrivant sur le même axe en sens opposé vous a coupé la route en tournant à gauche.","1","","",NA,"",NA,"","Alors que je circulais en ville une voiture m'a coupé la route en tournant à gauche. J'ai fait un  vol et me suis cassé le poignet à l'atterrissage. Le jeune conducteur ne m'avait pas vu.résultat: une moto et une voiture à la casse et 1 mois d'arrêt de travail.","manque d'expérience du jeune conducteur de la voiture ( 3 semaines de conduite)","je me suis mis en boule pour atterrir sans avoir eu le temps de freiner ni s'esquisser la moindre manoeuvre d'évitement.","NRP","0","","","si...","3","1","NSP","","surprise ou inattention","NSP","NRP","2","3","6",7,NA,"","","",1,3,NA,NA,"2",NA,"j'avais vu la voiture venir en face sans imaginer qu'elle allait changer de direction et me couper la route","3","3","","","2","1","4","4","3","1","1","3",1,1,4,4,4,5,NA,NA,NA,NA,NA,NA,NA,NA,2,"","","","",NA,NA,NA,NA,2,2,NA,2,1,1,1,0,100,0,0,0,"NSP","","","",NA,NA,"2","1","","",NA,2,1,4,NA,NA,NA,NA,NA,NA,1,0,1,"1","1",2,0,45,1,10,2,3,5,NA,NA,NA,"",NA,"3","3","3","3","NRP","NRP","HONDA","500","CX500C","CUSTOM","2","1","1",1,1,1,"2",1,1,1,"1","40000","12","4","1","HONDA","500","CX","ROADSTER","2","4","2","10AUG1948","9","2","3",2,2,3,NA,"NRP","","","",2,0,0,1,0,1,"BMW",1100,"R1100GS","TRAIL / SUPERMOTARD","2","1994","31",3,1,2000,"7","","","","","","","",NA,NA,NA,"","","","","","",NA,NA,NA,NA,NA,"","",NA,"","",NA,NA,NA,NA,NA,NA,"","",NA,"","",NA,NA,NA,NA,NA,NA,NA,2000,"4",2,NA,NA,NA,NA,NA,NA,NA,"NRP","NRP","NRP","1987","NRP","NRP","NRP","1966","NRP","","","","Motorcycle"
"101",680,4157,"207",1,0,4,"","",NA,NA,NA,0,3,"","","",NA,NA,0,4,"","",NA,"",NA,0,4,"","",NA,NA,NA,0,4,"","","","","",0,4,"","","",NA,NA,0,3,"",NA,NA,NA,NA,0,4,"","","",NA,NA,0,3,"","","","","",0,3,"","","","","",0,4,"","","","","",0,3,"","",NA,NA,NA,0,4,"","","",NA,NA,0,3,"","",NA,NA,NA,1,1,1,"2001","","","","","Evreux","","","","","Je remontais une file de voiture à l'arrêt au feu rouge. Conducteur d'une voiture dans la file a ouvert sa porte.","","","","",0,0,0,0,19,1,71,"15",2001,"Evreux","2001","Autre(s) type(s) d'accident(s).","1","","",NA,"",NA,"","Une définition parfaite de l'accident. Journée ensoleillée, petit déplacement en ville, pas pressé, cool. Je remontais une file de voiture stoppée par un feu, un conducteur a ouvert sa porte en circulation pour aller demander son chemin à un piéton. J'ai percuté l'angle de sa porte, et je suis tombé devant une ambulance de pompier...surement une commande passée à l'univers. Thyroïde écrasée, pas de casse physique, pas d'arrêt de travail. Pour une course de 15 mn, ... 3h aux urgences, une belle journée qui se termine  Voilà l'accident dans toute sa splendeur.","1 Si j'avais cool jusqu'au bout, j'aurais du rester dans la file, attendre mon tour. Mais remonter la file n'était pas dangereux à ce moment. Un choix qui parait évident après coup...si on savait tout à l'avance... 2 Le conducteur a ouvert sa porte un peu tard, au moment où je passais à sa hauteur. Ca été le moment difficile, même avec ma vitesse élevée de 20km/h, j'ai hésité à passer un coup de fil à mon assurance pour savoir si j'allais être bien défendu :)..je n'ai pas eu le temps 3 J'ai eu le temps que de dire mer..","Conduite des plus apaisante. Un mauvais choix. La surprise d'une porte qui vous stoppe net. A peine un mètre de délai, moins d'une seconde. Choc, envolé, et atterrissage en douceur, conducteur de la voiture est venu me voir pour s'excuser, les pompiers sur les lieux en moins d'une minute...juste le sentiment d'être cascadeur pour un film","2","1","N'étant pas pressé, j'attendais dans la file de voiture. Je mettais mon avantage de 2 roues dans ma poche avec mon mouchoir dessus. J'acceptais de perdre 5 minutes.  Le vrai message que je veux faire passer aux motards, c'est qu'en moto, avec une conduite cool et raisonnée, t'es gagnant par rapport aux modes de transports, alors pourquoi en faire plus?","1 l'habitude : ça tue énormément. 2 l'endroit ne semblait pas propice à l'ouverture de porte piégée. 3 une moto permet de tirer avantage des bouchons dans la circulation.","","2","1","2","","Oui, il avait une difficulté à regarder dans son rétroviseur avant d'ouvrir sa porte","NSP","L'accident, c'est la mauvaise action effectuée au mauvais moment et au mauvais endroit. Pour le conducteur de la voiture. Mauvaise action : ouvre ta porte sans vérification Mauvais moment : quand une moto passe Mauvais endroit : en circulation. Pou moi Mauvaise action : remonté une file de voiture à l'arrêt Mauvais endroit : trop prés de sa voiture Mauvais moment : quand il a décidé d'ouvrir sa porte.","2","6","",NA,NA,"","","",1,NA,NA,NA,"2",NA,"Surpris d'un conducteur ouvre sa porte à cet endroit. Encore plus surpris en connaissant son motif","2","3","","","1","3","3","3","1","1","1","2",3,4,4,4,4,5,NA,NA,NA,NA,NA,NA,NA,NA,2,"","","","",NA,NA,NA,NA,2,2,NA,2,1,1,1,20,80,0,0,0,"2","","","",NA,NA,"4","1","","",NA,2,1,2,NA,NA,NA,NA,NA,NA,1,0,2,"1","3",NA,0,20,1,2,5,NA,NA,NA,NA,NA,"",NA,"3","3","3","2","2","3","HONDA","750","CB-SEVEN FIFTY","ROADSTER","2","1","1",1,1,1,"1",1,1,1,"1","40000","12","4","0","","","","","","","","29NOV1974","5","1","3",1,1,1,NA,"NRP","","","",1,1,0,1,0,1,"TRIUMPH",955,"TIGER","TRAIL / SUPERMOTARD","2","2001","37",2,2,3000,"7","","","","","","","",NA,NA,NA,"","","","","","",NA,NA,NA,NA,NA,"","",NA,"","",NA,NA,NA,NA,NA,NA,"","",NA,"","",NA,NA,NA,NA,NA,NA,NA,3000,"3",4,NA,NA,NA,NA,NA,NA,NA,"NRP","NRP","NRP","NRP","1993","NRP","NRP","1995","NRP","","","","Motorcycle"
"102",430,4161,"163",1,0,3,"","",NA,NA,NA,0,5,"","","",NA,NA,1,5,"2001","",NA,"",NA,0,3,"","",NA,NA,NA,0,4,"","","","","",0,3,"","","",NA,NA,0,3,"",NA,NA,NA,NA,1,3,"1996","","",NA,NA,0,3,"","","","","",0,4,"","","","","",0,4,"","","","","",0,2,"","",NA,NA,NA,0,3,"","","",NA,NA,0,3,"","",NA,NA,NA,1,1,3,"NSP","","","","","cannes","","","","","arrêté à un céder de passage de rond point, le vhs qui me suivait n'a pas freiné et m'a percuté par l'arrière","","","","",0,0,0,0,20,1,11,"3",2001,"","2001","Vous remontiez une file de véhicules (à larrêt ou au ralenti) par la gauche. Un véhicule de cette file vous a coupé la route en tournant à gauche.","6","","",NA,"",NA,"","accident de trajet (retour domicile), vers 18h, trajet complet de 29 km, circulation chargée, environ 50-55 km/h, route humide. sur une route à 2x3 voies séparée par un terre-plein central, je circulais sur la file de gauche, suivi par un autre 2RM. sur la file centrale circulait une grosse berline.  arrivé à proximité d'une intersection, la berline a coupé ma voie à ma hauteur pour prendre la voie permettant de tourner à gauche et prendre la rue perpendiculaire à la notre.  elle m'a percuté sur le coté droit, j'ai mis un coup de gaz avec un évitement à gauche et je suis monté sur le terre-plein central;  avec le choc, et la hauteur du terre-plein, je me suis retrouvé assit sur le réservoir.  le motard me suivant a bloqué la roue AR mais n'a pas pu évité la berline car trop avancé dans notre voie, a couché sa moto qui a fini sa glissade dans l'arrière de la berline.  ma moto : 2 jantes HS, pneu à plat, fourche tordue, ... moi : déplacement vertèbres, coup du lapin, entorse du pouce","la berline se retrouvant sur ma voie, à ma hauteur afin de tourner à gauche","la voiture étant sur moi, le freinage était inutile j'étais en 3ème, ai mis un coup de gaz, évitement à gauche pour contourner la berline. je me suis levé sur les cale-pieds afin de franchir le terre-plein central. sur le choc, je me suis retrouvé assis sur le réservoir. j'ai débrayé, me suis rassit sur la selle, suis redescendu sur la voie et stoppé mon 2RM.  le motard me suivant a couché sa moto qui a fini sa course dans l'arrière de la berline  la berline était engagée entièrement sur notre voie avec un angle d'environ 45° a stoppé sa voiture quand je l'ai contourné par l'avant","NRP","0","","","le conducteur de la berline a décidé de tourner à gauche alors que nous étions cote à cote","2","1","2","","la berline était trop engagée, ne m'a pas vu et a freiné trop tard. le motard n'a pas pu effectuer la même manoeuvre que moi. sa seule option était le freinage","2","décision de tourner au dernier moment sans observation de la situation (présence d'usager sur sa gauche, route humide)","2","9","",NA,NA,"","un espoir de maitrise","",1,NA,NA,NA,"",2,"aucun signe aurait pu faire sentir que le conducteur de la berline allait tourner à gauche.","4","3","","","1","1","3","3","1","1","1","1",2,1,4,4,4,10,NA,NA,NA,NA,NA,NA,NA,NA,1,"4","","","",NA,NA,NA,NA,2,2,NA,2,1,3,2,5,80,0,10,5,"2","","","",NA,NA,"3","2","","",NA,2,1,2,4,NA,NA,NA,NA,NA,0,NA,1,"1","1",2,0,50,1,2,3,4,7,9,NA,NA,"",NA,"4","4","4","4","4","4","SUZUKI","600","BANDIT","ROADSTER","2","1","1",1,1,1,"1",1,1,1,"1","33000","12","3","1","SUZUKI","500","GS-E CARENEE","ROADSTER","2","4","4","14JAN1971","7","1","3",2,5,4,3,"NRP","","","",2,0,0,1,0,1,"SUZUKI",600,"BANDIT-N","ROADSTER","2","1998","37",2,2,8000,"7","","","","","","","",NA,NA,NA,"","","","","","",NA,NA,NA,NA,NA,"","",NA,"","",NA,NA,NA,NA,NA,NA,"","",NA,"","",NA,NA,NA,NA,NA,NA,NA,8000,"2",3,4,NA,NA,NA,NA,NA,NA,"NRP","NRP","NRP","1995","1995","NRP","NRP","1990","NRP","","","","Motorcycle"
"103",1004,4194,"330",1,0,5,"","",NA,NA,NA,0,5,"","","",NA,NA,0,5,"","",NA,"",NA,0,4,"","",NA,NA,NA,0,5,"","","","","",0,5,"","","",NA,NA,0,5,"",NA,NA,NA,NA,0,5,"","","",NA,NA,1,6,"2003","","","","",0,3,"","","","","",0,5,"","","","","",0,2,"","",NA,NA,NA,0,4,"","","",NA,NA,0,4,"","",NA,NA,NA,0,NA,1,"","","","","","","","","","","","","","","",NA,NA,0,5,17,1,41,"9",2003,"","2003","Vous avez fait une sortie de route, une perte de contrôle ou une glissade sans rien percuter.","1","","",NA,"",NA,"","Cet accident a eu lieu un matin sur le trajet domicile travail. Un itinéraire emprunté quotidiennement. En partant de chez moi, la tête était sans doute déjà au travail et pas à la conduite. La route est connue et donc ce déroule de manière automatique. J'ai vu les panneaux annonçant le gravillonnage fraichement fait, 'javais d'ailleurs roulé dessus la veille au soir, mais je n'ai pas adapter ma conduite. La roue avant est partie, je me suis couché sur la droite et glissé durant une cinquantaine de mètres sans rien toucher.","L'esprit au travail et le changement d'environnement.","Le décrochage a été si soudain qu'il me semble pas avoir eu de réaction.","2","1","ralentir a la vision du panneau gravillons.","Trajet quotidien, pensées ailleurs.","","2","0","","","","","","3","6","",NA,NA,"","","",NA,1,NA,NA,"2",NA,"Je n'ai pas compris immédiatement ce qui s'était passé, ce n'est qu'après que j'ai vu les gravillons.","3","1","2","","2","4","3","3","2","1","3","2",2,2,4,4,4,1,4,5,NA,NA,NA,NA,NA,NA,1,"4","7","","",NA,NA,NA,NA,2,2,NA,2,1,1,1,80,0,0,20,0,"2","","","",NA,NA,"1","4","","",NA,2,1,4,NA,NA,NA,NA,NA,NA,1,0,1,"2","1",1,0,80,1,10,2,3,4,NA,NA,NA,"",NA,"4","4","4","4","4","4","SUZUKI","1400","GSX","ROADSTER","2","1","1",1,1,1,"1",1,1,1,"1","15000","12","3","1","SUZUKI","600","BANDIT","ROADSTER","2","4","3","04AUG1968","5","1","3",2,4,4,2,"NRP","","","",2,0,0,1,0,1,"SUZUKI",1400,"GSX","ROADSTER","2","2002","37",2,1,5000,"7","","","","","","","",NA,NA,NA,"","","","","","",NA,NA,NA,NA,NA,"","",NA,"","",NA,NA,NA,NA,NA,NA,"","",NA,"","",NA,NA,NA,NA,NA,NA,NA,5000,"2",3,4,NA,NA,NA,NA,NA,NA,"NRP","NRP","NRP","1985","1997","NRP","NRP","1987","NRP","","","","Motorcycle"