"","Ligne","Ligne.Q.qualif","Ligne.approfondissement.Accident","ACCIDENT","NBACC1","ACCFREQUENCE1","ANNEEACC1_1","ANNEEACC1_2","ANNEEACC1_3","ANNEEACC1_4","ANNEEACC1_5","NBACC2","ACCFREQUENCE2","ANNEEACC2_1","ANNEEACC2_2","ANNEEACC2_3","ANNEEACC2_4","ANNEEACC2_5","NBACC3","ACCFREQUENCE3","ANNEEACC3_1","ANNEEACC3_2","ANNEEACC3_3","ANNEEACC3_4","ANNEEACC3_5","NBACC4","ACCFREQUENCE4","ANNEEACC4_1","ANNEEACC4_2","ANNEEACC4_3","ANNEEACC4_4","ANNEEACC4_5","NBACC5","ACCFREQUENCE5","ANNEEACC5_1","ANNEEACC5_2","ANNEEACC5_3","ANNEEACC5_4","ANNEEACC5_5","NBACC6","ACCFREQUENCE6","ANNEEACC6_1","ANNEEACC6_2","ANNEEACC6_3","ANNEEACC6_4","ANNEEACC6_5","NBACC7","ACCFREQUENCE7","ANNEEACC7_1","ANNEEACC7_2","ANNEEACC7_3","ANNEEACC7_4","ANNEEACC7_5","NBACC8","ACCFREQUENCE8","ANNEEACC8_1","ANNEEACC8_2","ANNEEACC8_3","ANNEEACC8_4","ANNEEACC8_5","NBACC9","ACCFREQUENCE9","ANNEEACC9_1","ANNEEACC9_2","ANNEEACC9_3","ANNEEACC9_4","ANNEEACC9_5","NBACC10","ACCFREQUENCE10","ANNEEACC10_1","ANNEEACC10_2","ANNEEACC10_3","ANNEEACC10_4","ANNEEACC10_5","NBACC11","ACCFREQUENCE11","ANNEEACC11_1","ANNEEACC11_2","ANNEEACC11_3","ANNEEACC11_4","ANNEEACC11_5","NBACC12","ACCFREQUENCE12","ANNEEACC12_1","ANNEEACC12_2","ANNEEACC12_3","ANNEEACC12_4","ANNEEACC12_5","NBACC13","ACCFREQUENCE13","ANNEEACC13_1","ANNEEACC13_2","ANNEEACC13_3","ANNEEACC13_4","ANNEEACC13_5","NBACC14","ACCFREQUENCE14","ANNEEACC14_1","ANNEEACC14_2","ANNEEACC14_3","ANNEEACC14_4","ANNEEACC14_5","AUTRESACC","NBAUTRESACC","TOTAL_AC","ANNEEAUTREACC1","ANNEEAUTREACC2","ANNEEAUTREACC3","ANNEEAUTREACC4","ANNEEAUTREACC5","LIEUAUTREACC1","LIEUAUTREACC2","LIEUAUTREACC3","LIEUAUTREACC4","LIEUAUTREACC5","DESCRIPTIONAUTRESACC1","DESCRIPTIONAUTRESACC2","DESCRIPTIONAUTRESACC3","DESCRIPTIONAUTRESACC4","DESCRIPTIONAUTRESACC5","NBAUTRESACCCIRCUIT","NBAUTRESTOUTTERRAIN","EXPCYCLO","EXP125","EXPSUP125","ACCORDNEXTQ","CHOIXACC","RGPMTACC","RECUPANNEE","RECUPLIEU","RECUPANNE","RGPMTAC","CHOIX1","CHOIX2","CHOIX3","CHOIX4","CHOIX5","CHOIX6","CHOIX7","DESCRIPTION","RUPTURE","FAITS","ABS_REACTION","AUTRE_REACTION","PRECISIONREACTIONOUI","RECUL","PRECISIONREACTIONNON","IMPACTCOMPORTEMENT","AUTREUSAGER","REACTIONAUTREUSAGER","CONNAISSANCEREACTIONUSAGER","DIFFICULTES","AGGRAVATION","DIFFICULTES2","EMOTIONS1","EMOTIONS2","EMOTIONS3","EMOTIONS4","EMOTIONS5","EMOTIONS6","AUTRESENTIMENT","CLASSEMENTEMOTIONS1","CLASSEMENTEMOTIONS","CLASSEMENTEMOTIONS5","CLASSEMENTEMOTIONS6","CLASSEMENTEMOTIONS7","CLASSEMENTEMOTIONS8","CLASSEMENTEMOTIONS9","EXPLICATIONRESSENTI","BIENEQUIPE","ALLURE","ALLUREVITEDETAIL","ALLURELENTEDETAIL","SITUATIONPRESSE","SITUATIONDISTRAIT","SITUATIONCONFIANT","SITUATIONCONTROLE","SITUATIONLUDIQUE","SITUATIONPERF","SITUATIONSTRESS","SITUATIONFATIGUE","HUMEURNEUTRE","HUMEURGAI","HUMEURMECONTENT","HUMEURTRISTE","HUMEURCOLERE","CONTRIBUTION1","CONTRIBUTION2","CONTRIBUTION3","CONTRIBUTION4","CONTRIBUTION5","CONTRIBUTION6","CONTRIBUTION7","CONTRIBUTION8","CONTRIBUTION9","ROLEINFRA","ELEMENTINFRA1","ELEMENTINFRA2","ELEMENTINFRA3","ELEMENTINFRA4","ELEMENTINFRA5","ELEMENTINFRA6","ELEMENTINFRA7","ELEMENTINFRA8","ELEMENTINFRA9","ALCOOL","TXALCOOL","STUP","SEMAINE","MOMENTJOURNEE","TEMPS","CAUSEACC1","CAUSEACC2","CAUSEACC3","CAUSEACC4","CAUSEACC5","FORMATIONCAUSE","FORMATION1","FORMATION2","FORMATION3","FORMATION4","FORMATION5","TRAFIC","CHAUSSEE1","CHAUSSEE2","CHAUSSEE3","CHAUSSEE4","TYPEACC","BLESSURE","TETE","COU","THORAX","MEMBRESSUP","COLONNE","BASSIN","MEMBRESINF","HOPITAL","PLUS24H","TRAJET","TYPEROUTE","MOTIF","SENSTRAJET","PASSAGER","VITESSE","DESCEQ1","DESCEQ2","DESCEQ3","DESCEQ4","DESCEQ5","DESCEQ6","DESCEQ7","DESCEQ8","DESCEQ9","DESCEQ10","VEHICULEETE","VEHICULEAUTOMNE","VEHICULEPRINTEMPS","VEHICULEHIVER","VEHICULESEMAINE","VEHICULEWE","VEHMARQUE","VEHCYLINDREE","VEHMODELE","VEHSEGMENT","VEHSIDE","EQ2RMABS","EQ2RMCBS","EQ2RMABSCBS","EQ2RMREGULATEUR","EQ2RMLIMITEUR","EQ2RMPHARESDIRECT","EQ2RMCOUPURE","EQ2RMANTIPATINAGE","EQ2RMANTIXHEELING","EQ2RMSTABILILTE","VEHKM","POINTS","DUREE","AUTRE2RM","VEHPRECMARQUE","VEHPRECCYLINDREE","VEHPRECMODELE","VEHPRECSEGMENT","VEHPRECSIDE","TEMPS2RMPREC","FREQVEHPREC","DATE_NAISS","CSP","SOCIETAIRE","SALARIE","SECTEUR2RM","NBPERSFOYER","SITFAM","NBENF","TRNBENF1","TRNBENF2","TRNBENF3","TRNBENF4","NBAUTOFOYER","NBCYCLOFOYER","NBSCOOTFOYER","NBMOTOFOYER","NBTRIKEFOYER","NB2RMCONDUIT","MARQUE1","CYLINDREE1","MODELE1","SEGMENT1","SIDE1","ANMISECIRCU1","ASS1","FREQ1","USAGE1","NBKM1","GARAGE1","MARQUE2","CYLINDREE2","MODELE2","SEGMENT2","SIDE2","ANMISECIRCU2","ASS2","FREQ2","USAGE2","NBKM2","GARAGE2","MARQUE3","CYLINDREE3","MODELE3","SEGMENT3","SIDE3","ANMISECIRCU3","ASS3","FREQ3","USAGE3","NBKM3","GARAGE3","MARQUE4","CYLINDREE4","MODELE4","SEGMENT4","SIDE4","ANMISECIRCU4","ASS4","FREQ4","USAGE4","NBKM4","GARAGE4","MARQUE5","CYLINDREE5","MODELE5","SEGMENT5","SIDE5","ANMISECIRCU5","ASS5","FREQ5","USAGE5","NBKM5","GARAGE5","NBKMTOT","PERMIS1","PERMIS2","PERMIS3","PERMIS4","PERMIS5","PERMIS6","PERMIS7","PERMIS8","PERMIS9","ANPERMIS1","ANPERMIS6","ANPERMIS7","ANPERMIS2","ANPERMIS3","ANPERMIS8","ANPERMIS9","ANPERMIS4","ANPERMIS5","X","X.1","X.2","isScooter"
"104",1227,4202,"453",1,0,3,"","",NA,NA,NA,0,5,"","","",NA,NA,0,2,"","",NA,"",NA,0,2,"","",NA,NA,NA,0,3,"","","","","",0,3,"","","",NA,NA,0,3,"",NA,NA,NA,NA,0,4,"","","",NA,NA,3,4,"2009","2010","2014","","",0,2,"","","","","",2,6,"2010","2011","","","",1,1,"2010","",NA,NA,NA,0,2,"","","",NA,NA,0,3,"","",NA,NA,NA,0,NA,6,"","","","","","","","","","","","","","","",NA,NA,0,2,3,1,52,"11",2011,"","2011","Vous circuliez sur un axe constitué dau moins "" 2 X 2 voies "" (en urbain, périph, autoroute, RN ). Un véhicule vous a coupé la route en changeant de voie pour se placer sur celle de gauche.","3","6","",NA,"",NA,"","En centre-ville, sur un axe a 3 voies (deux dans mon sens, une dans le sens opposé, séparées par une ligne blanche), en approchant d'un feu rouge, je ralentissait sur frein moteur sur la voie de gauche, en suivant une voiture. Peu avant le feu la voiture devant moi ralenti et se déporte vers la voie de droite. Je la double en ralentissant vers le feu.  Au moment ou je passe à la hauteur du conducteur il donne un coup de volant à gauche, l'avant de la voiture fauche la roue arrière de la moto et je chute sur le coté.  J'ai cru qu'il passait sur la voie de droite alors qu'en fait il se déportait sur la droite pour braquer complètement a gauche, traverser la ligne blanche et la rue, et prendre une entrée de parking sur le coté gauche de la rue.  Je n'ai pas vu de clignotant et l'entrée de parking est en forme de sortie de voie expresse, prévue pour n'être emprumtée que depuis le sens opposé de la rue.","L'entrée du parking étant a contre sens pour notre sens de circulation, et vu la configuration du lieu (devant la FAC de droit a Rennes, rue Jean Guéhenno) je n'ai pas anticipé que la voiture puisse entreprendre ce genre de manoeuvre.","En passant a hauteur du conducteur, j'ai vu l'avant de la voiture ralentir et remonter vers moi. Je pense avoir tenté de me déporter mais n'en suis pas sur. J'étais au sol avant d'avoir compris ce qui se passait.","AUT|évènements trop rapides","0","","","pas le temps","2","1","2","","Ne pensant pas se faire doubler, je pense qu'il n'a pas regardé ou ne m'a pas vu avant de tourner.","NSP","NSP","1","2","6",NA,NA,"","","3",1,NA,NA,NA,"2",NA,"Je n'ai pas anticipé que le conducteur de la voiture puisse envisager cette manoeuvre.","3","3","","","2","1","4","4","2","1","1","1",4,3,4,4,4,5,NA,NA,NA,NA,NA,NA,NA,NA,2,"","","","",NA,NA,NA,NA,2,2,NA,2,1,1,1,10,90,0,0,0,"2","","","",NA,NA,"2","1","","",NA,1,NA,NA,NA,NA,NA,NA,NA,NA,NA,NA,1,"1","1",2,0,40,1,2,3,5,NA,NA,NA,NA,"",NA,"4","4","4","4","4","4","HONDA","125","CLR ""CITYFLY""","ROADSTER","2","1","1",1,1,1,"1",1,1,1,"1","14000","9","3","0","","","","","","","","11OCT1976","5","2","3",2,2,3,NA,"NRP","","","",2,0,0,1,0,1,"KAWASAKI",650,"ER-6  N","ROADSTER","2","2012","33",1,2,10000,"7","","","","","","","",NA,NA,NA,"","","","","","",NA,NA,NA,NA,NA,"","",NA,"","",NA,NA,NA,NA,NA,NA,"","",NA,"","",NA,NA,NA,NA,NA,NA,NA,10000,"3",4,NA,NA,NA,NA,NA,NA,NA,"NRP","NRP","NRP","NRP","2011","NRP","NRP","1995","NRP","","","","Motorcycle"
"105",868,4219,"81",1,0,4,"","",NA,NA,NA,0,5,"","","",NA,NA,0,4,"","",NA,"",NA,0,4,"","",NA,NA,NA,1,4,"1994","","","","",0,5,"","","",NA,NA,0,2,"",NA,NA,NA,NA,0,2,"","","",NA,NA,0,2,"","","","","",0,3,"","","","","",0,3,"","","","","",0,1,"","",NA,NA,NA,0,1,"","","",NA,NA,0,1,"","",NA,NA,NA,1,2,3,"1994","1996","","","","Tours","Vendome","","","","Je circulais sur un rond point et un automobiliste n'a pas respecté son cédez le passage et m'a donc coupé la route.","Je circulais sur une nationale et un automobiliste très optimiste a doublé une voiture + un camion en côte alors que j'arrivais en sens contraire j'ai dû me sortir dans le champ sur m'a droite pour éviter le choc.","","","",0,0,0,0,23,1,72,"15",1996,"Vendome","1996","Autre(s) type(s) d'accident(s).","4","","",NA,"",NA,"","Bonjour,  Voici le déroulement :  - lieu: nationale  - conditions: de nuit avec petite pluie fine ( en octobre ) avec image à travers l'écran du casque "" déformée "" à cause de la pluie et des phares en sens inverse - vitesse: 90-100 km/h  Après une courbe j'ai entamé une descente et j'ai distingué venant en sens contraire une voiture qui doublait un camion 38 tonnes. Mon premier réflexe a été de freiner et de me rapproché du bord droit de ma voie en espérant que la voiture aurait le temps de finir sa manoeuvre. Je suis finalement sorti de la route ( sinon je finissais sur le capot de la voiture ), la roue avant de la moto s'est planté dans la terre du champs à droite et j'ai fait Superman sur 30 mètres avec la moto derrière moi qui faisait comme une ""boule de feu"" (à cause du phare) en tournant sur elle même au dire des témoins.  Conclusion: pompiers puis hôpital et rien de cassé, surtout des déchirures musculaires ( dû au réflexe violent de contraction du corps et des frottements dans le champs ) avec des séances de kiné pendant un an ( avec quand même la cervicale c2 plus jamais à sa place d'origine.  Le plus dure a été de faire reconnaître aux assurances la faute du conducteur en face qui s'était lancé dans une manoeuvre de doublement d'une voiture + un 38 tonnes en côte sans élan mais il se pensé surdoué avec sa Super 5 Gt turbo de l'époque. Ne s'étant pas arrêté il avait pris la peine de faire constaté 15 kilomètres plus loin dans une Gendarmerie qu'il ne m'avait pas touché !","Je n'ai pas perçu et envisagé immédiatement la situation exacte dans laquelle je me retrouvé. Car j'ai été surpris de constaté deux paires de phares en face à la place d'une seule normalement, l'idée d'être finalement sur une 3 ou 4 voies m'avait même traversé l'esprit. J'ai peut-être perdu du temps.","Ma principale action a été de me décaler vers la droite de ma voie pour essayer ou espérer passer à trois ( situation déjà vécue auparavant ). Mais avec les conditions de visibilité et d'éblouissement des phares je ne pouvais pas viser correctement.  Le conducteur en face était lancé dans sa manoeuvre et est resté en ligne ( enfin je crois ).","NRP","1","Avec plus d'expérience j'aurais identifié plus rapidement la situation de danger et j'aurais tenté un freinage plus puissant ( avec le risque de chute à cause de la pluie ).","La surprise et le temps de réaction pour envisager et comprendre la situation dans laquelle je me trouvais ( un mur de 2 véhicules en sens contraire ).","","2","1","2","","Une fois entamé sa manoeuvre il n'avait pas d'autres choix que de la terminer au plus vite ( le petit optimiste ).","NSP","NRP","2","3","",NA,NA,"","","",1,2,NA,NA,"",NA,"J'ai été surpris par la rapidité du déroulement de l'action.","3","3","","","2","2","3","3","1","1","1","1",4,3,4,4,4,6,NA,NA,NA,NA,NA,NA,NA,NA,1,"2","","","",NA,NA,NA,NA,2,2,NA,2,1,2,2,10,80,0,10,0,"2","","","",NA,NA,"3","2","","",NA,2,1,2,3,NA,NA,NA,NA,NA,1,0,1,"2","3",NA,0,95,1,10,2,3,5,NA,NA,NA,"",NA,"4","4","4","4","4","4","BMW","750","K75S","ROADSTER","2","1","1",1,1,1,"1",1,1,1,"1","33000","12","3","1","HONDA","650","NTV (REVERE)","ROADSTER","2","2","4","08OCT1973","7","1","3",2,4,4,2,"NRP","","","",2,0,0,1,0,1,"BMW",1200,"R1200GS ABS  PACK","TRAIL / SUPERMOTARD","2","2012","37",1,2,5000,"7","","","","","","","",NA,NA,NA,"","","","","","",NA,NA,NA,NA,NA,"","",NA,"","",NA,NA,NA,NA,NA,NA,"","",NA,"","",NA,NA,NA,NA,NA,NA,NA,5000,"4",3,NA,NA,NA,NA,NA,NA,NA,"NRP","NRP","NRP","NRP","1992","NRP","NRP","1993","NRP","","","","Motorcycle"
"106",640,4227,"340",1,0,3,"","",NA,NA,NA,1,4,"NSP","","",NA,NA,0,3,"","",NA,"",NA,0,3,"","",NA,NA,NA,0,4,"","","","","",0,3,"","","",NA,NA,0,3,"",NA,NA,NA,NA,0,3,"","","",NA,NA,0,3,"","","","","",0,3,"","","","","",0,4,"","","","","",0,2,"","",NA,NA,NA,0,4,"","","",NA,NA,0,3,"","",NA,NA,NA,1,2,3,"2006","2013","","","","pyrennes","ardeche","","","","circulait sur route de montagne qui contournait un parking par ma droite,sur une bosse.j'ai cru que la  chaussée continuait tout droit et me suis retrouvé face à un camping car que j'ai frotté en tentant de l'éviter","circulant en ardèche sur une très tournante je fais 1km derrière un semi remorque .las d'attendre j'essaie  de le doubler sur une trop courte ligne droite,je fini, une moto arrive en face  pour m'éviter freinage petite glissade de l'autre motard heureusement blessure superficielle ,dégât matériel seulement. grosse malchance pour le minutage parfait pour le face a face mais grosse chance pour les conséquences","","","",0,0,3,0,25,1,72,"15",2013,"ardeche","2013","Autre(s) type(s) d'accident(s).","3","6","",NA,"",NA,"","situation banale ,bête évidement. je roule avec ma femme derrière moi ,tranquille pas pressé (voyage touristique barraux la rochelle )mais étape un peu longue donc ne pas trop trainer . entre lamastre et st agrève (07) route sinueuse je suis un semi remorque depuis 1 ou 2 km ,lassé ,je décide de doubler :  peu de circulation on croise personne ligne droite un peu courte j'ai un 1200r bmw ça double vite je me lance  arrivé au bout du semi , au niveau du tracteur une moto en face , légère courbe ça peut passer mais il faut que chacun serre fort a droite . le conducteur réagis bien mais freine fort en même temps ,glissade ,je le vois disparaitre dans le rétro  pour moi tout ok mais angoisse pour l'autre moto ,demi tour mais heureusement cela va a peu près :seulement des hématomes  bilan _dans le doute abstiens toi :visibilité pas suffisante _les accidents sont la somme de facteurs improbables :face à face un peu plus tôt ou tard (1 ou 2/10 de seconde ) pas de soucis  _responsabilité vis a vis d'un tiers ,quand je me suis retrouvé indemne et lui au sol   commentaire annexe :l'autre conducteur non responsable me reprochait de ne pouvoir racheter une moto équivalente avec le remboursement de l'assurance suite classement épave de son véhicule","optimisme de ma part et évidement minutage parfait véhicule face à face au pire endroit au même moment","je pense avoir réagis au mieux pour moi : je roulais trop vite par rapport au véhicule doublé pour pouvoir interrompre ma manoeuvre  ayant l'ABS j'ai pu m'arrêter sans souci l'autre conducteur a bien réagis pas de choc heuresement mais freinage à l'instinct ,l'ABS aurait ""peut être "" évité la chute finale","2","1","ne pas commencer à doubler: un peu trop optimiste même si je n'ai pas le sentiment d'avoir commis une imprudence flagrante","pas mal de kms ( 200 000 environ ) confiance en soi et en roulant qui n'a jamais entamé une manoeuvre en se disant c'est un tout petit peu osé/court/gonflé etc ..","","2","1","1","3","surprise face à un autre véhicule  obligé de modifier sa trajectoire en urgence","2","s'il n'avais pas réagis correctement c'était un choc frontal","2","6","",NA,NA,"","","",1,NA,NA,NA,"2",NA,"au vus des facteurs pris en compte avant la manoeuvre  je pensais avoir le temps de doubler mais en fait je me retrouve en face d' un véhicule","4","3","","","2","1","3","3","2","1","1","1",3,3,4,4,4,5,NA,NA,NA,NA,NA,NA,NA,NA,2,"","","","",NA,NA,NA,NA,2,2,NA,2,1,1,1,100,0,0,0,0,"2","","","",NA,NA,"1","1","","",NA,2,0,NA,NA,NA,NA,NA,NA,NA,NA,NA,2,"2","3",NA,1,60,1,2,3,4,7,9,NA,NA,"",NA,"4","4","4","2","2","4","BMW","1200","R1200R","ROADSTER","2","0","1",1,1,1,"1",1,1,1,"1","60000","12","4","1","HONDA","1000","VTR ""FIRESTORM""","SPORTIVE","2","4","4","31OCT1955","9","2","3",2,2,3,NA,"NRP","","","",2,0,0,3,0,3,"BMW",1200,"R1200R","ROADSTER","2","2007","29",3,1,13000,"7","HONDA","500","CB","ROADSTER","2","2000","37",3,1,3000,"7","HONDA","1000","VTR  FIRESTORM","SPORTIVE","2",2000,37,4,1,1000,"7","",NA,"","",NA,NA,NA,NA,NA,NA,"","",NA,"","",NA,NA,NA,NA,NA,NA,NA,17000,"3",4,NA,NA,NA,NA,NA,NA,NA,"NRP","NRP","NRP","NRP","1974","NRP","NRP","1978","NRP","","","","Motorcycle"
"107",294,4234,"124",1,0,2,"","",NA,NA,NA,0,2,"","","",NA,NA,0,3,"","",NA,"",NA,0,2,"","",NA,NA,NA,1,3,"1977","","","","",0,2,"","","",NA,NA,0,2,"",NA,NA,NA,NA,0,3,"","","",NA,NA,1,3,"1976","","","","",0,2,"","","","","",0,2,"","","","","",0,2,"","",NA,NA,NA,0,2,"","","",NA,NA,0,2,"","",NA,NA,NA,1,1,3,"2012","","","","","Madrid","","","","","Je roulais sur le périphérique (2x3 voies) à 90km/h environ (limité à 100km/h)et une voiture m'a percuté par derrière: fissure du bassin et autres... mais des véhicules ont failli me rouler dessus","","","","",0,1,2,5,27,1,71,"15",2012,"Madrid","2012","Autre(s) type(s) d'accident(s).","3","4","5",6,"",NA,"","Je roulais sur le périph de Madrid (M30) limité à 100kmH à environ 90kmH sur ma Honda NX250, sur la file de droite, lorsqu'une voiture qui roulait beaucoup plus vite m'a percuté par derrière. j'ai décollé de la moto et tombé sur l'asphalte, sur lequel j'ai glissé. quelques centimètres plus à gauche passaient des voitures à bien plus de 100kmH. La moto a été jugée non réparable et moi je m'en sortais avec fissure du bassin et beaucoup d'échymosses. Je souffre d'une calcification due à la fissure et aurai toujours des séquelles. La Guardia Civil a constaté quelques traces de freinage de la voiture et m'a dit ""Ici il faut mieux ne pas rouler sous les 100kmH""","Sur ce périph les gens roulent bien au-dessus de la vitesse autorisée (100kmH) et j'ai eu le malheur de rouler un peu en dessous de la vitesse maxi autorisée.","J'ai entendu une fraction de seconde avant le choc le crissement des pneus d'une voiture qui freinait et au moment du choc j'ai compris qu'elle roulait beaucoup plus vite que moi et le conducteur était probablement distrait (téléphone, GPS?). Je me suis aggripé au guidon, mais j'ai senti la moto ""partir"" devant moi et moi ""sauter"" en l'air, retomber et glisser. La voiture responsable s'est arrêtée quelques 5m derrière moi et m'a ainsi protégé d'autres voitures.","NRP","0","","","Le laps de temps était trop court pour me permettre d'accélérer quoi que ce soit d'autre","2","1","1","1","Il a freiné trop tard, trop près de moi, et roulait bien plus vite que moi","2","Il était trop tard sans doute aussi pour lui, surtout avec un différentiel de vitesse trop élevé","3","6","",NA,NA,"","","",NA,2,NA,NA,"1",NA,"Je comprenais qu'il n'y avait rien à faire de mon côté pour m'en sortir","3","3","","","1","1","3","4","1","1","2","1",1,3,4,4,4,1,NA,NA,NA,NA,NA,NA,NA,NA,2,"","","","",NA,NA,NA,NA,2,2,NA,2,1,1,1,0,100,0,0,0,"2","","","",NA,NA,"2","1","","",NA,2,1,4,6,7,NA,NA,NA,NA,1,0,2,"4","3",NA,0,90,1,2,5,NA,NA,NA,NA,NA,"",NA,"4","2","2","2","2","2","HONDA","250","NX DOMINATOR","TRAIL / SUPERMOTARD","2","1","1",1,1,1,"1",1,1,1,"1","15000","12","4","1","HONDA","500","CB ""PC32C"" MTT2","ROADSTER","2","4","3","30MAY1956","6","2","3",2,2,3,NA,"NRP","","","",2,0,0,4,0,4,"HONDA",500,"CB-S","ROADSTER","2","2000","29",2,2,3000,"7","HONDA","250","NX DOMINATOR","TRAIL / SUPERMOTARD","2","1991","29",2,2,3000,"7","HONDA","650","FX  VIGOR","ROADSTER","2",1999,29,3,1,1500,"7","HONDA",350,"CB350","ROADSTER",2,1972,29,3,1,1500,"7","",NA,"","",NA,NA,NA,NA,NA,NA,NA,9000,"3",4,NA,NA,NA,NA,NA,NA,NA,"NRP","NRP","NRP","NRP","1974","NRP","NRP","1978","NRP","","","","Motorcycle"
"108",156,4235,"317",1,0,3,"","",NA,NA,NA,0,4,"","","",NA,NA,0,5,"","",NA,"",NA,0,1,"","",NA,NA,NA,0,4,"","","","","",0,3,"","","",NA,NA,0,4,"",NA,NA,NA,NA,0,4,"","","",NA,NA,1,4,"1978","","","","",0,4,"","","","","",0,1,"","","","","",0,3,"","",NA,NA,NA,0,3,"","","",NA,NA,0,4,"","",NA,NA,NA,0,NA,1,"","","","","","","","","","","","","","","",NA,NA,2,2,35,1,41,"9",1978,"","1978","Vous avez fait une sortie de route, une perte de contrôle ou une glissade sans rien percuter.","2","","",NA,"",NA,"","Jeune permis avec mon 125cm3, je suis rentré trop vite dans un virage et je n'ai pas pu le prendre, et j'ai percuté le parapet du pont avant de partir en glissade  au final hormis la moto, je m'en suis sorti sans blessures graves","la non maitrise de la moto liée","En fait , je n'ai pas eu de réaction compte tenu de mon inexpérience  Je suis tombé tout seul sans témoin","1","1","Pour le permis 125, il n'y avait alors pas de pratique, simplement le code et avec cette pratique cela aurait permis une meilleure maitrise de la moto","L'inexpérience","","2","0","","","","","","6","8","",NA,NA,"","","",NA,NA,NA,NA,"1",NA,"Ne pas savoir réagir","1","1","2","","1","2","3","2","1","1","1","1",5,5,5,4,4,7,NA,NA,NA,NA,NA,NA,NA,NA,1,"5","","","",NA,NA,NA,NA,2,2,NA,2,1,1,1,80,0,0,20,0,"1","AUT|pas de formation en 1976 pour le permis 125","","",NA,NA,"1","1","","",NA,1,NA,NA,NA,NA,NA,NA,NA,NA,NA,NA,3,"2","3",NA,0,80,1,10,2,NA,NA,NA,NA,NA,"",NA,"4","4","4","4","NRP","4","YAMAHA","125","RD","ROADSTER","2","1","1",1,1,1,"1",1,1,1,"1","NSP","12","4","0","","","","","","","","12MAY1960","5","2","3",2,2,3,NA,"NRP","","","",2,0,0,1,0,1,"KAWASAKI",1400,"GTR","Routière / GT","2","2010","28",3,1,10000,"7","","","","","","","",NA,NA,NA,"","","","","","",NA,NA,NA,NA,NA,"","",NA,"","",NA,NA,NA,NA,NA,NA,"","",NA,"","",NA,NA,NA,NA,NA,NA,NA,10000,"3",4,NA,NA,NA,NA,NA,NA,NA,"NRP","NRP","NRP","NRP","1978","NRP","NRP","1979","NRP","","","","Motorcycle"
"109",1269,4238,"60",1,1,2,"2003","",NA,NA,NA,0,5,"","","",NA,NA,0,4,"","",NA,"",NA,0,3,"","",NA,NA,NA,1,5,"2002","","","","",0,3,"","","",NA,NA,0,2,"",NA,NA,NA,NA,0,4,"","","",NA,NA,1,5,"2011","","","","",0,2,"","","","","",0,5,"","","","","",0,1,"","",NA,NA,NA,0,4,"","","",NA,NA,0,2,"","",NA,NA,NA,0,NA,3,"","","","","","","","","","","","","","","",NA,NA,0,0,16,1,1,"1",2003,"","2003","Vous circuliez sur un axe prioritaire. Un autre véhicule arrivant sur le même axe en sens opposé vous a coupé la route en tournant à gauche.","4","","",NA,"",NA,"","Il était environ 22h un Jeudi d'Aout, sur une départementale à 2x1 voie à une 30aine de kms de Lyon. Je rentrais à mon domicile après une soirée au restaurants aec des amis. A qqs kms d'arrivée à mon domicile, je suis arrivé à la hauteur d'une intersection en T (sur ma droite). La voiture venant en sens opposé roulait en plein phare, m'obligeant a déporté mon regard sur la droite de la chaussée, quand elle est soudain apparu dans mon faisceau lumineux, il avait décidé de s'engager dans la voie de droite, alors que c'est interdit, signalé par panneau et une ligne blanche. Je n'ai rien eu le temps de faire, et je me suis réveillé une heure plus tard dans le camion des pompiers.","Le conducteur a mis un coup de volant soudain pour prendre une voie à ma droite, qu'il n'avait pas le droit d'emprunter (panneau + bande blanche). Aucun clignotant ni indication par rapport à son placement sur la chaussée. Sa conduite en plein phare a été le facteur supplémentaire rendant difficile de bien voir ce que le conducteur faisait (mouvement de tête ou autre).","Je n'ai pas eu le temps de freiner, et j'ai perdu connaissance durablement au moment du choc.","3","0","","","Manoeuvre imprévisible, interdite, plus la situation d'éblouissement.","3","1","2","","NSP","1","Manoeuvre interdite et non signalé","2","3","6",NA,NA,"","","",1,2,NA,NA,"3",NA,"A cause de l'interdiction de tourner à gauche pour lui.","3","3","","","1","1","3","3","1","1","1","1",4,3,4,4,4,10,NA,NA,NA,NA,NA,NA,NA,NA,1,"2","4","","",NA,NA,NA,NA,2,1,1,2,1,2,1,0,80,0,20,0,"2","","","",NA,NA,"1","1","","",NA,2,1,2,4,NA,NA,NA,NA,NA,1,1,1,"2","1",2,0,80,1,10,2,3,4,7,NA,NA,"",NA,"4","4","4","2","2","4","HONDA","1100","CBR-XX SUPER BLACKBIRD","Routière / GT","2","1","0",1,1,1,"1",1,1,1,"1","60000","12","4","1","SUZUKI","500","GS-E CARENEE","ROADSTER","2","4","3","19OCT1974","5","2","3",2,4,4,2,"NRP","","","",2,2,0,2,0,1,"KTM",990,"SUPERDUKE","ROADSTER","2","2011","18",2,1,10000,"7","","","","","","","",NA,NA,NA,"","","","","","",NA,NA,NA,NA,NA,"","",NA,"","",NA,NA,NA,NA,NA,NA,"","",NA,"","",NA,NA,NA,NA,NA,NA,NA,10000,"3",4,NA,NA,NA,NA,NA,NA,NA,"NRP","NRP","NRP","NRP","1998","NRP","NRP","1995","NRP","","","","Motorcycle"