"","Ligne","Ligne.Q.qualif","Ligne.approfondissement.Accident","ACCIDENT","NBACC1","ACCFREQUENCE1","ANNEEACC1_1","ANNEEACC1_2","ANNEEACC1_3","ANNEEACC1_4","ANNEEACC1_5","NBACC2","ACCFREQUENCE2","ANNEEACC2_1","ANNEEACC2_2","ANNEEACC2_3","ANNEEACC2_4","ANNEEACC2_5","NBACC3","ACCFREQUENCE3","ANNEEACC3_1","ANNEEACC3_2","ANNEEACC3_3","ANNEEACC3_4","ANNEEACC3_5","NBACC4","ACCFREQUENCE4","ANNEEACC4_1","ANNEEACC4_2","ANNEEACC4_3","ANNEEACC4_4","ANNEEACC4_5","NBACC5","ACCFREQUENCE5","ANNEEACC5_1","ANNEEACC5_2","ANNEEACC5_3","ANNEEACC5_4","ANNEEACC5_5","NBACC6","ACCFREQUENCE6","ANNEEACC6_1","ANNEEACC6_2","ANNEEACC6_3","ANNEEACC6_4","ANNEEACC6_5","NBACC7","ACCFREQUENCE7","ANNEEACC7_1","ANNEEACC7_2","ANNEEACC7_3","ANNEEACC7_4","ANNEEACC7_5","NBACC8","ACCFREQUENCE8","ANNEEACC8_1","ANNEEACC8_2","ANNEEACC8_3","ANNEEACC8_4","ANNEEACC8_5","NBACC9","ACCFREQUENCE9","ANNEEACC9_1","ANNEEACC9_2","ANNEEACC9_3","ANNEEACC9_4","ANNEEACC9_5","NBACC10","ACCFREQUENCE10","ANNEEACC10_1","ANNEEACC10_2","ANNEEACC10_3","ANNEEACC10_4","ANNEEACC10_5","NBACC11","ACCFREQUENCE11","ANNEEACC11_1","ANNEEACC11_2","ANNEEACC11_3","ANNEEACC11_4","ANNEEACC11_5","NBACC12","ACCFREQUENCE12","ANNEEACC12_1","ANNEEACC12_2","ANNEEACC12_3","ANNEEACC12_4","ANNEEACC12_5","NBACC13","ACCFREQUENCE13","ANNEEACC13_1","ANNEEACC13_2","ANNEEACC13_3","ANNEEACC13_4","ANNEEACC13_5","NBACC14","ACCFREQUENCE14","ANNEEACC14_1","ANNEEACC14_2","ANNEEACC14_3","ANNEEACC14_4","ANNEEACC14_5","AUTRESACC","NBAUTRESACC","TOTAL_AC","ANNEEAUTREACC1","ANNEEAUTREACC2","ANNEEAUTREACC3","ANNEEAUTREACC4","ANNEEAUTREACC5","LIEUAUTREACC1","LIEUAUTREACC2","LIEUAUTREACC3","LIEUAUTREACC4","LIEUAUTREACC5","DESCRIPTIONAUTRESACC1","DESCRIPTIONAUTRESACC2","DESCRIPTIONAUTRESACC3","DESCRIPTIONAUTRESACC4","DESCRIPTIONAUTRESACC5","NBAUTRESACCCIRCUIT","NBAUTRESTOUTTERRAIN","EXPCYCLO","EXP125","EXPSUP125","ACCORDNEXTQ","CHOIXACC","RGPMTACC","RECUPANNEE","RECUPLIEU","RECUPANNE","RGPMTAC","CHOIX1","CHOIX2","CHOIX3","CHOIX4","CHOIX5","CHOIX6","CHOIX7","DESCRIPTION","RUPTURE","FAITS","ABS_REACTION","AUTRE_REACTION","PRECISIONREACTIONOUI","RECUL","PRECISIONREACTIONNON","IMPACTCOMPORTEMENT","AUTREUSAGER","REACTIONAUTREUSAGER","CONNAISSANCEREACTIONUSAGER","DIFFICULTES","AGGRAVATION","DIFFICULTES2","EMOTIONS1","EMOTIONS2","EMOTIONS3","EMOTIONS4","EMOTIONS5","EMOTIONS6","AUTRESENTIMENT","CLASSEMENTEMOTIONS1","CLASSEMENTEMOTIONS","CLASSEMENTEMOTIONS5","CLASSEMENTEMOTIONS6","CLASSEMENTEMOTIONS7","CLASSEMENTEMOTIONS8","CLASSEMENTEMOTIONS9","EXPLICATIONRESSENTI","BIENEQUIPE","ALLURE","ALLUREVITEDETAIL","ALLURELENTEDETAIL","SITUATIONPRESSE","SITUATIONDISTRAIT","SITUATIONCONFIANT","SITUATIONCONTROLE","SITUATIONLUDIQUE","SITUATIONPERF","SITUATIONSTRESS","SITUATIONFATIGUE","HUMEURNEUTRE","HUMEURGAI","HUMEURMECONTENT","HUMEURTRISTE","HUMEURCOLERE","CONTRIBUTION1","CONTRIBUTION2","CONTRIBUTION3","CONTRIBUTION4","CONTRIBUTION5","CONTRIBUTION6","CONTRIBUTION7","CONTRIBUTION8","CONTRIBUTION9","ROLEINFRA","ELEMENTINFRA1","ELEMENTINFRA2","ELEMENTINFRA3","ELEMENTINFRA4","ELEMENTINFRA5","ELEMENTINFRA6","ELEMENTINFRA7","ELEMENTINFRA8","ELEMENTINFRA9","ALCOOL","TXALCOOL","STUP","SEMAINE","MOMENTJOURNEE","TEMPS","CAUSEACC1","CAUSEACC2","CAUSEACC3","CAUSEACC4","CAUSEACC5","FORMATIONCAUSE","FORMATION1","FORMATION2","FORMATION3","FORMATION4","FORMATION5","TRAFIC","CHAUSSEE1","CHAUSSEE2","CHAUSSEE3","CHAUSSEE4","TYPEACC","BLESSURE","TETE","COU","THORAX","MEMBRESSUP","COLONNE","BASSIN","MEMBRESINF","HOPITAL","PLUS24H","TRAJET","TYPEROUTE","MOTIF","SENSTRAJET","PASSAGER","VITESSE","DESCEQ1","DESCEQ2","DESCEQ3","DESCEQ4","DESCEQ5","DESCEQ6","DESCEQ7","DESCEQ8","DESCEQ9","DESCEQ10","VEHICULEETE","VEHICULEAUTOMNE","VEHICULEPRINTEMPS","VEHICULEHIVER","VEHICULESEMAINE","VEHICULEWE","VEHMARQUE","VEHCYLINDREE","VEHMODELE","VEHSEGMENT","VEHSIDE","EQ2RMABS","EQ2RMCBS","EQ2RMABSCBS","EQ2RMREGULATEUR","EQ2RMLIMITEUR","EQ2RMPHARESDIRECT","EQ2RMCOUPURE","EQ2RMANTIPATINAGE","EQ2RMANTIXHEELING","EQ2RMSTABILILTE","VEHKM","POINTS","DUREE","AUTRE2RM","VEHPRECMARQUE","VEHPRECCYLINDREE","VEHPRECMODELE","VEHPRECSEGMENT","VEHPRECSIDE","TEMPS2RMPREC","FREQVEHPREC","DATE_NAISS","CSP","SOCIETAIRE","SALARIE","SECTEUR2RM","NBPERSFOYER","SITFAM","NBENF","TRNBENF1","TRNBENF2","TRNBENF3","TRNBENF4","NBAUTOFOYER","NBCYCLOFOYER","NBSCOOTFOYER","NBMOTOFOYER","NBTRIKEFOYER","NB2RMCONDUIT","MARQUE1","CYLINDREE1","MODELE1","SEGMENT1","SIDE1","ANMISECIRCU1","ASS1","FREQ1","USAGE1","NBKM1","GARAGE1","MARQUE2","CYLINDREE2","MODELE2","SEGMENT2","SIDE2","ANMISECIRCU2","ASS2","FREQ2","USAGE2","NBKM2","GARAGE2","MARQUE3","CYLINDREE3","MODELE3","SEGMENT3","SIDE3","ANMISECIRCU3","ASS3","FREQ3","USAGE3","NBKM3","GARAGE3","MARQUE4","CYLINDREE4","MODELE4","SEGMENT4","SIDE4","ANMISECIRCU4","ASS4","FREQ4","USAGE4","NBKM4","GARAGE4","MARQUE5","CYLINDREE5","MODELE5","SEGMENT5","SIDE5","ANMISECIRCU5","ASS5","FREQ5","USAGE5","NBKM5","GARAGE5","NBKMTOT","PERMIS1","PERMIS2","PERMIS3","PERMIS4","PERMIS5","PERMIS6","PERMIS7","PERMIS8","PERMIS9","ANPERMIS1","ANPERMIS6","ANPERMIS7","ANPERMIS2","ANPERMIS3","ANPERMIS8","ANPERMIS9","ANPERMIS4","ANPERMIS5","X","X.1","X.2","isScooter"
"110",946,4241,"292",1,0,5,"","",NA,NA,NA,0,5,"","","",NA,NA,0,6,"","",NA,"",NA,0,5,"","",NA,NA,NA,1,6,"2010","","","","",0,5,"","","",NA,NA,0,3,"",NA,NA,NA,NA,0,3,"","","",NA,NA,1,3,"2006","","","","",0,6,"","","","","",2,5,"2006","2010","","","",0,2,"","",NA,NA,NA,0,2,"","","",NA,NA,0,2,"","",NA,NA,NA,0,NA,4,"","","","","","","","","","","","","","","",NA,NA,0,10,5,1,21,"5",2010,"","2010","Vous circuliez sur un axe prioritaire. Un véhicule venant dun axe non prioritaire vous a coupé la route.","1","5","",NA,"",NA,"","c'était avant que je ne passe mon permis moto. je faisais du scooter 125 tous les jours par tous les temps. Un jour, en fin d'après midi alors que je roulais sur une route prioritaire, le soleil dans le dos je vis, à ma gauche dans le sens de ma marche et un carrefour un jeune cycliste à un stop. Un camion arrivait en face. je ne sais pourquoi (peut être par jeu comme bcp le font ou par ce qu'il ne m'avait pas vu) le jeune a traversé la route sur laquelle je me trouvais et sur laquelle je roulais à environ 70 km/h. A cette vitesse je parcours 17.50 mètres/seconde.J'ai donné un coup de frein en essayant de partir sur la gauche pour l'éviter, le scoot a dérapé, il s'est couché et j'ai fini ma trajectoire à 2 ou 3 mètres avant les roues du camion. LE PIRE, c'est que j'étais assuré en tierce collision, et comme m'ont dis les secours et les gendarmes par la suite, j'aurais du heurter ce cycliste pour espérer être remboursé des réparations du scoot. ce qui me fait encore dire aujourd'hui que j'aurais du l'envoyer à l'hôpital ou le tuer pour que mes frais soient remboursés!!","le soleil dans le dos mais aussi l'imbécilité ou l'inconscience du cycliste","1°) freinage poignée droite 2°) blocage roue avant avec début dérapage vers la gauche 2°) relâchement immédiat de la poignée avec tentative de redressement du scoot 3°) prise de conscience immédiate de l'inutilité du geste 4°) accompagnement du scoot dans son glissement sans le lacher 5°) des le sccot arrêté je me suis mis debout et ai hurlé au cycliste de rester sur place car il continuait son chemin","NRP","0","","","demandez au jeune cycliste pourquoi il a démarré au stop","2","1","2","","NSP","1","pourquoi est il passé au stop?","1","9","",NA,NA,"","de la colère","1",NA,NA,NA,NA,"",2,"j'ai eu plus peur pour l'ado que pour moi","4","3","","","1","4","3","3","1","1","1","2",1,5,4,4,4,10,NA,NA,NA,NA,NA,NA,NA,NA,1,"1","4","","",NA,NA,NA,NA,2,2,NA,2,1,1,1,10,60,0,0,30,"2","","","",NA,NA,"2","1","7","",NA,2,1,6,NA,NA,NA,NA,NA,NA,1,0,1,"4","1",2,0,70,1,10,2,4,7,NA,NA,NA,"",NA,"4","4","4","4","4","2","KYMCO","125","GRAND DINK","SCOOTER","2","1","2",2,1,1,"1",1,2,1,"1","NSP","12","4","0","","","","","","","","25JUL1956","5","2","3",2,2,3,NA,"NRP","","","",1,0,0,1,0,1,"HONDA",1000,"CB-F ABS","ROADSTER","2","2009","28",1,2,12000,"7","","","","","","","",NA,NA,NA,"","","","","","",NA,NA,NA,NA,NA,"","",NA,"","",NA,NA,NA,NA,NA,NA,"","",NA,"","",NA,NA,NA,NA,NA,NA,NA,12000,"2",3,4,NA,NA,NA,NA,NA,NA,"NRP","NRP","NRP","1974","2011","NRP","NRP","1974","NRP","","","","Motorcycle"
"111",576,4247,"108",1,0,6,"","",NA,NA,NA,0,6,"","","",NA,NA,0,6,"","",NA,"",NA,0,3,"","",NA,NA,NA,0,5,"","","","","",0,5,"","","",NA,NA,0,3,"",NA,NA,NA,NA,0,4,"","","",NA,NA,1,5,"2010","","","","",0,2,"","","","","",0,5,"","","","","",0,2,"","",NA,NA,NA,0,3,"","","",NA,NA,0,4,"","",NA,NA,NA,0,NA,1,"","","","","","","","","","","","","","","",NA,NA,2,0,15,1,41,"9",2010,"","2010","Vous avez fait une sortie de route, une perte de contrôle ou une glissade sans rien percuter.","2","4","",NA,"",NA,"","Au démarrage d'un parking, sur une route secondaire, en regardant en arrière pour vérifier si l'autre moto suivait, je suis sorti de la route sur le bas-côté non aménagé et j'ai percuté une petit rocher mis en place là pour réaliser une coupe d'eau. il m'a bloqué la moto et je suis passé par dessus le guidon en retombant lourdement sur l'angle formé par l'enrobé. Coup reçu à côté de la dorsale de mon blouson. Résultat : 9 jours en soins intensifs en hôpital suite à un diagnostic d'une fracture d'un rein et d'une hémorragie interne de la rate et 7 jours en chambre ordinaire.","Faute d'inattention d'autant que nous étions en communication par radio. Le rocher était caché par la végétation et mon intention de remonter sur la chaussée a été bloqué par cet obstacle.","NRP","3","0","","","Avant l'accident, davantage d'attention. Pendant l'accident, surprise totale.","2","0","","","","","","2","6","",NA,NA,"","","",1,NA,NA,NA,"2",NA,"Surprise car l'obstacle était masqué. jusqu'à cet obstacle, j'avais entrepris la manoeuvre pour remonter sur la chaussée.","3","3","","","1","3","3","3","4","1","1","1",4,3,4,4,4,4,NA,NA,NA,NA,NA,NA,NA,NA,1,"5","","","",NA,NA,NA,NA,2,2,NA,2,1,1,1,25,0,0,75,0,"2","","","",NA,NA,"2","1","","",NA,2,1,6,NA,NA,NA,NA,NA,NA,1,1,3,"2","3",NA,0,20,1,10,2,3,4,7,NA,NA,"",NA,"3","3","3","1","3","2","HONDA","600","TRANSALP +35KW","TRAIL / SUPERMOTARD","2","1","1",1,1,1,"1",1,1,1,"1","61000","12","4","0","","","","","","","","31JAN1956","9","1","3",2,2,3,NA,"NRP","","","",1,0,0,2,0,2,"MOTO GUZZI",1100,"BREVA ABS","ROADSTER","2","2006","37",2,1,4000,"7","HONDA","600","TRANSALP","TRAIL / SUPERMOTARD","2","1996","37",2,2,2000,"7","","","","","",NA,NA,NA,NA,NA,"","",NA,"","",NA,NA,NA,NA,NA,NA,"","",NA,"","",NA,NA,NA,NA,NA,NA,NA,6000,"3",4,NA,NA,NA,NA,NA,NA,NA,"NRP","NRP","NRP","NRP","1989","NRP","NRP","1977","NRP","","","","Motorcycle"
"112",108,4253,"469",1,0,3,"","",NA,NA,NA,0,5,"","","",NA,NA,0,5,"","",NA,"",NA,0,3,"","",NA,NA,NA,0,3,"","","","","",1,4,"2014","","",NA,NA,0,2,"",NA,NA,NA,NA,1,4,"2014","","",NA,NA,0,2,"","","","","",0,5,"","","","","",1,4,"2014","","","","",0,3,"","",NA,NA,NA,0,1,"","","",NA,NA,0,3,"","",NA,NA,NA,1,3,6,"2009","2011","2014","","","niort","niort","niort","","","le véhicule a griller le stop","le véhicule ma percuté a l'arriere,j'etais placé sur un stop","étant sur la voie de gauche sur une rocade car il y avait un bouchon sur la voie de droite,le véhicule de droite ma coupé la route et j'ai fini dans le rail de sécuritée.","","",0,0,4,2,7,1,73,"15",2014,"niort","2014","Autre(s) type(s) d'accident(s).","4","","",NA,"",NA,"","il y avait un rétrécissement sur voie de gauche, me mettant sur cette voie avec précaution, un véhicule automobile ma doubler par la droite est ma pousser sur le rail de sécurités.","le véhicule ma doublé a droite est c'est rabattu sur moi, je n'est rien pu faire.","NRP","3","0","","","car je ne l'est pas vu venir","2","1","NSP","","NSP","1","le véhicule a doubler par la droite au dernier moment est c'est rabattu sur moi","7","","",NA,NA,"","","",NA,NA,NA,NA,"",NA,"","4","3","","","1","1","4","1","1","1","2","3",2,5,2,4,4,10,NA,NA,NA,NA,NA,NA,NA,NA,1,"7","AUT|mauvaise signalisation de l'accident precedent","","",NA,NA,NA,NA,2,2,NA,2,1,1,2,0,100,0,0,0,"2","","","",NA,NA,"3","2","","",NA,2,1,3,4,6,7,NA,NA,NA,1,1,1,"4","1",2,0,45,1,2,3,4,7,9,NA,NA,"",NA,"4","4","4","4","4","4","YAMAHA","600","XTE","TRAIL / SUPERMOTARD","2","1","1",1,1,1,"1",1,1,1,"1","60000","12","4","1","YAMAHA","600","FZS FAZER","ROADSTER","2","4","4","15OCT1973","7","2","3",2,4,4,2,"NRP","","","",1,0,0,2,0,2,"YAMAHA",600,"FZS FAZER","ROADSTER","2","2002","2",1,2,10000,"5","YAMAHA","1200","FJ","Routière / GT","2","1987","2",3,1,5000,"5","","","","","",NA,NA,NA,NA,NA,"","",NA,"","",NA,NA,NA,NA,NA,NA,"","",NA,"","",NA,NA,NA,NA,NA,NA,NA,15000,"2",3,4,NA,NA,NA,NA,NA,NA,"NRP","NRP","NRP","1992","2008","NRP","NRP","1992","NRP","","","","Motorcycle"
"113",681,4260,"132",1,0,2,"","",NA,NA,NA,0,5,"","","",NA,NA,0,5,"","",NA,"",NA,0,2,"","",NA,NA,NA,0,5,"","","","","",0,4,"","","",NA,NA,0,2,"",NA,NA,NA,NA,0,4,"","","",NA,NA,1,5,"2011","","","","",0,4,"","","","","",0,4,"","","","","",0,2,"","",NA,NA,NA,0,2,"","","",NA,NA,0,3,"","",NA,NA,NA,1,2,3,"2009","2010","","","","Clermont-Ferran","Chaud-Aigues","","","","Après avoir remonté une file arrêté à un feu tricolor, une voiture à démarré sans faire attention, et m'a percuté","Alors que je regardais pour doubler un camping-car, la voiture venant en face, qui mordait sur ma voie, m'a percuté","","","",0,0,0,0,6,1,72,"15",2010,"Chaud-Aigues","2010","Autre(s) type(s) d'accident(s).","2","4","5",6,"",NA,"","On roulait à deux motos, j'étais derrière. Arrivé derrière un camping-car, l'autre à doublé, puis j'ai vu passer une voiture. Après avoir attendus un peu, je me suis rapproché du centre de la route pour voir si une autre voiture arrivé. Et il en arrivé une, qui mordait de mon côté. Nous nous sommes donc touché.","Le manque de visibilité derrière un camping-car.","Cela c'est passé très vite, je ne pense pas que la voiture arrivant en face ait eut le temps de réagir. Par contre, je me souvient avoir tiré sur mon guidon pour m'écarter. Ce qui, je pense, a permis à ma moto d'être légèrement penché lors de l'impact, et donc de m'expulser sur le côté. Je pense que c'est grâce à ça que je n'ai pas été blessé.","NRP","0","","","Le manque de visibilité a fait que je n'ai put voire la voiture qu'une fraction de seconde avant l'impacte, ce qui ne laisse pas assez de temps pour réagir.","2","1","NSP","","Le manque de visibilité causé par le camping-car","2","NRP","1","2","",NA,NA,"","","2",1,NA,NA,NA,"",NA,"Je ne m'attendais pas à voir une voiture en face de moi.","4","3","","","1","1","4","3","3","1","1","1",1,4,4,4,4,5,NA,NA,NA,NA,NA,NA,NA,NA,2,"","","","",NA,NA,NA,NA,2,2,NA,2,2,1,1,30,70,0,0,0,"2","","","",NA,NA,"1","1","","",NA,1,NA,NA,NA,NA,NA,NA,NA,NA,NA,NA,3,"2","3",NA,0,70,1,2,3,4,9,NA,NA,NA,"",NA,"4","4","4","4","4","4","SUZUKI","500","GS-E 34CV","ROADSTER","2","1","1",1,1,1,"1",1,1,1,"1","50000","12","3","0","","","","","","","","24JAN1990","11","1","3",2,1,1,NA,"NRP","","","",1,0,0,1,0,1,"KAWASAKI",750,"ZR-7","ROADSTER","2","1999","37",2,1,10000,"7","","","","","","","",NA,NA,NA,"","","","","","",NA,NA,NA,NA,NA,"","",NA,"","",NA,NA,NA,NA,NA,NA,"","",NA,"","",NA,NA,NA,NA,NA,NA,NA,10000,"3",4,NA,NA,NA,NA,NA,NA,NA,"NRP","NRP","NRP","NRP","2008","NRP","NRP","2008","NRP","","","","Motorcycle"
"114",594,4264,"255",1,1,5,"1980","",NA,NA,NA,0,4,"","","",NA,NA,0,5,"","",NA,"",NA,0,2,"","",NA,NA,NA,1,3,"1985","","","","",0,4,"","","",NA,NA,0,4,"",NA,NA,NA,NA,0,5,"","","",NA,NA,5,6,"1980","1999","2001","2005","2012",0,5,"","","","","",1,4,"2005","","","","",0,1,"","",NA,NA,NA,2,4,"1980","1981","",NA,NA,0,3,"","",NA,NA,NA,0,NA,10,"","","","","","","","","","","","","","","",NA,NA,2,6,29,1,1,"1",1980,"","1980","Vous circuliez sur un axe prioritaire. Un autre véhicule arrivant sur le même axe en sens opposé vous a coupé la route en tournant à gauche.","2","","",NA,"",NA,"","C'était à un feu, vert donc,j'ai percuté la voiture dans la potière arrière. Le plus choquant est que l'on m'a recherché des responsabilités alors que je n'y était pour rien.Comme d'habitude vitesse excessive....Heureusement qu'il y avait des témoins. Ma mère a engeulé les policiers présent à l'hopital qui rassuraient la personne bléssé à l'arrière de l'auto (bris de verre dans le visage)mais ne faissaient cas de moi sur la civière.....","Il n'y avait aucune échappatoire possible, juste freiner le plus possible","L'autre véhicule n'a rien fait, il a dit ne pas m'avoir vu. La seule commande que j'ai pu faire c'était de freiner, aucun évitement possible car trop tard.","NRP","0","","","NRP","2","1","2","","NRP","1","Ne m'a pas vu, si il m'avait vu il ne m'aurait pas coupé la route....","1","6","",NA,NA,"","","1",NA,NA,NA,NA,"2",NA,"J'ai compris qu'il n'y avait pas d'issu et que la colision serait inévitable","3","3","","","2","1","3","4","3","1","1","1",5,5,5,5,5,5,NA,NA,NA,NA,NA,NA,NA,NA,2,"","","","",NA,NA,NA,NA,2,2,NA,2,1,1,2,0,100,0,0,0,"NSP","","","",NA,NA,"3","2","","",NA,2,1,1,4,NA,NA,NA,NA,NA,1,1,1,"1","1",2,0,50,1,10,2,3,5,NA,NA,NA,"",NA,"4","4","4","4","4","4","YAMAHA","125","RDX (MTL)","ROADSTER","2","1","1",1,1,1,"1",1,1,1,"1","7500","NSP","3","0","","","","","","","","27JUN1963","7","2","3",2,2,3,NA,"NRP","","","",2,0,0,1,0,1,"KTM",990,"SM-T ABS","TRAIL / SUPERMOTARD","2","2011","29",2,1,20000,"7","","","","","","","",NA,NA,NA,"","","","","","",NA,NA,NA,NA,NA,"","",NA,"","",NA,NA,NA,NA,NA,NA,"","",NA,"","",NA,NA,NA,NA,NA,NA,NA,20000,"2",3,4,NA,NA,NA,NA,NA,NA,"NRP","NRP","NRP","1979","1986","NRP","NRP","1981","NRP","","","","Motorcycle"
"115",141,4267,"216",1,0,3,"","",NA,NA,NA,1,5,"1989","","",NA,NA,1,4,"2008","",NA,"",NA,0,1,"","",NA,NA,NA,0,4,"","","","","",0,3,"","","",NA,NA,0,2,"",NA,NA,NA,NA,0,3,"","","",NA,NA,1,4,"2004","","","","",0,3,"","","","","",0,4,"","","","","",0,2,"","",NA,NA,NA,0,2,"","","",NA,NA,0,3,"","",NA,NA,NA,1,1,4,"2001","","","","","Fey","","","","","Sortie de bretelle d'autoroute : glissade de la roue arrière sur les gravillons en arrivant à un stop.","","","","",1,0,0,0,36,1,6,"2",1989,"","1989","Vous circuliez derrière un véhicule. Ce véhicule a ralenti. Vous avez entrepris de dépasser ce véhicule par la gauche et celui-ci vous a coupé la route en tournant à gauche (ou en effectuant un œ tour","3","","",NA,"",NA,"","Une remontée de file de voitures à l'arrêt (bouchon) le long d'une ligne blanche (voie assez large pour que je reste du bon côté de la route) : bloquée par une voiture tentant de tourner à gauche (oui, ligne continue là aussi) qui provoquait le bouchon.  Lorsque cette voiture a fini par tourner, j'ai redémarré en même temps que la voiture à ma droite. Sauf que celle-ci a brutalement tourné à gauche aussi en coupant la ligne continue et donc en me percutant.  1) À tous ceux qui râlent contre les nuisances sonores des 2 roues : j'avais ce jour-là une moto de 1992 avec un pot d'échappement de la même année, autant dire que je fais un peu de bruit, la conductrice ne m'a pas entendue... ou n'a pas voulu m'entendre ! 2) C'est mon troisième accident (sur 3) en 36 ans de permis moto à imputer à un ""tourne à gauche"" : il faudrait rappeler aux automobilistes que tourner la tête à gauche avant de changer de direction, ça n'est pas seulement pour le permis.  3) À tous ceux qui râlent contre la vitesse : c'est mon 3e accident (sur 3) à moins de 40 km/h. 4) Sur le constat, l'automobiliste a délibérément faussé le schéma explicatif (carrefour inexistant, pas de ligne continue, ma moto sur la voie opposée), je ne m'en suis rendue compte que le lendemain. Je mets ça sur le compte de la chute et du choc reçu à la tête. Ma conclusion : toujours faire appel aux autorités en cas de chute ou, au moins, ne jamais signer le constat !","Cause de l'accident : sur une 2 voies séparées par une ligne continue, la voiture a tourné à gauche (accessoirement sans clignotant).   En bonus, schéma explicatif volontairement erroné pour me mettre les torts exclusifs et, sous le choc, je n'y ai pas fait attention.","L'accident s'est produit quand je redémarrais en même temps que la voiture à droite. Elle m'a percuté sur le côté, je n'ai donc pas pu réagir d'une manière ou d'une autre.   Au moment de l'accident, il y avait un bouchon d'une quinzaine de voitures. Quand je me suis relevée, il n'y avait plus personne... donc pas de témoins.   Après l'accident, j'ai plus fait attention à l'état de ma moto - et si je pouvais repartir avec - qu'au constat rempli par l'automobiliste dont le schéma a été volontairement faussé.","3","0","","","Je n'ai pas pu anticiper l'accident, la voiture m'a percutée sur le côté.","2","1","2","","L'autre n'a pas regardé ni dans son rétro ni par-dessus son épaule gauche avant de couper la ligne blanche pour tourner à gauche.","1","Un simple contrôle visuel aurait évité l'accident.","7","","",NA,NA,"","","",NA,NA,NA,NA,"",NA,"","4","3","","","1","1","3","3","1","1","1","2",2,3,4,4,4,10,NA,NA,NA,NA,NA,NA,NA,NA,2,"","","","",NA,NA,NA,NA,2,2,NA,2,1,1,1,20,80,0,0,0,"1","3","","",NA,NA,"4","1","","",NA,2,1,2,NA,NA,NA,NA,NA,NA,1,0,2,"2","1",2,0,10,1,10,2,3,4,NA,NA,NA,"",NA,"3","3","3","1","2","2","SUZUKI","750","GSX-F","Routière / GT","2","1","1",1,1,1,"1",1,1,1,"1","98000","12","4","1","YAMAHA","600","XJ-S DIVERSION","ROADSTER","2","4","3","22SEP1959","2","1","3",2,3,2,2,"NRP","","","",2,0,0,2,0,2,"SUZUKI",650,"SV-S","Routière / GT","2","2004","37",3,1,7000,"7","SUZUKI","750","GSX-F","Routière / GT","2","1992","10",4,1,3000,"7","","","","","",NA,NA,NA,NA,NA,"","",NA,"","",NA,NA,NA,NA,NA,NA,"","",NA,"","",NA,NA,NA,NA,NA,NA,NA,10000,"3",4,NA,NA,NA,NA,NA,NA,NA,"NRP","NRP","NRP","NRP","1978","NRP","NRP","1978","NRP","","","","Motorcycle"
"116",34,4269,"294",1,0,4,"","",NA,NA,NA,0,4,"","","",NA,NA,0,5,"","",NA,"",NA,0,2,"","",NA,NA,NA,0,4,"","","","","",1,3,"2008","","",NA,NA,0,4,"",NA,NA,NA,NA,1,4,"1990","","",NA,NA,2,3,"1990","1991","","","",0,5,"","","","","",0,5,"","","","","",0,3,"","",NA,NA,NA,0,4,"","","",NA,NA,0,5,"","",NA,NA,NA,0,NA,4,"","","","","","","","","","","","","","","",NA,NA,3,1,25,1,42,"9",1991,"","1991","Vous avez fait une sortie de route, une perte de contrôle ou une glissade sans rien percuter.","3","","",NA,"",NA,"","Arrivée trop rapide sur un virage aveugle.  Freinage trop appuyé. Blocage roue avant. Relachement frein, reprise adhérence. Highside. Genou écorché, blouson bien abîmé.... Gants HS. Pas mal de dégats sur la moto.","Manque d'attention... Trop de confiancce en soi.","Mauvais réflexe.","2","1","Freinage plus équilibré... Je pense que je n'aurai pas perdu la roue avant.","Mauvais réflèxe, peur de ne pas ""le faire""...","","2","0","","","","","","2","6","",NA,NA,"","","",1,NA,NA,NA,"2",NA,"Je ne m'attendais pas au blocage.","3","1","2","","1","4","3","3","3","1","1","NSP",5,1,4,4,4,1,4,5,7,8,NA,NA,NA,NA,2,"","","","",NA,NA,NA,NA,2,2,NA,2,1,1,1,100,0,0,0,0,"1","1","4","",NA,NA,"1","1","","",NA,1,NA,NA,NA,NA,NA,NA,NA,NA,NA,NA,3,"2","3",NA,0,70,1,10,2,3,5,NA,NA,NA,"",NA,"4","4","4","4","4","4","YAMAHA","900","XJ","ROADSTER","2","1","1",1,1,1,"1",1,1,1,"1","40000","NSP","3","1","YAMAHA","650","XJ","ROADSTER","2","4","4","22SEP1960","5","1","3",2,4,4,2,"NRP","","","",2,0,0,1,0,1,"VICTORY",1730,"VISION TOUR","Routière / GT","2","2013","37",1,2,25000,"7","","","","","","","",NA,NA,NA,"","","","","","",NA,NA,NA,NA,NA,"","",NA,"","",NA,NA,NA,NA,NA,NA,"","",NA,"","",NA,NA,NA,NA,NA,NA,NA,25000,"4",3,NA,NA,NA,NA,NA,NA,NA,"NRP","NRP","NRP","NRP","1978","NRP","NRP","1978","NRP","","","","Motorcycle"