"","Ligne","Ligne.Q.qualif","Ligne.approfondissement.Accident","ACCIDENT","NBACC1","ACCFREQUENCE1","ANNEEACC1_1","ANNEEACC1_2","ANNEEACC1_3","ANNEEACC1_4","ANNEEACC1_5","NBACC2","ACCFREQUENCE2","ANNEEACC2_1","ANNEEACC2_2","ANNEEACC2_3","ANNEEACC2_4","ANNEEACC2_5","NBACC3","ACCFREQUENCE3","ANNEEACC3_1","ANNEEACC3_2","ANNEEACC3_3","ANNEEACC3_4","ANNEEACC3_5","NBACC4","ACCFREQUENCE4","ANNEEACC4_1","ANNEEACC4_2","ANNEEACC4_3","ANNEEACC4_4","ANNEEACC4_5","NBACC5","ACCFREQUENCE5","ANNEEACC5_1","ANNEEACC5_2","ANNEEACC5_3","ANNEEACC5_4","ANNEEACC5_5","NBACC6","ACCFREQUENCE6","ANNEEACC6_1","ANNEEACC6_2","ANNEEACC6_3","ANNEEACC6_4","ANNEEACC6_5","NBACC7","ACCFREQUENCE7","ANNEEACC7_1","ANNEEACC7_2","ANNEEACC7_3","ANNEEACC7_4","ANNEEACC7_5","NBACC8","ACCFREQUENCE8","ANNEEACC8_1","ANNEEACC8_2","ANNEEACC8_3","ANNEEACC8_4","ANNEEACC8_5","NBACC9","ACCFREQUENCE9","ANNEEACC9_1","ANNEEACC9_2","ANNEEACC9_3","ANNEEACC9_4","ANNEEACC9_5","NBACC10","ACCFREQUENCE10","ANNEEACC10_1","ANNEEACC10_2","ANNEEACC10_3","ANNEEACC10_4","ANNEEACC10_5","NBACC11","ACCFREQUENCE11","ANNEEACC11_1","ANNEEACC11_2","ANNEEACC11_3","ANNEEACC11_4","ANNEEACC11_5","NBACC12","ACCFREQUENCE12","ANNEEACC12_1","ANNEEACC12_2","ANNEEACC12_3","ANNEEACC12_4","ANNEEACC12_5","NBACC13","ACCFREQUENCE13","ANNEEACC13_1","ANNEEACC13_2","ANNEEACC13_3","ANNEEACC13_4","ANNEEACC13_5","NBACC14","ACCFREQUENCE14","ANNEEACC14_1","ANNEEACC14_2","ANNEEACC14_3","ANNEEACC14_4","ANNEEACC14_5","AUTRESACC","NBAUTRESACC","TOTAL_AC","ANNEEAUTREACC1","ANNEEAUTREACC2","ANNEEAUTREACC3","ANNEEAUTREACC4","ANNEEAUTREACC5","LIEUAUTREACC1","LIEUAUTREACC2","LIEUAUTREACC3","LIEUAUTREACC4","LIEUAUTREACC5","DESCRIPTIONAUTRESACC1","DESCRIPTIONAUTRESACC2","DESCRIPTIONAUTRESACC3","DESCRIPTIONAUTRESACC4","DESCRIPTIONAUTRESACC5","NBAUTRESACCCIRCUIT","NBAUTRESTOUTTERRAIN","EXPCYCLO","EXP125","EXPSUP125","ACCORDNEXTQ","CHOIXACC","RGPMTACC","RECUPANNEE","RECUPLIEU","RECUPANNE","RGPMTAC","CHOIX1","CHOIX2","CHOIX3","CHOIX4","CHOIX5","CHOIX6","CHOIX7","DESCRIPTION","RUPTURE","FAITS","ABS_REACTION","AUTRE_REACTION","PRECISIONREACTIONOUI","RECUL","PRECISIONREACTIONNON","IMPACTCOMPORTEMENT","AUTREUSAGER","REACTIONAUTREUSAGER","CONNAISSANCEREACTIONUSAGER","DIFFICULTES","AGGRAVATION","DIFFICULTES2","EMOTIONS1","EMOTIONS2","EMOTIONS3","EMOTIONS4","EMOTIONS5","EMOTIONS6","AUTRESENTIMENT","CLASSEMENTEMOTIONS1","CLASSEMENTEMOTIONS","CLASSEMENTEMOTIONS5","CLASSEMENTEMOTIONS6","CLASSEMENTEMOTIONS7","CLASSEMENTEMOTIONS8","CLASSEMENTEMOTIONS9","EXPLICATIONRESSENTI","BIENEQUIPE","ALLURE","ALLUREVITEDETAIL","ALLURELENTEDETAIL","SITUATIONPRESSE","SITUATIONDISTRAIT","SITUATIONCONFIANT","SITUATIONCONTROLE","SITUATIONLUDIQUE","SITUATIONPERF","SITUATIONSTRESS","SITUATIONFATIGUE","HUMEURNEUTRE","HUMEURGAI","HUMEURMECONTENT","HUMEURTRISTE","HUMEURCOLERE","CONTRIBUTION1","CONTRIBUTION2","CONTRIBUTION3","CONTRIBUTION4","CONTRIBUTION5","CONTRIBUTION6","CONTRIBUTION7","CONTRIBUTION8","CONTRIBUTION9","ROLEINFRA","ELEMENTINFRA1","ELEMENTINFRA2","ELEMENTINFRA3","ELEMENTINFRA4","ELEMENTINFRA5","ELEMENTINFRA6","ELEMENTINFRA7","ELEMENTINFRA8","ELEMENTINFRA9","ALCOOL","TXALCOOL","STUP","SEMAINE","MOMENTJOURNEE","TEMPS","CAUSEACC1","CAUSEACC2","CAUSEACC3","CAUSEACC4","CAUSEACC5","FORMATIONCAUSE","FORMATION1","FORMATION2","FORMATION3","FORMATION4","FORMATION5","TRAFIC","CHAUSSEE1","CHAUSSEE2","CHAUSSEE3","CHAUSSEE4","TYPEACC","BLESSURE","TETE","COU","THORAX","MEMBRESSUP","COLONNE","BASSIN","MEMBRESINF","HOPITAL","PLUS24H","TRAJET","TYPEROUTE","MOTIF","SENSTRAJET","PASSAGER","VITESSE","DESCEQ1","DESCEQ2","DESCEQ3","DESCEQ4","DESCEQ5","DESCEQ6","DESCEQ7","DESCEQ8","DESCEQ9","DESCEQ10","VEHICULEETE","VEHICULEAUTOMNE","VEHICULEPRINTEMPS","VEHICULEHIVER","VEHICULESEMAINE","VEHICULEWE","VEHMARQUE","VEHCYLINDREE","VEHMODELE","VEHSEGMENT","VEHSIDE","EQ2RMABS","EQ2RMCBS","EQ2RMABSCBS","EQ2RMREGULATEUR","EQ2RMLIMITEUR","EQ2RMPHARESDIRECT","EQ2RMCOUPURE","EQ2RMANTIPATINAGE","EQ2RMANTIXHEELING","EQ2RMSTABILILTE","VEHKM","POINTS","DUREE","AUTRE2RM","VEHPRECMARQUE","VEHPRECCYLINDREE","VEHPRECMODELE","VEHPRECSEGMENT","VEHPRECSIDE","TEMPS2RMPREC","FREQVEHPREC","DATE_NAISS","CSP","SOCIETAIRE","SALARIE","SECTEUR2RM","NBPERSFOYER","SITFAM","NBENF","TRNBENF1","TRNBENF2","TRNBENF3","TRNBENF4","NBAUTOFOYER","NBCYCLOFOYER","NBSCOOTFOYER","NBMOTOFOYER","NBTRIKEFOYER","NB2RMCONDUIT","MARQUE1","CYLINDREE1","MODELE1","SEGMENT1","SIDE1","ANMISECIRCU1","ASS1","FREQ1","USAGE1","NBKM1","GARAGE1","MARQUE2","CYLINDREE2","MODELE2","SEGMENT2","SIDE2","ANMISECIRCU2","ASS2","FREQ2","USAGE2","NBKM2","GARAGE2","MARQUE3","CYLINDREE3","MODELE3","SEGMENT3","SIDE3","ANMISECIRCU3","ASS3","FREQ3","USAGE3","NBKM3","GARAGE3","MARQUE4","CYLINDREE4","MODELE4","SEGMENT4","SIDE4","ANMISECIRCU4","ASS4","FREQ4","USAGE4","NBKM4","GARAGE4","MARQUE5","CYLINDREE5","MODELE5","SEGMENT5","SIDE5","ANMISECIRCU5","ASS5","FREQ5","USAGE5","NBKM5","GARAGE5","NBKMTOT","PERMIS1","PERMIS2","PERMIS3","PERMIS4","PERMIS5","PERMIS6","PERMIS7","PERMIS8","PERMIS9","ANPERMIS1","ANPERMIS6","ANPERMIS7","ANPERMIS2","ANPERMIS3","ANPERMIS8","ANPERMIS9","ANPERMIS4","ANPERMIS5","X","X.1","X.2","isScooter"
"117",506,4276,"77",1,0,4,"","",NA,NA,NA,0,4,"","","",NA,NA,1,4,"2006","",NA,"",NA,0,4,"","",NA,NA,NA,1,4,"1982","","","","",0,4,"","","",NA,NA,0,3,"",NA,NA,NA,NA,0,5,"","","",NA,NA,1,4,"2008","","","","",0,5,"","","","","",0,5,"","","","","",0,2,"","",NA,NA,NA,0,4,"","","",NA,NA,1,3,"1985","",NA,NA,NA,0,NA,4,"","","","","","","","","","","","","","","",NA,NA,2,2,32,1,11,"3",2006,"","2006","Vous remontiez une file de véhicules (à larrêt ou au ralenti) par la gauche. Un véhicule de cette file vous a coupé la route en tournant à gauche.","4","6","AUT|J'ai réussi à ne pas tomber, le conducteur m'a agressé verbalement et forcé à rédiger le constat à son avantage. Hélas, mon assurance n'a pas réussi à comprendre le déroulement de cet accident. J'ai eu les torts et surtout je suis resté marqué par cette agression.",NA,"",NA,"","Je remontais tranquillement, par la gauche, la file de voiture qui étaient en train de s'arrêter au feu suivant. Quand soudain le véhicule que je doublais à déboité franchement alors que j'était à sa hauteur. Il n'y a pas de rue à gauche et c'est un ligne continu qui sépare les chaussées. Heureusement je ne suis pas tombé et je ne suis pas entrée en collision avec un véhicule arrivant en sens inverse. j'ai stationné ma moto sur le trottoir de droite (mon sens de circulation) et je suis allé ramasser ma valise qui était tombée. Là, le gars de la 106 qui m'a percuté, m'a hurlé dessus insulté, me montrant les dégâts de sa voiture, tout le latéral était détruit, à peine croyable. Il n'a pas voulu entendre qu'il avait entrepris une manoeuvre, (demi-tour?) alors que je reconnaissais remonter la file de voiture. Il m'hurlait tellement dessus,disant qu'il devait aller voir son frère en prison comment allait-il faire etc...  Je n'était pas encore remis du choc alors j'ai fini par accepter sa demande: cocher la case ""roulait en contre sens ou à franchi la ligne blanche, je ne sais plus"". J'ai eu beau lui expliquer que si j'était en contre sens, pour qu'on s'accroche, il fallait qu'il y soit aussi.Impossible Je voulais que ça cesse, j'ai signé le constat. Le soir au retour, j'ai fait une main courante au poste de police que j'ai joints au constat accompagné d'un courrier pour tenter d'aider ma mutuelle à mettre les responsabilités sur cette personne. J'ai fait un détour pendant plusieurs mois avant de repasser par ce chemin.","A cette époque je travaillais à porte des lilas et j'habite Pontault Combault. Je conduis depuis longtemps, par tous les temps et toute l'année. J'évite au maximum l'autoroute et le périf et change souvent de chemin en fonction de la circulation. Très attentif aux signes que nous donnent les automobilistes inconsciemment, mais pas invulnérable évidement, là j'était vraiment à sa hauteur donc visible par ce dernier.....je n'ai rien vu venir. Un gros choc, sans savoir d'où cela venait. Réussir à ne pas tomber, me garer, récupérer ma valise et le phare qui avait sauté, enfin comprendre que la personne qui me criait dessus était le propriétaire de la 106 qui m'était rentré dedans et qui était garée un peu plus haut.","Je suis désolé, cet accident n'est pas un bon exemple car comme je l'ai décrit avant je n'ai pas eu le temps de faire quoique ce soit, je roule et d'un seul coup c'est le choc..","3","0","","","Le gars à déboité alors que j'étais à sa hauteur. La seul chose à faire pour l'éviter, c'était de rester dans la queue avec les voitures.","2","1","2","","Si on enlève sa mauvaise fois, puisqu'il n'a pas voulu reconnaître sa manoeuvre, un demi tour je pense. Peut être aurait-il pu ne pas regarder dans son rétroviseur ou avoir des difficultés à me voir.","1","Pour moi il a provoqué l'accident!","7","","",NA,NA,"","","",NA,NA,NA,NA,"",NA,"","4","3","","","1","1","3","3","1","1","1","1",1,2,4,4,4,10,NA,NA,NA,NA,NA,NA,NA,NA,2,"","","","",NA,NA,NA,NA,2,2,NA,2,1,3,1,10,90,0,0,0,"2","","","",NA,NA,"3","1","","",NA,1,NA,NA,NA,NA,NA,NA,NA,NA,NA,NA,1,"1","1",1,0,30,1,10,2,3,4,7,NA,NA,"",NA,"4","4","4","4","4","2","BMW","750","K75","ROADSTER","2","1","1",1,1,1,"1",1,1,1,"1","150000","12","4","1","BMW","1000","R100RT","Routière / GT","2","4","4","29JAN1964","5","1","3",2,4,4,2,"NRP","","","",3,1,0,1,0,2,"BMW",850,"R850R ABS","ROADSTER","2","2004","37",1,2,15000,"7","MOTOCONFORT","50","AU89","ROADSTER","2","1960","40",4,1,20,"7","","","","","",NA,NA,NA,NA,NA,"","",NA,"","",NA,NA,NA,NA,NA,NA,"","",NA,"","",NA,NA,NA,NA,NA,NA,NA,15020,"2",4,9,NA,NA,NA,NA,NA,NA,"NRP","NRP","NRP","1980","NRP","NRP","1982","1983","NRP","","","","Motorcycle"
"118",82,4286,"96",1,0,4,"","",NA,NA,NA,0,4,"","","",NA,NA,0,4,"","",NA,"",NA,0,2,"","",NA,NA,NA,0,5,"","","","","",0,2,"","","",NA,NA,0,5,"",NA,NA,NA,NA,0,5,"","","",NA,NA,1,4,"2000","","","","",0,5,"","","","","",0,5,"","","","","",0,5,"","",NA,NA,NA,1,5,"1985","","",NA,NA,0,3,"","",NA,NA,NA,0,NA,2,"","","","","","","","","","","","","","","",NA,NA,4,0,31,1,61,"13",1985,"","1985","Vous circuliez derrière un véhicule. Ce véhicule a freiné ou a ralenti et vous lavez percuté par larrière.","6","","",NA,"",NA,"","A l'entrée de Toulon je suivais de trop prés et à vive allure une voiture qui arrivée à un carrefour avec deux rangées de feux rouges a soudainement pilé entre les feux qui étaient en train de passer à l'orange, je l'ai alors percuté par l'arriére.","la non distance de sécuritée.","je n ai pas eu le temps de réagir.","3","0","","","pas le temps.","2","0","","","","","","7","","",NA,NA,"","","",NA,NA,NA,NA,"",NA,"","1","1","4","","1","1","4","4","1","1","1","1",1,4,4,4,4,1,NA,NA,NA,NA,NA,NA,NA,NA,2,"","","","",NA,NA,NA,NA,2,2,NA,2,1,1,1,100,0,0,0,0,"2","","","",NA,NA,"2","1","","",NA,2,1,1,NA,NA,NA,NA,NA,NA,0,NA,1,"1","1",2,0,90,1,10,2,5,NA,NA,NA,NA,"",NA,"4","4","4","4","4","4","HONDA","500","CX","ROADSTER","2","1","1",1,1,1,"1",1,1,1,"1","7000","NSP","4","1","YAMAHA","80","RDLC","ROADSTER","2","4","3","30JUL1965","4","1","3",2,5,4,3,"NRP","","","",3,1,0,1,0,1,"BMW",1200,"R1200R","ROADSTER","2","2010","37",2,1,8000,"7","","","","","","","",NA,NA,NA,"","","","","","",NA,NA,NA,NA,NA,"","",NA,"","",NA,NA,NA,NA,NA,NA,"","",NA,"","",NA,NA,NA,NA,NA,NA,NA,8000,"3",4,NA,NA,NA,NA,NA,NA,NA,"NRP","NRP","NRP","NRP","1983","NRP","NRP","1986","NRP","","","","Motorcycle"
"119",178,4287,"47",1,0,5,"","",NA,NA,NA,0,5,"","","",NA,NA,0,4,"","",NA,"",NA,1,5,"1994","",NA,NA,NA,1,5,"1986","","","","",0,5,"","","",NA,NA,0,3,"",NA,NA,NA,NA,5,4,"1971","1986","1994",2004,2006,1,5,"2004","","","","",0,5,"","","","","",0,4,"","","","","",0,4,"","",NA,NA,NA,1,4,"1971","","",NA,NA,0,2,"","",NA,NA,NA,1,5,14,"1971","1986","1994","2004","2006","challes les eau","valence","chambery","lyon","la ravoire","accidents en chaine lors d'un ralentissement","2 files dans le me^me sens je circulai sur la 2em file une voiture sur la 1er file en arret a fait demi-tour en me coupant la route","une voiture arretée a un stop a demarrée en me coupant la route","dérapage dans une courbe  un camion de chantier avait perdu de la terre dans le virage","une voiture sortie d'un chemin de terre ma couper la route",0,0,5,2,44,1,72,"15",1986,"valence","1986","Autre(s) type(s) d'accident(s).","4","","",NA,"",NA,"","je circulais sur la 2em file a droite lors d'un embouteillage lorsqu'une voiture sur la file de gauche entame un demi tour pour repartir dans l'autre sens me coupant la route ainsi que la ligne blanche  il m'accrocha l'arrière de la moto ce qui me déstabilisa m'envoyant ainsi contre un arbre","la surprise de la manoeuvre et la déstabilisation de la moto","je n'ai pas eu le temps de réagir et lors de la collision avec l'arbre j'ai perdu connaissance et  me suis réveiller aux urgences de l'hopital avec une épaule en compote","3","1","j'aurai surveillé avec plus d'attention la file arretée  j'aurai ainsi pu prévoir la manoeuvre en voyant les roues de la voiture braquer","trop de confiance dans les autres conducteurs","","2","0","","","","","","6","","",NA,NA,"","","",NA,NA,NA,NA,"1",NA,"ne pouvoir réagir parce que je n'ai pas vu la manoeuvre","4","3","","","1","4","4","3","4","1","1","1",3,3,4,4,4,4,5,8,NA,NA,NA,NA,NA,NA,2,"","","","",NA,NA,NA,NA,2,2,NA,2,2,1,1,5,95,0,0,0,"2","","","",NA,NA,"4","1","","",NA,2,1,4,NA,NA,NA,NA,NA,NA,1,1,2,"1","3",NA,0,30,1,2,3,4,7,9,NA,NA,"",NA,"4","4","4","4","NRP","4","BMW","750","R75/5","ROADSTER","2","1","1",1,1,1,"1",1,1,1,"1","40000","12","4","1","NORTON","750","HI RIDER","CUSTOM","2","4","4","12MAR1952","9","2","3",2,1,1,NA,"NRP","","","",2,2,0,3,0,3,"BMW",1150,"R1150RS","Routière / GT","2","2002","29",1,1,10000,"7","HONDA","125","CB-F","ROADSTER","2","2009","29",1,1,3000,"7","GRIFFON","125","ROUTIERE","ROADSTER","2",1953,29,4,1,200,"7","",NA,"","",NA,NA,NA,NA,NA,NA,"","",NA,"","",NA,NA,NA,NA,NA,NA,NA,13200,"3",4,NA,NA,NA,NA,NA,NA,NA,"NRP","NRP","NRP","NRP","1970","NRP","NRP","1972","NRP","","","","Motorcycle"
"120",1272,4291,"266",1,0,4,"","",NA,NA,NA,0,5,"","","",NA,NA,0,5,"","",NA,"",NA,0,4,"","",NA,NA,NA,1,5,"2006","","","","",0,3,"","","",NA,NA,0,2,"",NA,NA,NA,NA,0,4,"","","",NA,NA,0,4,"","","","","",0,4,"","","","","",0,4,"","","","","",0,2,"","",NA,NA,NA,0,5,"","","",NA,NA,0,4,"","",NA,NA,NA,0,NA,1,"","","","","","","","","","","","","","","",NA,NA,4,4,17,1,21,"5",2006,"","2006","Vous circuliez sur un axe prioritaire. Un véhicule venant dun axe non prioritaire vous a coupé la route.","4","","",NA,"",NA,"","C'est surtout après l'accident ,que l'on commence à y réfléchir !! pendant ,tout va si vite que l'on réagit par réflexes,et que l'on se retrouve à terre sans trop savoir comment ! En résumé ,je vois arriver la voiture sur ma droite ,je comprend tout de suite qu'elle ne va pas s'arrêter,je gueule sous mon casque un juron,et quelques secondes après tout est terminé. les douleurs commencent et les pompiers arrivent rapidement!!","J'ai tenté l 'évitement par réflexe ,mais la voiture était déja  trop engagée et le choc était inévitable . aprés rèflexion je pense que j'aurais du anticiper davantage la maneuvre de la voiture,manque d'expérience?","je n'ai pas freiné ,j'ai juste essayé l'évitement. le conducteur de la voiture qui me suivait s'est mis en warning juste derriere moi ,quand j'était au sol pour me protéger des autres véhicules","NRP","1","j'aurais beaucoup plus anticiper le comportement des véhicules venant de la droite  dans les ronds points et ailleurs . j'aurais pu comprendre que la voiture n'allait pas s'arrêter ,et ça aurait pu changer les choses","manque d'expérience sûrement ,et ce matin là j'étais pressé et manque de concentration!!!","","2","0","","","","","","1","2","",NA,NA,"","","2",1,NA,NA,NA,"",NA,"je croyais que la voiture allait s'arrêter!","3","3","","","4","3","2","2","2","1","3","3",1,4,1,4,4,2,3,4,NA,NA,NA,NA,NA,NA,2,"","","","",NA,NA,NA,NA,2,2,NA,2,1,1,1,30,70,0,0,0,"2","","","",NA,NA,"3","1","","",NA,2,1,6,NA,NA,NA,NA,NA,NA,1,1,1,"1","1",1,0,40,1,10,2,3,4,NA,NA,NA,"",NA,"4","4","4","3","4","3","SUZUKI","500","GS-E CARENEE","ROADSTER","2","1","1",1,1,1,"1",1,1,1,"1","20000","12","3","1","HONDA","600","TRANSALP +35KW","TRAIL / SUPERMOTARD","2","3","3","23MAY1959","7","2","3",2,2,3,NA,"NRP","","","",1,0,0,3,0,2,"BMW",800,"F800R ABS","ROADSTER","2","2009","29",1,2,6000,"4","SUZUKI","650","GLADIUS","ROADSTER","2","2009","29",3,1,2000,"4","","","","","",NA,NA,NA,NA,NA,"","",NA,"","",NA,NA,NA,NA,NA,NA,"","",NA,"","",NA,NA,NA,NA,NA,NA,NA,8000,"3",4,NA,NA,NA,NA,NA,NA,NA,"NRP","NRP","NRP","NRP","1997","NRP","NRP","1978","NRP","","","","Motorcycle"
"121",961,4293,"43",1,0,3,"","",NA,NA,NA,0,3,"","","",NA,NA,1,5,"1992","",NA,"",NA,0,5,"","",NA,NA,NA,1,4,"1982","","","","",0,2,"","","",NA,NA,0,3,"",NA,NA,NA,NA,1,3,"2012","","",NA,NA,0,4,"","","","","",0,4,"","","","","",0,4,"","","","","",0,2,"","",NA,NA,NA,0,4,"","","",NA,NA,0,3,"","",NA,NA,NA,1,1,4,"1998","","","","","Cachan","","","","","En tournant à gauche, j'ai été percuté par un véhicule venant de face masqué par une camionnette devant moi, la rue faisant une courbe à droite.","","","","",0,0,6,3,31,1,71,"15",1998,"Cachan","1998","Autre(s) type(s) d'accident(s).","6","","",NA,"",NA,"","A un carrefour je suis derrière une camionnette et je tourne à gauche, alors que la rue s'incurve à droite. La camionnette me masque un taxi arrivant par cette rue. Comme je m'étais déjà engagé le taxi me heurte de face. Je vois ma moto et le capot du taxi défiler sous mes yeux alors que je heurte ce qui me semble être le haut du pare brise du taxi. Je suis alors projeté en l'air et retombe sur la chaussée. Nous nous retrouvons disséminés ma moto, le taxi et moi aux quatre coin du carrefour !  Résultat j'ai une fracture du col du fémur avec un gros déplacement, l'avant de la moto est détruit et le taxi est enfoncé presque jusqu'à l'habitacle.  Je suis évacué par les pompiers à l'hôpital ou je reste 10 jours après la pose d'un clou plaque.   Puis 3 mois d'arrêt de travail et autant de rééducation.","En fait la camionnette me masquant le taxi je ne me suis rendu compte qu'au moment du choc de son arrivée.","NRP","3","0","","","Je pense que le taxi arrivait beaucoup trop vite pour que je puisse le voir avant de m'engager dans le carrefour.","2","1","2","","NSP","1","Je pense que la vitesse du taxi était excessive.","3","","",NA,NA,"","","",NA,1,NA,NA,"",NA,"Comme je regardait vers là où j'allais j'avais tourné la tête vers la gauche et donc je n'avais pas le taxi dans mon champ de vision. D'où mon incompréhension quand j'ai vu l'avant du taxi passer sous mes yeux.","3","3","","","1","1","2","4","1","1","1","1",2,4,4,4,4,5,NA,NA,NA,NA,NA,NA,NA,NA,1,"2","","","",NA,NA,NA,NA,2,2,NA,2,1,1,1,0,60,0,40,0,"2","","","",NA,NA,"2","1","","",NA,2,1,6,7,NA,NA,NA,NA,NA,1,1,1,"1","1",1,0,5,1,10,2,3,4,NA,NA,NA,"",NA,"4","4","4","4","4","4","BMW","850","R850R","ROADSTER","2","1","1",1,1,1,"1",1,1,1,"1","25000","12","4","1","YAMAHA","900","XJ","ROADSTER","2","4","4","26MAY1954","5","1","3",2,1,1,NA,"NRP","","","",1,0,0,2,0,2,"BMW",1200,"R1200RT","Routière / GT","2","2010","37",2,1,12500,"7","HONDA","650","DOMINATOR","TRAIL / SUPERMOTARD","2","1996","37",3,1,2500,"7","","","","","",NA,NA,NA,NA,NA,"","",NA,"","",NA,NA,NA,NA,NA,NA,"","",NA,"","",NA,NA,NA,NA,NA,NA,NA,15000,"4",3,NA,NA,NA,NA,NA,NA,NA,"NRP","NRP","NRP","NRP","1984","NRP","NRP","1972","NRP","","","","Motorcycle"
"122",700,4294,"321",1,0,6,"","",NA,NA,NA,0,4,"","","",NA,NA,0,4,"","",NA,"",NA,0,3,"","",NA,NA,NA,1,5,"1982","","","","",0,4,"","","",NA,NA,0,4,"",NA,NA,NA,NA,0,4,"","","",NA,NA,0,6,"","","","","",1,5,"1982","","","","",0,6,"","","","","",0,2,"","",NA,NA,NA,0,2,"","","",NA,NA,0,3,"","",NA,NA,NA,0,NA,2,"","","","","","","","","","","","","","","",NA,NA,0,2,32,1,21,"5",1982,"","1982","Vous circuliez sur un axe prioritaire. Un véhicule venant dun axe non prioritaire vous a coupé la route.","1","2","",NA,"",NA,"","Septembre 1982,RN 12 à hauteur de Lannion. Parti depuis 7h du matin direction Metz venant de Brest, je circulais sur cete voie rapide (RN12) depuis 1h. Cette nationale permettait à l'époque d'être rejointe par des routes secondaires au moyen de stop. Au niveau d'un de ceux-ci, un véhicule s'est engagé dès mon arrivée; j'ai impacté ce véhicule au niveau de son rétroviseur gauche tant cela a été extrêmement rapide. Le conducteur n'est pas sorti de son véhicule me porter secours et a évoqué une vitesse excessive dans son constat, prétextant ne pas m'avoir vu arriver. Projeté sur un panneau central, j'ai été pris en charge par les pompiers volontaires appelés par une autre automobiliste et n'ai pas pu contredire cette version qui m'a été défavorable au terme de plusieurs années  de procédures. Je suis resté 9 mois sans pouvoir marcher normalement,et donc travailler, avec les conséquences financières qui en découlaient.  Il m'a été signalé que malgré la présence d'un panneau de stop, j'aurais du anticiper la manoeuvre intempestive de cette voiture, ce qui a été considéré comme une des causes de mon accident; de fait, j'ai perdu mon procès aun pénal - sans toutefois avoir une quelconque sanction administrative- mais ai reçu des dommages au titre du pretium doloris subi!  Mauvais endroit au mauvais moment, justice partiale et délais juridiques à l'encontre des intérêts des victimes. Bref, cas d'école!","Petit matin (7h15), mauvaise anticipation de ma part de la capacité d'un véhicule à franchir un stop même si je suis sur sa route, brièveté du choc sans possibilité d'évitement. Mauvaise décision de l'automobiliste encore un peu dans sa nuit...","Trop soudain, freinage a peine déclenché, pas de possibilité d'évitement. Ejection de mon véhicule quasi instantanée. Frayeur de l'automobiliste -prise de conscience?- attente interminable d'un autre véhicule pour me porter secours, ce qui a été fait rapidement.","2","0","","","Choc trop soudain, quasi instantané.","2","1","2","","Grande frayeur d'où l'absence de réactions","1","Psychologiquement pour ce qui me concerne","1","6","",NA,NA,"","","1",NA,NA,NA,NA,"2",NA,"fraction de seconde pour se sentir impuissant ,avec les conséquences dramatiques en arrière plan","3","1","2","","2","1","3","4","1","1","1","1",3,3,4,4,4,1,2,NA,NA,NA,NA,NA,NA,NA,1,"2","4","","",NA,NA,NA,NA,2,2,NA,2,2,3,1,10,80,0,10,0,"1","2","","",NA,NA,"1","2","","",NA,2,1,4,7,NA,NA,NA,NA,NA,1,1,2,"2","3",NA,1,70,1,2,3,5,NA,NA,NA,NA,"",NA,"4","4","4","4","NRP","4","BMW","1000","R100/7","ROADSTER","2","1","1",1,1,1,"1",1,1,1,"1","60000","NSP","4","1","HONDA","750","CB ""K2""","ROADSTER","2","3","3","20APR1960","7","1","3",2,4,4,2,"NRP","","","",1,0,0,1,0,1,"BMW",1150,"R1150GS","TRAIL / SUPERMOTARD","2","2002","37",1,2,8500,"7","","","","","","","",NA,NA,NA,"","","","","","",NA,NA,NA,NA,NA,"","",NA,"","",NA,NA,NA,NA,NA,NA,"","",NA,"","",NA,NA,NA,NA,NA,NA,NA,8500,"2",3,4,NA,NA,NA,NA,NA,NA,"NRP","NRP","NRP","1979","1981","NRP","NRP","1983","NRP","","","","Motorcycle"
"123",848,4307,"250",1,0,4,"","",NA,NA,NA,0,5,"","","",NA,NA,0,4,"","",NA,"",NA,0,4,"","",NA,NA,NA,0,3,"","","","","",0,4,"","","",NA,NA,0,4,"",NA,NA,NA,NA,0,4,"","","",NA,NA,1,4,"1981","","","","",0,4,"","","","","",0,4,"","","","","",0,3,"","",NA,NA,NA,0,3,"","","",NA,NA,0,4,"","",NA,NA,NA,1,1,2,"NSP","","","","","Perpignan","","","","","En dernière position et à l'arrêt dans une file immobilisée, et percuté par l'arrière par le véhicule me suivant.","","","","",0,0,2,2,37,1,71,"15",NA,"Perpignan","-1","Autre(s) type(s) d'accident(s).","3","","",NA,"",NA,"","Attendant dans une file, j'ai été percuté par l'arrière par une voiture. C'était le soir, pas de circonstances météo particulières, pour autant que je me souvienne. J'ai en tendu le crissement des pneus, et me suis retrouvé par terre sans comprendre ce qui m'arrivait, coincé par ma moto qui n'a pas calé. Le choc, bien que suffisant à me mettre à terre en déséquilibrant le binôme moto-pilote, n'a pas causé de blessures ni de gros dégâts, hormis une grosse frayeur rétrospective sur les deux conducteurs et quelques dégâts sur l'avant de la voiture ! Dire que le ""remonte-files"" n'est pas autorisé ! Ce soir là j'aurais mieux fait de remonter la file avec prudence et faible vitesse, comme je le fais d'habitude.","Le choc par l'arrière.","Je n'ai d'abord pas compris comment je pouvais me retrouver par terre, étant à l'arrêt et en attente dans une file de circulation. Je ne me suis pas relevé tout seul car j'étais coincé sous ma moto qui n'avait pas calé. C'est le conducteur de la voiture heurtante qui m'a aidé à me relever.","2","0","","","Il s'est écoulé une fraction de seconde entre le moment où j'ai entendu le crissement des pneus de la voiture qui freinait et le moment où je me suis retrouvé par terre.","2","1","1","1","NSP","2","Cette personne m'a aidé à me relever, a été très courtoise et soucieuse de mon sort. Cette personne est également motard.","9","","",NA,NA,"","Je n'ai rien ressenti car je n'ai pas eu le temps d'éprouver quoi que se soit. Bien qu'ayant entendu, l'espace de temps entre l'audition et le choc fut trop bref.","",NA,NA,NA,NA,"",1,"Trop peu de temps entre l'audition et le choc.","4","4","","","1","1","4","4","1","1","1","1",2,2,4,4,4,10,NA,NA,NA,NA,NA,NA,NA,NA,2,"","","","",NA,NA,NA,NA,2,2,NA,2,1,2,1,0,100,0,0,0,"NSP","","","",NA,NA,"4","1","","",NA,1,NA,NA,NA,NA,NA,NA,NA,NA,NA,NA,1,"1","2",NA,0,0,1,10,2,3,4,NA,NA,NA,"",NA,"4","4","4","4","4","4","BMW","850","R850R","ROADSTER","2","1","1",1,1,1,"1",1,1,1,"1","NSP","12","4","1","SUZUKI","750","GSX INAZUMA","ROADSTER","2","4","4","15JUN1959","7","1","3",2,3,4,1,"NRP","","","",1,0,0,1,0,1,"BMW",850,"R850R","ROADSTER","2","2000","37",1,2,13000,"7","","","","","","","",NA,NA,NA,"","","","","","",NA,NA,NA,NA,NA,"","",NA,"","",NA,NA,NA,NA,NA,NA,"","",NA,"","",NA,NA,NA,NA,NA,NA,NA,13000,"3",4,NA,NA,NA,NA,NA,NA,NA,"NRP","NRP","NRP","NRP","1978","NRP","NRP","1977","NRP","","","","Motorcycle"