"","Ligne","Ligne.Q.qualif","Ligne.approfondissement.Accident","ACCIDENT","NBACC1","ACCFREQUENCE1","ANNEEACC1_1","ANNEEACC1_2","ANNEEACC1_3","ANNEEACC1_4","ANNEEACC1_5","NBACC2","ACCFREQUENCE2","ANNEEACC2_1","ANNEEACC2_2","ANNEEACC2_3","ANNEEACC2_4","ANNEEACC2_5","NBACC3","ACCFREQUENCE3","ANNEEACC3_1","ANNEEACC3_2","ANNEEACC3_3","ANNEEACC3_4","ANNEEACC3_5","NBACC4","ACCFREQUENCE4","ANNEEACC4_1","ANNEEACC4_2","ANNEEACC4_3","ANNEEACC4_4","ANNEEACC4_5","NBACC5","ACCFREQUENCE5","ANNEEACC5_1","ANNEEACC5_2","ANNEEACC5_3","ANNEEACC5_4","ANNEEACC5_5","NBACC6","ACCFREQUENCE6","ANNEEACC6_1","ANNEEACC6_2","ANNEEACC6_3","ANNEEACC6_4","ANNEEACC6_5","NBACC7","ACCFREQUENCE7","ANNEEACC7_1","ANNEEACC7_2","ANNEEACC7_3","ANNEEACC7_4","ANNEEACC7_5","NBACC8","ACCFREQUENCE8","ANNEEACC8_1","ANNEEACC8_2","ANNEEACC8_3","ANNEEACC8_4","ANNEEACC8_5","NBACC9","ACCFREQUENCE9","ANNEEACC9_1","ANNEEACC9_2","ANNEEACC9_3","ANNEEACC9_4","ANNEEACC9_5","NBACC10","ACCFREQUENCE10","ANNEEACC10_1","ANNEEACC10_2","ANNEEACC10_3","ANNEEACC10_4","ANNEEACC10_5","NBACC11","ACCFREQUENCE11","ANNEEACC11_1","ANNEEACC11_2","ANNEEACC11_3","ANNEEACC11_4","ANNEEACC11_5","NBACC12","ACCFREQUENCE12","ANNEEACC12_1","ANNEEACC12_2","ANNEEACC12_3","ANNEEACC12_4","ANNEEACC12_5","NBACC13","ACCFREQUENCE13","ANNEEACC13_1","ANNEEACC13_2","ANNEEACC13_3","ANNEEACC13_4","ANNEEACC13_5","NBACC14","ACCFREQUENCE14","ANNEEACC14_1","ANNEEACC14_2","ANNEEACC14_3","ANNEEACC14_4","ANNEEACC14_5","AUTRESACC","NBAUTRESACC","TOTAL_AC","ANNEEAUTREACC1","ANNEEAUTREACC2","ANNEEAUTREACC3","ANNEEAUTREACC4","ANNEEAUTREACC5","LIEUAUTREACC1","LIEUAUTREACC2","LIEUAUTREACC3","LIEUAUTREACC4","LIEUAUTREACC5","DESCRIPTIONAUTRESACC1","DESCRIPTIONAUTRESACC2","DESCRIPTIONAUTRESACC3","DESCRIPTIONAUTRESACC4","DESCRIPTIONAUTRESACC5","NBAUTRESACCCIRCUIT","NBAUTRESTOUTTERRAIN","EXPCYCLO","EXP125","EXPSUP125","ACCORDNEXTQ","CHOIXACC","RGPMTACC","RECUPANNEE","RECUPLIEU","RECUPANNE","RGPMTAC","CHOIX1","CHOIX2","CHOIX3","CHOIX4","CHOIX5","CHOIX6","CHOIX7","DESCRIPTION","RUPTURE","FAITS","ABS_REACTION","AUTRE_REACTION","PRECISIONREACTIONOUI","RECUL","PRECISIONREACTIONNON","IMPACTCOMPORTEMENT","AUTREUSAGER","REACTIONAUTREUSAGER","CONNAISSANCEREACTIONUSAGER","DIFFICULTES","AGGRAVATION","DIFFICULTES2","EMOTIONS1","EMOTIONS2","EMOTIONS3","EMOTIONS4","EMOTIONS5","EMOTIONS6","AUTRESENTIMENT","CLASSEMENTEMOTIONS1","CLASSEMENTEMOTIONS","CLASSEMENTEMOTIONS5","CLASSEMENTEMOTIONS6","CLASSEMENTEMOTIONS7","CLASSEMENTEMOTIONS8","CLASSEMENTEMOTIONS9","EXPLICATIONRESSENTI","BIENEQUIPE","ALLURE","ALLUREVITEDETAIL","ALLURELENTEDETAIL","SITUATIONPRESSE","SITUATIONDISTRAIT","SITUATIONCONFIANT","SITUATIONCONTROLE","SITUATIONLUDIQUE","SITUATIONPERF","SITUATIONSTRESS","SITUATIONFATIGUE","HUMEURNEUTRE","HUMEURGAI","HUMEURMECONTENT","HUMEURTRISTE","HUMEURCOLERE","CONTRIBUTION1","CONTRIBUTION2","CONTRIBUTION3","CONTRIBUTION4","CONTRIBUTION5","CONTRIBUTION6","CONTRIBUTION7","CONTRIBUTION8","CONTRIBUTION9","ROLEINFRA","ELEMENTINFRA1","ELEMENTINFRA2","ELEMENTINFRA3","ELEMENTINFRA4","ELEMENTINFRA5","ELEMENTINFRA6","ELEMENTINFRA7","ELEMENTINFRA8","ELEMENTINFRA9","ALCOOL","TXALCOOL","STUP","SEMAINE","MOMENTJOURNEE","TEMPS","CAUSEACC1","CAUSEACC2","CAUSEACC3","CAUSEACC4","CAUSEACC5","FORMATIONCAUSE","FORMATION1","FORMATION2","FORMATION3","FORMATION4","FORMATION5","TRAFIC","CHAUSSEE1","CHAUSSEE2","CHAUSSEE3","CHAUSSEE4","TYPEACC","BLESSURE","TETE","COU","THORAX","MEMBRESSUP","COLONNE","BASSIN","MEMBRESINF","HOPITAL","PLUS24H","TRAJET","TYPEROUTE","MOTIF","SENSTRAJET","PASSAGER","VITESSE","DESCEQ1","DESCEQ2","DESCEQ3","DESCEQ4","DESCEQ5","DESCEQ6","DESCEQ7","DESCEQ8","DESCEQ9","DESCEQ10","VEHICULEETE","VEHICULEAUTOMNE","VEHICULEPRINTEMPS","VEHICULEHIVER","VEHICULESEMAINE","VEHICULEWE","VEHMARQUE","VEHCYLINDREE","VEHMODELE","VEHSEGMENT","VEHSIDE","EQ2RMABS","EQ2RMCBS","EQ2RMABSCBS","EQ2RMREGULATEUR","EQ2RMLIMITEUR","EQ2RMPHARESDIRECT","EQ2RMCOUPURE","EQ2RMANTIPATINAGE","EQ2RMANTIXHEELING","EQ2RMSTABILILTE","VEHKM","POINTS","DUREE","AUTRE2RM","VEHPRECMARQUE","VEHPRECCYLINDREE","VEHPRECMODELE","VEHPRECSEGMENT","VEHPRECSIDE","TEMPS2RMPREC","FREQVEHPREC","DATE_NAISS","CSP","SOCIETAIRE","SALARIE","SECTEUR2RM","NBPERSFOYER","SITFAM","NBENF","TRNBENF1","TRNBENF2","TRNBENF3","TRNBENF4","NBAUTOFOYER","NBCYCLOFOYER","NBSCOOTFOYER","NBMOTOFOYER","NBTRIKEFOYER","NB2RMCONDUIT","MARQUE1","CYLINDREE1","MODELE1","SEGMENT1","SIDE1","ANMISECIRCU1","ASS1","FREQ1","USAGE1","NBKM1","GARAGE1","MARQUE2","CYLINDREE2","MODELE2","SEGMENT2","SIDE2","ANMISECIRCU2","ASS2","FREQ2","USAGE2","NBKM2","GARAGE2","MARQUE3","CYLINDREE3","MODELE3","SEGMENT3","SIDE3","ANMISECIRCU3","ASS3","FREQ3","USAGE3","NBKM3","GARAGE3","MARQUE4","CYLINDREE4","MODELE4","SEGMENT4","SIDE4","ANMISECIRCU4","ASS4","FREQ4","USAGE4","NBKM4","GARAGE4","MARQUE5","CYLINDREE5","MODELE5","SEGMENT5","SIDE5","ANMISECIRCU5","ASS5","FREQ5","USAGE5","NBKM5","GARAGE5","NBKMTOT","PERMIS1","PERMIS2","PERMIS3","PERMIS4","PERMIS5","PERMIS6","PERMIS7","PERMIS8","PERMIS9","ANPERMIS1","ANPERMIS6","ANPERMIS7","ANPERMIS2","ANPERMIS3","ANPERMIS8","ANPERMIS9","ANPERMIS4","ANPERMIS5","X","X.1","X.2","isScooter"
"124",1256,4322,"448",1,0,4,"","",NA,NA,NA,0,4,"","","",NA,NA,0,4,"","",NA,"",NA,0,4,"","",NA,NA,NA,0,4,"","","","","",0,3,"","","",NA,NA,0,4,"",NA,NA,NA,NA,0,4,"","","",NA,NA,3,4,"1979","1979","1981","","",0,4,"","","","","",0,3,"","","","","",0,3,"","",NA,NA,NA,0,4,"","","",NA,NA,0,3,"","",NA,NA,NA,1,1,4,"1987","","","","","flines lez mort","","","","","un camion est sorti d'une voie de garage à ma droite sans me voir. Je me suis déporté sur la gauche pour l'éviter et j'ai heurté la roue tournée d'une voiture en stationnement avec mo pare carter.","","","","",0,0,5,4,12,1,71,"15",1987,"flines lez mort","1987","Autre(s) type(s) d'accident(s).","4","5","",NA,"",NA,"","à la sortie d'un virage, un camion s'engageait sur la route, je me suis déporté sur la gauche pour l'éviter mais j'ai percuté la roue d'une voiture en stationnement avec mon part cylindre. Je n'ai pu éviter la chute, une plaie au genou et au tibia sans gravité et la moto alternateur arraché et phare explosé. Le chauffeur du camion n'a pas voulu faire de constat car je ne l'avais pas touché; ma jeunesse a fait que je n'ai pas pensé à appeler les gendarmes étant à 200 m de chez moi je n'ai pensé qu'à rentrer.","j'ai vu la voiture en stationnement et j'ai pensé l'éviter mais la roue avant était braquée et j'ai accroché le part cylindre, si la roue avait été droite ça passait !","je n'ai eu aucune réaction sur les commandes à part un évitement, j'étais persuadé que ça passait","2","0","","","ça va tellement vite","2","1","2","","le camion ne m'a pas vu arriver, à sa droite un mur empêchant la visibilité et à sa gauche un virage duquel j'arrivai","2","pas aggraver mais si le chauffeur s'était fait guider, le guide m'aurait vu arriver et aurait signalé ma présence pour éviter l'accident","1","6","",NA,NA,"","","2",NA,NA,NA,NA,"1",NA,"la perte du contole","2","1","2","","3","1","3","3","NSP","1","1","1",3,3,4,4,4,1,NA,NA,NA,NA,NA,NA,NA,NA,1,"2","","","",NA,NA,NA,NA,2,2,NA,2,1,1,1,10,90,0,0,0,"2","","","",NA,NA,"2","1","","",NA,2,1,7,NA,NA,NA,NA,NA,NA,0,NA,1,"AUT|au village","3",NA,0,70,1,10,2,5,NA,NA,NA,NA,"",NA,"4","4","4","4","4","4","HONDA","650","CB650","ROADSTER","2","1","1",1,1,1,"1",1,1,1,"1","25000","NSP","4","1","MOTOBECANE","50","51 COOPER BLACK","ROADSTER","2","4","4","25OCT1964","6","2","3",2,4,4,2,"NRP","","","",2,1,0,1,0,1,"HONDA",650,"DEAUVILLE","Routière / GT","2","2005","31",3,1,2500,"7","","","","","","","",NA,NA,NA,"","","","","","",NA,NA,NA,NA,NA,"","",NA,"","",NA,NA,NA,NA,NA,NA,"","",NA,"","",NA,NA,NA,NA,NA,NA,NA,2500,"4",9,NA,NA,NA,NA,NA,NA,NA,"NRP","NRP","NRP","NRP","NRP","NRP","1983","1985","NRP","","","","Motorcycle"
"125",222,4323,"402",1,0,4,"","",NA,NA,NA,0,4,"","","",NA,NA,0,4,"","",NA,"",NA,0,3,"","",NA,NA,NA,0,5,"","","","","",0,3,"","","",NA,NA,0,4,"",NA,NA,NA,NA,0,4,"","","",NA,NA,1,5,"2006","","","","",0,3,"","","","","",0,5,"","","","","",0,2,"","",NA,NA,NA,0,4,"","","",NA,NA,0,3,"","",NA,NA,NA,1,1,2,"2009","","","","","Rase campagne","","","","","Chute et glissade sans rien percuter après avoir heurté un animal sauvage (chevreuil).","","","","",0,0,4,0,32,1,71,"15",2009,"Rase campagne","2009","Autre(s) type(s) d'accident(s).","1","2","4",NA,"",NA,"","J'ai percuté un chevreuil qui traversait la route en venant de la gauche. G croisé une moto, me suis retourné pour voir ce que c'était et en reprenant ma position normale j'ai aperçu le chevreuil qui était sur le bas coté, j'ai freiné mais il à traversé, je l'ai percuté et suis tombé.","Sans doute une vitesse trop grande,doublée d'un moment d'inattention.","Faute d'inattention, puis gros freinage mais insuffisant lorsque j'ai vu le chevreuil qui traversait.","NRP","1","Etre plus attentif","ça, ça s'appelle prédire le passé!!","","2","0","","","","","","1","2","6",NA,NA,"","","1",3,NA,NA,NA,"2",NA,"Je me suit dit que j'allais me faire très mal en tombant","2","1","3","","1","3","3","3","1","1","1","1",4,3,4,4,4,1,4,NA,NA,NA,NA,NA,NA,NA,2,"","","","",NA,NA,NA,NA,2,2,NA,2,1,1,1,30,0,70,0,0,"2","","","",NA,NA,"1","1","","",NA,2,1,4,7,NA,NA,NA,NA,NA,1,0,1,"2","3",NA,0,120,1,2,4,NA,NA,NA,NA,NA,"",NA,"3","3","3","2","3","3","BMW","1150","R1150GS ABS","TRAIL / SUPERMOTARD","2","0","0",1,1,1,"1",1,1,1,"1","45000","12","3","1","APRILIA","1000","SL-V FALCO","SPORTIVE","2","4","3","04FEB1965","5","2","3",2,3,4,1,"NRP","","","",2,0,0,1,0,1,"MOTO MORINI",1200,"GRANDPASSO","TRAIL / SUPERMOTARD","2","2010","29",2,1,5000,"7","","","","","","","",NA,NA,NA,"","","","","","",NA,NA,NA,NA,NA,"","",NA,"","",NA,NA,NA,NA,NA,NA,"","",NA,"","",NA,NA,NA,NA,NA,NA,NA,5000,"3",4,NA,NA,NA,NA,NA,NA,NA,"NRP","NRP","NRP","NRP","1983","NRP","NRP","1983","NRP","","","","Motorcycle"
"126",258,4326,"34",1,0,4,"","",NA,NA,NA,0,4,"","","",NA,NA,0,4,"","",NA,"",NA,1,2,"2006","",NA,NA,NA,0,6,"","","","","",0,3,"","","",NA,NA,0,5,"",NA,NA,NA,NA,0,4,"","","",NA,NA,3,5,"2000","2008","2013","","",0,2,"","","","","",0,5,"","","","","",0,1,"","",NA,NA,NA,0,3,"","","",NA,NA,1,4,"2004","",NA,NA,NA,1,1,6,"2014","","","","","saint laurent","","","","","remonté de file a vitesse reduite, un conducteur à fait un ecart pour eviter un scoot qui remonté la file par la droite à grande vitesse. Ma poignet à heurter le retro de la voiture et j'ai gouté au bitume.","","","","",0,0,0,14,0,1,16,"4",2006,"","2006","Vous circuliez derrière un véhicule. Vous avez entrepris de dépasser ce véhicule par la droite et celui-ci vous a coupé la route en tournant à droite.","6","","",NA,"",NA,"","même si le conducteur devant vous se porte sur la gauche, met son clignotant à gauche (sisi ca arrive que les conducteur mette leurs cligo...) il ne faut pas  tenté le dépassemtn sans s'assuré que le conducteur vous ai vu","je pense que c'est le caractère improbable qu'un vehicule se deportant sur la gauche de la chaussé , avec un clignotant a gauche tourne finalement à droite","j'ai régit d'instinct en visant un espace disponible entre 2 bite d'acier pour diriger la moto malgré le choc. mais le trotoir était un peu haut 30cm environ et je n'ai pas put retenir la moto","NRP","1","ne pas faire le dépassement.","je n'avais pas conscience que m^me les choses improbable peuvent survenir","","2","1","2","","il ne m'a pas vu","1","la positions sur la chaussé n'indiquait pas correctement son choix de direction , ainsi que son utilisation peu orthodoxe du clignotant","1","2","3",NA,NA,"","","3",2,1,NA,NA,"",NA,"la situation était trop improbable pour être vrai","3","3","","","1","3","3","3","2","1","2","3",2,2,4,4,4,5,NA,NA,NA,NA,NA,NA,NA,NA,1,"4","","","",NA,NA,NA,NA,2,2,NA,2,1,1,1,10,80,0,10,0,"NSP","","","",NA,NA,"2","1","","",NA,2,1,7,NA,NA,NA,NA,NA,NA,0,NA,1,"1","1",2,0,30,1,10,2,3,4,NA,NA,NA,"",NA,"4","4","4","4","4","4","HONDA","125","VARADERO","TRAIL / SUPERMOTARD","2","1","1",1,1,1,"1",1,1,1,"1","25000","12","4","1","HONDA","125","VARADERO","TRAIL / SUPERMOTARD","2","4","4","21JUN1976","5","2","3",2,3,4,1,"NRP","","","",2,0,0,1,0,1,"HONDA",125,"VARADERO LIMITED EDITION","TRAIL / SUPERMOTARD","2","2007","31",1,2,6000,"4","","","","","","","",NA,NA,NA,"","","","","","",NA,NA,NA,NA,NA,"","",NA,"","",NA,NA,NA,NA,NA,NA,"","",NA,"","",NA,NA,NA,NA,NA,NA,NA,6000,"4",NA,NA,NA,NA,NA,NA,NA,NA,"NRP","NRP","NRP","NRP","NRP","NRP","NRP","1998","NRP","","","","Motorcycle"
"127",429,4330,"372",1,0,6,"","",NA,NA,NA,0,4,"","","",NA,NA,0,5,"","",NA,"",NA,0,1,"","",NA,NA,NA,0,2,"","","","","",0,3,"","","",NA,NA,0,4,"",NA,NA,NA,NA,0,4,"","","",NA,NA,1,5,"2013","","","","",0,1,"","","","","",0,6,"","","","","",0,1,"","",NA,NA,NA,0,4,"","","",NA,NA,0,2,"","",NA,NA,NA,0,NA,1,"","","","","","","","","","","","","","","",NA,NA,2,2,29,1,41,"9",2013,"","2013","Vous avez fait une sortie de route, une perte de contrôle ou une glissade sans rien percuter.","1","","",NA,"",NA,"","Petite route départemental sous la pluie à faible allure (50 km/h), sortie de courbe et perte d'adhérence de la roue avant sans possibilité de récupération.  Route extrêmement glissante sur une partie de goudron totalement lisse.","Perte d'adhérence de la roue avant de façon immédiate sans action possible pour récupérer","Ma fille était avec moi.  Reflexe de vouloir la protéger. Nous nous sommes retrouvés tous les 2 sur le dos à glisser derrière la moto pour finir dans le fossé.","AUT|Perte d'adhérence subite","0","","","Malgré la vitesse modérée, la perte d'adhérence a été trop soudaine","3","0","","","","","","6","","",NA,NA,"","","",NA,NA,NA,NA,"1",NA,"Moto de suite en position couchée ...","4","3","","","1","3","3","3","1","1","1","1",1,3,4,4,4,10,NA,NA,NA,NA,NA,NA,NA,NA,1,"3","","","",NA,NA,NA,NA,2,2,NA,2,3,1,2,30,0,0,40,30,"2","","","",NA,NA,"1","2","","",NA,1,NA,NA,NA,NA,NA,NA,NA,NA,NA,NA,3,"2","3",NA,1,50,1,2,3,4,7,9,NA,NA,"",NA,"4","4","4","3","3","4","HONDA","1200","CROSSTOURER (VFR-X) TRAVEL ED'","TRAIL / SUPERMOTARD","2","0","0",0,1,1,"1",1,0,1,"1","14000","9","4","1","HONDA","1000","VARADERO IE","TRAIL / SUPERMOTARD","2","4","4","02OCT1967","5","2","3",2,5,4,3,"NRP","","","",2,0,0,2,0,2,"HONDA",1200,"CROSSTOURER","TRAIL / SUPERMOTARD","2","2012","29",2,1,10000,"7","HONDA","1000","VARADERO","TRAIL / SUPERMOTARD","2","2006","29",3,1,5000,"7","","","","","",NA,NA,NA,NA,NA,"","",NA,"","",NA,NA,NA,NA,NA,NA,"","",NA,"","",NA,NA,NA,NA,NA,NA,NA,15000,"2",3,4,NA,NA,NA,NA,NA,NA,"NRP","NRP","NRP","1983","1985","NRP","NRP","1985","NRP","","","","Motorcycle"
"128",1205,4331,"222",1,0,5,"","",NA,NA,NA,0,4,"","","",NA,NA,0,4,"","",NA,"",NA,0,2,"","",NA,NA,NA,0,4,"","","","","",0,4,"","","",NA,NA,0,4,"",NA,NA,NA,NA,0,3,"","","",NA,NA,1,3,"1990","","","","",0,4,"","","","","",0,4,"","","","","",0,3,"","",NA,NA,NA,0,3,"","","",NA,NA,0,2,"","",NA,NA,NA,1,0,1,"","","","","","","","","","","","","","","",0,0,3,1,24,1,41,"9",1990,"","1990","Vous avez fait une sortie de route, une perte de contrôle ou une glissade sans rien percuter.","1","","",NA,"",NA,"","Dans un virage, en montagne, sans visibilité, sur toute petite route, j'ai percuté une voiture de chantier de face. Elle s'était déportée au milieu de la route pour prendre un chemin sur sa droite. J'ai essayé de passer à gauche de la voiture mais il était trop tard. Je suis passé par dessus la voiture en faisant un saut périlleux. J'ai eu beaucoup de chance car je n'ai eu qu'un choc à la jambe gauche qui a du se coincer entre la calandre et la moto. Jambe raide pendant une semaine. La moto, une honda 125 cb k5, a eu la fourche pliée.","Penché dans un virage sans visibilité j'ai juste eu le temps de redresser la moto pour tenter de passer à gauche mais c'était trop tard.","Redresser la moto. Je ne pense pas avoir eu le temps de freiner. Ca a été très vite du fait d'une visibilité nulle.","NRP","1","NRP","NRP","","2","1","2","","il n'a pas eu le temps de réagir","1","Il était responsable de l'accident car de mon coté","2","","",NA,NA,"","","",1,NA,NA,NA,"",NA,"la voiture ne devait pas être là et je n'avais aucune visibilité.","2","1","3","","3","1","4","3","2","1","2","3",1,4,4,4,4,1,3,5,NA,NA,NA,NA,NA,NA,2,"","","","",NA,NA,NA,NA,2,2,NA,2,1,1,1,30,50,0,20,0,"2","","","",NA,NA,"1","1","7","",NA,2,1,7,NA,NA,NA,NA,NA,NA,1,0,1,"2","1",1,0,50,1,2,5,NA,NA,NA,NA,NA,"",NA,"4","3","4","3","3","4","HONDA","125","CB-K5","ROADSTER","2","1","1",1,1,1,"1",1,1,1,"1","NSP","NSP","2","1","PEUGEOT","50","103","ROADSTER","null","4","4","14OCT1973","5","1","3",2,6,4,4,"NRP","","","",9,2,0,2,0,2,"YAMAHA",1300,"FJR","Routière / GT","2","2001","37",3,1,4000,"7","YAMAHA","600","SRX","ROADSTER","2","1988","37",4,1,500,"7","","","","","",NA,NA,NA,NA,NA,"","",NA,"","",NA,NA,NA,NA,NA,NA,"","",NA,"","",NA,NA,NA,NA,NA,NA,NA,4500,"2",3,4,NA,NA,NA,NA,NA,NA,"NRP","NRP","NRP","1990","1994","NRP","NRP","1992","NRP","","","","Motorcycle"
"129",830,4341,"52",1,0,5,"","",NA,NA,NA,0,3,"","","",NA,NA,0,4,"","",NA,"",NA,0,1,"","",NA,NA,NA,1,6,"1994","","","","",0,2,"","","",NA,NA,0,4,"",NA,NA,NA,NA,0,4,"","","",NA,NA,0,4,"","","","","",0,5,"","","","","",0,1,"","","","","",0,2,"","",NA,NA,NA,0,2,"","","",NA,NA,0,6,"","",NA,NA,NA,0,NA,1,"","","","","","","","","","","","","","","",NA,NA,7,2,23,1,21,"5",1994,"","1994","Vous circuliez sur un axe prioritaire. Un véhicule venant dun axe non prioritaire vous a coupé la route.","1","","",NA,"",NA,"","un automobiliste n'a pas respecté son feu rouge. Malgré un freinage d'urgence je me suis arrêté dans sa portière. N'étant pas en règle, l'automobiliste ne voulait pas remplir le constat amiable. J'ai du faire intervenir la police.","le voyant débouler devant moi alors que mon feu était vert, il n'y avait pas assez de distance pour s'arrêter.","quand j'ai arriver l'auto, j'ai bloqué les 2 roues et attendu que ""ça se passe"".","NRP","0","","","d'un côté il y avait un terre plein central et de l'autre l'avant du véhicule.","2","0","","","","","","1","","",NA,NA,"","","1",NA,NA,NA,NA,"",NA,"j'ai eu peur de l'impact et des éventuelles conséquences qu'il y aurait pu avoir (traumatisme, blessures graves etc.)","4","3","","","1","1","4","4","1","1","1","1",3,3,4,4,4,10,NA,NA,NA,NA,NA,NA,NA,NA,2,"","","","",NA,NA,NA,NA,2,2,NA,2,2,1,1,0,100,0,0,0,"2","","","",NA,NA,"1","1","","",NA,1,NA,NA,NA,NA,NA,NA,NA,NA,NA,NA,1,"1","3",NA,0,30,1,10,2,3,4,NA,NA,NA,"",NA,"4","4","4","3","4","4","HONDA","500","CB","ROADSTER","2","1","1",1,1,1,"1",1,1,1,"1","8000","12","2","1","YAMAHA","750","XTZ SUPER TENERE","TRAIL / SUPERMOTARD","2","4","4","25AUG1967","7","2","3",2,4,4,2,"NRP","","","",3,0,0,1,0,1,"YAMAHA",750,"SUPER TENERE (XTZ)","TRAIL / SUPERMOTARD","2","1996","31",2,1,6000,"7","","","","","","","",NA,NA,NA,"","","","","","",NA,NA,NA,NA,NA,"","",NA,"","",NA,NA,NA,NA,NA,NA,"","",NA,"","",NA,NA,NA,NA,NA,NA,NA,6000,"2",3,4,NA,NA,NA,NA,NA,NA,"NRP","NRP","NRP","1987","1989","NRP","NRP","1987","NRP","","","","Motorcycle"
"130",883,4345,"324",1,0,3,"","",NA,NA,NA,0,4,"","","",NA,NA,0,1,"","",NA,"",NA,0,2,"","",NA,NA,NA,1,4,"1982","","","","",0,1,"","","",NA,NA,0,3,"",NA,NA,NA,NA,0,4,"","","",NA,NA,1,4,"1982","","","","",0,2,"","","","","",0,2,"","","","","",0,1,"","",NA,NA,NA,0,3,"","","",NA,NA,0,2,"","",NA,NA,NA,0,NA,2,"","","","","","","","","","","","","","","",NA,NA,0,3,8,1,21,"5",1982,"","1982","Vous circuliez sur un axe prioritaire. Un véhicule venant dun axe non prioritaire vous a coupé la route.","1","","",NA,"",NA,"","le véhicule ne m'a pas vu et a franchi la ligne du stop. rien a ajouter.","nuit, entrée d'usines.","j'ai juste pensé à sauter de la moto pour que l'auto ne me roule pas dessus.","NRP","0","","","je ne voie pas ce que j'aurai pu faire d'autre. j'étais à 4/5 m, j'ai vu bouger l'auto du coin de l'il.","3","0","","","","","","2","3","6",NA,NA,"","","",1,2,NA,NA,"3",NA,"pourquoi cet auto démarre, je ne suis pas passé!","4","3","","","1","1","4","4","1","1","1","1",1,2,4,4,4,10,NA,NA,NA,NA,NA,NA,NA,NA,2,"","","","",NA,NA,NA,NA,2,2,NA,2,1,3,1,0,100,0,0,0,"2","","","",NA,NA,"1","1","","",NA,1,NA,NA,NA,NA,NA,NA,NA,NA,NA,NA,1,"2","1",1,0,50,1,10,2,3,5,NA,NA,NA,"",NA,"4","4","4","4","4","4","SUZUKI","125","TS","TRAIL / SUPERMOTARD","2","1","1",1,1,1,"1",2,1,1,"1","50000","12","4","1","SUZUKI","125","GT","ROADSTER","2","3","4","14AUG1958","7","2","3",2,3,4,1,"NRP","","","",3,0,0,1,0,1,"SUZUKI",650,"V-STROM ABS","TRAIL / SUPERMOTARD","2","2009","28",2,1,8400,"7","","","","","","","",NA,NA,NA,"","","","","","",NA,NA,NA,NA,NA,"","",NA,"","",NA,NA,NA,NA,NA,NA,"","",NA,"","",NA,NA,NA,NA,NA,NA,NA,8400,"3",4,NA,NA,NA,NA,NA,NA,NA,"NRP","NRP","NRP","NRP","1979","NRP","NRP","1977","NRP","","","","Motorcycle"
"131",382,4353,"300",1,0,5,"","",NA,NA,NA,1,5,"2014","","",NA,NA,0,5,"","",NA,"",NA,0,5,"","",NA,NA,NA,1,6,"2014","","","","",0,4,"","","",NA,NA,0,4,"",NA,NA,NA,NA,0,5,"","","",NA,NA,1,4,"1985","","","","",0,3,"","","","","",0,5,"","","","","",0,2,"","",NA,NA,NA,0,5,"","","",NA,NA,0,4,"","",NA,NA,NA,0,NA,3,"","","","","","","","","","","","","","","",NA,NA,4,0,33,1,6,"2",2014,"","2014","Vous circuliez derrière un véhicule. Ce véhicule a ralenti. Vous avez entrepris de dépasser ce véhicule par la gauche et celui-ci vous a coupé la route en tournant à gauche (ou en effectuant un œ tour","1","5","",NA,"",NA,"","Je pense que le conducteur ne m'a pas vu, pourtant nous le suivions depuis un bon moment, ma plus grande peur fut pour ma compagne, qui a déjà été opéré du dos et donc un énorme risque de handicap","et bien un seul éviter le pire et aller taper dans la voiture","le véhicule s'est déporté à gauche totalement, a marqué un temps d'arrêt, je me suis engagé pour le dépasser par la droite en restant dans ma voie, j'ai vu la roue avant droite se braquer et il me reste l'image de la main sur le levier de vitesse en train de passer la première. A partir de la j'ai évité le véhicule et stoppé, mais vu la déclivité de la route, il m'a été impossible de retenir ma moto. D'ou la chute à l'arrêt.","NRP","0","","","il semblait logique que le conducteur stationne son véhicule et ne fasse pas une telle manoeuvre","3","1","2","","NSP","1","il en est la cause, et aujourd'hui c'est moi qui me retrouve avec mon assurance à la hausse","1","","",NA,NA,"","","1",NA,NA,NA,NA,"",NA,"la peur du choc.....et en corse","4","3","","","1","4","4","4","4","1","1","1",4,1,4,4,4,10,NA,NA,NA,NA,NA,NA,NA,NA,2,"","","","",NA,NA,NA,NA,2,2,NA,2,2,1,1,0,100,0,0,0,"NSP","","","",NA,NA,"1","1","7","",NA,2,1,4,NA,NA,NA,NA,NA,NA,0,NA,3,"1","3",NA,1,20,1,2,3,4,9,NA,NA,NA,"",NA,"4","4","4","4","2","4","BMW","1300","K1300S PACK S","Routière / GT","2","0","0",0,1,1,"1",0,0,1,"1","13000","12","3","1","HONDA","800","VFR-F V-TEC ABS","Routière / GT","2","4","4","27AUG1961","5","2","3",2,2,2,1,"NRP","","","",1,0,0,2,0,2,"HONDA",800,"VFR-F V-TEC ABS","Routière / GT","2","2010","10",2,1,15000,"7","YAMAHA","250","TY","TOUT TERRAIN (TRIAL, ENDURO, CROSS)","2","1989","10",3,1,1000,"7","","","","","",NA,NA,NA,NA,NA,"","",NA,"","",NA,NA,NA,NA,NA,NA,"","",NA,"","",NA,NA,NA,NA,NA,NA,NA,16000,"2",3,4,8,9,NA,NA,NA,NA,"NRP","NRP","NRP","1979","1980","1980","1980","1980","NRP","","","","Motorcycle"