"","Ligne","Ligne.Q.qualif","Ligne.approfondissement.Accident","ACCIDENT","NBACC1","ACCFREQUENCE1","ANNEEACC1_1","ANNEEACC1_2","ANNEEACC1_3","ANNEEACC1_4","ANNEEACC1_5","NBACC2","ACCFREQUENCE2","ANNEEACC2_1","ANNEEACC2_2","ANNEEACC2_3","ANNEEACC2_4","ANNEEACC2_5","NBACC3","ACCFREQUENCE3","ANNEEACC3_1","ANNEEACC3_2","ANNEEACC3_3","ANNEEACC3_4","ANNEEACC3_5","NBACC4","ACCFREQUENCE4","ANNEEACC4_1","ANNEEACC4_2","ANNEEACC4_3","ANNEEACC4_4","ANNEEACC4_5","NBACC5","ACCFREQUENCE5","ANNEEACC5_1","ANNEEACC5_2","ANNEEACC5_3","ANNEEACC5_4","ANNEEACC5_5","NBACC6","ACCFREQUENCE6","ANNEEACC6_1","ANNEEACC6_2","ANNEEACC6_3","ANNEEACC6_4","ANNEEACC6_5","NBACC7","ACCFREQUENCE7","ANNEEACC7_1","ANNEEACC7_2","ANNEEACC7_3","ANNEEACC7_4","ANNEEACC7_5","NBACC8","ACCFREQUENCE8","ANNEEACC8_1","ANNEEACC8_2","ANNEEACC8_3","ANNEEACC8_4","ANNEEACC8_5","NBACC9","ACCFREQUENCE9","ANNEEACC9_1","ANNEEACC9_2","ANNEEACC9_3","ANNEEACC9_4","ANNEEACC9_5","NBACC10","ACCFREQUENCE10","ANNEEACC10_1","ANNEEACC10_2","ANNEEACC10_3","ANNEEACC10_4","ANNEEACC10_5","NBACC11","ACCFREQUENCE11","ANNEEACC11_1","ANNEEACC11_2","ANNEEACC11_3","ANNEEACC11_4","ANNEEACC11_5","NBACC12","ACCFREQUENCE12","ANNEEACC12_1","ANNEEACC12_2","ANNEEACC12_3","ANNEEACC12_4","ANNEEACC12_5","NBACC13","ACCFREQUENCE13","ANNEEACC13_1","ANNEEACC13_2","ANNEEACC13_3","ANNEEACC13_4","ANNEEACC13_5","NBACC14","ACCFREQUENCE14","ANNEEACC14_1","ANNEEACC14_2","ANNEEACC14_3","ANNEEACC14_4","ANNEEACC14_5","AUTRESACC","NBAUTRESACC","TOTAL_AC","ANNEEAUTREACC1","ANNEEAUTREACC2","ANNEEAUTREACC3","ANNEEAUTREACC4","ANNEEAUTREACC5","LIEUAUTREACC1","LIEUAUTREACC2","LIEUAUTREACC3","LIEUAUTREACC4","LIEUAUTREACC5","DESCRIPTIONAUTRESACC1","DESCRIPTIONAUTRESACC2","DESCRIPTIONAUTRESACC3","DESCRIPTIONAUTRESACC4","DESCRIPTIONAUTRESACC5","NBAUTRESACCCIRCUIT","NBAUTRESTOUTTERRAIN","EXPCYCLO","EXP125","EXPSUP125","ACCORDNEXTQ","CHOIXACC","RGPMTACC","RECUPANNEE","RECUPLIEU","RECUPANNE","RGPMTAC","CHOIX1","CHOIX2","CHOIX3","CHOIX4","CHOIX5","CHOIX6","CHOIX7","DESCRIPTION","RUPTURE","FAITS","ABS_REACTION","AUTRE_REACTION","PRECISIONREACTIONOUI","RECUL","PRECISIONREACTIONNON","IMPACTCOMPORTEMENT","AUTREUSAGER","REACTIONAUTREUSAGER","CONNAISSANCEREACTIONUSAGER","DIFFICULTES","AGGRAVATION","DIFFICULTES2","EMOTIONS1","EMOTIONS2","EMOTIONS3","EMOTIONS4","EMOTIONS5","EMOTIONS6","AUTRESENTIMENT","CLASSEMENTEMOTIONS1","CLASSEMENTEMOTIONS","CLASSEMENTEMOTIONS5","CLASSEMENTEMOTIONS6","CLASSEMENTEMOTIONS7","CLASSEMENTEMOTIONS8","CLASSEMENTEMOTIONS9","EXPLICATIONRESSENTI","BIENEQUIPE","ALLURE","ALLUREVITEDETAIL","ALLURELENTEDETAIL","SITUATIONPRESSE","SITUATIONDISTRAIT","SITUATIONCONFIANT","SITUATIONCONTROLE","SITUATIONLUDIQUE","SITUATIONPERF","SITUATIONSTRESS","SITUATIONFATIGUE","HUMEURNEUTRE","HUMEURGAI","HUMEURMECONTENT","HUMEURTRISTE","HUMEURCOLERE","CONTRIBUTION1","CONTRIBUTION2","CONTRIBUTION3","CONTRIBUTION4","CONTRIBUTION5","CONTRIBUTION6","CONTRIBUTION7","CONTRIBUTION8","CONTRIBUTION9","ROLEINFRA","ELEMENTINFRA1","ELEMENTINFRA2","ELEMENTINFRA3","ELEMENTINFRA4","ELEMENTINFRA5","ELEMENTINFRA6","ELEMENTINFRA7","ELEMENTINFRA8","ELEMENTINFRA9","ALCOOL","TXALCOOL","STUP","SEMAINE","MOMENTJOURNEE","TEMPS","CAUSEACC1","CAUSEACC2","CAUSEACC3","CAUSEACC4","CAUSEACC5","FORMATIONCAUSE","FORMATION1","FORMATION2","FORMATION3","FORMATION4","FORMATION5","TRAFIC","CHAUSSEE1","CHAUSSEE2","CHAUSSEE3","CHAUSSEE4","TYPEACC","BLESSURE","TETE","COU","THORAX","MEMBRESSUP","COLONNE","BASSIN","MEMBRESINF","HOPITAL","PLUS24H","TRAJET","TYPEROUTE","MOTIF","SENSTRAJET","PASSAGER","VITESSE","DESCEQ1","DESCEQ2","DESCEQ3","DESCEQ4","DESCEQ5","DESCEQ6","DESCEQ7","DESCEQ8","DESCEQ9","DESCEQ10","VEHICULEETE","VEHICULEAUTOMNE","VEHICULEPRINTEMPS","VEHICULEHIVER","VEHICULESEMAINE","VEHICULEWE","VEHMARQUE","VEHCYLINDREE","VEHMODELE","VEHSEGMENT","VEHSIDE","EQ2RMABS","EQ2RMCBS","EQ2RMABSCBS","EQ2RMREGULATEUR","EQ2RMLIMITEUR","EQ2RMPHARESDIRECT","EQ2RMCOUPURE","EQ2RMANTIPATINAGE","EQ2RMANTIXHEELING","EQ2RMSTABILILTE","VEHKM","POINTS","DUREE","AUTRE2RM","VEHPRECMARQUE","VEHPRECCYLINDREE","VEHPRECMODELE","VEHPRECSEGMENT","VEHPRECSIDE","TEMPS2RMPREC","FREQVEHPREC","DATE_NAISS","CSP","SOCIETAIRE","SALARIE","SECTEUR2RM","NBPERSFOYER","SITFAM","NBENF","TRNBENF1","TRNBENF2","TRNBENF3","TRNBENF4","NBAUTOFOYER","NBCYCLOFOYER","NBSCOOTFOYER","NBMOTOFOYER","NBTRIKEFOYER","NB2RMCONDUIT","MARQUE1","CYLINDREE1","MODELE1","SEGMENT1","SIDE1","ANMISECIRCU1","ASS1","FREQ1","USAGE1","NBKM1","GARAGE1","MARQUE2","CYLINDREE2","MODELE2","SEGMENT2","SIDE2","ANMISECIRCU2","ASS2","FREQ2","USAGE2","NBKM2","GARAGE2","MARQUE3","CYLINDREE3","MODELE3","SEGMENT3","SIDE3","ANMISECIRCU3","ASS3","FREQ3","USAGE3","NBKM3","GARAGE3","MARQUE4","CYLINDREE4","MODELE4","SEGMENT4","SIDE4","ANMISECIRCU4","ASS4","FREQ4","USAGE4","NBKM4","GARAGE4","MARQUE5","CYLINDREE5","MODELE5","SEGMENT5","SIDE5","ANMISECIRCU5","ASS5","FREQ5","USAGE5","NBKM5","GARAGE5","NBKMTOT","PERMIS1","PERMIS2","PERMIS3","PERMIS4","PERMIS5","PERMIS6","PERMIS7","PERMIS8","PERMIS9","ANPERMIS1","ANPERMIS6","ANPERMIS7","ANPERMIS2","ANPERMIS3","ANPERMIS8","ANPERMIS9","ANPERMIS4","ANPERMIS5","X","X.1","X.2","isScooter"
"132",143,4357,"436",1,1,6,"2011","",NA,NA,NA,0,5,"","","",NA,NA,1,3,"2013","",NA,"",NA,0,4,"","",NA,NA,NA,2,6,"2011","2013","","","",0,6,"","","",NA,NA,0,2,"",NA,NA,NA,NA,0,3,"","","",NA,NA,1,4,"2012","","","","",0,5,"","","","","",1,2,"2012","","","","",0,1,"","",NA,NA,NA,0,2,"","","",NA,NA,0,2,"","",NA,NA,NA,1,1,7,"2009","","","","","Coignières","","","","","Chute du a du gasoil sur la route","","","","",1,0,0,0,11,1,21,"5",2011,"","2011","Vous circuliez sur un axe prioritaire. Un véhicule venant dun axe non prioritaire vous a coupé la route.","AUT|C'était le plus grave, j'en ai eu un autre entretemps","","",NA,"",NA,"","Cet AVP etait très simple, un automobiliste qui ne regarde pas avant de s'engager, grille le Stop et me coupe la route. Trop peu de distance pour freiner et tellement surpris qu'un evitement etait impossible. J'ai percuté son aile et je suis passer par dessus la voiture. Une cote félée ! Quelle chance ! Par contre comme trop souvent, la boite a roue repart et la moto est bonne pour la poubelle !!! On peux etre raciste des automobiles ???","L'ABS m'aurai surement sauvé ! Ne voulant pas perdre l'avant, j'ai freiné fort mais cela n'a pas suffit. Difficultées, et bien, pas de degagement et tellement soudain que je n'ai pu eviter la collision.","Debrayer a fonc, freinage fort de l'avant mais peut etre pas suffisant, roue arriere bloquée. L'automobiliste a freiner net quand il m'a vu arriver.","NRP","1","Avec l'experience supplementaire dont j'ai aujourd'hui, j'aurai anticipé cette reaction et j'aurai deja couper les gaz et commencer a freiner doucement.","Manque d'experience sur l'anticipation du danger, et pas d'ABS.","","2","0","","","","","","1","2","3",6,9,"","De la colère !","",1,NA,NA,NA,"3",2,"Surprise car je ne m'attendait surement pas a ce qu'il passe ! deja sans marquer l'arret, sans regarder autour de lui.","4","3","","","1","1","3","3","3","1","1","2",2,3,4,4,4,10,NA,NA,NA,NA,NA,NA,NA,NA,2,"","","","",NA,NA,NA,NA,2,2,NA,2,1,1,1,0,100,0,0,0,"2","","","",NA,NA,"2","1","","",NA,2,1,3,NA,NA,NA,NA,NA,NA,1,0,1,"1","1",1,0,60,1,2,3,4,7,9,NA,NA,"",NA,"4","4","4","2","4","4","SUZUKI","750","GSX-F","Routière / GT","2","1","1",1,1,1,"1",1,1,1,"1","40000","11","2","1","SUZUKI","750","GSX-F","Routière / GT","2","3","4","30JUL1982","6","2","3",2,3,4,1,"NRP","","","",2,0,0,3,0,3,"SUZUKI",1300,"GSX-R  HAYABUSA","Routière / GT","2","2006","29",2,1,5000,"7","BMW","750","R75/7","ROADSTER","2","1976","40",4,1,1500,"7","SUZUKI","600","GSX-R","SPORTIVE","2",1997,41,4,1,500,"7","",NA,"","",NA,NA,NA,NA,NA,NA,"","",NA,"","",NA,NA,NA,NA,NA,NA,NA,7000,"3",4,NA,NA,NA,NA,NA,NA,NA,"NRP","NRP","NRP","NRP","2004","NRP","NRP","2001","NRP","","","","Motorcycle"
"133",914,4369,"452",1,1,6,"1986","",NA,NA,NA,0,6,"","","",NA,NA,0,6,"","",NA,"",NA,0,3,"","",NA,NA,NA,1,6,"1986","","","","",0,5,"","","",NA,NA,0,2,"",NA,NA,NA,NA,0,3,"","","",NA,NA,1,3,"1996","","","","",0,2,"","","","","",0,4,"","","","","",0,3,"","",NA,NA,NA,1,4,"1980","","",NA,NA,0,5,"","",NA,NA,NA,0,NA,4,"","","","","","","","","","","","","","","",NA,NA,4,3,37,1,1,"1",1986,"","1986","Vous circuliez sur un axe prioritaire. Un autre véhicule arrivant sur le même axe en sens opposé vous a coupé la route en tournant à gauche.","4","6","",NA,"",NA,"","Accident assez banal il est 21h, il fait nuit, le feu est vert, je vais tout droit. La voie d'en face n'est affectée qu'au couloir de bus. A cet endroit les bus vont toujours (?) tout droit. Il n'y a donc pour moi et mon petit cerveau aucune raison de me faire couper la route.  Mais une voiture circule dans ce couloir de bus ; je la perçois au dernier moment alors qu'elle entame un tourne à gauche en me coupant la route.  Dans un premier temps je fais un écart pensant lui laisser le temps de s'arrêter. Mais elle ne s'arrête pas et percute l'avant de la moto avec l'avant de son pare choc. Je passe par dessus la moto et je tombe à 10cm d'un parapet métallique protégeant les piétons à cet endroit. L'automobiliste affirme que j'ai grillé le rouge et qu'au moment de l'accident il ne venait pas du couloir de bus mais de l'axe dans lequel il s'engageait. Axe perpendiculaire au mien donc ayant possiblement le vert si moi j'ai le rouge. On appelle les secours et à l'arrivée des policiers je suis dans l'ambulance et c'est un témoin rentrant chez lui au moment de l'accident qui viendra soutenir ma version auprès des policiers. Sans ce témoin je finissais avec un 50 50. Entorse de la cheville et du poignet rien de bien grave si ce n'est des rhumatismes plus fréquents 30 ans après.","1 ) Traversée d'un carrefour en pensant que tout ce passera selon la règle. Cela entraine un manque d'attention à ce qui pourrait se passer même si cela parfait imprévisible. 2 ) Penser que ""ça va le faire"" avec un évitement en comptant sur la réaction de l'autre. Comme l'autre ne me filme toujours pas le pronostic s'avère erroné.","Je tente un évitement qui ne suffit pas. Je ne sais plus si j'ai freiné en même temps peut être un peu de l'arrière. Certainement pas de l'avant c'est pas dans mes automatismes d'éviter en freinant de l'avant de plus cela aurait fait chuter la moto avant le choc. L'autre conducteur ne modifie rien une réaction de sa part aurait pu me permettre de passer devant. On arrive au choc.","NRP","1","Une fois la situation engagée rien. Mais c'est en amont qu'il était possible de détecter sa présence et la probabilité qu'il en reste pas sur ce couloir de bus se sachant certainement en infraction. Il y avait de fortes chance qu'il toune à ce moment pour s'échapper du couloir.  Donc une approche plus ""aux aguets"" aurait pu éviter le choc.","30 ans d'expérience en moins !!!!!! De nombreuses lectures sur les réactions humaines et leur influence dans les accidents , sur la particularité des accidents motos. Presse, FFMC, sites spécialisés....","","2","1","2","","Certainement pressé de quitter sa situation en infraction dans un couloir de bus. Pas perçu ou pas identifié le 2RM en face de lui.","1","c'est même la cause de l'accident.","2","6","9",NA,NA,"","Un lâché prise","",1,NA,NA,NA,"2",3,"Le comportement de l'autre ne rentrait pas dans mon shèma de prédiction.","2","3","","","2","2","4","4","1","1","1","2",1,3,4,4,4,4,5,NA,NA,NA,NA,NA,NA,NA,1,"4","","","",NA,NA,NA,NA,2,2,NA,2,1,3,2,15,85,0,0,0,"1","3","","",NA,NA,"2","2","","",NA,2,1,4,7,NA,NA,NA,NA,NA,1,0,1,"1","3",NA,0,50,1,10,3,4,7,NA,NA,NA,"",NA,"4","4","4","3","3","4","SUZUKI","1100","GSX1100ESD","Routière / GT","2","1","1",1,1,1,"1",1,1,1,"1","40000","0","4","1","YAMAHA","600","XTZ TENERE","TRAIL / SUPERMOTARD","2","4","3","21APR1959","4","1","3",1,4,4,2,"NRP","","","",2,1,1,5,0,5,"BMW",1200,"R1200RT","Routière / GT","2","2012","40",1,3,15000,"AUT|La nuit au garage le jour dans la rue","YAMAHA","1200","FJ","Routière / GT","1","1986","40",4,1,1500,"7","YAMAHA","660","MT03","ROADSTER","2",2011,37,2,2,2000,"7","YAMAHA",500,"XT","TRAIL / SUPERMOTARD",2,1989,37,4,1,1000,"7","DUCATI",1000,"MONSTER S2R","ROADSTER",2,2008,40,3,1,2500,7,22000,"2",3,4,7,8,9,NA,NA,NA,"NRP","NRP","1977","1977","1979","1979","1979","1977","NRP","","","","Motorcycle"
"134",436,4370,"174",1,0,2,"","",NA,NA,NA,0,2,"","","",NA,NA,0,2,"","",NA,"",NA,0,3,"","",NA,NA,NA,0,2,"","","","","",0,2,"","","",NA,NA,0,2,"",NA,NA,NA,NA,1,3,"1985","","",NA,NA,2,2,"1983","1988","","","",0,2,"","","","","",0,2,"","","","","",0,2,"","",NA,NA,NA,0,2,"","","",NA,NA,0,1,"","",NA,NA,NA,1,1,4,"1988","","","","","Miramas","","","","","Remontant 1 bouchon,1 voiture a ouvert sa portière,j'ai perdu l'avant pour l'éviter et me suis retrouvé vivant""ouf"" sous 1 semi-remorque.","","","","",0,0,3,0,31,1,71,"15",1988,"Miramas","1988","Autre(s) type(s) d'accident(s).","3","5","6",NA,"",NA,"","Eté 1988,l'autoroute Salons-Nimes n'existait pas et toute la circulation se passait par la nationale.Je remontais 1 bouchon avant St Martin de Crau à maximum 30km/h.Je devais me rabattre car un 38 tonnes arrivait en face.C'est à ce moment là qu'1 portière c'est ouverte et en voulant l'éviter,j'ai perdu l'avant.Dans la chute,j'ai tapé la tète la 1ère et donc perte de connaissance.Quand je suis revenu à moi,mon corps était engagé de moitié sous le camion et ma tète à 20cm du pneu avant gauche.Personne ne m'avait touché me croyant sans doute mort,le routier avait tenté l'impossible pour éviter le carnage et l'avait réussi.Je n'ai jamais su qui avait ouvert la porte,avait il regardé dans le rétro ou pas? Etais-je déjà dans son angle mort? Mais j'ai toujours en mémoire""la joie nerveuse""du routier quand il a réalisé que j'étais  en vie.Hormis la perte de connaissance,je n'ai eu aucunes contusions ni blessures(merci la faible vitesse)et 3h plus tard,je repartais sur ma moto pour rentrer chez moi dans l'Hérault à 200km du lieu de l'accident.Je n'ai jamais regardais les poids lourds de travers,j'étais routier international à cette époque là mais je suis d'1 extrème prudence quand je me retrouve dans 1 situation pareille ou quand je fais de l'inter-file.","Ouverture de portière conducteur","Je me souviens de l'ouverture de la porte à mème pas 10m devant moi,ma tentative d'évitement et l'urgence de me rabattre puis perte de connaissance.","NRP","0","","","J'étais trop près de la porte,je risquais de percuter le conducteur et le poids lourd arrivais en face.","2","1","1","AUT|A réussi à stopper son camion","L'angoisse de provoquer la mort de quelqu'1","2","Grace à la maitrise de son véhicule,je suis toujours en vie","1","6","",NA,NA,"","","2",NA,NA,NA,NA,"1",NA,"Non maitrise de la moto par effet de surprise à faible vitesse","4","3","","","1","1","4","4","1","1","1","1",1,1,4,4,4,7,NA,NA,NA,NA,NA,NA,NA,NA,2,"","","","",NA,NA,NA,NA,2,2,NA,2,1,1,1,25,75,0,0,0,"2","","","",NA,NA,"4","1","","",NA,1,NA,NA,NA,NA,NA,NA,NA,NA,NA,NA,2,"2","1",2,0,30,1,10,2,3,5,NA,NA,NA,"",NA,"4","4","4","4","4","4","BMW","1000","R100RT","Routière / GT","2","1","1",1,1,1,"1",1,1,1,"1","15000","12","2","1","KAWASAKI","900","Z900","ROADSTER","2","4","4","16AUG1965","1","1","3",2,1,1,NA,"NRP","","","",1,0,0,1,0,1,"BMW",1000,"R100RT","Routière / GT","2","1988","37",2,1,7000,"7","","","","","","","",NA,NA,NA,"","","","","","",NA,NA,NA,NA,NA,"","",NA,"","",NA,NA,NA,NA,NA,NA,"","",NA,"","",NA,NA,NA,NA,NA,NA,NA,7000,"4",3,NA,NA,NA,NA,NA,NA,NA,"NRP","NRP","NRP","NRP","1983","NRP","NRP","1983","NRP","","","","Motorcycle"
"135",1312,4378,"286",1,0,4,"","",NA,NA,NA,0,4,"","","",NA,NA,1,5,"1984","",NA,"",NA,0,2,"","",NA,NA,NA,0,5,"","","","","",0,4,"","","",NA,NA,0,4,"",NA,NA,NA,NA,0,5,"","","",NA,NA,1,4,"1986","","","","",0,4,"","","","","",0,4,"","","","","",0,2,"","",NA,NA,NA,0,3,"","","",NA,NA,0,4,"","",NA,NA,NA,1,2,4,"1983","2009","","","","montpellier","rennes","","","","un vehicule reculait sans voir que je passais derriere lui","arrété à un feu tricolore , je me suis fait percuté par un vehicule qui n'a pas pu s'arrêter.","","","",0,0,4,3,29,1,41,"9",1986,"","1986","Vous avez fait une sortie de route, une perte de contrôle ou une glissade sans rien percuter.","5","","",NA,"",NA,"","Je circulais sur une route de campagne avec de jolis virages, de nuit, à une heure très tardive. Lorsque dans un virage à gauche, l'arrière de la moto s'est dérobé. Je tiens à préciser que compte tenu de mon accuité visuelle ,de nuit je ne roule pas vite. J'ai été éjecté de la moto, pour me retrouver dans un fossé avec la moto en travers au dessus de moi. Avec du recul, je me suis rendu compte que j'avais eu beaucoup de chance, la moto aurait pu être dans le fossé, sur moi. Ma chute est due à la fatigue, mais aussi aux gravillons répandus  sur la chaussée qui se sont retrouvés en partie etérieure. Depuis: - j'améliore l'éclairage de mes motos, - J'évite de rouler trop à droite.  Quelle trouille, le fait d'y repenser me donne la chair de poule.","Lorsque la moto s'est dérobée, je ne maitrisait plus rien.","NRP","2","0","","","la glissade était inéluctable","2","0","","","","","","6","","",NA,NA,"","","",NA,NA,NA,NA,"1",NA,"ne rien pouvoir faire pour éviter  ou rattraper la chute","4","3","","","2","1","2","2","2","1","1","4",4,3,4,4,4,7,8,NA,NA,NA,NA,NA,NA,NA,1,"5","","","",NA,NA,NA,NA,2,1,1,2,1,2,1,50,0,0,0,50,"2","","","",NA,NA,"1","4","","",NA,1,NA,NA,NA,NA,NA,NA,NA,NA,NA,NA,3,"2","3",NA,0,50,1,2,3,4,9,NA,NA,NA,"",NA,"4","4","4","4","4","4","KAWASAKI","400","GPZ400ZX","Routière / GT","2","1","1",1,1,1,"1",1,1,1,"1","NSP","NSP","3","1","HONDA","125","CB-N","ROADSTER","2","4","4","22AUG1962","7","1","3",2,4,4,2,"NRP","","","",1,0,0,1,0,1,"HONDA",1000,"CBF-F C-ABS","ROADSTER","2","2013","37",2,1,20000,"7","","","","","","","",NA,NA,NA,"","","","","","",NA,NA,NA,NA,NA,"","",NA,"","",NA,NA,NA,NA,NA,NA,"","",NA,"","",NA,NA,NA,NA,NA,NA,NA,20000,"2",3,NA,NA,NA,NA,NA,NA,NA,"NRP","NRP","NRP","1980","1984","NRP","NRP","NRP","NRP","","","","Motorcycle"
"136",105,4384,"224",1,0,4,"","",NA,NA,NA,2,2,"1993","1998","",NA,NA,0,4,"","",NA,"",NA,0,3,"","",NA,NA,NA,0,4,"","","","","",1,4,"1998","","",NA,NA,0,3,"",NA,NA,NA,NA,0,4,"","","",NA,NA,0,4,"","","","","",0,4,"","","","","",0,4,"","","","","",0,3,"","",NA,NA,NA,0,3,"","","",NA,NA,0,4,"","",NA,NA,NA,1,1,4,"1993","","","","","marlens","","","","","j'ai percuté une moto venant en sens inverse ayant effectué un depassement et ayant perdu le controle de sa moto, a chuté et j'ai donsc percuté la moto qui était en glissade ainsi que le pilote que j'ai évité","","","","",0,0,1,30,8,1,26,"6",1998,"","1998","Vous remontiez une file de véhicules par la gauche. Un véhicule de la file a laissé passer un autre véhicule venant dun autre axe non prioritaire. Ce dernier vous a coupé la route.","3","4","6",NA,"",NA,"","l'accident s'est produit sur une 3 voies à l'entrée d'une commune les 2 voies était dans le sens d'entrée et toujours bouchonnée vers 17h la queue se faisait sur 1 voie et gare aux voitures qui ne voulait pas respecter la règle (déboitement sauvage ,barrage de la voie de dépassement) A moto je n'avait pas de problème pour dépasser mais je restait méfiant car un déboitement était toujours possible. Ce soir là un automobiliste lassé de faire la queue a décidé de faire demi tour qu'il a effectué sur le coté droit lorsque la voie de face s'est libéré il s'est élancé sans se préoccuper d'un éventuel dépassement sur la 2° voie la voiture a surgit devant moi le temps de penser 'ce c'.. me barre la route' et j'étais dans les airs les secours ont du être rapides la gendarmerie n'étant qu'à 400m . Le trou noir sauf qq souvenir de mon arrivée à l'hospital. Bilan: avant bras droit et poignée fracassé, fémur droit fracassé au dessus du genoux et des petits os du pied et des mains cassées et la moto foutue. La conductrice un peu secouée une nuit en observation pour moi 20 mois et des séquelles au poignet et au genoux. Je refait de la moto mais je ne peut pas prendre n'importe laquelle a cause du genoux","la voiture s'est trouvée en travers de ma voie en un instant à une distance de 2 voitures à l'arrêt ma vitesse étant de 70km/h ~ je ne pense pas avoir eu le temps de freiner","je n'ai eu que le temps de penser une phrase l'autre conducteur  'est rendu compte de l'accident à l'impact","AUT|et je surveillai les véhicules arrêté en cas de déboitement intempestif","0","","","pas de temps","2","1","2","","il ne m'a pas vu avant l'impact","1","s'il avait pris la précaution de regarder des 2 cotés avant de s'élancer","2","3","6",NA,NA,"","","",1,2,NA,NA,"3",NA,"la situation était inattendue","4","1","2","","1","1","4","4","1","1","1","NSP",3,3,4,4,4,1,NA,NA,NA,NA,NA,NA,NA,NA,1,"AUT|le bouchon était récurent et aucun amménagement n'avait était entrepris pour le résorber","","","",NA,NA,NA,NA,2,2,NA,2,1,3,1,10,90,0,0,0,"NSP","","","",NA,NA,"4","1","","",NA,2,1,4,7,NA,NA,NA,NA,NA,1,1,1,"1","1",2,0,70,1,10,2,3,5,NA,NA,NA,"",NA,"2","4","4","3","4","2","HONDA","125","NX (TRANSCITY)","TRAIL / SUPERMOTARD","2","1","1",1,1,1,"1",1,1,1,"1","10000","12","3","1","KAWASAKI","125","KMX-B","TRAIL / SUPERMOTARD","2","3","3","03SEP1953","5","1","3",2,2,3,NA,"NRP","","","",2,0,0,2,0,2,"HONDA",600,"TRANSALP","TRAIL / SUPERMOTARD","2","1993","37",1,2,4000,"7","HONDA","125","VT SHADOW","CUSTOM","2","2000","37",3,1,1000,"7","","","","","",NA,NA,NA,NA,NA,"","",NA,"","",NA,NA,NA,NA,NA,NA,"","",NA,"","",NA,NA,NA,NA,NA,NA,NA,5000,"3",4,NA,NA,NA,NA,NA,NA,NA,"NRP","NRP","NRP","NRP","2007","NRP","NRP","1973","NRP","","","","Motorcycle"
"137",335,4394,"159",1,0,3,"","",NA,NA,NA,0,4,"","","",NA,NA,0,3,"","",NA,"",NA,0,2,"","",NA,NA,NA,1,5,"1981","","","","",0,3,"","","",NA,NA,0,2,"",NA,NA,NA,NA,0,2,"","","",NA,NA,2,4,"1978","1999","","","",0,4,"","","","","",0,4,"","","","","",0,2,"","",NA,NA,NA,0,3,"","","",NA,NA,0,3,"","",NA,NA,NA,1,3,6,"1978","1978","1981","","","Landivisiau","Landivisiau","Brest","","","Dépassement d'un cyclomotoriste par la gauche qui, au moment de ce dépassement, s'écarte vers la gauche sur la voie publique pour franchir celle-ci","Dépassement d'un cycliste par la gauche qui, au moment du dépassement, s'écarte vers la gauche pour ensuite partir vers la droite pour prendre un virage","Glissade sur une bande de signalisation entre deux voies lors d'un changement de voie. Revêtement rendu glissant pour cause de pluie et grêle","","",0,0,0,0,38,1,21,"5",1981,"","1981","Vous circuliez sur un axe prioritaire. Un véhicule venant dun axe non prioritaire vous a coupé la route.","AUT|réaction de l'autre personne impliquée","","",NA,"",NA,"","Tombée de nuit pluvieuse. Chaussée glissante. Circulation importante. En arrivant sur l'intersection, l'automobiliste n'a pas respecté la signalisation et s'est engagé sur la voie circulante. Accrochage. Moto au sol. Dégâts matériels et physiques. Au moment de la rédaction du constat par la Police, l'argument énoncé par l'automobiliste était ""la moto roulait beaucoup trop vite"". Pas de reconnaissance du fait de ne pas avoir respecter l'arrêt.","Mauvaise visibilité due à la tombée de la nuit et à une bruine bien collante. Non respect de la signalisation.","En s'engageant sur la voie prioritaire pour tourner à droite au moment où j'arrivais à sa hauteur, la voiture est venue percutée le côté droit de la moto. J'ai essayé d'éviter la chute en me déportant sur la gauche. Le choc et la chaussée glissante n'ont pas favorisé cet évitement. De plus, la voiture a continué à tourner et à me pousser sur la gauche. Elle a fini par monter sur le trottoir et a percuté le mur d'une propriété.","NRP","0","","","Trop surpris par l'engagement de la voiture. Trop concentré sur ma conduite du fait des circonstances climatiques.","2","1","2","","Panique au moment du choc","1","Non respect de la signalisation.","1","2","3",6,NA,"","","",1,2,NA,NA,"3",NA,"Surprise de voir la voiture s'engager alors que j'étais prioritaire.","4","3","","","2","1","4","4","1","1","2","2",1,3,4,4,4,10,NA,NA,NA,NA,NA,NA,NA,NA,1,"2","3","4","AUT|manque d'éclairage",NA,NA,NA,NA,2,2,NA,2,1,3,2,0,100,0,0,0,"2","","","",NA,NA,"3","2","","",NA,2,1,4,NA,NA,NA,NA,NA,NA,1,1,1,"1","3",NA,1,50,1,10,2,3,4,NA,NA,NA,"",NA,"4","4","4","4","4","NRP","HONDA","1000","CBX PRO-LINK","ROADSTER","null","1","0",1,1,1,"1",1,1,1,"1","10000","12","4","1","HONDA","900","BOL D'OR","ROADSTER","2","4","4","21MAY1956","11","1","3",2,3,4,1,"NRP","","","",2,0,0,2,0,2,"BMW",1200,"R1200RT","Routière / GT","2","2006","37",1,2,20000,"7","HONDA","1000","CB-F","ROADSTER","2","2007","37",2,1,8000,"7","","","","","",NA,NA,NA,NA,NA,"","",NA,"","",NA,NA,NA,NA,NA,NA,"","",NA,"","",NA,NA,NA,NA,NA,NA,NA,28000,"3",4,NA,NA,NA,NA,NA,NA,NA,"NRP","NRP","NRP","NRP","1976","NRP","NRP","1978","NRP","","","","Motorcycle"