"","Ligne","Ligne.Q.qualif","Ligne.approfondissement.Accident","ACCIDENT","NBACC1","ACCFREQUENCE1","ANNEEACC1_1","ANNEEACC1_2","ANNEEACC1_3","ANNEEACC1_4","ANNEEACC1_5","NBACC2","ACCFREQUENCE2","ANNEEACC2_1","ANNEEACC2_2","ANNEEACC2_3","ANNEEACC2_4","ANNEEACC2_5","NBACC3","ACCFREQUENCE3","ANNEEACC3_1","ANNEEACC3_2","ANNEEACC3_3","ANNEEACC3_4","ANNEEACC3_5","NBACC4","ACCFREQUENCE4","ANNEEACC4_1","ANNEEACC4_2","ANNEEACC4_3","ANNEEACC4_4","ANNEEACC4_5","NBACC5","ACCFREQUENCE5","ANNEEACC5_1","ANNEEACC5_2","ANNEEACC5_3","ANNEEACC5_4","ANNEEACC5_5","NBACC6","ACCFREQUENCE6","ANNEEACC6_1","ANNEEACC6_2","ANNEEACC6_3","ANNEEACC6_4","ANNEEACC6_5","NBACC7","ACCFREQUENCE7","ANNEEACC7_1","ANNEEACC7_2","ANNEEACC7_3","ANNEEACC7_4","ANNEEACC7_5","NBACC8","ACCFREQUENCE8","ANNEEACC8_1","ANNEEACC8_2","ANNEEACC8_3","ANNEEACC8_4","ANNEEACC8_5","NBACC9","ACCFREQUENCE9","ANNEEACC9_1","ANNEEACC9_2","ANNEEACC9_3","ANNEEACC9_4","ANNEEACC9_5","NBACC10","ACCFREQUENCE10","ANNEEACC10_1","ANNEEACC10_2","ANNEEACC10_3","ANNEEACC10_4","ANNEEACC10_5","NBACC11","ACCFREQUENCE11","ANNEEACC11_1","ANNEEACC11_2","ANNEEACC11_3","ANNEEACC11_4","ANNEEACC11_5","NBACC12","ACCFREQUENCE12","ANNEEACC12_1","ANNEEACC12_2","ANNEEACC12_3","ANNEEACC12_4","ANNEEACC12_5","NBACC13","ACCFREQUENCE13","ANNEEACC13_1","ANNEEACC13_2","ANNEEACC13_3","ANNEEACC13_4","ANNEEACC13_5","NBACC14","ACCFREQUENCE14","ANNEEACC14_1","ANNEEACC14_2","ANNEEACC14_3","ANNEEACC14_4","ANNEEACC14_5","AUTRESACC","NBAUTRESACC","TOTAL_AC","ANNEEAUTREACC1","ANNEEAUTREACC2","ANNEEAUTREACC3","ANNEEAUTREACC4","ANNEEAUTREACC5","LIEUAUTREACC1","LIEUAUTREACC2","LIEUAUTREACC3","LIEUAUTREACC4","LIEUAUTREACC5","DESCRIPTIONAUTRESACC1","DESCRIPTIONAUTRESACC2","DESCRIPTIONAUTRESACC3","DESCRIPTIONAUTRESACC4","DESCRIPTIONAUTRESACC5","NBAUTRESACCCIRCUIT","NBAUTRESTOUTTERRAIN","EXPCYCLO","EXP125","EXPSUP125","ACCORDNEXTQ","CHOIXACC","RGPMTACC","RECUPANNEE","RECUPLIEU","RECUPANNE","RGPMTAC","CHOIX1","CHOIX2","CHOIX3","CHOIX4","CHOIX5","CHOIX6","CHOIX7","DESCRIPTION","RUPTURE","FAITS","ABS_REACTION","AUTRE_REACTION","PRECISIONREACTIONOUI","RECUL","PRECISIONREACTIONNON","IMPACTCOMPORTEMENT","AUTREUSAGER","REACTIONAUTREUSAGER","CONNAISSANCEREACTIONUSAGER","DIFFICULTES","AGGRAVATION","DIFFICULTES2","EMOTIONS1","EMOTIONS2","EMOTIONS3","EMOTIONS4","EMOTIONS5","EMOTIONS6","AUTRESENTIMENT","CLASSEMENTEMOTIONS1","CLASSEMENTEMOTIONS","CLASSEMENTEMOTIONS5","CLASSEMENTEMOTIONS6","CLASSEMENTEMOTIONS7","CLASSEMENTEMOTIONS8","CLASSEMENTEMOTIONS9","EXPLICATIONRESSENTI","BIENEQUIPE","ALLURE","ALLUREVITEDETAIL","ALLURELENTEDETAIL","SITUATIONPRESSE","SITUATIONDISTRAIT","SITUATIONCONFIANT","SITUATIONCONTROLE","SITUATIONLUDIQUE","SITUATIONPERF","SITUATIONSTRESS","SITUATIONFATIGUE","HUMEURNEUTRE","HUMEURGAI","HUMEURMECONTENT","HUMEURTRISTE","HUMEURCOLERE","CONTRIBUTION1","CONTRIBUTION2","CONTRIBUTION3","CONTRIBUTION4","CONTRIBUTION5","CONTRIBUTION6","CONTRIBUTION7","CONTRIBUTION8","CONTRIBUTION9","ROLEINFRA","ELEMENTINFRA1","ELEMENTINFRA2","ELEMENTINFRA3","ELEMENTINFRA4","ELEMENTINFRA5","ELEMENTINFRA6","ELEMENTINFRA7","ELEMENTINFRA8","ELEMENTINFRA9","ALCOOL","TXALCOOL","STUP","SEMAINE","MOMENTJOURNEE","TEMPS","CAUSEACC1","CAUSEACC2","CAUSEACC3","CAUSEACC4","CAUSEACC5","FORMATIONCAUSE","FORMATION1","FORMATION2","FORMATION3","FORMATION4","FORMATION5","TRAFIC","CHAUSSEE1","CHAUSSEE2","CHAUSSEE3","CHAUSSEE4","TYPEACC","BLESSURE","TETE","COU","THORAX","MEMBRESSUP","COLONNE","BASSIN","MEMBRESINF","HOPITAL","PLUS24H","TRAJET","TYPEROUTE","MOTIF","SENSTRAJET","PASSAGER","VITESSE","DESCEQ1","DESCEQ2","DESCEQ3","DESCEQ4","DESCEQ5","DESCEQ6","DESCEQ7","DESCEQ8","DESCEQ9","DESCEQ10","VEHICULEETE","VEHICULEAUTOMNE","VEHICULEPRINTEMPS","VEHICULEHIVER","VEHICULESEMAINE","VEHICULEWE","VEHMARQUE","VEHCYLINDREE","VEHMODELE","VEHSEGMENT","VEHSIDE","EQ2RMABS","EQ2RMCBS","EQ2RMABSCBS","EQ2RMREGULATEUR","EQ2RMLIMITEUR","EQ2RMPHARESDIRECT","EQ2RMCOUPURE","EQ2RMANTIPATINAGE","EQ2RMANTIXHEELING","EQ2RMSTABILILTE","VEHKM","POINTS","DUREE","AUTRE2RM","VEHPRECMARQUE","VEHPRECCYLINDREE","VEHPRECMODELE","VEHPRECSEGMENT","VEHPRECSIDE","TEMPS2RMPREC","FREQVEHPREC","DATE_NAISS","CSP","SOCIETAIRE","SALARIE","SECTEUR2RM","NBPERSFOYER","SITFAM","NBENF","TRNBENF1","TRNBENF2","TRNBENF3","TRNBENF4","NBAUTOFOYER","NBCYCLOFOYER","NBSCOOTFOYER","NBMOTOFOYER","NBTRIKEFOYER","NB2RMCONDUIT","MARQUE1","CYLINDREE1","MODELE1","SEGMENT1","SIDE1","ANMISECIRCU1","ASS1","FREQ1","USAGE1","NBKM1","GARAGE1","MARQUE2","CYLINDREE2","MODELE2","SEGMENT2","SIDE2","ANMISECIRCU2","ASS2","FREQ2","USAGE2","NBKM2","GARAGE2","MARQUE3","CYLINDREE3","MODELE3","SEGMENT3","SIDE3","ANMISECIRCU3","ASS3","FREQ3","USAGE3","NBKM3","GARAGE3","MARQUE4","CYLINDREE4","MODELE4","SEGMENT4","SIDE4","ANMISECIRCU4","ASS4","FREQ4","USAGE4","NBKM4","GARAGE4","MARQUE5","CYLINDREE5","MODELE5","SEGMENT5","SIDE5","ANMISECIRCU5","ASS5","FREQ5","USAGE5","NBKM5","GARAGE5","NBKMTOT","PERMIS1","PERMIS2","PERMIS3","PERMIS4","PERMIS5","PERMIS6","PERMIS7","PERMIS8","PERMIS9","ANPERMIS1","ANPERMIS6","ANPERMIS7","ANPERMIS2","ANPERMIS3","ANPERMIS8","ANPERMIS9","ANPERMIS4","ANPERMIS5","X","X.1","X.2","isScooter"
"138",1159,4396,"376",1,0,2,"","",NA,NA,NA,0,5,"","","",NA,NA,0,5,"","",NA,"",NA,0,5,"","",NA,NA,NA,0,2,"","","","","",0,5,"","","",NA,NA,1,2,"1980",NA,NA,NA,NA,0,3,"","","",NA,NA,0,3,"","","","","",0,3,"","","","","",0,3,"","","","","",0,2,"","",NA,NA,NA,0,1,"","","",NA,NA,0,3,"","",NA,NA,NA,0,NA,1,"","","","","","","","","","","","","","","",NA,NA,0,0,32,1,31,"7",1980,"","1980","Vous avez fait une sortie de route, une perte de contrôle ou une glissade puis avez percuté un véhicule arrivant en sens inverse.","2","","",NA,"",NA,"","etant jeune conducteur je me suis fait surprendre ,et j'ai bloqué les roue sur le verglas ,donc je suis tombe, depuis je roule toujours en hiver, mais mon experience fait qu'a l'approche d'un arret je coupe les gaz plutôt a fin de moin solliciter les freins.","la moto est partie en derappage et je n'ai pas peu la controler","quand j'ai vu que je ne pouvais plus rien faire j'ai tout lacher ,les autres je n'ai pas vu leur reaction","2","0","","","une moto qui par en glissade sur du verglas je pense que tres peu de personne sont capable de la controler","2","1","NSP","","NSP","2","NSP","3","6","",NA,NA,"","","",NA,2,NA,NA,"1",NA,"etant jeune on se sent toujours intouchable et la je n'ai rien peu faire","3","1","1","","1","1","4","3","NSP","1","1","1",3,3,4,4,4,1,NA,NA,NA,NA,NA,NA,NA,NA,2,"","","","",NA,NA,NA,NA,2,2,NA,2,2,2,3,80,0,0,0,20,"NSP","","","",NA,NA,"1","3","","",NA,1,NA,NA,NA,NA,NA,NA,NA,NA,NA,NA,2,"1","3",NA,1,60,1,2,3,5,9,NA,NA,NA,"",NA,"4","4","4","4","4","4","DUCATI","1000","ST4-S","Routière / GT","2","1","1",1,1,1,"1",1,1,1,"1","70000","NSP","2","1","HONDA","350","CB350","ROADSTER","2","2","4","26JUL1961","8","1","3",2,3,2,2,"NRP","","","",1,1,0,2,0,3,"APRILIA",1000,"RS-V MILLE R","SPORTIVE","2","2003","37",1,1,10000,"7","MOTO GUZZI","850","T3 CALIFORNIA","Routière / GT","1","1982","37",3,1,5000,"7","APRILIA","50","RS HARADA REPLICA","SPORTIVE","2",2000,37,1,2,10000,"7","",NA,"","",NA,NA,NA,NA,NA,NA,"","",NA,"","",NA,NA,NA,NA,NA,NA,NA,25000,"3",4,NA,NA,NA,NA,NA,NA,NA,"NRP","NRP","NRP","NRP","1980","NRP","NRP","1979","NRP","","","","Motorcycle"
"139",87,4404,"180",1,0,4,"","",NA,NA,NA,0,4,"","","",NA,NA,0,6,"","",NA,"",NA,0,5,"","",NA,NA,NA,1,5,"2002","","","","",0,5,"","","",NA,NA,0,3,"",NA,NA,NA,NA,1,4,"1998","","",NA,NA,1,3,"1996","","","","",0,5,"","","","","",0,3,"","","","","",0,4,"","",NA,NA,NA,1,4,"2004","","",NA,NA,0,6,"","",NA,NA,NA,0,NA,4,"","","","","","","","","","","","","","","",NA,NA,3,3,24,1,21,"5",2002,"","2002","Vous circuliez sur un axe prioritaire. Un véhicule venant dun axe non prioritaire vous a coupé la route.","6","","",NA,"",NA,"","Je n'ai pas était blesser lors de cet accident ma moto a était presque complétement détruite, 7000 de dégâts, ce que j'estime important dans cet accident c'est que la conductrice de la voiture ne m'as pas vu alors que j'étais sur un rond point de jour avec une moto rouge (ST 2) feux allumés, et qu'elle m'as percuter avec force sur le côté droit de ma machine et qu'elle a reconnu ne pas avoir fait attention, je précise c'était une conductrice avec encore son papier rose de l'époque.","Je dirais soit le fait que cette conductrice n'avait pas d'expérience et qu'elle a manqué d'attention, et que la configuration de ce rond point l'on obliger a mon avis a trop ce concentrer sur ce qui arriver de sa droite et pas de ce qui se trouver sur le rond point.","Une fois percuter je me suis retrouver sur le capot de la voiture, premier reflexe m'accroche a ce capot pour ne pas être éjecter, puis j'ai insister pour qu'elle s'arrête car elle était en légère panique pour pas dire déboussoler.  Ensuite je suis descendu de son capot, je me suis assit et j'ai perçu que le contact n'était pas couper donc je suis allez le coupé et ensuite deux jeunes qui travailler au garage du rond point sont venu m'aider a déplacer la moto.  Pour ce qui est de la voiture nous avons demander a la jeune femme de la garer sur le parking le plus proche où était déjà ma moto, et 'lavons aider a descendre car sa porte conducteur était bloquer suite au choc... Lorsque qu'elle est descendu elle était vraiment très secouer .  Dés que j'ai pût j'ai prévenu mon épouse pour qu'elle vienne me récupérer et le responsable du bureau local de la mutuelle qui est un ami et qui c'est charger de prévenir l'assistance pour la récupération de ma moto.","NRP","0","","","car j'étais devant le céder le passage quand la voiture a redémarrer et m'as percuter...","2","1","NSP","","NSP","NSP","NSP","2","","",NA,NA,"","","",1,NA,NA,NA,"",NA,"NRP","4","3","","","1","1","3","4","3","1","1","1",3,4,4,4,4,10,NA,NA,NA,NA,NA,NA,NA,NA,1,"2","","","",NA,NA,NA,NA,2,2,NA,2,1,1,1,0,80,0,20,0,"NSP","","","",NA,NA,"2","1","","",NA,1,NA,NA,NA,NA,NA,NA,NA,NA,NA,NA,2,"1","3",NA,0,35,1,2,3,4,7,9,NA,NA,"",NA,"4","4","4","4","4","4","DUCATI","944","ST2 (SPORT-TOURING2)","Routière / GT","2","1","1",1,1,1,"1",1,1,1,"1","32000","12","4","0","","","","","","","","28APR1964","5","1","3",2,3,2,2,"NRP","","","",3,0,0,2,0,3,"DUCATI",1000,"MULTISTRADA S DS","ROADSTER","2","2003","37",1,2,9500,"7","DUCATI","250","250 MARK3 D","Routière / GT","2","1972","37",4,1,1500,"7","RIEJU","50","MRT","TRAIL / SUPERMOTARD","2",2010,33,2,2,2500,"7","",NA,"","",NA,NA,NA,NA,NA,NA,"","",NA,"","",NA,NA,NA,NA,NA,NA,NA,13500,"3",4,NA,NA,NA,NA,NA,NA,NA,"NRP","NRP","NRP","NRP","1991","NRP","NRP","1983","NRP","","","","Motorcycle"
"140",194,4420,"463",1,1,6,"2008","",NA,NA,NA,0,4,"","","",NA,NA,0,4,"","",NA,"",NA,0,4,"","",NA,NA,NA,0,5,"","","","","",0,4,"","","",NA,NA,0,3,"",NA,NA,NA,NA,0,3,"","","",NA,NA,0,2,"","","","","",0,5,"","","","","",0,5,"","","","","",0,3,"","",NA,NA,NA,0,4,"","","",NA,NA,0,3,"","",NA,NA,NA,1,2,3,"2008","2006","","","","Lyon","Lyon","","","","Sur une 2x2 voies sans séparation de voie, un vendredi soir bien chargé avec un déluge si s'abat sur la ville. Je suis voie de gauche, premier arrêté au feu. Vert, j'avance (très tranquillement, vu la pluie qui tombe). A peine après avoir traversé l'intersection, je vois un véhicule, en face, qui franchit la ligne continu et me viens en face. Je m'arrête immédiatement, klaxon, appel de phares... Une camionnette a côté de moi fait de même. Finalement, la voiture force le passage, au pas. Moto à terre, je me ""soulage"" sur son rétroviseur (fracture du métacarpe, on m'y reprendra...) Pris dans les embouteillages, un autre conducteur le sort ""manu militari"" de son véhicule. La pluie aidant, tout le monde se calme, constat.","Rue relativement étroite, je remonte la file de véhicules au ralenti. A une quinzaine de véhicules devant, un camion de chantier fait mine de sortir de son chantier. Je me glisse derrière la seconde voiture (en partant du camion donc), en travers, pour ne pas genet le passage du camion. La première voiture fait une légère marche arrière pour laisser le camion manuvrer tranquillement. Le second véhicule (derrière lequel je le suis réfugiée) enclenché aussitôt sa marche arrière et commence à reculer. Moto très récente, gants neuf et bien rigides, je n'ose essayer de trouver le klaxon, la première vitesse étant engagée. La moto est légèrement poussée sur le votre côté de la fourche, moto à terre. Douleur au genou en tapant en la relevant, et passagère se fait mal au dis en même temps (elle a essayé de la tirer d'un bras, quand je la relevait...)","","","",0,0,0,2,10,1,1,"1",2008,"","2008","Vous circuliez sur un axe prioritaire. Un autre véhicule arrivant sur le même axe en sens opposé vous a coupé la route en tournant à gauche.","3","4","6",NA,"",NA,"","Un vendredi soir de Juin, vers 18h, après une semaine de formation professionnelle, je rentre chez moi, trajet dans Lyon, sur ma 600CBF. Ce soir, c'est match de foot à Gerland et concert à la Halle Tony Garnier, il y a une circulation très intense. Un orage d'été survient, la visibilité est grandement réduite. Au début de la 2x2 voies (sans séparation) qui permet de remonter le Rhône, feu rouge, je suis sur la voie de gauche, arrêté. Une camionnette sur ma droite, de nombreux véhicules derrière. Les voies d'en face sont bloquées sur pas loin de 400m environ. ""Mon"" feu passe au vert, j'enclenche la 1° et démarre ""sur des oeufs"" (il pleut des cordes!). Après avoir à peine traverser le carrefour, j'aperçois une voiture sur la voie d'en face mettre son clignotant, franchir la ligne blanche continue et se mettre sur ""ma"" voie. Avec la pluie je n'ose pas tenter d'évitement (avec de nombreux véhicules derrière et peut-être à côté de moi). Je m'arrête au milieu de ""ma"" voie, klaxon + appel de phare. Le conducteur continue d'avancer, me regardant droit dans les yeux genre ""bouge toi"". Les véhicules klaxon de toutes parts (contre ""mon"" automobiliste je pense), mais seul un conducteur ouvre sa fenêtre (sous la pluie battante) pour dire à ""mon"" automobiliste de faire attention. Le voyant insister, et me sachant beaucoup plus vulnérable que son Velsatis de fonction, je me met à reculer tant bien que mal (les véhicules derrière moi arrivent à se glisser sur la voie de droite et continuer leur périple). Trouvant que je ne suis pas assez rapide à son goût, il continue à avancer, jusqu'à pousser de son pare-choc ma roue avant. Je continue à klaxonner, appel de phare, crier son mon casque, taper sur son capot du plat de la main (des fois qu'il ne m'ai toujours pas remarqué?). Je ne suis pas encore totalement ""dégagé"", qu'il force encore le passage (en regardant la camionnette qu'il est en train d'accrocher en se rabattant sur ""sa"" voie), continue à pousser ma moto. C'est lorsque je ma jambe gauche est coincée entre ma moto et sa roue avant que je laisse tomber ma moto sur le côté droit et laisse parler mon adrénaline sur son rétroviseur et la vitre conducteur. Ce monsieur semble alors horrifié, et profite que je sois à pied pour continuer sa route...  Je relève ma moto, la gare sur le côté. C'est alors qu'une personne vient prendre de mes nouvelles et me dire que son collègue a rattrapé le fuyard (enfin, il n'avait pas fait 20m, dans les bouchons monstre qu'il y avait ce soir là). Nous avons finalement fait un constat, et je suis rentré chez moi. Devant être de sortie le soir même, j'ai finalement commencé par une radio aux urgences: fracture de la base du 5° métacarpe droit (je n'ai jamais fait de boxe ni de sports de combat, ça les a bien amusé, à l'hôpital). 3 broches et 3 mois d'arrêt de travail... Le mardi, après avoir raconté en long et en large mes aventures, un ami (commissaire de police à l'autre bout du pays) me dit qu'il lui semble y avoir matière à pénal. Je me rend donc au commissariat dont je dépend. Je suis reçu par une dame, qui travail à la ""déliquance routière"" (je n'ai plus le nom du service...), qui me répond que la justice, ce n'est pas comme ça, ce n'est pas parce que mon assureur ne veut pas prendre en charge le sinistre, que c'est pour ma pomme, etc... Comme j'ai du élever un peu la voix, devant ce que je trouvais être une mauvaise fois flagrante, 2 de ses collègues (armoires à glace...) se sont placé devant les portes du bureau. J'ai donc écourté l'entretien, et continué mes démarche auprès du commissariat dont dépend le lieux du sinistre. L'acceuil y a été bien meilleur, j'ai pu y être entendu, le conducteur de la camionnette qui a aussi été accroché, ainsi qu'un témoin. Par contre, aucune idée de la suite qui a pu être donnée à cette histoire...","lorsque le conducteur d'en face a délibérément avancer alors que je me signalais, et que de nombreux autres automobilistes klaxonnaient aussi","freinage jusqu'à l'arrêt, je suis resté en 1°. Doigts sur le frein, klaxon et appel de phare difficile avec l'embrayage actionné. Recul de la moto en vérifiant dans les rétroviseurs (klaxon et phare, peut-être feux de détresse aussi) Jusqu'à ce que je coupe le circuit, j'ai du garder la 1° enclenchée...","NRP","1","j'aurais du essayer un évitement. Même à l'arrêt, avec la crainte que l'automobiliste ne force réellement le passage (en utilisant vraiment son moteur pour me renverser), j'aurais du tenter de le laisser passer","Ma compagne était enceinte de notre premier enfant (né 2 mois plus tard), et je rêvais d'un monde de justice et de tolérance.  Je me suis dit ""c'est un c**, comment lui faire comprendre qu'il fait n'importe quoi?""","","2","1","2","","il s'agissait d'un chef d'entreprise de 75 ans, dans un véhicule de fonction, sous une pluie battante, dans des embouteillages monstre...","1","Il aurait suffit qu'il me laisse me reculer suffisement","1","2","3",NA,NA,"","","3",2,1,NA,NA,"",NA,"pourquoi se lancer dans une telle manoeuvre impossible à réaliser?","3","3","","","1","1","3","4","1","1","3","2",1,3,4,4,4,6,NA,NA,NA,NA,NA,NA,NA,NA,1,"1","4","","",NA,NA,NA,NA,2,2,NA,2,1,1,2,5,85,0,5,5,"2","","","",NA,NA,"4","2","","",NA,2,1,4,NA,NA,NA,NA,NA,NA,1,0,2,"1","1",2,0,1,1,10,2,3,4,NA,NA,NA,"",NA,"4","3","3","2","3","3","HONDA","600","CB-F ABS","ROADSTER","2","0","1",1,1,1,"1",1,1,1,"1","10000","12","4","1","SUZUKI","125","DR-SE","TRAIL / SUPERMOTARD","2","4","4","18MAR1980","7","1","3",2,4,4,2,"NRP","","","",1,0,0,1,0,1,"BMW",1200,"R1200GS ABS","TRAIL / SUPERMOTARD","2","2004","37",1,2,8000,"7","","","","","","","",NA,NA,NA,"","","","","","",NA,NA,NA,NA,NA,"","",NA,"","",NA,NA,NA,NA,NA,NA,"","",NA,"","",NA,NA,NA,NA,NA,NA,NA,8000,"4",3,NA,NA,NA,NA,NA,NA,NA,"NRP","NRP","NRP","NRP","2004","NRP","NRP","1999","NRP","","","","Motorcycle"
"141",1226,4421,"288",1,0,5,"","",NA,NA,NA,1,6,"1989","","",NA,NA,1,5,"1993","",NA,"",NA,0,4,"","",NA,NA,NA,1,5,"2000","","","","",0,2,"","","",NA,NA,0,1,"",NA,NA,NA,NA,0,5,"","","",NA,NA,0,4,"","","","","",0,5,"","","","","",0,5,"","","","","",0,2,"","",NA,NA,NA,0,1,"","","",NA,NA,0,3,"","",NA,NA,NA,0,NA,3,"","","","","","","","","","","","","","","",NA,NA,4,0,12,1,6,"2",1989,"","1989","Vous circuliez derrière un véhicule. Ce véhicule a ralenti. Vous avez entrepris de dépasser ce véhicule par la gauche et celui-ci vous a coupé la route en tournant à gauche (ou en effectuant un œ tour","6","","",NA,"",NA,"","Il pleuvait, les voitures étaient arrêtées, ou presque, j'ai doublé à allure faible, quand un véhicule a déboité pour se dégager du bouchon. J'ai freiné comme un fou, je suis parti en glissade de la roue avant et ai percuté la voiture. Le conducteur s'est de suite arrêté pour s'enquérir de mon état...","La route était mouillée et pas d'abs.","freinage d'urgence de ma part. choc contre l'autre véhicule et chute. L'autre s'est de suite arrêté.","NRP","1","Prévoir le déboitement et freiner moins fort!","Manque d'expérience.","","2","0","","","","","","2","","",NA,NA,"","","",1,NA,NA,NA,"",NA,"Surprise du déboitement de l'autre véhicule.","1","1","1","","2","2","4","3","2","1","1","1",1,2,4,4,4,7,NA,NA,NA,NA,NA,NA,NA,NA,2,"","","","",NA,NA,NA,NA,2,2,NA,2,1,2,2,10,90,0,0,0,"2","","","",NA,NA,"4","2","","",NA,1,NA,NA,NA,NA,NA,NA,NA,NA,NA,NA,1,"1","3",NA,0,30,1,11,2,NA,NA,NA,NA,NA,"",NA,"4","1","4","1","4","4","YAMAHA","350","TT","TOUT TERRAIN (TRIAL / ENDURO / CROSS)","2","1","1",1,1,1,"1",1,1,1,"1","NSP","12","3","0","","","","","","","","19AUG1964","2","1","3",2,2,2,1,"NRP","","","",1,0,0,1,0,1,"HONDA",700,"TRANSALP ABS","TRAIL / SUPERMOTARD","2","2008","37",3,1,5000,"7","","","","","","","",NA,NA,NA,"","","","","","",NA,NA,NA,NA,NA,"","",NA,"","",NA,NA,NA,NA,NA,NA,"","",NA,"","",NA,NA,NA,NA,NA,NA,NA,5000,"4",9,NA,NA,NA,NA,NA,NA,NA,"NRP","NRP","NRP","NRP","NRP","NRP","1987","1982","NRP","","","","Motorcycle"
"142",221,4438,"89",1,0,4,"","",NA,NA,NA,0,5,"","","",NA,NA,0,5,"","",NA,"",NA,0,3,"","",NA,NA,NA,0,6,"","","","","",0,2,"","","",NA,NA,0,4,"",NA,NA,NA,NA,0,6,"","","",NA,NA,3,6,"1990","1992","1994","","",0,3,"","","","","",0,3,"","","","","",0,1,"","",NA,NA,NA,0,2,"","","",NA,NA,0,4,"","",NA,NA,NA,0,NA,3,"","","","","","","","","","","","","","","",NA,NA,2,0,25,1,42,"9",1992,"","1992","Vous avez fait une sortie de route, une perte de contrôle ou une glissade sans rien percuter.","3","5","6",NA,"",NA,"","Dépassement d'un vehicule avant un virage à droite en descente. Apres m'etre rabatu à droite, blocage de roue avant au freinage avant le virage. Perte de control de ma moto, chute par l'avant,traversé de la chaussée et arrét dans le fossé gauche dans le virage.","Suite au depassement, non maitrise de la vitesse due à la descente et perte de contole suite au blocage de roue avant. Pas d'ABS sur le motos dans les anneés 1990!","NRP","AUT|Perte de control trop rapide pour reagir","1","Ne pas dépasser le vehicule qui me precedé dans une descente avant un virage.","Toute l'action se passe trop vite pour reagir.","","2","0","","","","","","2","3","6",NA,NA,"","","",1,3,NA,NA,"2",NA,"La sensation de blocage de roue avant m'etait inconnue.","4","1","4","","3","1","4","3","1","1","3","4",4,4,1,4,4,1,2,5,7,NA,NA,NA,NA,NA,2,"","","","",NA,NA,NA,NA,2,2,NA,2,2,1,1,100,0,0,0,0,"1","1","","",NA,NA,"1","1","","",NA,1,NA,NA,NA,NA,NA,NA,NA,NA,NA,NA,2,"2","3",NA,0,80,1,2,3,4,9,NA,NA,NA,"",NA,"4","4","4","4","4","4","KAWASAKI","1000","TOMCAT (ZX10)","Routière / GT","2","1","1",1,1,1,"1",1,1,1,"1","70000","12","3","0","","","","","","","","09FEB1972","7","1","3",2,1,1,NA,"NRP","","","",1,0,0,1,0,1,"YAMAHA",1300,"FJR ABS","Routière / GT","2","2008","37",3,1,10000,"7","","","","","","","",NA,NA,NA,"","","","","","",NA,NA,NA,NA,NA,"","",NA,"","",NA,NA,NA,NA,NA,NA,"","",NA,"","",NA,NA,NA,NA,NA,NA,NA,10000,"4",3,NA,NA,NA,NA,NA,NA,NA,"NRP","NRP","NRP","NRP","1990","NRP","NRP","1990","NRP","","","","Motorcycle"
"143",824,4455,"406",1,0,3,"","",NA,NA,NA,0,4,"","","",NA,NA,0,4,"","",NA,"",NA,0,3,"","",NA,NA,NA,0,4,"","","","","",0,3,"","","",NA,NA,0,4,"",NA,NA,NA,NA,0,4,"","","",NA,NA,2,5,"1999","2000","","","",0,3,"","","","","",0,4,"","","","","",0,3,"","",NA,NA,NA,0,3,"","","",NA,NA,0,2,"","",NA,NA,NA,1,1,3,"2000","","","","","Lunel","","","","","Je débutais un dépassement lorsque la voiture que je commençais à dépasser a déboité pour dépasser à son tour (conducteur au téléphone...)","","","","",0,0,3,2,20,1,71,"15",2000,"Lunel","2000","Autre(s) type(s) d'accident(s).","4","","",NA,"",NA,"","J'amorçais un dépassement (ligne discontinue, vitesse modérée -90/100 km/h-, bonne visibilité)lorsque le 4x4 que je commençais à doubler a brusquement déboité, ""tapant"" ma fourche et m'envoyant au fossé de l'autre côté de la route. Pas de clignotant, pas de regard dans le rétro, et forts soupçons d'utilisation d'un portable, à l'époque déjà... J'étais malheureusement mal équipé : j'avais un blouson et des gants de moto, mais un simple pantalon de toile assez fine (plus qu'un jean's) et surtout des sandales légères. Bilan : rien de cassé, mais les pieds largement ""épluchés"", et un passage aux urgences et des examens sérieux pour cause d'évanouissement. Et une moto à la casse... Depuis, je ne fais plus de moto sans des chaussures un minimum sérieuses, et généralement des bottes.","Impossible d'éviter un véhicule qui déboite brutalement, lorsqu'on est à sa hauteur et même si la vitesse est relativement modérée. En fait je n'ai pas eu la possibilité matérielle de réagir, ni même le temps d'analyser la situation, tout s'est enchaîné trop vite.","NRP","AUT|je n'ai pas eu le temps de réagir","0","","","Je n'aurais toujours pas le temps de réagir, le 4x4 n'ayant pas signalé son déboitement brutal","2","1","2","","Angle mort dans le rétro peut-être, mais pas sûr du tout car j'étais derrière depuis un bon moment. Plus sûrement aucune surveillance des rétros, et peut-être usage du portable","1","C'est le comportement du conducteur du 4x4 qui a conduit à l'accident.","7","","",NA,NA,"","","",NA,NA,NA,NA,"",NA,"","2","3","","","2","2","3","4","1","1","1","1",4,3,4,4,4,10,NA,NA,NA,NA,NA,NA,NA,NA,2,"","","","",NA,NA,NA,NA,2,2,NA,2,2,1,1,10,90,0,0,0,"2","","","",NA,NA,"2","1","","",NA,2,1,7,NA,NA,NA,NA,NA,NA,1,0,1,"2","3",NA,0,100,1,10,2,4,NA,NA,NA,NA,"",NA,"4","4","4","4","4","4","TRIUMPH","900","TIGER","TRAIL / SUPERMOTARD","2","1","1",1,1,1,"1",1,1,1,"1","50000","12","4","1","KAWASAKI","550","ZEPHYR","ROADSTER","2","4","2","03DEC1963","5","1","3",2,1,1,NA,"NRP","","","",1,0,0,2,0,2,"MOTO GUZZI",1200,"STELVIO 4V","TRAIL / SUPERMOTARD","2","2009","37",2,1,100000,"7","KAWASAKI","100","GT7","ROADSTER","2","1976","37",2,2,2000,"7","","","","","",NA,NA,NA,NA,NA,"","",NA,"","",NA,NA,NA,NA,NA,NA,"","",NA,"","",NA,NA,NA,NA,NA,NA,NA,102000,"2",3,4,NA,NA,NA,NA,NA,NA,"NRP","NRP","NRP","1980","1996","NRP","NRP","1982","NRP","","","","Motorcycle"