"","Ligne","Ligne.Q.qualif","Ligne.approfondissement.Accident","ACCIDENT","NBACC1","ACCFREQUENCE1","ANNEEACC1_1","ANNEEACC1_2","ANNEEACC1_3","ANNEEACC1_4","ANNEEACC1_5","NBACC2","ACCFREQUENCE2","ANNEEACC2_1","ANNEEACC2_2","ANNEEACC2_3","ANNEEACC2_4","ANNEEACC2_5","NBACC3","ACCFREQUENCE3","ANNEEACC3_1","ANNEEACC3_2","ANNEEACC3_3","ANNEEACC3_4","ANNEEACC3_5","NBACC4","ACCFREQUENCE4","ANNEEACC4_1","ANNEEACC4_2","ANNEEACC4_3","ANNEEACC4_4","ANNEEACC4_5","NBACC5","ACCFREQUENCE5","ANNEEACC5_1","ANNEEACC5_2","ANNEEACC5_3","ANNEEACC5_4","ANNEEACC5_5","NBACC6","ACCFREQUENCE6","ANNEEACC6_1","ANNEEACC6_2","ANNEEACC6_3","ANNEEACC6_4","ANNEEACC6_5","NBACC7","ACCFREQUENCE7","ANNEEACC7_1","ANNEEACC7_2","ANNEEACC7_3","ANNEEACC7_4","ANNEEACC7_5","NBACC8","ACCFREQUENCE8","ANNEEACC8_1","ANNEEACC8_2","ANNEEACC8_3","ANNEEACC8_4","ANNEEACC8_5","NBACC9","ACCFREQUENCE9","ANNEEACC9_1","ANNEEACC9_2","ANNEEACC9_3","ANNEEACC9_4","ANNEEACC9_5","NBACC10","ACCFREQUENCE10","ANNEEACC10_1","ANNEEACC10_2","ANNEEACC10_3","ANNEEACC10_4","ANNEEACC10_5","NBACC11","ACCFREQUENCE11","ANNEEACC11_1","ANNEEACC11_2","ANNEEACC11_3","ANNEEACC11_4","ANNEEACC11_5","NBACC12","ACCFREQUENCE12","ANNEEACC12_1","ANNEEACC12_2","ANNEEACC12_3","ANNEEACC12_4","ANNEEACC12_5","NBACC13","ACCFREQUENCE13","ANNEEACC13_1","ANNEEACC13_2","ANNEEACC13_3","ANNEEACC13_4","ANNEEACC13_5","NBACC14","ACCFREQUENCE14","ANNEEACC14_1","ANNEEACC14_2","ANNEEACC14_3","ANNEEACC14_4","ANNEEACC14_5","AUTRESACC","NBAUTRESACC","TOTAL_AC","ANNEEAUTREACC1","ANNEEAUTREACC2","ANNEEAUTREACC3","ANNEEAUTREACC4","ANNEEAUTREACC5","LIEUAUTREACC1","LIEUAUTREACC2","LIEUAUTREACC3","LIEUAUTREACC4","LIEUAUTREACC5","DESCRIPTIONAUTRESACC1","DESCRIPTIONAUTRESACC2","DESCRIPTIONAUTRESACC3","DESCRIPTIONAUTRESACC4","DESCRIPTIONAUTRESACC5","NBAUTRESACCCIRCUIT","NBAUTRESTOUTTERRAIN","EXPCYCLO","EXP125","EXPSUP125","ACCORDNEXTQ","CHOIXACC","RGPMTACC","RECUPANNEE","RECUPLIEU","RECUPANNE","RGPMTAC","CHOIX1","CHOIX2","CHOIX3","CHOIX4","CHOIX5","CHOIX6","CHOIX7","DESCRIPTION","RUPTURE","FAITS","ABS_REACTION","AUTRE_REACTION","PRECISIONREACTIONOUI","RECUL","PRECISIONREACTIONNON","IMPACTCOMPORTEMENT","AUTREUSAGER","REACTIONAUTREUSAGER","CONNAISSANCEREACTIONUSAGER","DIFFICULTES","AGGRAVATION","DIFFICULTES2","EMOTIONS1","EMOTIONS2","EMOTIONS3","EMOTIONS4","EMOTIONS5","EMOTIONS6","AUTRESENTIMENT","CLASSEMENTEMOTIONS1","CLASSEMENTEMOTIONS","CLASSEMENTEMOTIONS5","CLASSEMENTEMOTIONS6","CLASSEMENTEMOTIONS7","CLASSEMENTEMOTIONS8","CLASSEMENTEMOTIONS9","EXPLICATIONRESSENTI","BIENEQUIPE","ALLURE","ALLUREVITEDETAIL","ALLURELENTEDETAIL","SITUATIONPRESSE","SITUATIONDISTRAIT","SITUATIONCONFIANT","SITUATIONCONTROLE","SITUATIONLUDIQUE","SITUATIONPERF","SITUATIONSTRESS","SITUATIONFATIGUE","HUMEURNEUTRE","HUMEURGAI","HUMEURMECONTENT","HUMEURTRISTE","HUMEURCOLERE","CONTRIBUTION1","CONTRIBUTION2","CONTRIBUTION3","CONTRIBUTION4","CONTRIBUTION5","CONTRIBUTION6","CONTRIBUTION7","CONTRIBUTION8","CONTRIBUTION9","ROLEINFRA","ELEMENTINFRA1","ELEMENTINFRA2","ELEMENTINFRA3","ELEMENTINFRA4","ELEMENTINFRA5","ELEMENTINFRA6","ELEMENTINFRA7","ELEMENTINFRA8","ELEMENTINFRA9","ALCOOL","TXALCOOL","STUP","SEMAINE","MOMENTJOURNEE","TEMPS","CAUSEACC1","CAUSEACC2","CAUSEACC3","CAUSEACC4","CAUSEACC5","FORMATIONCAUSE","FORMATION1","FORMATION2","FORMATION3","FORMATION4","FORMATION5","TRAFIC","CHAUSSEE1","CHAUSSEE2","CHAUSSEE3","CHAUSSEE4","TYPEACC","BLESSURE","TETE","COU","THORAX","MEMBRESSUP","COLONNE","BASSIN","MEMBRESINF","HOPITAL","PLUS24H","TRAJET","TYPEROUTE","MOTIF","SENSTRAJET","PASSAGER","VITESSE","DESCEQ1","DESCEQ2","DESCEQ3","DESCEQ4","DESCEQ5","DESCEQ6","DESCEQ7","DESCEQ8","DESCEQ9","DESCEQ10","VEHICULEETE","VEHICULEAUTOMNE","VEHICULEPRINTEMPS","VEHICULEHIVER","VEHICULESEMAINE","VEHICULEWE","VEHMARQUE","VEHCYLINDREE","VEHMODELE","VEHSEGMENT","VEHSIDE","EQ2RMABS","EQ2RMCBS","EQ2RMABSCBS","EQ2RMREGULATEUR","EQ2RMLIMITEUR","EQ2RMPHARESDIRECT","EQ2RMCOUPURE","EQ2RMANTIPATINAGE","EQ2RMANTIXHEELING","EQ2RMSTABILILTE","VEHKM","POINTS","DUREE","AUTRE2RM","VEHPRECMARQUE","VEHPRECCYLINDREE","VEHPRECMODELE","VEHPRECSEGMENT","VEHPRECSIDE","TEMPS2RMPREC","FREQVEHPREC","DATE_NAISS","CSP","SOCIETAIRE","SALARIE","SECTEUR2RM","NBPERSFOYER","SITFAM","NBENF","TRNBENF1","TRNBENF2","TRNBENF3","TRNBENF4","NBAUTOFOYER","NBCYCLOFOYER","NBSCOOTFOYER","NBMOTOFOYER","NBTRIKEFOYER","NB2RMCONDUIT","MARQUE1","CYLINDREE1","MODELE1","SEGMENT1","SIDE1","ANMISECIRCU1","ASS1","FREQ1","USAGE1","NBKM1","GARAGE1","MARQUE2","CYLINDREE2","MODELE2","SEGMENT2","SIDE2","ANMISECIRCU2","ASS2","FREQ2","USAGE2","NBKM2","GARAGE2","MARQUE3","CYLINDREE3","MODELE3","SEGMENT3","SIDE3","ANMISECIRCU3","ASS3","FREQ3","USAGE3","NBKM3","GARAGE3","MARQUE4","CYLINDREE4","MODELE4","SEGMENT4","SIDE4","ANMISECIRCU4","ASS4","FREQ4","USAGE4","NBKM4","GARAGE4","MARQUE5","CYLINDREE5","MODELE5","SEGMENT5","SIDE5","ANMISECIRCU5","ASS5","FREQ5","USAGE5","NBKM5","GARAGE5","NBKMTOT","PERMIS1","PERMIS2","PERMIS3","PERMIS4","PERMIS5","PERMIS6","PERMIS7","PERMIS8","PERMIS9","ANPERMIS1","ANPERMIS6","ANPERMIS7","ANPERMIS2","ANPERMIS3","ANPERMIS8","ANPERMIS9","ANPERMIS4","ANPERMIS5","X","X.1","X.2","isScooter"
"144",1183,4458,"360",1,0,3,"","",NA,NA,NA,0,3,"","","",NA,NA,0,2,"","",NA,"",NA,0,1,"","",NA,NA,NA,0,5,"","","","","",0,1,"","","",NA,NA,0,2,"",NA,NA,NA,NA,0,2,"","","",NA,NA,0,2,"","","","","",0,3,"","","","","",0,3,"","","","","",0,1,"","",NA,NA,NA,0,2,"","","",NA,NA,0,1,"","",NA,NA,NA,1,3,3,"1983","1985","1988","","","67600","83110","84300","","","j'effectuais un dépassement d'un tracteur agricole avec sa courte remorque en seconde position avec une visibilité de plus de 700m j'ai tombé un rapport et ai ouvert les gaz en grand pour doubler le tracteur et la voiture dans la foulée. Le véhicule en première position a freiné d'urgence alors qu'il lui restait 2 mètres pour se rabattre devant le tracteur parce qu'au loin très très loin (500m) une voiture arrivait. j'ai tardé à freiner car les feux arrières de la voiture étaient opaques à mon tour j'ai freiné fort sans toucher l'arrière de la voiture et j'ai perdu l'avant car à cet endroit la roue s'est prise dans un défaut de la chaussé, une rainure courbe. Un doigt cassé chacun, moi et ma passagère. (équipement : cuir, casques et bottes) Moto un peu rayée c'est tout. Leçon apprise : depuis je ne dépasse plus en seconde position même avec une route entièrement dégagée.","Je circulais derrière une voiture depuis un certain temps à allure réduite sur nationale (70-75 km/h). Nous avons bifurqué ensemble sur une toute petite route ((40km/h) j'ai alors entrepris de le dépasser. Arrivé à sa hauteur, la voiture a tourné à gauche en même temps qu'elle avait mis son cligno. Elle m'a donc emmené avec elle.A aucun moment j'aurais pu savoir qu'elle allait tourner pas de cligno ni de ralentissement. Pas de bobo carénage rayé c'est tout.","Carambolage sur l'autoroute occasionné par des autostoppeurs. Pas d'échappatoire à gauche, remorque du camion bloquée en travers et entre la remorque et le rail une voiture coincée. La voiture devant moi a fini dans le camion et moi me situant sur la première file ai effectué un freinage d'urgence en diagonale pour augmenter la distance, cela n'a pas été suffisant, constatant que la remorque restait immobile et n'ayant pas réussi à m'arrêter, j'ai jeté la moto dans le fossé. Ma vitesse et celle de la voiture devant moi environ 105 km/h pour 130 km/h max.Peut-être si j'avais roulé plus vite rien ne me serait ce jour-là. Les distances entre voitures avaient étés respectées, le camion forcément nous allions le doubler. C'est allé trop vite.Je pense que mon temps de réaction a été trop long conjugué a l'effet faible vitesse à laquelle je circulais avec la voiture qui me précédait et le ronron autoroutier rassurant. Bilan: fracture ouverte de la hanche (rail percuté) un mois d'hôpital, moto cassée.","","",0,0,0,0,32,1,73,"15",1988,"84300","1988","Autre(s) type(s) d'accident(s).","4","","",NA,"",NA,"","Ce jour-là deux auto-stoppeurs se trouvaient en rase campagne sur la bande d'arrêt d'urgence. Leur présence a provoqué une réaction en chaîne lorsqu'un premier camion d'après le rapport de police a freiné très fort pour les prendre à bord. Derrière ce camion une voiture avec caravane freine fort ce qui occasionne un début de perte de contrôle de la caravane, un second camion avec remorque (38 tonnes) surpris décide freine très fort et bloque les roues de la remorque. Cet attelage dans son mouvement vers la deuxième voie percute la voiture qui était sur cette file entrain de débuter son dépassement, la voiture tourne sur elle-même et s'immobilise finalement entre la barrière de sécurité séparant les voies d'autoroute et la remorque du camion. Aucun espace de passage possible. Seule la bande d'arrêt d'urgence était restée libre. La voiture me précédant a percutée le tracteur. Lors du freinage d'urgence du camion je me situai sur la première file à une vitesse maximum identique aux autres voitures c.à.d. d'environ 110 km/h. La fumée de freinage des pneus de la remorque du camion dépassait la hauteur de la remorque, la décision prise à cet instant est rapide et logique (puisque la logique veut que la remorque après son mouvement vers la gauche devait repartir en sens inverse, je vise l'extrémité de la remorque qui devrait repartir vers la bande d'arrêt d'urgence et ainsi me laisser libre la deuxième file et de plus en diagonale ma distance de freinage est augmentée.(les choses se passent très très vite, c'est la bonne ou la mauvaise décision) Malheureusement pour moi à l'arrivée sur la remorque celle-ci reste immobile, il est trop tard pour changer de trajectoire. Ma vitesse avait chuté mais pas suffisamment, je décide de me jeter avec la moto dans le fossé pour éviter la collision avec la remorque. Ce jour-là j'ai eu énormément de chance malgré mes blessures. Ma glissade c'est terminé contre un poteau des glissières de sécurité. Heureusement je me suis plié dans le bon sens (face avant droite de la hanche fracturée, dans l'autre sens j'aurais fracturé la colonne vertébrale avec toutes les conséquences imaginables) Ni la vitesse ni les distances de sécurité ne pouvaient être en cause, la différence de vitesse entre le camion et de l'ensemble des deux voitures et de moi-même faisait que nous étions de toutes façons en rapprochement. Cela sest passé en 1988 avec une moto de 1979 (si j'avais eu une moto avec un freinage de 1988 je sais que j'aurais réussi à m'arrêter à temps)  Après l'on peut se demander pourquoi des piétons se trouvaient sur la bande d'arrêt d'urgence en pleine campagne, pourquoi le premier camion a freiné si brusquement ce qui a provoqué une réaction en chaine. Nous n'avions aucune visibilité (les voitures et moi) sur ce qui se déroulait devant nous jusqu'à ce que la remorque  se mette en travers. Aucun blessé dans les voitures, la Renault 25 qui a percuté le tracteur avait comme moi réussi à ralentir mais pas suffisamment pour éviter l'impact. (Voiture bonne pour la casse quand même) Le second camion a actionné le frein de parking (info donné par un routier) ce qui a évité à la remorque de revenir vers la droite et certainement écraser la voiture encastrée dans le tracteur mais pour moi la voie était close. Si j'avais pris la décision ce jour-là d'utiliser la bande d'arrêt d'urgence rien ne me serait arrivé (mais l'on est conditionné à ne pas utiliser cette voie) de toutes les façons la logique aurait voulu que la remorque ne se s'immobilise pas en une seule fois. J'ai très souvent repensé à cet accident et je suis arrivé à la conclusion que les quatre  véhicules accidentés n'ont aucune responsabilité ils étaient juste au mauvais moment au mauvais endroit. Voilà comment l'on peut perdre la vie en quelques secondes sur la route des vacances à cause de gens incapables de comprendre le danger de leur comportement aussi bien les deux autostoppeurs que le routier qui voulait les prendre à bord très vite. Si j'avais roulé ne serait-ce qu'à 120 km/h, je passais au travers. La fatigue n'était pas en cause je partais de Lyon et l'accident a eût lieu 10 minutes après une pause à la hauteur de Cavaillon. Equipement tout cuir avec bottes et gants, le casque est partis au moment où je me suis plié autour du poteau mais avait fait son travail avant puisquil portait des marques de frottement (taille trop grande). Blessure : fracture ouverte de la hanche, gros hématome autour de toute la taille, genoux bleus mais pas d'entorse.","La fumée des pneus de la remorque du 38 tonnes aussi hautes que la remorque.","Lors du freinage d'urgence du camion je me situai sur la première file à une vitesse maximum identique aux autres voitures c.à.d. d'environ 110 km/h. La fumée de freinage des pneus de la remorque du camion dépassait la hauteur de la remorque, la décision prise à cet instant est rapide et logique (puisque la logique veut que la remorque après son mouvement vers la gauche devait repartir en sens inverse, je vise l'extrémité de la remorque qui devrait repartir vers la bande d'arrêt d'urgence et ainsi me laisser libre la deuxième file et de plus en diagonale ma distance de freinage est augmentée.(les choses se passent très très vite, c'est la bonne ou la mauvaise décision)  La première voiture a été balayée par la remorque et par chance n'a pas fait de tonneau, la seconde a terminé dans l'arrière du tracteur.","NRP","0","","","Seule la bande d'arrêt d'urgence restait libre à droite. A gauche après l'immobilisation aucun passage de libre même pour un piéton.","3","1","1","1","Début de perte de contrôle de la voiture avec caravane devant lui. (invisible pour nous les véhicules derrière le camion)","1","La présence des auto-stoppeurs en rase campagne sur la bande d'arrêt d'urgence et l'empressement du routier à les prendre. Peut-être l'attitude du routier au freinage qui n'a pas cherché à le maîriser mais qui a tout de suite appliqué le frein de parc.","9","","",NA,NA,"","Sûrement un état de stress pré accident ce qui est en sois normal. Mais pas le temps d'avoir peur pour ma vie puisque j'étais en phase de gestion de crise. Je suis resté actif du début jusqu'à l'impact.","",NA,NA,NA,NA,"",1,"Fort stress.Mais pas le temps d'avoir peur pour ma vie puisque j'étais en phase de gestion de crise.  Je suis resté actif du début jusqu'à l'impact.","4","3","","","1","1","4","4","1","1","1","1",3,3,4,4,4,10,NA,NA,NA,NA,NA,NA,NA,NA,2,"","","","",NA,NA,NA,NA,2,2,NA,2,1,1,1,0,100,0,0,0,"2","","","",NA,NA,"2","1","","",NA,2,1,6,7,NA,NA,NA,NA,NA,1,1,3,"3","3",NA,0,110,1,2,3,5,9,NA,NA,NA,"",NA,"4","4","4","4","4","4","BMW","1000","R100T","ROADSTER","2","1","1",1,1,1,"1",1,1,1,"1","65000","12","4","1","KAWASAKI","650","Z650C","ROADSTER","2","4","4","27MAY1962","6","1","3",2,5,4,3,"NRP","","","",2,0,0,3,0,3,"BMW",1200,"R1200GS ADVENTURE","TRAIL / SUPERMOTARD","2","2010","37",1,2,11000,"7","MOTO GUZZI","650","V65 NTX II","TRAIL / SUPERMOTARD","2","1988","37",4,1,1500,"7","HONDA","250","CB-T","ROADSTER","2",1978,37,3,1,3500,"7","",NA,"","",NA,NA,NA,NA,NA,NA,"","",NA,"","",NA,NA,NA,NA,NA,NA,NA,16000,"3",4,NA,NA,NA,NA,NA,NA,NA,"NRP","NRP","NRP","NRP","1983","NRP","NRP","1980","NRP","","","","Motorcycle"
"145",110,4459,"150",1,0,5,"","",NA,NA,NA,1,3,"1972","","",NA,NA,0,4,"","",NA,"",NA,0,4,"","",NA,NA,NA,0,3,"","","","","",0,4,"","","",NA,NA,0,3,"",NA,NA,NA,NA,0,3,"","","",NA,NA,1,3,"1973","","","","",0,4,"","","","","",0,5,"","","","","",0,2,"","",NA,NA,NA,0,4,"","","",NA,NA,0,6,"","",NA,NA,NA,0,NA,2,"","","","","","","","","","","","","","","",NA,NA,6,1,41,1,6,"2",1972,"","1972","Vous circuliez derrière un véhicule. Ce véhicule a ralenti. Vous avez entrepris de dépasser ce véhicule par la gauche et celui-ci vous a coupé la route en tournant à gauche (ou en effectuant un œ tour","2","6","",NA,"",NA,"","Tout première fois,emporté par la fougue et la nervosité d'une 125 légère. Mais oubli complet du regard vers le clignotant du véhicule qui me précède; Un rappel à l'ordre sans grosse conséquence (en ville à vitesse pas trés élévée). Cela m'a beaucoup servi depuis.","Vouloir à tout pris doubler un véhicule paraissant plus lent,Mais qui ralentissait pour bifurquer à gauche.","j'ai choisi de tourner avec l'auto.","1","1","Attendre et regarder m'aurait évité l'accrochage.","Trop jeune et sans expérience, sans connaissance des limites.","","2","1","NSP","","Ne m'a pas vu arriver.","NSP","N'a peut-être pas regardé le rétro extérieur.","6","8","",NA,NA,"","","",NA,NA,NA,NA,"1",NA,"inévitable au moment de l'impact.","3","1","3","","1","3","4","4","1","3","1","1",4,1,4,4,4,1,4,5,9,NA,NA,NA,NA,NA,2,"","","","",NA,NA,NA,NA,2,2,NA,2,1,1,1,90,10,0,0,0,"1","1","3","4",NA,NA,"1","1","","",NA,1,NA,NA,NA,NA,NA,NA,NA,NA,NA,NA,1,"1","3",NA,1,65,1,2,5,NA,NA,NA,NA,NA,"",NA,"4","4","4","4","4","4","SUZUKI","125","T125 FLYING LEOPARD","ROADSTER","2","1","1",1,1,1,"1",1,1,1,"1","25000","12","1","1","FLANDRIA","50","COMET4 (MTL)","ROADSTER","2","3","4","29SEP1953","8","2","3",2,2,3,NA,"NRP","","","",2,0,0,1,0,1,"BMW",1000,"R100RT","Routière / GT","2","1992","23",2,2,6000,"7","","","","","","","",NA,NA,NA,"","","","","","",NA,NA,NA,NA,NA,"","",NA,"","",NA,NA,NA,NA,NA,NA,"","",NA,"","",NA,NA,NA,NA,NA,NA,NA,6000,"4",3,NA,NA,NA,NA,NA,NA,NA,"NRP","NRP","NRP","NRP","1972","NRP","NRP","1973","NRP","","","","Motorcycle"
"146",334,4465,"273",1,0,2,"","",NA,NA,NA,0,1,"","","",NA,NA,1,5,"2014","",NA,"",NA,0,2,"","",NA,NA,NA,0,3,"","","","","",0,3,"","","",NA,NA,0,2,"",NA,NA,NA,NA,0,3,"","","",NA,NA,1,3,"2013","","","","",0,3,"","","","","",0,3,"","","","","",0,3,"","",NA,NA,NA,0,3,"","","",NA,NA,0,3,"","",NA,NA,NA,1,1,3,"2012","","","","","Draveil","","","","","j'étais arrêté à un feux. le véhicule arrêté devant à reculé et m'a percuté.","","","","",0,0,2,2,12,1,41,"9",2013,"","2013","Vous avez fait une sortie de route, une perte de contrôle ou une glissade sans rien percuter.","1","","",NA,"",NA,"","j'ai glissé sur une plaque de verglas. dans une légère courbe. la moto à glissé sur quelques dizaines de mètres. je n'ai eu aucune blessure ni traumatisme surement grace à mon équipement. en revanche, la moto ayant glissée longuement à été fortement endommagée.","je n'ai rien vu venir. cette plaque de verglas ne m'est apparue qu'en me relavant suite à la chute. la luminosité du petit matin ne m'avait pas permis de voir ce danger. ce n'est qu'en cours de glissage que j'ai compris que j'étais tombé.","avant la chute, je n'ai rien fait puisque je n'ai pas vu le danger. juste après la chute, alors que je glissais sur la route, j'ai vu ma moto s'éloigner dans un gerbe d'étincelle. la voiture qui circulait derrière moi sur la route s'est arrêtée. je suis allé à la rencontre de la femme qui conduisait pour la rassurer sur mon état. elle était en grande surprise (voire panique). le sol était complètement gelé et j'avais du mal à rester debout. je me suis donc mis sur le bord de la route, en herbe, auprès de la moto pour appeler l'assistance.","2","1","ce matin là, je n'aurai pas dû prendre la moto. le risque de verglas était fort.","depuis, en cas de risque de verglas, la moto reste au garage.","","2","0","","","","","","2","6","",NA,NA,"","","",1,NA,NA,NA,"2",NA,"je ne m'attendais pas à tomber sur cette route que je connais très bien alors que je n'avais vu aucun danger.","4","3","","","1","1","3","3","1","1","1","1",1,4,4,4,4,10,NA,NA,NA,NA,NA,NA,NA,NA,1,"AUT|la plaque de verglas s'était formée à l'endroit d'un pont.","","","",NA,NA,NA,NA,2,2,NA,2,1,3,1,0,0,0,30,70,"2","","","",NA,NA,"1","3","","",NA,1,NA,NA,NA,NA,NA,NA,NA,NA,NA,NA,1,"4","1",1,0,70,1,2,3,4,9,NA,NA,NA,"",NA,"4","4","4","4","4","2","HONDA","1200","VFR-F","Routière / GT","2","0","0",0,1,1,"1",2,1,1,"2","24000","12","4","1","HONDA","1000","CBF ABS","ROADSTER","2","3","4","25DEC1965","5","2","3",2,3,4,1,"NRP","","","",2,0,0,1,0,1,"HONDA",1200,"VFR-F","Routière / GT","2","2013","22",1,3,12000,"7","","","","","","","",NA,NA,NA,"","","","","","",NA,NA,NA,NA,NA,"","",NA,"","",NA,NA,NA,NA,NA,NA,"","",NA,"","",NA,NA,NA,NA,NA,NA,NA,12000,"3",4,NA,NA,NA,NA,NA,NA,NA,"NRP","NRP","NRP","NRP","2003","NRP","NRP","1984","NRP","","","","Motorcycle"
"147",302,4470,"119",1,0,2,"","",NA,NA,NA,0,3,"","","",NA,NA,0,3,"","",NA,"",NA,0,3,"","",NA,NA,NA,1,3,"2000","","","","",0,2,"","","",NA,NA,0,3,"",NA,NA,NA,NA,3,4,"1998","2000","2000",NA,NA,2,3,"1998","2000","","","",0,4,"","","","","",0,5,"","","","","",0,2,"","",NA,NA,NA,0,4,"","","",NA,NA,0,3,"","",NA,NA,NA,0,NA,6,"","","","","","","","","","","","","","","",NA,NA,1,2,20,1,21,"5",2000,"","2000","Vous circuliez sur un axe prioritaire. Un véhicule venant dun axe non prioritaire vous a coupé la route.","3","","",NA,"",NA,"","Le conducteur (80 ans) ramenait son épouse chez lui alors qu'elle venait de faire un malaise au restaurant . Il lui demande si la route est libre pour sortir du parking du restau elle repond par l'affirmative . IL s'engage au moment ou j'arrive ,me coupe la route ,je freine sur le mouillé ,il pleuvait , Je perds l'avant la moto se couche et va percuter la voiture moi je glisse sans dommage ,j'étais à 90-100 en 1100 paneuropean .La personne  a voulu repartir sans faire le constat ,ne reconnaissant pas ces torts .Vu son age je l'ai bloqué, énervé mais sans violence ,et j'ai appelé la gendarmerie . Son épouse avoue le malaise dit ne pas m'avoir vu ,la pauvre n'était pas en état et s'excuse ,le conducteur qui lui a démarré sans regarder ne voulait rien savoir : je roulais trop vite !!!Heureusement un témoin qui à fait demi-tour vient déposer en ma faveur .Résultat j'ai eu gain de cause auprés des assurances et des gendarmes ,la moto avait le coté gauche completemnt h.s et mon cuir etait rapé .","Le conducteur n'a pas regardé avant de s'engager faisant confiance en l'appreciation de son passager .   La pluie a transformé le freinage brutal en glissade .","Etant complétement surpris par la manoeuvre totalement inattendu j'ai tout bloqué, sans abs la sanction a était brutale . Lors de ma glissade les voitures en sens inverse m'ont évité d'autres se sont arrete . Je me suis maintenu  allongé sur le dos en me stabilisant avec les mains sur la route .   Le fautif a stoppé suite au choc de la moto contre son pare choc .","NRP","0","","","J'étais pratiquement sur la voiture ou je freinais à fond ou je m'encastrais dedans .Pas de possibilité d'évitement en plus sur le mouillé !","3","1","1","3","NSP","2","Les voitures  venaient en sens inverse ,le premier a évité la voiture par l'arriere les autres sont passé sans probléme .","2","3","6",NA,NA,"","","",1,2,NA,NA,"3",NA,"La manoeuvre de la voiture était totalement suicidaire","3","3","","","1","1","4","4","1","1","1","1",1,4,4,4,4,5,NA,NA,NA,NA,NA,NA,NA,NA,2,"","","","",NA,NA,NA,NA,2,2,NA,2,2,1,2,0,90,0,0,10,"NSP","","","",NA,NA,"2","2","","",NA,2,1,6,7,NA,NA,NA,NA,NA,0,NA,2,"2","3",NA,0,100,1,2,3,4,9,NA,NA,NA,"",NA,"4","4","4","4","4","4","HONDA","1100","PAN EUROPEAN","Routière / GT","2","1","0",1,1,1,"1",1,1,1,"1","50000","12","3","1","YAMAHA","900","XJ","ROADSTER","2","4","4","04JAN1952","9","2","3",2,2,3,NA,"NRP","","","",2,0,0,2,0,2,"BMW",1200,"R1200RT","Routière / GT","2","2008","29",2,1,20000,"7","YAMAHA","600","XT","TRAIL / SUPERMOTARD","2","1992","29",1,1,5000,"7","","","","","",NA,NA,NA,NA,NA,"","",NA,"","",NA,NA,NA,NA,NA,NA,"","",NA,"","",NA,NA,NA,NA,NA,NA,NA,25000,"2",3,4,NA,NA,NA,NA,NA,NA,"NRP","NRP","NRP","1972","1972","NRP","NRP","1972","NRP","","","","Motorcycle"