"","Ligne","Ligne.Q.qualif","Ligne.approfondissement.Accident","ACCIDENT","NBACC1","ACCFREQUENCE1","ANNEEACC1_1","ANNEEACC1_2","ANNEEACC1_3","ANNEEACC1_4","ANNEEACC1_5","NBACC2","ACCFREQUENCE2","ANNEEACC2_1","ANNEEACC2_2","ANNEEACC2_3","ANNEEACC2_4","ANNEEACC2_5","NBACC3","ACCFREQUENCE3","ANNEEACC3_1","ANNEEACC3_2","ANNEEACC3_3","ANNEEACC3_4","ANNEEACC3_5","NBACC4","ACCFREQUENCE4","ANNEEACC4_1","ANNEEACC4_2","ANNEEACC4_3","ANNEEACC4_4","ANNEEACC4_5","NBACC5","ACCFREQUENCE5","ANNEEACC5_1","ANNEEACC5_2","ANNEEACC5_3","ANNEEACC5_4","ANNEEACC5_5","NBACC6","ACCFREQUENCE6","ANNEEACC6_1","ANNEEACC6_2","ANNEEACC6_3","ANNEEACC6_4","ANNEEACC6_5","NBACC7","ACCFREQUENCE7","ANNEEACC7_1","ANNEEACC7_2","ANNEEACC7_3","ANNEEACC7_4","ANNEEACC7_5","NBACC8","ACCFREQUENCE8","ANNEEACC8_1","ANNEEACC8_2","ANNEEACC8_3","ANNEEACC8_4","ANNEEACC8_5","NBACC9","ACCFREQUENCE9","ANNEEACC9_1","ANNEEACC9_2","ANNEEACC9_3","ANNEEACC9_4","ANNEEACC9_5","NBACC10","ACCFREQUENCE10","ANNEEACC10_1","ANNEEACC10_2","ANNEEACC10_3","ANNEEACC10_4","ANNEEACC10_5","NBACC11","ACCFREQUENCE11","ANNEEACC11_1","ANNEEACC11_2","ANNEEACC11_3","ANNEEACC11_4","ANNEEACC11_5","NBACC12","ACCFREQUENCE12","ANNEEACC12_1","ANNEEACC12_2","ANNEEACC12_3","ANNEEACC12_4","ANNEEACC12_5","NBACC13","ACCFREQUENCE13","ANNEEACC13_1","ANNEEACC13_2","ANNEEACC13_3","ANNEEACC13_4","ANNEEACC13_5","NBACC14","ACCFREQUENCE14","ANNEEACC14_1","ANNEEACC14_2","ANNEEACC14_3","ANNEEACC14_4","ANNEEACC14_5","AUTRESACC","NBAUTRESACC","TOTAL_AC","ANNEEAUTREACC1","ANNEEAUTREACC2","ANNEEAUTREACC3","ANNEEAUTREACC4","ANNEEAUTREACC5","LIEUAUTREACC1","LIEUAUTREACC2","LIEUAUTREACC3","LIEUAUTREACC4","LIEUAUTREACC5","DESCRIPTIONAUTRESACC1","DESCRIPTIONAUTRESACC2","DESCRIPTIONAUTRESACC3","DESCRIPTIONAUTRESACC4","DESCRIPTIONAUTRESACC5","NBAUTRESACCCIRCUIT","NBAUTRESTOUTTERRAIN","EXPCYCLO","EXP125","EXPSUP125","ACCORDNEXTQ","CHOIXACC","RGPMTACC","RECUPANNEE","RECUPLIEU","RECUPANNE","RGPMTAC","CHOIX1","CHOIX2","CHOIX3","CHOIX4","CHOIX5","CHOIX6","CHOIX7","DESCRIPTION","RUPTURE","FAITS","ABS_REACTION","AUTRE_REACTION","PRECISIONREACTIONOUI","RECUL","PRECISIONREACTIONNON","IMPACTCOMPORTEMENT","AUTREUSAGER","REACTIONAUTREUSAGER","CONNAISSANCEREACTIONUSAGER","DIFFICULTES","AGGRAVATION","DIFFICULTES2","EMOTIONS1","EMOTIONS2","EMOTIONS3","EMOTIONS4","EMOTIONS5","EMOTIONS6","AUTRESENTIMENT","CLASSEMENTEMOTIONS1","CLASSEMENTEMOTIONS","CLASSEMENTEMOTIONS5","CLASSEMENTEMOTIONS6","CLASSEMENTEMOTIONS7","CLASSEMENTEMOTIONS8","CLASSEMENTEMOTIONS9","EXPLICATIONRESSENTI","BIENEQUIPE","ALLURE","ALLUREVITEDETAIL","ALLURELENTEDETAIL","SITUATIONPRESSE","SITUATIONDISTRAIT","SITUATIONCONFIANT","SITUATIONCONTROLE","SITUATIONLUDIQUE","SITUATIONPERF","SITUATIONSTRESS","SITUATIONFATIGUE","HUMEURNEUTRE","HUMEURGAI","HUMEURMECONTENT","HUMEURTRISTE","HUMEURCOLERE","CONTRIBUTION1","CONTRIBUTION2","CONTRIBUTION3","CONTRIBUTION4","CONTRIBUTION5","CONTRIBUTION6","CONTRIBUTION7","CONTRIBUTION8","CONTRIBUTION9","ROLEINFRA","ELEMENTINFRA1","ELEMENTINFRA2","ELEMENTINFRA3","ELEMENTINFRA4","ELEMENTINFRA5","ELEMENTINFRA6","ELEMENTINFRA7","ELEMENTINFRA8","ELEMENTINFRA9","ALCOOL","TXALCOOL","STUP","SEMAINE","MOMENTJOURNEE","TEMPS","CAUSEACC1","CAUSEACC2","CAUSEACC3","CAUSEACC4","CAUSEACC5","FORMATIONCAUSE","FORMATION1","FORMATION2","FORMATION3","FORMATION4","FORMATION5","TRAFIC","CHAUSSEE1","CHAUSSEE2","CHAUSSEE3","CHAUSSEE4","TYPEACC","BLESSURE","TETE","COU","THORAX","MEMBRESSUP","COLONNE","BASSIN","MEMBRESINF","HOPITAL","PLUS24H","TRAJET","TYPEROUTE","MOTIF","SENSTRAJET","PASSAGER","VITESSE","DESCEQ1","DESCEQ2","DESCEQ3","DESCEQ4","DESCEQ5","DESCEQ6","DESCEQ7","DESCEQ8","DESCEQ9","DESCEQ10","VEHICULEETE","VEHICULEAUTOMNE","VEHICULEPRINTEMPS","VEHICULEHIVER","VEHICULESEMAINE","VEHICULEWE","VEHMARQUE","VEHCYLINDREE","VEHMODELE","VEHSEGMENT","VEHSIDE","EQ2RMABS","EQ2RMCBS","EQ2RMABSCBS","EQ2RMREGULATEUR","EQ2RMLIMITEUR","EQ2RMPHARESDIRECT","EQ2RMCOUPURE","EQ2RMANTIPATINAGE","EQ2RMANTIXHEELING","EQ2RMSTABILILTE","VEHKM","POINTS","DUREE","AUTRE2RM","VEHPRECMARQUE","VEHPRECCYLINDREE","VEHPRECMODELE","VEHPRECSEGMENT","VEHPRECSIDE","TEMPS2RMPREC","FREQVEHPREC","DATE_NAISS","CSP","SOCIETAIRE","SALARIE","SECTEUR2RM","NBPERSFOYER","SITFAM","NBENF","TRNBENF1","TRNBENF2","TRNBENF3","TRNBENF4","NBAUTOFOYER","NBCYCLOFOYER","NBSCOOTFOYER","NBMOTOFOYER","NBTRIKEFOYER","NB2RMCONDUIT","MARQUE1","CYLINDREE1","MODELE1","SEGMENT1","SIDE1","ANMISECIRCU1","ASS1","FREQ1","USAGE1","NBKM1","GARAGE1","MARQUE2","CYLINDREE2","MODELE2","SEGMENT2","SIDE2","ANMISECIRCU2","ASS2","FREQ2","USAGE2","NBKM2","GARAGE2","MARQUE3","CYLINDREE3","MODELE3","SEGMENT3","SIDE3","ANMISECIRCU3","ASS3","FREQ3","USAGE3","NBKM3","GARAGE3","MARQUE4","CYLINDREE4","MODELE4","SEGMENT4","SIDE4","ANMISECIRCU4","ASS4","FREQ4","USAGE4","NBKM4","GARAGE4","MARQUE5","CYLINDREE5","MODELE5","SEGMENT5","SIDE5","ANMISECIRCU5","ASS5","FREQ5","USAGE5","NBKM5","GARAGE5","NBKMTOT","PERMIS1","PERMIS2","PERMIS3","PERMIS4","PERMIS5","PERMIS6","PERMIS7","PERMIS8","PERMIS9","ANPERMIS1","ANPERMIS6","ANPERMIS7","ANPERMIS2","ANPERMIS3","ANPERMIS8","ANPERMIS9","ANPERMIS4","ANPERMIS5","X","X.1","X.2","isScooter"
"148",1125,4508,"394",1,0,1,"","",NA,NA,NA,0,2,"","","",NA,NA,0,3,"","",NA,"",NA,0,2,"","",NA,NA,NA,0,2,"","","","","",0,3,"","","",NA,NA,0,1,"",NA,NA,NA,NA,0,3,"","","",NA,NA,1,3,"2004","","","","",0,4,"","","","","",0,3,"","","","","",0,2,"","",NA,NA,NA,0,2,"","","",NA,NA,1,3,"2005","",NA,NA,NA,0,NA,2,"","","","","","","","","","","","","","","",NA,NA,2,0,12,1,41,"9",2004,"","2004","Vous avez fait une sortie de route, une perte de contrôle ou une glissade sans rien percuter.","5","","",NA,"",NA,"","En hiver, après des chutes de neiges, première partie du parcours parfaitement déneigée, principalement sur l'A16, vitesse environ 90 km/h sur l'autoroute humide, puis l'autoroute devient nationale et celle-ci n'a pas été traitée. Il y a une épaisseur de neige fondu qui est devenu verglas qui apparait en quelques mètres. Une voiture freine devant, ce qui ne laisse pas d'autre choix que freiner à mon tour. Mon Zephyr de l'époque n'a pas d'ABS, et c'est la perte de l'avant. Je glisse avec la moto sur 50 mètres, tout en surveillant qu'un autre véhicule n'arrive pas derrière moi.","Le verglas sur la route alors qu'elle était parfaitement déneigée quelques mètres avant. Et le véhicule devant qui freine ne donnant pas la possibilité de laissé la moto ralentir tranquillement afin de reprendre une allure plus adaptée à la situation.","Décélération Freinage Perte de l'avant","NRP","0","","","Enchainement imprévisible.","2","0","","","","","","2","3","6",NA,NA,"","","",1,3,NA,NA,"2",NA,"Du verglas sous mes roues en quelques mètres","4","3","","","2","1","3","4","1","1","2","1",1,4,4,4,4,1,5,NA,NA,NA,NA,NA,NA,NA,1,"3","7","AUT|Chaussée non traitée","",NA,NA,NA,NA,2,2,NA,2,1,2,3,15,5,0,30,50,"2","","","",NA,NA,"2","2","3","",NA,1,NA,NA,NA,NA,NA,NA,NA,NA,NA,NA,1,"3","1",1,0,70,1,2,3,4,9,NA,NA,NA,"",NA,"4","4","4","4","4","4","KAWASAKI","750","ZEPHYR","ROADSTER","2","1","1",1,1,1,"1",1,1,1,"1","35000","12","4","0","","","","","","","","14NOV1974","5","2","3",2,3,4,1,"NRP","","","",2,0,1,1,0,1,"HONDA",1200,"VFR-F","Routière / GT","2","2011","22",1,2,16000,"7","","","","","","","",NA,NA,NA,"","","","","","",NA,NA,NA,NA,NA,"","",NA,"","",NA,NA,NA,NA,NA,NA,"","",NA,"","",NA,NA,NA,NA,NA,NA,NA,16000,"4",3,NA,NA,NA,NA,NA,NA,NA,"NRP","NRP","NRP","NRP","1997","NRP","NRP","1994","NRP","","","","Motorcycle"
"149",1279,4516,"160",1,0,4,"","",NA,NA,NA,1,4,"2002","","",NA,NA,0,4,"","",NA,"",NA,0,1,"","",NA,NA,NA,0,5,"","","","","",0,3,"","","",NA,NA,0,4,"",NA,NA,NA,NA,0,3,"","","",NA,NA,1,5,"2007","","","","",0,2,"","","","","",0,5,"","","","","",0,2,"","",NA,NA,NA,0,2,"","","",NA,NA,0,2,"","",NA,NA,NA,1,2,4,"1993","2004","","","","aulnay sous boi","campagne auverg","","","","Je démarrais au feu vert, une ambulance a grillé le feu rouge et m'a percutée. Elle était à vide, le conducteur était juste pressé d'aller déjeuner. Il n'a mis la sirène qu'après m'avoir percutée.","J'ai freiné très fort pour éviter un chien errant et j'ai chuté. Traumatisme crânien avec perte de connaissance et les deux genoux ouverts.","","","",10,0,2,0,35,1,6,"2",2002,"","2002","Vous circuliez derrière un véhicule. Ce véhicule a ralenti. Vous avez entrepris de dépasser ce véhicule par la gauche et celui-ci vous a coupé la route en tournant à gauche (ou en effectuant un œ tour","6","","",NA,"",NA,"","Je circulais sur la deuxième voie, lorsqu'un camion qui se trouvait sur la première voie a brusquement fait demi-tour sans vérifier l'absence de véhicule, et alors que c'était interdit à cet endroit.   J'ai été percutée, ma tête a heurté la bordure de trottoir et j'ai été assommée.  J'ai eu la chance que des témoins aient assisté à la scène car le chauffeur de camion a déclaré qu'il ne m'avait pas vue mais que j'arrivais beaucoup trop vite. Très fort de savoir que je roulais vite alors même qu'il ne m'avait pas vue ! Et dans le coma bien sûr je ne pouvais pas me défendre.","L'élément c'est ce camion, je ne m'attendais pas du tout à cette manoeuvre et je n'ai pas pu l'éviter.","Je me souviens juste avoir essayé un évitement lorsque le camion m'a percutée. Après j'étais dans le coma, je me suis réveillée à l'hôpital.","NRP","0","","","Lorsque vous vous trouvez à côté d'un énorme camion qui fait brutalement demi-tour, il est impossible d'éviter l'accident !","3","1","2","","Il ne m'a pas vue c'est certain, il a dû juste regarder dans son rétro (et encore pas sûr) alors que je me trouvais a côté de lui","1","Il n'avait pas le droit d'effectuer un demi-tour à cet endroit. Il n'a pas vérifié si quelqu'un se trouvait là lorsqu'il a coupé les voies","3","6","",NA,NA,"","","",NA,2,NA,NA,"1",NA,"Impossible d'effectuer un évitement dans cette situation puisque le véhicule vous coupe carrément la route.","4","3","","","1","1","4","4","1","1","1","1",1,4,4,4,4,10,NA,NA,NA,NA,NA,NA,NA,NA,2,"","","","",NA,NA,NA,NA,2,2,NA,2,1,1,1,0,100,0,0,0,"2","","","",NA,NA,"2","1","","",NA,2,1,1,7,NA,NA,NA,NA,NA,1,1,1,"1","1",1,0,40,1,10,2,3,4,7,NA,NA,"",NA,"4","4","4","4","4","4","HONDA","1100","PAN EUROPEAN ABS-TCS","Routière / GT","2","0","0",0,1,1,"1",1,0,1,"1","30000","12","4","1","HONDA","650","DOMINATOR","TRAIL / SUPERMOTARD","null","4","4","27NOV1961","7","1","3",1,3,4,1,"NRP","","","",2,0,0,1,0,1,"HONDA",650,"FMX SM","TRAIL / SUPERMOTARD","2","2006","37",3,2,4000,"7","","","","","","","",NA,NA,NA,"","","","","","",NA,NA,NA,NA,NA,"","",NA,"","",NA,NA,NA,NA,NA,NA,"","",NA,"","",NA,NA,NA,NA,NA,NA,NA,4000,"3",4,NA,NA,NA,NA,NA,NA,NA,"NRP","NRP","NRP","NRP","1979","NRP","NRP","1988","NRP","","","","Motorcycle"
"150",425,4527,"331",1,1,3,"1991","",NA,NA,NA,0,2,"","","",NA,NA,0,2,"","",NA,"",NA,0,1,"","",NA,NA,NA,0,1,"","","","","",0,2,"","","",NA,NA,0,2,"",NA,NA,NA,NA,0,4,"","","",NA,NA,1,5,"1990","","","","",0,1,"","","","","",0,2,"","","","","",0,1,"","",NA,NA,NA,1,3,"1989","","",NA,NA,0,2,"","",NA,NA,NA,0,NA,3,"","","","","","","","","","","","","","","",NA,NA,1,0,25,1,61,"13",1989,"","1989","Vous circuliez derrière un véhicule. Ce véhicule a freiné ou a ralenti et vous lavez percuté par larrière.","2","","",NA,"",NA,"","C'est pour moi un accident de manque d'expérience : circulation très dense en voie de gauche sur périph', tunnel, freinage car accident déjà existant sur voie centrale (suite à freinage auparavant entre 2 voitures...), donc réduction des distances de sécurité par effet accordéon, puis 2e freinage de la voiture devant moi (pour mieux regarder l'accident sur la file à droite ?) mais je me suis fait surprendre et touché l'arrière de la voiture avec la roue avant, et instantanément par terre, puis glissade... et fuite de la voiture alors même qu'il n'était pas en tort... mais m'a-t-il même senti ? Donc toujours surveiller ce qui nous entoure !!!","manque de distance et de vigilance sur le freinage devant moi (trop ""habitué"" aux distances courtes à Paris) et sans doute aussi manque d'expérience pour rattraper un déséquilibre...","J'ai vu les stops s'allumer devant moi et tenté de freiner mais trop court et petit choc de ma roue avant dans le pare choc de la voiture devant, puis glissade au sol jusqu'au rail de sécurité. La voiture incriminée est partie mais je bloquais ma voie donc les 2 suivants m'ont aidé à me relever ainsi que la moto. Je me suis mis sur la voie centrale déjà bloquée, détordue la pédale de frein, regardé les dégâts puis reparti... Tout pour moi a priori, je n'avais même pas fait jouer d'assurance, pourtant sur une moto neuve (2-3mois)","NRP","1","mieux surveiller la voiture devant car plus de distance de sécurité, et reprendre plus vite cette distance de sécurité et donc avoir le temps de ralentir assez. Peut-être aussi rouler décaler et pas au milieu de la voie pour tenter un évitement ?","manque d'expérience, avant que ça n'arrive, je n'avais pas intégré que ça pouvait se passer comme ça (pas assez méfiant des ""autres"", je n'imaginais pas un 2e freinage) et qu'on pouvait aussi rattraper qqchose... mais dans la même situation aujourd'hui je ne sais pas si je pourrai tenir la moto !","","2","1","2","","il devait aussi être peu concentré et regarder l'accident sur la fil de droite","NSP","avait-il la capacité à moins ralentir ? ou moins brusquement ? Je ne me rappelle pas (ou ne pouvait pas voir) ce qui se passait devant lui !","2","6","",NA,NA,"","","",1,NA,NA,NA,"2",NA,"plutôt stupeur, mais simplement parce que je ne m'attendais pas à ce qui est arrivé (le 2e freinage)","3","3","","","2","3","4","3","1","1","1","1",1,4,4,4,4,4,5,7,NA,NA,NA,NA,NA,NA,2,"","","","",NA,NA,NA,NA,2,2,NA,2,1,1,1,90,10,0,0,0,"1","1","4","AUT|peu de circulation en ""bouchon""",NA,NA,"3","1","","",NA,2,1,7,NA,NA,NA,NA,NA,NA,0,NA,1,"4","1",1,0,20,1,10,2,4,NA,NA,NA,NA,"",NA,"4","4","4","4","4","4","YAMAHA","750","XTZ SUPER TENERE","TRAIL / SUPERMOTARD","2","1","1",1,1,1,"1",1,1,1,"1","5000","12","1","0","","","","","","","","02FEB1969","4","1","3",2,3,4,1,"NRP","","","",3,0,0,9,0,8,"YAMAHA",1200,"XTZ SUPER TENERE","TRAIL / SUPERMOTARD","2","2010","37",3,1,10000,"4","YAMAHA","750","SUPER TENERE (XTZ)","TRAIL / SUPERMOTARD","2","1989","37",4,1,1000,"7","YAMAHA","600","XTZ TENERE","TRAIL / SUPERMOTARD","2",1986,37,4,1,2500,"7","YAMAHA",450,"WR-F","TOUT TERRAIN (TRIAL, ENDURO, CROSS)",2,2003,37,4,1,0,"7","HRD",250,"ENDURO","TOUT TERRAIN (TRIAL, ENDURO, CROSS)",2,2000,37,4,1,200,7,13700,"2",3,4,NA,NA,NA,NA,NA,NA,"NRP","NRP","NRP","1988","1988","NRP","NRP","1987","NRP","","","","Motorcycle"
"151",1003,4535,"145",1,0,4,"","",NA,NA,NA,0,5,"","","",NA,NA,0,6,"","",NA,"",NA,0,1,"","",NA,NA,NA,0,5,"","","","","",0,3,"","","",NA,NA,0,5,"",NA,NA,NA,NA,1,6,"1989","","",NA,NA,2,6,"1990","2000","","","",0,1,"","","","","",0,5,"","","","","",0,1,"","",NA,NA,NA,0,4,"","","",NA,NA,0,4,"","",NA,NA,NA,0,NA,3,"","","","","","","","","","","","","","","",NA,NA,26,0,0,1,36,"8",1989,"","1989","Vous avez fait une sortie de route, une perte de contrôle ou une glissade puis avez percuté un obstacle fixe (panneau, arbre poteau ).","2","","",NA,"",NA,"","Sortie d'un virage. Ralentissement de la voiture devant moi. Freinage et blocage de la roue arrière. Déport sur la bas-côté de la route puis dans le fossé. Percussion du pont d'accès au champ sur le côté. Passage par-dessus la moto et atterrissage sur les fesses après un saut périlleux.","Freinage d'urgence et blocage de la roue arrière.","Action qui se déroule très rapidement : Freinage d'urgence, puis déport dans le fossé et heurt du pont, puis je me retrouve en position assise par terre après avoir été éjecté de la moto. Les conducteurs des véhicules à l'arrêt à cause du ralentissement qui a occasionné mon freinage d'urgence viennent à mes côtés.","1","0","","","Laps de temps très court entre la détection de la situation d'uragence et la fin de l'action","2","0","","","","","","1","6","",NA,NA,"","","2",NA,NA,NA,NA,"1",NA,"Situation incontrôlable. Rien à faire qui puisse modifier le déroulement de l'action en cours.","1","1","2","","1","2","3","2","3","1","1","1",3,3,4,4,4,1,4,5,7,8,NA,NA,NA,NA,2,"","","","",NA,NA,NA,NA,2,2,NA,2,1,1,1,100,0,0,0,0,"2","","","",NA,NA,"3","1","","",NA,1,NA,NA,NA,NA,NA,NA,NA,NA,NA,NA,2,"2","1",2,0,70,1,10,2,5,NA,NA,NA,NA,"",NA,"4","4","4","4","4","4","HONDA","500","XL-R","TRAIL / SUPERMOTARD","2","1","1",1,1,1,"1",1,1,1,"1","50000","12","3","0","","","","","","","","09MAR1970","5","2","3",2,5,4,3,"NRP","","","",2,0,0,2,1,2,"TRIUMPH",1050,"TIGER ABS","ROADSTER","2","2009","28",2,2,10000,"7","SUZUKI","650","SV-S","Routière / GT","2","2003","10",4,1,500,"7","","","","","",NA,NA,NA,NA,NA,"","",NA,"","",NA,NA,NA,NA,NA,NA,"","",NA,"","",NA,NA,NA,NA,NA,NA,NA,10500,"3",4,NA,NA,NA,NA,NA,NA,NA,"NRP","NRP","NRP","NRP","1988","NRP","NRP","1990","NRP","","","","Motorcycle"
"152",1084,4543,"296",1,0,5,"","",NA,NA,NA,0,5,"","","",NA,NA,0,5,"","",NA,"",NA,0,2,"","",NA,NA,NA,0,4,"","","","","",0,5,"","","",NA,NA,1,2,"1981",NA,NA,NA,NA,0,3,"","","",NA,NA,0,5,"","","","","",0,2,"","","","","",0,3,"","","","","",0,1,"","",NA,NA,NA,1,4,"2010","","",NA,NA,0,4,"","",NA,NA,NA,1,1,3,"1977","","","","","FONTAINEBLEAU","","","","","Route moitié sur terrain militaire et moitié sur zone publique. Virage en grande courbe à la nuit tombante : Grille sur roue fermée dans le virage.","","","","",0,0,16,1,15,1,61,"13",2010,"","2010","Vous circuliez derrière un véhicule. Ce véhicule a freiné ou a ralenti et vous lavez percuté par larrière.","3","6","",NA,"",NA,"","Retour d'une balade d'une journée.Environ 280 kms en routes viroleuses (Jura). J'arrive dans mon village, en fin de journée. Je ralentissais car une voiture devant moi semblait ralentir. J'ai ""profité"" de ce moment pour manipuler le bouton me permettant d'avoir accès à un des trip journalier pour voir précisément combien de kms nous avions fait. En vision périphérique, j'ai vu du rouge et me suis précipité sur mes freins, mais un poil trop tard : je percute la voiture sur l'arrière. La moto monte sur la roue avant (genre stoppy) puis revient sur ces 2 roues en restant dans l'axe. Je perd l'appui pied gauche et tombe latéralement. Fourche tordue, carénage abimé, rétro cassé. Quant à moi, juste une grosse frayeur. Si je parle de cette accident, c'est que je fais le lien avec le téléphone portable au volant. Une seconde pour appuyer sur le bouton du trip et c'est là que la voiture freine.","Distance de sécurité insuffisante, car j'avais ""perçu"" le rouge que j'ai immédiatement associé au stop de la voiture. Non distrait, je me serais arrêté, mais la seconde était de trop. (15 m à 50 km/h).","Précipitation sur les freins (AR & AV), verrouillage des bras pour rester dans l'axe : ce qui s'est produit. Pare-choc AR de la voiture enfoncé.Pas de personnes atteintes par ailleurs. La moto est revenue sur ses 2 roues. Je n'ai pas pu posé le pied correctement par terre, elle est donc tombée latéralement, moi avec mais sans mal.","NRP","0","","","Distance de sécurité insuffisante, j'ai réagi dans l'ordre mais le manque de temps ne permettait pas de trouver d'autres solutions.","2","1","2","","S'arrête car un bus s'arrête devant lui et il ne m'a pas vu arrivé.","2","NRP","2","4","",NA,NA,"","","",1,NA,2,NA,"",NA,"Parce que je ne pensais pas ""voir"" la voiture si près de moi, ou plutôt moi si près de la voiture. J'ai eu le sentiment que la situation s'accélérait à la vision de la voiture.","4","3","","","1","4","3","4","1","1","1","2",1,4,4,4,4,4,NA,NA,NA,NA,NA,NA,NA,NA,2,"","","","",NA,NA,NA,NA,2,2,NA,2,2,1,1,100,0,0,0,0,"2","","","",NA,NA,"2","1","","",NA,1,NA,NA,NA,NA,NA,NA,NA,NA,NA,NA,2,"1","3",NA,0,40,1,2,3,4,9,NA,NA,NA,"",NA,"3","3","3","2","3","4","YAMAHA","1300","FJR ABS","Routière / GT","2","0","0",1,1,1,"1",1,1,1,"1","NSP","12","4","1","YAMAHA","1200","FJ","Routière / GT","2","3","3","25MAR1953","6","1","3",2,2,3,NA,"NRP","","","",2,0,0,1,0,1,"YAMAHA",1300,"FJR","Routière / GT","2","2006","37",2,1,12000,"7","","","","","","","",NA,NA,NA,"","","","","","",NA,NA,NA,NA,NA,"","",NA,"","",NA,NA,NA,NA,NA,NA,"","",NA,"","",NA,NA,NA,NA,NA,NA,NA,12000,"3",4,NA,NA,NA,NA,NA,NA,NA,"NRP","NRP","NRP","NRP","1974","NRP","NRP","1972","NRP","","","","Motorcycle"
"153",865,4551,"142",1,0,6,"","",NA,NA,NA,0,6,"","","",NA,NA,0,6,"","",NA,"",NA,0,4,"","",NA,NA,NA,0,6,"","","","","",0,4,"","","",NA,NA,0,6,"",NA,NA,NA,NA,0,5,"","","",NA,NA,2,6,"1984","1992","","","",0,4,"","","","","",0,6,"","","","","",0,6,"","",NA,NA,NA,0,5,"","","",NA,NA,0,5,"","",NA,NA,NA,1,1,3,"1993","","","","","LYON","","","","","J'ai heurté par l'arrière un véhicule qui était mal placé dans un rond point.","","","","",2,0,38,36,35,1,41,"9",1984,"","1984","Vous avez fait une sortie de route, une perte de contrôle ou une glissade sans rien percuter.","3","","",NA,"",NA,"","glissade sur un sol mouillié","Mauvaise adhérence. Freinage non maîtrisé.","J'ai freiné je suis tombé.","NRP","1","Mieux doser mon freinage. Augmenter ma distance de sécurité.","Manque de concentration.","","2","0","","","","","","2","","",NA,NA,"","","",1,NA,NA,NA,"",NA,"NRP","4","1","2","","1","3","3","1","1","1","1","1",1,4,4,4,4,1,4,NA,NA,NA,NA,NA,NA,NA,1,"3","","","",NA,NA,NA,NA,2,2,NA,2,1,1,2,80,0,0,10,10,"2","","","",NA,NA,"3","2","","",NA,1,NA,NA,NA,NA,NA,NA,NA,NA,NA,NA,1,"2","3",NA,0,40,1,2,3,5,NA,NA,NA,NA,"",NA,"4","4","4","2","4","4","YAMAHA","350","RDLC","Routière / GT","2","1","1",1,1,1,"1",1,1,1,"1","12000","12","3","1","YAMAHA","500","XT","TRAIL / SUPERMOTARD","2","4","4","02FEB1961","7","2","3",1,2,3,NA,"NRP","","","",1,0,0,1,0,4,"KAWASAKI",1400,"GTR","Routière / GT","2","2011","28",2,1,12000,"7","KAWASAKI","650","ER-6  N","ROADSTER","2","2011","23",1,3,3000,"7","YAMAHA","600","XJ6","ROADSTER","2",2011,23,1,3,3000,"7","KAWASAKI",125,"KLX","TRAIL / SUPERMOTARD",2,2010,23,2,3,1000,"7","",NA,"","",NA,NA,NA,NA,NA,NA,NA,19000,"3",4,NA,NA,NA,NA,NA,NA,NA,"NRP","NRP","NRP","NRP","1980","NRP","NRP","1979","NRP","","","","Motorcycle"