"","Ligne","Ligne.Q.qualif","Ligne.approfondissement.Accident","ACCIDENT","NBACC1","ACCFREQUENCE1","ANNEEACC1_1","ANNEEACC1_2","ANNEEACC1_3","ANNEEACC1_4","ANNEEACC1_5","NBACC2","ACCFREQUENCE2","ANNEEACC2_1","ANNEEACC2_2","ANNEEACC2_3","ANNEEACC2_4","ANNEEACC2_5","NBACC3","ACCFREQUENCE3","ANNEEACC3_1","ANNEEACC3_2","ANNEEACC3_3","ANNEEACC3_4","ANNEEACC3_5","NBACC4","ACCFREQUENCE4","ANNEEACC4_1","ANNEEACC4_2","ANNEEACC4_3","ANNEEACC4_4","ANNEEACC4_5","NBACC5","ACCFREQUENCE5","ANNEEACC5_1","ANNEEACC5_2","ANNEEACC5_3","ANNEEACC5_4","ANNEEACC5_5","NBACC6","ACCFREQUENCE6","ANNEEACC6_1","ANNEEACC6_2","ANNEEACC6_3","ANNEEACC6_4","ANNEEACC6_5","NBACC7","ACCFREQUENCE7","ANNEEACC7_1","ANNEEACC7_2","ANNEEACC7_3","ANNEEACC7_4","ANNEEACC7_5","NBACC8","ACCFREQUENCE8","ANNEEACC8_1","ANNEEACC8_2","ANNEEACC8_3","ANNEEACC8_4","ANNEEACC8_5","NBACC9","ACCFREQUENCE9","ANNEEACC9_1","ANNEEACC9_2","ANNEEACC9_3","ANNEEACC9_4","ANNEEACC9_5","NBACC10","ACCFREQUENCE10","ANNEEACC10_1","ANNEEACC10_2","ANNEEACC10_3","ANNEEACC10_4","ANNEEACC10_5","NBACC11","ACCFREQUENCE11","ANNEEACC11_1","ANNEEACC11_2","ANNEEACC11_3","ANNEEACC11_4","ANNEEACC11_5","NBACC12","ACCFREQUENCE12","ANNEEACC12_1","ANNEEACC12_2","ANNEEACC12_3","ANNEEACC12_4","ANNEEACC12_5","NBACC13","ACCFREQUENCE13","ANNEEACC13_1","ANNEEACC13_2","ANNEEACC13_3","ANNEEACC13_4","ANNEEACC13_5","NBACC14","ACCFREQUENCE14","ANNEEACC14_1","ANNEEACC14_2","ANNEEACC14_3","ANNEEACC14_4","ANNEEACC14_5","AUTRESACC","NBAUTRESACC","TOTAL_AC","ANNEEAUTREACC1","ANNEEAUTREACC2","ANNEEAUTREACC3","ANNEEAUTREACC4","ANNEEAUTREACC5","LIEUAUTREACC1","LIEUAUTREACC2","LIEUAUTREACC3","LIEUAUTREACC4","LIEUAUTREACC5","DESCRIPTIONAUTRESACC1","DESCRIPTIONAUTRESACC2","DESCRIPTIONAUTRESACC3","DESCRIPTIONAUTRESACC4","DESCRIPTIONAUTRESACC5","NBAUTRESACCCIRCUIT","NBAUTRESTOUTTERRAIN","EXPCYCLO","EXP125","EXPSUP125","ACCORDNEXTQ","CHOIXACC","RGPMTACC","RECUPANNEE","RECUPLIEU","RECUPANNE","RGPMTAC","CHOIX1","CHOIX2","CHOIX3","CHOIX4","CHOIX5","CHOIX6","CHOIX7","DESCRIPTION","RUPTURE","FAITS","ABS_REACTION","AUTRE_REACTION","PRECISIONREACTIONOUI","RECUL","PRECISIONREACTIONNON","IMPACTCOMPORTEMENT","AUTREUSAGER","REACTIONAUTREUSAGER","CONNAISSANCEREACTIONUSAGER","DIFFICULTES","AGGRAVATION","DIFFICULTES2","EMOTIONS1","EMOTIONS2","EMOTIONS3","EMOTIONS4","EMOTIONS5","EMOTIONS6","AUTRESENTIMENT","CLASSEMENTEMOTIONS1","CLASSEMENTEMOTIONS","CLASSEMENTEMOTIONS5","CLASSEMENTEMOTIONS6","CLASSEMENTEMOTIONS7","CLASSEMENTEMOTIONS8","CLASSEMENTEMOTIONS9","EXPLICATIONRESSENTI","BIENEQUIPE","ALLURE","ALLUREVITEDETAIL","ALLURELENTEDETAIL","SITUATIONPRESSE","SITUATIONDISTRAIT","SITUATIONCONFIANT","SITUATIONCONTROLE","SITUATIONLUDIQUE","SITUATIONPERF","SITUATIONSTRESS","SITUATIONFATIGUE","HUMEURNEUTRE","HUMEURGAI","HUMEURMECONTENT","HUMEURTRISTE","HUMEURCOLERE","CONTRIBUTION1","CONTRIBUTION2","CONTRIBUTION3","CONTRIBUTION4","CONTRIBUTION5","CONTRIBUTION6","CONTRIBUTION7","CONTRIBUTION8","CONTRIBUTION9","ROLEINFRA","ELEMENTINFRA1","ELEMENTINFRA2","ELEMENTINFRA3","ELEMENTINFRA4","ELEMENTINFRA5","ELEMENTINFRA6","ELEMENTINFRA7","ELEMENTINFRA8","ELEMENTINFRA9","ALCOOL","TXALCOOL","STUP","SEMAINE","MOMENTJOURNEE","TEMPS","CAUSEACC1","CAUSEACC2","CAUSEACC3","CAUSEACC4","CAUSEACC5","FORMATIONCAUSE","FORMATION1","FORMATION2","FORMATION3","FORMATION4","FORMATION5","TRAFIC","CHAUSSEE1","CHAUSSEE2","CHAUSSEE3","CHAUSSEE4","TYPEACC","BLESSURE","TETE","COU","THORAX","MEMBRESSUP","COLONNE","BASSIN","MEMBRESINF","HOPITAL","PLUS24H","TRAJET","TYPEROUTE","MOTIF","SENSTRAJET","PASSAGER","VITESSE","DESCEQ1","DESCEQ2","DESCEQ3","DESCEQ4","DESCEQ5","DESCEQ6","DESCEQ7","DESCEQ8","DESCEQ9","DESCEQ10","VEHICULEETE","VEHICULEAUTOMNE","VEHICULEPRINTEMPS","VEHICULEHIVER","VEHICULESEMAINE","VEHICULEWE","VEHMARQUE","VEHCYLINDREE","VEHMODELE","VEHSEGMENT","VEHSIDE","EQ2RMABS","EQ2RMCBS","EQ2RMABSCBS","EQ2RMREGULATEUR","EQ2RMLIMITEUR","EQ2RMPHARESDIRECT","EQ2RMCOUPURE","EQ2RMANTIPATINAGE","EQ2RMANTIXHEELING","EQ2RMSTABILILTE","VEHKM","POINTS","DUREE","AUTRE2RM","VEHPRECMARQUE","VEHPRECCYLINDREE","VEHPRECMODELE","VEHPRECSEGMENT","VEHPRECSIDE","TEMPS2RMPREC","FREQVEHPREC","DATE_NAISS","CSP","SOCIETAIRE","SALARIE","SECTEUR2RM","NBPERSFOYER","SITFAM","NBENF","TRNBENF1","TRNBENF2","TRNBENF3","TRNBENF4","NBAUTOFOYER","NBCYCLOFOYER","NBSCOOTFOYER","NBMOTOFOYER","NBTRIKEFOYER","NB2RMCONDUIT","MARQUE1","CYLINDREE1","MODELE1","SEGMENT1","SIDE1","ANMISECIRCU1","ASS1","FREQ1","USAGE1","NBKM1","GARAGE1","MARQUE2","CYLINDREE2","MODELE2","SEGMENT2","SIDE2","ANMISECIRCU2","ASS2","FREQ2","USAGE2","NBKM2","GARAGE2","MARQUE3","CYLINDREE3","MODELE3","SEGMENT3","SIDE3","ANMISECIRCU3","ASS3","FREQ3","USAGE3","NBKM3","GARAGE3","MARQUE4","CYLINDREE4","MODELE4","SEGMENT4","SIDE4","ANMISECIRCU4","ASS4","FREQ4","USAGE4","NBKM4","GARAGE4","MARQUE5","CYLINDREE5","MODELE5","SEGMENT5","SIDE5","ANMISECIRCU5","ASS5","FREQ5","USAGE5","NBKM5","GARAGE5","NBKMTOT","PERMIS1","PERMIS2","PERMIS3","PERMIS4","PERMIS5","PERMIS6","PERMIS7","PERMIS8","PERMIS9","ANPERMIS1","ANPERMIS6","ANPERMIS7","ANPERMIS2","ANPERMIS3","ANPERMIS8","ANPERMIS9","ANPERMIS4","ANPERMIS5","X","X.1","X.2","isScooter"
"154",314,4552,"482",1,1,3,"1997","",NA,NA,NA,0,5,"","","",NA,NA,0,6,"","",NA,"",NA,0,3,"","",NA,NA,NA,1,6,"2003","","","","",0,4,"","","",NA,NA,0,3,"",NA,NA,NA,NA,0,5,"","","",NA,NA,0,4,"","","","","",0,3,"","","","","",0,6,"","","","","",0,1,"","",NA,NA,NA,0,2,"","","",NA,NA,0,1,"","",NA,NA,NA,1,1,3,"2002","","","","","grabels","","","","","dans une residence, voie de circulation principale, avec plusieurs voies perdendiculaires desservant des zones de parking, une voiture est sortie en marche arriere de sa place de parking et a continuer de reculer pour rejoindre et s'inserer sur la voie principale sur laquelle je circulais, me reculant litterralement dessus","","","","",4,0,2,8,10,1,21,"5",2003,"","2003","Vous circuliez sur un axe prioritaire. Un véhicule venant dun axe non prioritaire vous a coupé la route.","2","","",NA,"",NA,"","Je partais au travail, dans une residence fermee aevc une voie principale et des voies perpendiculaires où se trouvent les places de parkings. Je circulais sur la voie centrale lorsqu'une voiture (genre express) est sortie d'une de ces voies pernediculaires EN MARCHE ARRIERE (à noter que les vitres arrieres etaient recouvertes d'un film blanc). Je n'ai pas pu eviter le choc. Heureusement etant dans une voie de circulation de residence fermee, je circulais a allure reduite et le choc ne fut pas tres violent. Quelques douleurs sur le coup, osculté dans la minute par le medecin qui habitait dans la residence, rien ne necessitant de soins particulier. La femme qui conduisait à tout de suite reconnu ses tords sans discuter; et heureusement car comme bien souvent le code de la route aurait pu jouer en ma defaveur du fait qu'elle faisait marche arriere et donc que j'ai percute l'arriere de son vehicule. Au pire il y avait un pieton qui aurait pu temoigner de la scene. Bref, j'ai eu de la chance en soi, mais cela aurait pu etre bien plus grave et tout simplement parce que quelqu'un n'a pas pris la peine d'etre responsable au volant (reculer sans vision et sans y preter attention).","comme dit dans le descriptif precedant: inconscience de la personne a reculer sans vision et sans attention, comme si elle etait seule au monde","des que j'ai vu la voiture s'engager sur la voie principale, j'ai freiné le plus fort possible. la voiture n'a arrete sa manoeuvre que lorsqu'elle a entendu le choc.","NRP","0","","","la voiture est sortie sur la voie principale a quelques metres devant moi, a part de m'arreter SUR PLACE, le choc etait inevitable, et encore vu que la voiture manoeuvrait en marche arriere et ne s'est arretait qu'en entendant le choc, dans quelle mesure ne serait elle pas remonter jusqu'a ma hauteur","2","0","","","","","","6","9","",NA,NA,"","de la colere face a l'inconscience de la personne","",NA,NA,NA,NA,"1",2,"quoi que je fasse, le sort en etait jete","3","3","","","1","1","4","4","1","1","1","1",1,4,4,4,4,10,NA,NA,NA,NA,NA,NA,NA,NA,2,"","","","",NA,NA,NA,NA,2,2,NA,2,1,1,1,0,100,0,0,0,"2","","","",NA,NA,"1","1","","",NA,2,1,4,7,NA,NA,NA,NA,NA,0,NA,1,"AUT|dans une residence fermee","1",1,0,30,1,10,2,5,NA,NA,NA,NA,"",NA,"4","4","4","4","4","4","YAMAHA","125","DTLC","TRAIL / SUPERMOTARD","2","1","1",1,1,1,"1",1,1,1,"1","NSP","12","4","1","MZ","125","125 ETS","ROADSTER","2","2","4","18NOV1979","7","1","3",2,4,4,2,"NRP","","","",2,0,0,2,0,2,"YAMAHA",1000,"R1 (YZF-R1)","SPORTIVE","2","2004","37",2,2,4000,"7","YAMAHA","1000","R1 (YZF-R1)","SPORTIVE","2","2004","37",3,1,3000,"7","","","","","",NA,NA,NA,NA,NA,"","",NA,"","",NA,NA,NA,NA,NA,NA,"","",NA,"","",NA,NA,NA,NA,NA,NA,NA,7000,"2",3,4,NA,NA,NA,NA,NA,NA,"NRP","NRP","NRP","1997","2004","NRP","NRP","1997","NRP","","","","Motorcycle"
"155",347,4563,"333",1,0,3,"","",NA,NA,NA,0,5,"","","",NA,NA,0,5,"","",NA,"",NA,0,1,"","",NA,NA,NA,0,3,"","","","","",0,4,"","","",NA,NA,0,4,"",NA,NA,NA,NA,0,4,"","","",NA,NA,0,1,"","","","","",0,2,"","","","","",0,3,"","","","","",0,2,"","",NA,NA,NA,0,3,"","","",NA,NA,0,2,"","",NA,NA,NA,1,2,2,"2006","2012","","","","moncé en belin","ruaudin","","","","Alors que j'étais à l'arrêt derrière une voiture et attendant mon tour de passer dans le rond point un automobiliste m'a percuté à l'arrière et projeté dans le véhicule devant moi. Faible vitesse pas de dégâts corporels.","Percuté par un chevreuil, sortant d'un champ, en pleine roue avant et par le travers. Chute et glissade sans obstacle à 60-70km/H. Dermabrasions sur genou gauche.","","","",0,0,1,1,34,1,72,"15",2012,"ruaudin","2012","Autre(s) type(s) d'accident(s).","2","","",NA,"",NA,"","J'étais à l'approche d'un grand rond point, il faisait nuit, nous étions en décembre. La circulation était très dense dans les deux sens. Les véhicules sortant du rond point arrivaient rapidement, donc plutôt que de remonter ma file, je me suis arrêté derrière le véhicule qui me précédait. Alors que je posais les pieds à terre, le véhicule derrière moi m'a percuté à une vitesse que j'estime être à environ 10 km/h, me projetant contre l'arrière du véhicule devant moi. Pas de bobos, sauf une douleur aux cervicales. La moto a frisé l'épave. J'étais vêtu de tout l'équipement du motard: bottes, pantalon avec coques, blouson avec dorsale, gants hiver, et casque. Dans le choc, mes jambes se sont levées, et j'ai percuté avec le genou gauche le guidon. Remplissant les constats avec l'une et l'autre conductrice et en attendant la dépanneuse, j'ai pu voir sur le siège de la voiture de la conductrice qui m'avait percuté un téléphone portable et des papiers...était ce la raison de sa distraction? Je n'en saurais jamais rien. Mais la nuit était  tombée, le temps était sec. Elle ne m'avait pas vu. As-t-elle confondu mon feu stop avec le troisième feu stop d'une voiture? Il est vrai que j'étais tout de noir vêtu sur une moto noire :-)","C'est paradoxal, mais cette fin de journée là, et à cet endroit là compte tenu de la circulation en sens inverse, je me suis dit qu'il ne fallait pas remonter la file...Si je l'avais fait...Mais avec des si. L'élément qui a réellement fait basculer est la distraction de  la conductrice.","Quand j'ai ressenti le choc arrière, je suis parti aussi en arrière, et c'est le top-case qui m'a ramené en avant, j'ai tenté de reprendre le guidon pour freiner, mais trop tard j'étais déjà propulsé contre le véhicule qui me précédait et qui était à l'arrêt. Bien entendu,je n'ai rien vu arriver. Compte tenu de la vitesse à laquelle roulait la file, je ne m'attendais vraiment pas à ce que le véhicule qui me suivait ne s'arrête pas.","NRP","0","","","Choc arrière, dans le contexte précédemment décrit.","3","1","2","","Distraction liée à l'usage d'un téléphone. la nuit était tombée. Perte d'attention du fait que la file avançait doucement et régulièrement?","NSP","NSP","7","","",NA,NA,"","","",NA,NA,NA,NA,"",NA,"","4","4","","","1","1","3","4","1","1","1","1",1,4,4,4,4,10,NA,NA,NA,NA,NA,NA,NA,NA,2,"","","","",NA,NA,NA,NA,2,2,NA,2,1,2,1,0,100,0,0,0,"2","","","",NA,NA,"4","1","","",NA,1,NA,NA,NA,NA,NA,NA,NA,NA,NA,NA,1,"4","3",NA,0,0,1,2,3,4,7,9,NA,NA,"",NA,"4","4","4","4","4","4","HONDA","700","DEAUVILLE C-ABS","Routière / GT","2","1","1",0,1,1,"1",1,1,1,"1","22000","12","3","1","HONDA","500","CX","ROADSTER","2","4","4","14JAN1962","5","2","3",2,4,4,2,"NRP","","","",1,0,0,1,0,1,"HONDA",1000,"VARADERO IE ABS","TRAIL / SUPERMOTARD","2","2006","34",1,2,16000,"7","","","","","","","",NA,NA,NA,"","","","","","",NA,NA,NA,NA,NA,"","",NA,"","",NA,NA,NA,NA,NA,NA,"","",NA,"","",NA,NA,NA,NA,NA,NA,NA,16000,"3",4,NA,NA,NA,NA,NA,NA,NA,"NRP","NRP","NRP","NRP","1982","NRP","NRP","1986","NRP","","","","Motorcycle"
"156",271,4564,"71",1,1,5,"2002","",NA,NA,NA,0,5,"","","",NA,NA,0,4,"","",NA,"",NA,0,3,"","",NA,NA,NA,0,5,"","","","","",0,4,"","","",NA,NA,0,4,"",NA,NA,NA,NA,0,4,"","","",NA,NA,1,4,"1998","","","","",0,4,"","","","","",0,4,"","","","","",0,2,"","",NA,NA,NA,0,2,"","","",NA,NA,0,3,"","",NA,NA,NA,0,NA,2,"","","","","","","","","","","","","","","",NA,NA,3,3,17,1,1,"1",2002,"","2002","Vous circuliez sur un axe prioritaire. Un autre véhicule arrivant sur le même axe en sens opposé vous a coupé la route en tournant à gauche.","1","4","5",6,"",NA,"","je circulais sur une voie prioritaire (vitesse estimé 50 km/h lors de l'impact) la voiture a tourné devant moi avec pour elle une interdiction de tourner à gauche, ce qui m'a vraiment énervé à ce moment, la personne en cause a dit qu'elle ne m'a pas vu car pour elle je suis arrivé trop vite et avait grillé le feu rouge, ce qui fut faux au vu du constat de police (vitesse estimé par le service de police 40 km/h, et d'aprés les témoins le feu était vert.","l'inattention du conducteur de la voiture, non respect de la signialisation","juste eu le temps de freiné et encore il me semble que cela n'a servi a rien car déjà encastré dans la voiture, l'autre véhicule ne s'est pas arrété de suite mais 3 m plus loin de l'impact, la moto retrouvé sur le trottoir et ma passagère et moi éjecté environs à 5 m du lieu de l'impact","NRP","0","","","cela est arrivé en quelque seconde, pour moi la voiture n'aurai pas du tourné","2","1","NSP","","NSP","NSP","NSP","1","6","",NA,NA,"","","2",NA,NA,NA,NA,"1",NA,"j'ai ressenti de l'impuiussance car je me suis rendu compte que le choc aurait lieu, de ne pouvoir plus rien faire","3","3","","","1","2","3","4","3","1","1","1",1,3,4,4,4,5,NA,NA,NA,NA,NA,NA,NA,NA,1,"2","4","","",NA,NA,NA,NA,2,2,NA,2,1,3,1,5,90,0,5,0,"2","","","",NA,NA,"3","1","","",NA,2,1,4,NA,NA,NA,NA,NA,NA,1,1,2,"1","3",NA,1,50,1,10,2,3,4,7,NA,NA,"",NA,"4","4","4","4","4","4","YAMAHA","1300","XJR","ROADSTER","2","1","1",1,1,1,"1",1,1,1,"1","4000","12","2","1","SUZUKI","600","BANDIT-S","ROADSTER","2","4","4","05APR1976","8","1","3",2,1,1,NA,"NRP","","","",1,0,0,1,0,1,"BMW",1100,"R1100S","Routière / GT","2","2002","37",2,1,2000,"7","","","","","","","",NA,NA,NA,"","","","","","",NA,NA,NA,NA,NA,"","",NA,"","",NA,NA,NA,NA,NA,NA,"","",NA,"","",NA,NA,NA,NA,NA,NA,NA,2000,"3",4,NA,NA,NA,NA,NA,NA,NA,"NRP","NRP","NRP","NRP","1996","NRP","NRP","1994","NRP","","","","Motorcycle"
"157",918,4568,"252",1,0,4,"","",NA,NA,NA,0,2,"","","",NA,NA,0,3,"","",NA,"",NA,0,4,"","",NA,NA,NA,0,5,"","","","","",0,4,"","","",NA,NA,0,2,"",NA,NA,NA,NA,0,2,"","","",NA,NA,0,3,"","","","","",0,3,"","","","","",0,3,"","","","","",0,3,"","",NA,NA,NA,0,2,"","","",NA,NA,0,3,"","",NA,NA,NA,1,1,1,"2012","","","","","pessac","","","","","une voiture s'est engagée sur un rond point alors que j'y circulait.","","","","",0,0,4,4,0,1,71,"15",2012,"pessac","2012","Autre(s) type(s) d'accident(s).","1","2","3",NA,"",NA,"","J'étais engagé sur un rond point quand le conducteur d'une voiture ne m'ayant pas vu (nuit tombante et mon code allumé), a heurté ma roue AV.  La personne était désolé et a reconnue tout de suite ne pas m'avoir vu... je me demande si il n'était pas occupé à autre chose qu'à sa conduite... réglage radio, téléphone, ou autre !","Uniquement le fait qu'il ne se soit pas arrêté, car nous roulions très lentement et son regard était dans ma direction.","Etant persuadé qu'il allait s'arrêter, j'ai continué mon chemin jusqu'à ce qu'il heurte ma roue AV (je ne m'attendais vraiment pas à ce qu'il continu, car je pensais qu'il m'avait vu)","2","0","","","Parce que pour moi, il m'avait vu.","3","0","","","","","","3","6","",NA,NA,"","","",NA,2,NA,NA,"1",NA,"Etant engagé dans un rond point, sur l'angle à moins de 10 Km/h, que pouvais-je faire???","3","3","","","2","1","4","4","2","1","1","1",1,4,4,4,4,10,NA,NA,NA,NA,NA,NA,NA,NA,2,"","","","",NA,NA,NA,NA,2,2,NA,2,1,3,1,0,100,0,0,0,"2","","","",NA,NA,"1","1","","",NA,1,NA,NA,NA,NA,NA,NA,NA,NA,NA,NA,1,"1","1",1,0,10,1,2,3,4,7,NA,NA,NA,"",NA,"4","4","4","4","4","4","YAMAHA","125","YB-R","ROADSTER","2","1","1",1,1,1,"1",1,1,1,"1","30000","12","4","0","","","","","","","","30NOV1964","7","2","3",2,4,4,2,"NRP","","","",1,1,0,2,0,2,"YAMAHA",125,"YB-R","ROADSTER","2","2007","33",1,2,5000,"7","CAGIVA","125","ROADSTER","ROADSTER","2","1994","33",4,1,1000,"7","","","","","",NA,NA,NA,NA,NA,"","",NA,"","",NA,NA,NA,NA,NA,NA,"","",NA,"","",NA,NA,NA,NA,NA,NA,NA,6000,"2",4,NA,NA,NA,NA,NA,NA,NA,"NRP","NRP","NRP","1983","NRP","NRP","NRP","1983","NRP","","","","Motorcycle"
"158",773,4569,"280",1,0,5,"","",NA,NA,NA,0,6,"","","",NA,NA,0,3,"","",NA,"",NA,0,3,"","",NA,NA,NA,0,5,"","","","","",0,4,"","","",NA,NA,0,2,"",NA,NA,NA,NA,0,4,"","","",NA,NA,0,3,"","","","","",0,3,"","","","","",0,4,"","","","","",0,4,"","",NA,NA,NA,0,2,"","","",NA,NA,0,3,"","",NA,NA,NA,1,2,2,"NSP","NSP","","","","La barque","Marseille","","","","Percuté par l'arrière au péage d'autoroute","Accroché latéralement, étant à l'arrêt, par un véhicule changeant de file","","","",0,0,1,0,36,1,71,"15",NA,"La barque","-1","Autre(s) type(s) d'accident(s).","6","","",NA,"",NA,"","J'étais arrêté au péage quand j'ai entendu le bruit (interminable) du crissement des pneus d'un voiture qui freinait. Celle-ci a percuté la voiture arrêtée derrière moi qui, a son tour, ma percuté projetant ma moto sous la barrière de péage.","Le responsable de l'accident ne s'était pas rendu compte qu'il était si près du péage...","J'étais en train de régler le péage. J'ai entendu le freinage et j'ai compris la situation (je n'osais pas regarder dans mes rétros). Quand j'ai entendu que la voiture derrière moi était percutée j'ai décollé mes pieds du sol, basculé ma tête en avant et me suis contracté en attendant le choc (20 ans de rugby laissent des réactions...) Quand j'ai été percuté je me suis laissé porter vers lavant en essayant de me dégager ver un côté (gauche).","NRP","1","Je ne sais pas... Il y a toujours plus de solutions que de problèmes ! J'aurais pu avoir tendance a sauter de la moto ou a essayer d'avancer mais je ne sais pas si j'aurais eu le temps.","Mon cerveau a ""découpé"" très vite la situation, je pense encore que c'était une bonne façon de réagir.","","3","1","NSP","","NSP","NSP","Tout c'est passé derrière moi, je n'ai pas été ""témoin oculaire""","1","4","6",NA,NA,"","","2",NA,NA,3,NA,"1",NA,"J'ai compris la situation par l'ouie sans voir ce qui ce passait, c'est comme quand on vous crie ""attention"" sans que vous puissiez agir en conséquence par manque d'information.","3","4","","","1","1","3","3","3","1","1","1",1,1,4,4,4,10,NA,NA,NA,NA,NA,NA,NA,NA,2,"","","","",NA,NA,NA,NA,2,2,NA,2,1,1,1,0,100,0,0,0,"NSP","","","",NA,NA,"2","1","","",NA,1,NA,NA,NA,NA,NA,NA,NA,NA,NA,NA,2,"3","3",NA,0,0,1,10,2,3,4,7,NA,NA,"",NA,"4","4","4","4","4","4","SUZUKI","400","DR","TRAIL / SUPERMOTARD","2","1","1",1,1,1,"1",1,1,1,"1","40000","12","4","1","HONDA","400","CB-N","ROADSTER","2","3","4","05FEB1960","5","1","3",2,5,4,3,"NRP","","","",1,0,0,1,0,1,"HONDA",700,"NC700S","ROADSTER","2","2012","37",1,2,10000,"7","","","","","","","",NA,NA,NA,"","","","","","",NA,NA,NA,NA,NA,"","",NA,"","",NA,NA,NA,NA,NA,NA,"","",NA,"","",NA,NA,NA,NA,NA,NA,NA,10000,"3",4,NA,NA,NA,NA,NA,NA,NA,"NRP","NRP","NRP","NRP","1978","NRP","NRP","1978","NRP","","","","Motorcycle"
"159",846,4587,"5",1,1,5,"1980","",NA,NA,NA,0,5,"","","",NA,NA,0,5,"","",NA,"",NA,0,3,"","",NA,NA,NA,0,4,"","","","","",1,4,"1983","","",NA,NA,0,2,"",NA,NA,NA,NA,0,3,"","","",NA,NA,0,5,"","","","","",0,4,"","","","","",0,5,"","","","","",0,2,"","",NA,NA,NA,1,5,"2010","","",NA,NA,0,2,"","",NA,NA,NA,0,NA,3,"","","","","","","","","","","","","","","",NA,NA,5,2,35,1,1,"1",1980,"","1980","Vous circuliez sur un axe prioritaire. Un autre véhicule arrivant sur le même axe en sens opposé vous a coupé la route en tournant à gauche.","4","","",NA,"",NA,"","Je venais d'acheter la moto la veille, une occasion, CB350Four. En banlieue parisienne, sur une nationale, un automobiliste venant d'en face m'a brutalement coupé la route en tournant sur sa gauche. Je n'ai pas eu le temps de réagir, j'ai tapé dans le tas. Trauma crânien avec perte de connaissance. Je ne me rappelle de rien. 7 fractures au total. 35 ans après, je me souviens encore du nom du gars Allega Etoundi Emmanuel, Camerounais. Non assuré...","Le fait que le gars me coupe la route, sans cligno, bien sûr.","Ma moto a été quasi pulvérisée. Moi aussi. Je ne me rappelle de rien, ma passagère a eu beaucoup de chance. Vol plané par dessus la voiture et atterrissage sur la chaussée sans aucune blessure ! C'est elle qui m'a tout raconté. Alors que j'étais à terre et totalement inconscient, la femme du gars m'a injurié et me criait dessus parce que j'avais abimé s voiture.","AUT|perte de connaissance, aucun souvenir","0","","","NRP","2","1","2","","NSP","NSP","NRP","7","","",NA,NA,"","","",NA,NA,NA,NA,"",NA,"","3","3","","","2","2","4","4","1","1","2","2",3,4,4,4,4,10,NA,NA,NA,NA,NA,NA,NA,NA,2,"","","","",NA,NA,NA,NA,2,2,NA,2,2,2,1,0,100,0,0,0,"2","","","",NA,NA,"1","1","","",NA,2,1,1,4,7,NA,NA,NA,NA,1,1,1,"1","3",NA,1,60,1,10,2,5,NA,NA,NA,NA,"",NA,"1","1","1","1","1","1","HONDA","350","CB350F","ROADSTER","2","1","1",1,1,1,"1",1,1,1,"1","NSP","NSP","1","1","SUZUKI","125","GT","ROADSTER","2","3","3","22APR1958","5","1","3",2,2,2,1,"NRP","","","",1,0,0,1,0,1,"SUZUKI",650,"BANDIT-S","ROADSTER","2","2010","37",3,1,4500,"AUT|abri de jardin, non clos.","","","","","","","",NA,NA,NA,"","","","","","",NA,NA,NA,NA,NA,"","",NA,"","",NA,NA,NA,NA,NA,NA,"","",NA,"","",NA,NA,NA,NA,NA,NA,NA,4500,"4",3,NA,NA,NA,NA,NA,NA,NA,"NRP","NRP","NRP","NRP","1980","NRP","NRP","1977","NRP","","","","Motorcycle"
"160",195,4592,"48",1,0,3,"","",NA,NA,NA,0,4,"","","",NA,NA,0,4,"","",NA,"",NA,0,2,"","",NA,NA,NA,1,5,"2009","","","","",1,4,"2010","","",NA,NA,0,3,"",NA,NA,NA,NA,0,3,"","","",NA,NA,1,4,"2008","","","","",0,5,"","","","","",0,3,"","","","","",0,2,"","",NA,NA,NA,0,4,"","","",NA,NA,0,5,"","",NA,NA,NA,0,NA,3,"","","","","","","","","","","","","","","",NA,NA,3,2,7,1,26,"6",2010,"","2010","Vous remontiez une file de véhicules par la gauche. Un véhicule de la file a laissé passer un autre véhicule venant dun autre axe non prioritaire. Ce dernier vous a coupé la route.","1","","",NA,"",NA,"","Lors d'une remontée de file jusqu'à un feu rouge par la gauche tout en étant à peu près dans ma voie, une voiture a laissé passer une autre voiture sortant d'un chemin privé. (Vendeur de voiture). Le soleil était assez bas (fin de journée) et éblouissait beaucoup le champ de vision, ce qui fait que je n'ai pas du tout vu et n'ai pas pu anticiper cette voiture. Je ne roulais pas vite à moins de 50 km/h.  J'ai vu le capot sortir et juste eu le temps de tenter un évitement, mais la voiture avançait et m'a percuté sur le côté. Cela a eu pour incidence de me projeter sur la voie opposée. Par chance, il n'y avait personne qui roulait dans le sens inverse. Je ne m'en serais peut être pas sorti si cela avait été le cas. Je pensais être en bonne forme après cette accident, cependant, au bout de 30 min, je ne pouvais plus lever mon bras et les contusions commençait à se faire sentir sur tout mon côté droit. Je tiens à dire que je roulais en blouson cuir + protection, gants en cuir, bottes moto en cuir, ce qui m'a surement protégé de brûlures et de plus grosses ecchimoses.","voir question précédente","J'ai tenté un évitement mais bien trop tard malheureusement, la voiture continuant d'avancer, le choc fut inévitable.","2","0","","","soleil dans les yeux, et cachée par une autre voiture, je n'ai pas pu voir la voiture avant qu'elle ne soit devant moi.","2","1","2","","sortant entre les voiture, il n'a pu également me voir.","2","Je n'aurais pas du remonter la file avec le handicap du soleil à cette vitesse (moins de 50 km/h environ), mais plus à 20/30 kmh comme les voitures étaient toutes arrêtées au feu.","1","6","",NA,NA,"","","2",NA,NA,NA,NA,"1",NA,"?!","4","1","2","","1","1","3","4","1","1","1","2",1,4,4,4,4,1,5,NA,NA,NA,NA,NA,NA,NA,1,"AUT|feu temporaire pour travaux, l'intersection n'était pas aménagée pour un feu + bouchon.","","","",NA,NA,NA,NA,2,2,NA,2,1,1,1,30,60,0,10,0,"2","","","",NA,NA,"4","1","","",NA,2,1,4,6,NA,NA,NA,NA,NA,1,0,1,"2","1",2,0,45,1,10,2,3,4,NA,NA,NA,"",NA,"4","4","4","4","4","4","TRIUMPH","675","DAYTONA","SPORTIVE","2","1","1",1,1,1,"1",1,1,1,"1","1000","12","1","1","SUZUKI","600","BANDIT-S","ROADSTER","2","4","4","17MAY1982","5","2","3",2,3,4,1,"NRP","","","",2,0,0,1,0,1,"TRIUMPH",1050,"SPEED TRIPLE","ROADSTER","2","2012","28",1,2,7000,"7","","","","","","","",NA,NA,NA,"","","","","","",NA,NA,NA,NA,NA,"","",NA,"","",NA,NA,NA,NA,NA,NA,"","",NA,"","",NA,NA,NA,NA,NA,NA,NA,7000,"3",4,NA,NA,NA,NA,NA,NA,NA,"NRP","NRP","NRP","NRP","2008","NRP","NRP","2000","NRP","","","","Motorcycle"