"","Ligne","Ligne.Q.qualif","Ligne.approfondissement.Accident","ACCIDENT","NBACC1","ACCFREQUENCE1","ANNEEACC1_1","ANNEEACC1_2","ANNEEACC1_3","ANNEEACC1_4","ANNEEACC1_5","NBACC2","ACCFREQUENCE2","ANNEEACC2_1","ANNEEACC2_2","ANNEEACC2_3","ANNEEACC2_4","ANNEEACC2_5","NBACC3","ACCFREQUENCE3","ANNEEACC3_1","ANNEEACC3_2","ANNEEACC3_3","ANNEEACC3_4","ANNEEACC3_5","NBACC4","ACCFREQUENCE4","ANNEEACC4_1","ANNEEACC4_2","ANNEEACC4_3","ANNEEACC4_4","ANNEEACC4_5","NBACC5","ACCFREQUENCE5","ANNEEACC5_1","ANNEEACC5_2","ANNEEACC5_3","ANNEEACC5_4","ANNEEACC5_5","NBACC6","ACCFREQUENCE6","ANNEEACC6_1","ANNEEACC6_2","ANNEEACC6_3","ANNEEACC6_4","ANNEEACC6_5","NBACC7","ACCFREQUENCE7","ANNEEACC7_1","ANNEEACC7_2","ANNEEACC7_3","ANNEEACC7_4","ANNEEACC7_5","NBACC8","ACCFREQUENCE8","ANNEEACC8_1","ANNEEACC8_2","ANNEEACC8_3","ANNEEACC8_4","ANNEEACC8_5","NBACC9","ACCFREQUENCE9","ANNEEACC9_1","ANNEEACC9_2","ANNEEACC9_3","ANNEEACC9_4","ANNEEACC9_5","NBACC10","ACCFREQUENCE10","ANNEEACC10_1","ANNEEACC10_2","ANNEEACC10_3","ANNEEACC10_4","ANNEEACC10_5","NBACC11","ACCFREQUENCE11","ANNEEACC11_1","ANNEEACC11_2","ANNEEACC11_3","ANNEEACC11_4","ANNEEACC11_5","NBACC12","ACCFREQUENCE12","ANNEEACC12_1","ANNEEACC12_2","ANNEEACC12_3","ANNEEACC12_4","ANNEEACC12_5","NBACC13","ACCFREQUENCE13","ANNEEACC13_1","ANNEEACC13_2","ANNEEACC13_3","ANNEEACC13_4","ANNEEACC13_5","NBACC14","ACCFREQUENCE14","ANNEEACC14_1","ANNEEACC14_2","ANNEEACC14_3","ANNEEACC14_4","ANNEEACC14_5","AUTRESACC","NBAUTRESACC","TOTAL_AC","ANNEEAUTREACC1","ANNEEAUTREACC2","ANNEEAUTREACC3","ANNEEAUTREACC4","ANNEEAUTREACC5","LIEUAUTREACC1","LIEUAUTREACC2","LIEUAUTREACC3","LIEUAUTREACC4","LIEUAUTREACC5","DESCRIPTIONAUTRESACC1","DESCRIPTIONAUTRESACC2","DESCRIPTIONAUTRESACC3","DESCRIPTIONAUTRESACC4","DESCRIPTIONAUTRESACC5","NBAUTRESACCCIRCUIT","NBAUTRESTOUTTERRAIN","EXPCYCLO","EXP125","EXPSUP125","ACCORDNEXTQ","CHOIXACC","RGPMTACC","RECUPANNEE","RECUPLIEU","RECUPANNE","RGPMTAC","CHOIX1","CHOIX2","CHOIX3","CHOIX4","CHOIX5","CHOIX6","CHOIX7","DESCRIPTION","RUPTURE","FAITS","ABS_REACTION","AUTRE_REACTION","PRECISIONREACTIONOUI","RECUL","PRECISIONREACTIONNON","IMPACTCOMPORTEMENT","AUTREUSAGER","REACTIONAUTREUSAGER","CONNAISSANCEREACTIONUSAGER","DIFFICULTES","AGGRAVATION","DIFFICULTES2","EMOTIONS1","EMOTIONS2","EMOTIONS3","EMOTIONS4","EMOTIONS5","EMOTIONS6","AUTRESENTIMENT","CLASSEMENTEMOTIONS1","CLASSEMENTEMOTIONS","CLASSEMENTEMOTIONS5","CLASSEMENTEMOTIONS6","CLASSEMENTEMOTIONS7","CLASSEMENTEMOTIONS8","CLASSEMENTEMOTIONS9","EXPLICATIONRESSENTI","BIENEQUIPE","ALLURE","ALLUREVITEDETAIL","ALLURELENTEDETAIL","SITUATIONPRESSE","SITUATIONDISTRAIT","SITUATIONCONFIANT","SITUATIONCONTROLE","SITUATIONLUDIQUE","SITUATIONPERF","SITUATIONSTRESS","SITUATIONFATIGUE","HUMEURNEUTRE","HUMEURGAI","HUMEURMECONTENT","HUMEURTRISTE","HUMEURCOLERE","CONTRIBUTION1","CONTRIBUTION2","CONTRIBUTION3","CONTRIBUTION4","CONTRIBUTION5","CONTRIBUTION6","CONTRIBUTION7","CONTRIBUTION8","CONTRIBUTION9","ROLEINFRA","ELEMENTINFRA1","ELEMENTINFRA2","ELEMENTINFRA3","ELEMENTINFRA4","ELEMENTINFRA5","ELEMENTINFRA6","ELEMENTINFRA7","ELEMENTINFRA8","ELEMENTINFRA9","ALCOOL","TXALCOOL","STUP","SEMAINE","MOMENTJOURNEE","TEMPS","CAUSEACC1","CAUSEACC2","CAUSEACC3","CAUSEACC4","CAUSEACC5","FORMATIONCAUSE","FORMATION1","FORMATION2","FORMATION3","FORMATION4","FORMATION5","TRAFIC","CHAUSSEE1","CHAUSSEE2","CHAUSSEE3","CHAUSSEE4","TYPEACC","BLESSURE","TETE","COU","THORAX","MEMBRESSUP","COLONNE","BASSIN","MEMBRESINF","HOPITAL","PLUS24H","TRAJET","TYPEROUTE","MOTIF","SENSTRAJET","PASSAGER","VITESSE","DESCEQ1","DESCEQ2","DESCEQ3","DESCEQ4","DESCEQ5","DESCEQ6","DESCEQ7","DESCEQ8","DESCEQ9","DESCEQ10","VEHICULEETE","VEHICULEAUTOMNE","VEHICULEPRINTEMPS","VEHICULEHIVER","VEHICULESEMAINE","VEHICULEWE","VEHMARQUE","VEHCYLINDREE","VEHMODELE","VEHSEGMENT","VEHSIDE","EQ2RMABS","EQ2RMCBS","EQ2RMABSCBS","EQ2RMREGULATEUR","EQ2RMLIMITEUR","EQ2RMPHARESDIRECT","EQ2RMCOUPURE","EQ2RMANTIPATINAGE","EQ2RMANTIXHEELING","EQ2RMSTABILILTE","VEHKM","POINTS","DUREE","AUTRE2RM","VEHPRECMARQUE","VEHPRECCYLINDREE","VEHPRECMODELE","VEHPRECSEGMENT","VEHPRECSIDE","TEMPS2RMPREC","FREQVEHPREC","DATE_NAISS","CSP","SOCIETAIRE","SALARIE","SECTEUR2RM","NBPERSFOYER","SITFAM","NBENF","TRNBENF1","TRNBENF2","TRNBENF3","TRNBENF4","NBAUTOFOYER","NBCYCLOFOYER","NBSCOOTFOYER","NBMOTOFOYER","NBTRIKEFOYER","NB2RMCONDUIT","MARQUE1","CYLINDREE1","MODELE1","SEGMENT1","SIDE1","ANMISECIRCU1","ASS1","FREQ1","USAGE1","NBKM1","GARAGE1","MARQUE2","CYLINDREE2","MODELE2","SEGMENT2","SIDE2","ANMISECIRCU2","ASS2","FREQ2","USAGE2","NBKM2","GARAGE2","MARQUE3","CYLINDREE3","MODELE3","SEGMENT3","SIDE3","ANMISECIRCU3","ASS3","FREQ3","USAGE3","NBKM3","GARAGE3","MARQUE4","CYLINDREE4","MODELE4","SEGMENT4","SIDE4","ANMISECIRCU4","ASS4","FREQ4","USAGE4","NBKM4","GARAGE4","MARQUE5","CYLINDREE5","MODELE5","SEGMENT5","SIDE5","ANMISECIRCU5","ASS5","FREQ5","USAGE5","NBKM5","GARAGE5","NBKMTOT","PERMIS1","PERMIS2","PERMIS3","PERMIS4","PERMIS5","PERMIS6","PERMIS7","PERMIS8","PERMIS9","ANPERMIS1","ANPERMIS6","ANPERMIS7","ANPERMIS2","ANPERMIS3","ANPERMIS8","ANPERMIS9","ANPERMIS4","ANPERMIS5","X","X.1","X.2","isScooter"
"161",509,4593,"304",1,0,3,"","",NA,NA,NA,0,4,"","","",NA,NA,0,4,"","",NA,"",NA,0,4,"","",NA,NA,NA,0,4,"","","","","",0,4,"","","",NA,NA,0,2,"",NA,NA,NA,NA,0,4,"","","",NA,NA,1,4,"1995","","","","",0,3,"","","","","",0,5,"","","","","",0,2,"","",NA,NA,NA,0,4,"","","",NA,NA,0,4,"","",NA,NA,NA,0,NA,1,"","","","","","","","","","","","","","","",NA,NA,0,1,28,1,41,"9",1995,"","1995","Vous avez fait une sortie de route, une perte de contrôle ou une glissade sans rien percuter.","4","","",NA,"",NA,"","balade moto, les 2 premiers ont un accident en sortie de virage. les suivants s'arrètent. un délais après un 2eme groupe dont j'etais devant arrive, on découvrent l'accident apres le virage, je vais ou y a personne c'est à dire au fossé. j'arrive la moto debout moi toujours assis dessus. donc content sauf que comme j'ai freiné , le poignet droit à pris le choc et donc les 2 os cassé. hopital, opération, rapatriement IMA. 2 mois d'arrets.","Le fait que l'accident est lieu en sortie de virage sans visibilité est que personne n'est pensé à aller le signaler","quand j'ai découvert la situation. tout le monde etait sur la chaussé, j'ai freiné et pourqui , pourquoi le seul endroit ou il y avait personne c'etait le fossé, alors j'y suis allé","NRP","0","","","parce que j'ai pas réfléchi, ça c'est passé trop vite.","3","1","NSP","","NSP","2","ce sont eu qu'ils l'on eu","2","","",NA,NA,"","","",1,NA,NA,NA,"",NA,"On s'attend pas obligatoirement à découvrir un accident à la sortie d'un virage.","4","3","","","1","1","3","4","4","1","1","1",3,4,4,4,4,10,NA,NA,NA,NA,NA,NA,NA,NA,1,"2","","","",NA,NA,NA,NA,2,2,NA,2,2,1,1,10,80,0,10,0,"2","","","",NA,NA,"2","1","","",NA,2,1,4,NA,NA,NA,NA,NA,NA,1,1,3,"2","3",NA,0,70,1,10,2,3,5,NA,NA,NA,"",NA,"4","4","4","4","4","4","YAMAHA","400","XJ","ROADSTER","2","1","1",1,1,1,"1",1,1,1,"1","NSP","12","4","1","HONDA","125","CB-TWIN","ROADSTER","2","3","4","12MAR1966","2","1","3",2,2,3,NA,"NRP","","","",2,0,0,1,0,1,"YAMAHA",1000,"FZS FAZER","ROADSTER","2","1994","37",3,1,5000,"7","","","","","","","",NA,NA,NA,"","","","","","",NA,NA,NA,NA,NA,"","",NA,"","",NA,NA,NA,NA,NA,NA,"","",NA,"","",NA,NA,NA,NA,NA,NA,NA,5000,"3",4,NA,NA,NA,NA,NA,NA,NA,"NRP","NRP","NRP","NRP","1987","NRP","NRP","1989","NRP","","","","Motorcycle"
"162",569,4605,"182",1,0,2,"","",NA,NA,NA,0,5,"","","",NA,NA,0,6,"","",NA,"",NA,0,3,"","",NA,NA,NA,0,3,"","","","","",0,5,"","","",NA,NA,0,4,"",NA,NA,NA,NA,0,4,"","","",NA,NA,0,4,"","","","","",0,4,"","","","","",0,5,"","","","","",0,2,"","",NA,NA,NA,0,3,"","","",NA,NA,0,2,"","",NA,NA,NA,1,1,1,"2012","","","","","culoz","","","","","J'ai percuté un sanglier à une vitesse de 100kmh environ, sur une départementale . Il y avait une battue en cours , responsabilité des chasseurs a été retenue.","","","","",0,0,4,1,20,1,71,"15",2012,"culoz","2012","Autre(s) type(s) d'accident(s).","1","","",NA,"",NA,"","Je roulais à vitesse raisonnable(calé à 100kms/h compteur), avec une vue dégagée sur la route , par beau temps et sans circulation , en rase campagne , départementale bordée d'un côté par un talus et de l'autre côté par un bois. Je n'ai pas vu le sanglier surgir sur la route ,  je me souviens vaguement d'une tâche brunâtre à gauche sur le côté de la moto, avant le choc , dont je ne souviens pas par ailleurs... Je me suis ""réveillé"" rapidement , étendu dans le talus , à 35mètres du choc initial.Un cycliste me parlait , disait avoir entendu l'animal qui est finalement passé derrière lui (le cycliste m'a croisé juste avant l'accident) et...devant moi; Je ne me savais pas ce que je faisais ici , jusqu'à ce que je vois l'animal gisant à 4 mètres de moi, et ensuite la moto(épave) plantée dans le taillis à droite de la route. Pas de dégats corporels (un miracle) , à part un gros hématome au tibia (tibia dans le guidon lors de l'éjection)et des vertiges qui dureront tt  de même 3 semaines. Il y a eu procès verbal de gendarmerie qui notifiera qu'il y avait une battue au sanglier , proche de la route , ce jour là , ce qui dégagera ma responsabilité.Le sanglier en question était bien traqué à ce moment.","Acte de chasse sans panneautage de prévention des usagers de la route (trop) proche de la battue.","NRP","2","0","","","Aucun signe de danger imminent ,visibilité restreinte des abords de la route (bois) l'animal étant poursuivi , il courrait à vive allure,et donc inévitable...","2","0","","","","","","7","","",NA,NA,"","","",NA,NA,NA,NA,"",NA,"","3","3","","","3","2","4","4","3","1","3","2",4,4,3,4,4,3,NA,NA,NA,NA,NA,NA,NA,NA,2,"","","","",NA,NA,NA,NA,2,2,NA,2,2,1,1,5,0,95,0,0,"2","","","",NA,NA,"1","1","","",NA,2,1,7,NA,NA,NA,NA,NA,NA,1,0,2,"2","3",NA,0,100,1,10,2,3,4,7,NA,NA,"",NA,"3","3","3","2","2","3","BMW","1200","R1200RT PACK","Routière / GT","2","0","0",0,1,1,"1",1,0,0,"1","20000","12","4","1","YAMAHA","1300","FJR","Routière / GT","2","4","3","23OCT1964","5","2","3",2,5,4,3,"NRP","","","",3,1,0,2,0,1,"BMW",1600,"K1600GT PACK 1 ET SECURITE","Routière / GT","2","2012","29",3,1,10000,"7","","","","","","","",NA,NA,NA,"","","","","","",NA,NA,NA,NA,NA,"","",NA,"","",NA,NA,NA,NA,NA,NA,"","",NA,"","",NA,NA,NA,NA,NA,NA,NA,10000,"4",3,NA,NA,NA,NA,NA,NA,NA,"NRP","NRP","NRP","NRP","1984","NRP","NRP","1982","NRP","","","","Motorcycle"
"163",521,4606,"31",1,0,6,"","",NA,NA,NA,0,5,"","","",NA,NA,0,6,"","",NA,"",NA,0,3,"","",NA,NA,NA,0,6,"","","","","",0,5,"","","",NA,NA,0,3,"",NA,NA,NA,NA,0,3,"","","",NA,NA,2,2,"2010","2011","","","",0,6,"","","","","",0,4,"","","","","",0,2,"","",NA,NA,NA,1,5,"2014","","",NA,NA,0,6,"","",NA,NA,NA,0,NA,3,"","","","","","","","","","","","","","","",NA,NA,3,2,2,1,61,"13",2014,"","2014","Vous circuliez derrière un véhicule. Ce véhicule a freiné ou a ralenti et vous lavez percuté par larrière.","3","","",NA,"",NA,"","Cet accident est survenue à Lyon en centre ville, ça faisait 3 jours que je circulait dans le centre ville car je venais de commencer un nouveau travail.  Un véhicule à ma droite à brusquement changé de file pour venir sur la mienne, j'ai donc fait une manoeuvre d'évitement tout en surveillant ses faits et gestes pour veiller à ce qu'il stop sa manoeuvre.  C'est à ce moment la que je récupère l'équilibre de ma moto et que je reprend mon chemin mais en tournant les yeux vers l'avant je vois le véhicule devant moi qui est à l'arrêt, je n'ai même pas eu le temps de freiner que j'ai tapé la tête dans la lunette arrière de la voiture et que la moto s'est couché par terre.  Le temps que je me relève, le véhicule qui m'a coupé la route était déjà partit et la personne que j'ai accidenté à voulu faire un constat.  Je me suis senti très con ...","L'évitement d'un véhicule se déportant sur ma voie","Le véhicule qui me coupait la route à freiné tardivement après avoir entendu mon klaxon ce qui m'a obligé à faire un évitement très appuyé, je n'ai eu le temps d'actionner aucune commande après mon évitement car mon attention était fixé sur le conducteur qui m'a coupé la route, j'ai regardé devant seulement 1 ou 2 secondes après et il n'y a eu même pas une seconde entre le temps ou j'ai vu la voiture devant moi et l'impact","3","1","J'aurais du garder mon attention sur ce qui se trouvait devant moi et ne pas prêter plus d'attention à la voiture qui me coupait la route","Je n'ai pas agi ainsi car je part au quart de tour et que je laisse rarement une action me mettant en danger impunie, si j'avais pas eu cet accident j'aurais voulu toucher deux mots à l'imbécile qui à manqué de me tuer !","","2","1","2","","Ils n'ont eu aucune difficultés, c'est à se demander si il étaient même au courant de ma présence sur la chaussé ...","1","Sans la voiture qui m'a coupé la route, rien ne serait arrivé !","2","3","6",NA,NA,"","","",1,3,NA,NA,"2",NA,"Je ne m'attendais pas du tout à voir une voiture arrêté devant moi, le trafic était très fluide et la voiture dans laquelle je suis rentré n'avait elle même personne devant elle","3","3","","","1","1","3","4","NSP","1","1","1",1,4,4,4,4,10,NA,NA,NA,NA,NA,NA,NA,NA,2,"","","","",NA,NA,NA,NA,2,2,NA,2,1,1,1,15,85,0,0,0,"2","","","",NA,NA,"2","1","","",NA,1,NA,NA,NA,NA,NA,NA,NA,NA,NA,NA,3,"1","1",1,0,43,1,10,2,3,4,7,NA,NA,"",NA,"4","4","4","4","4","4","HONDA","250","CRF-M","TRAIL / SUPERMOTARD","2","1","1",1,1,1,"1",1,1,1,"1","6000","12","2","1","HONDA","250","CRF-L","TRAIL / SUPERMOTARD","2","3","4","12SEP1993","7","1","2",2,5,5,0,"NRP","","","",4,1,0,3,0,1,"HONDA",250,"CRF-L","TRAIL / SUPERMOTARD","2","2013","37",2,1,6000,"4","","","","","","","",NA,NA,NA,"","","","","","",NA,NA,NA,NA,NA,"","",NA,"","",NA,NA,NA,NA,NA,NA,"","",NA,"","",NA,NA,NA,NA,NA,NA,NA,6000,"1",2,3,4,NA,NA,NA,NA,NA,"2008","NRP","NRP","2011","2012","NRP","NRP","2012","NRP","","","","Motorcycle"
"164",1082,4613,"106",1,0,4,"","",NA,NA,NA,0,5,"","","",NA,NA,0,3,"","",NA,"",NA,0,3,"","",NA,NA,NA,0,4,"","","","","",0,3,"","","",NA,NA,0,3,"",NA,NA,NA,NA,0,4,"","","",NA,NA,1,5,"2013","","","","",0,4,"","","","","",0,5,"","","","","",0,2,"","",NA,NA,NA,0,4,"","","",NA,NA,0,2,"","",NA,NA,NA,1,2,3,"NSP","2013","","","","Strasbourg","Strasbourg","","","","Pendant le dépassement d'un véhicule celui-ci déboîte sans m'avoir remarqué (angle mort).","Freinage à 5 klm/h sur un passage piéton goudronné (pour ""l'effacer"") et humide.","","","",0,0,0,0,22,1,71,"15",NA,"Strasbourg","-1","Autre(s) type(s) d'accident(s).","4","","",NA,"",NA,"","Nous sommes en ville. Je commence à dépasser une automobile et arrivé aux 3/4 arrière elle déboîte. J'accélère en me déportant à gauche, mais arrivé sur la bande blanche (trait continu c'était une 4 voies) qui était humide la moto patine et je me fais éjecter (façon rodéo). Blackout et réveil entrain de terminer la glissade avec le pot d'échappement sur le pied. Un voisin qui passait par là me soulève la moto pour me dégager. Ensuite je me fais engueuler par la conductrice (ça a effrayé ses enfants, etc même pas demandé comment j'allais). Puis intervention pompiers police (juste pour l'alcootest). Tout ça pour l'oubli de tourner la tête afin d'éliminer l'angle mort.","J'aurai du freiner au lieu d'accélérer.","J'ai accéléré et la voiture continuait à se déporter. Elle ne m'a jamais vu avant que je ne passe en glissade devant sa voiture.","NRP","1","Freiner tout simplement aurait évité l'accident.","Réflexe idiot.","","2","1","2","","Ne m'a pas vu à cause de l'angle mort.","1","Tourner la tête est enseigné au permis.","8","","",NA,NA,"","","",NA,NA,NA,NA,"",NA,"","3","3","","","1","1","4","4","1","1","1","1",2,4,4,4,4,4,5,NA,NA,NA,NA,NA,NA,NA,1,"1","","","",NA,NA,NA,NA,2,2,NA,2,2,1,2,10,80,0,10,0,"2","","","",NA,NA,"2","2","","",NA,2,1,4,6,7,NA,NA,NA,NA,1,0,1,"1","1",2,0,60,1,10,2,5,NA,NA,NA,NA,"",NA,"4","4","4","4","4","4","SUZUKI","1200","BANDIT-S","ROADSTER","2","1","1",1,1,1,"1",1,1,1,"1","NSP","12","4","1","SUZUKI","750","GSX-F","Routière / GT","2","4","4","18JUN1965","7","1","3",2,5,4,3,"NRP","","","",2,0,0,1,0,1,"SUZUKI",1200,"BANDIT-S","ROADSTER","2","2001","37",1,2,6000,"7","","","","","","","",NA,NA,NA,"","","","","","",NA,NA,NA,NA,NA,"","",NA,"","",NA,NA,NA,NA,NA,NA,"","",NA,"","",NA,NA,NA,NA,NA,NA,NA,6000,"4",9,NA,NA,NA,NA,NA,NA,NA,"NRP","NRP","NRP","NRP","NRP","NRP","1993","1983","NRP","","","","Motorcycle"
"165",187,4615,"190",1,0,6,"","",NA,NA,NA,1,5,"1996","","",NA,NA,0,6,"","",NA,"",NA,0,4,"","",NA,NA,NA,0,5,"","","","","",0,4,"","","",NA,NA,0,4,"",NA,NA,NA,NA,0,5,"","","",NA,NA,0,4,"","","","","",0,5,"","","","","",0,5,"","","","","",0,5,"","",NA,NA,NA,0,4,"","","",NA,NA,0,4,"","",NA,NA,NA,0,NA,1,"","","","","","","","","","","","","","","",NA,NA,0,0,18,1,6,"2",1996,"","1996","Vous circuliez derrière un véhicule. Ce véhicule a ralenti. Vous avez entrepris de dépasser ce véhicule par la gauche et celui-ci vous a coupé la route en tournant à gauche (ou en effectuant un œ tour","4","","",NA,"",NA,"","Je suivais depuis plusieurs kilomètres une voiture qui roulait tranquillement, comme nous. C'était un dimanche en fin d'après midi et nous revenions de balade avec mon amie qui était passagère. La voiture s'est arrêtée sur la droite et a aussitôt braqué ses roues pour faire demi tour, sans clignotant, alors qu'il y avait un rond point quelques dizaines de mètres plus loin. Je n'ai pas eu le temps de m'arrêter et me suis par réflex déporté sur la gauche. J'ai percuté la voiture au niveau de la roue avant gauche et nous avons été projetés. Si le conducteur avait mis sont clignotant et attendu quelques instant avant de faire demi tour, je pense que j'aurais eu le temps de m'arrêter. Il aurait encore été plus judicieux de faire demi-tour dans le rond point. Comme le conducteur n'était pas assuré, je me demande s'il n'a pas vu les gendarmes dans le rond point et fait demi tour pour les éviter. En effet des gendarmes sont arrivés sur les lieux très rapidement après l'accident. Le conducteur de la voiture et sa passagère ont été entendus le soir même par les gendarmes et ont eu le sang froid (alors qu'ils avaient fait demi-tour sur une ligne blanche, sans clignotant, sans assurance et sans regarder derrière eux, et ainsi failli nous tuer tous les deux) de déclarer pour l'un que je n'avais pas mis mon phare (ce qui était faux) et l'autre, que je roulais trop vite !","Le demi tour brusque et non signalé de la voiture","J'ai tenté de freiner mais je ne sais même pas si j'ai eu le temps de le faire, ou sur quelques mètres ce qui n'a pas ralenti beaucoup la moto.","NRP","0","","","Trop peu de temps, j'ai donc agi par reflex.","2","1","2","","NSP","2","NRP","1","2","6",9,NA,"","Je pensais mourir.","2",NA,NA,NA,NA,"3",1,"Je savais que je roulais environ à 80km/h, que je n'avais quasiment pas freiné, et que l'aile de la voiture était à 1 ou 2 mètres de ma roue avant.","2","3","","","1","1","3","3","2","1","1","1",4,3,4,4,4,10,NA,NA,NA,NA,NA,NA,NA,NA,1,"4","","","",NA,NA,NA,NA,2,2,NA,2,2,1,1,5,95,0,0,0,"2","","","",NA,NA,"2","1","","",NA,2,1,1,2,4,7,NA,NA,NA,0,NA,2,"2","3",NA,1,80,1,10,2,3,4,NA,NA,NA,"",NA,"4","3","3","2","3","4","HONDA","750","XLV-R","TRAIL / SUPERMOTARD","2","1","1",1,1,1,"1",1,1,1,"1","50000","12","1","0","","","","","","","","22MAR1967","5","1","3",2,2,2,1,"NRP","","","",3,0,0,2,0,2,"HONDA",600,"TRANSALP","TRAIL / SUPERMOTARD","2","1997","37",3,1,5000,"7","BMW","1150","R1150RT","Routière / GT","2","2002","37",2,2,6000,"7","","","","","",NA,NA,NA,NA,NA,"","",NA,"","",NA,NA,NA,NA,NA,NA,"","",NA,"","",NA,NA,NA,NA,NA,NA,NA,11000,"3",4,NA,NA,NA,NA,NA,NA,NA,"NRP","NRP","NRP","NRP","1996","NRP","NRP","1985","NRP","","","","Motorcycle"
"166",761,4622,"167",1,0,5,"","",NA,NA,NA,0,5,"","","",NA,NA,0,6,"","",NA,"",NA,0,6,"","",NA,NA,NA,1,5,"2000","","","","",0,5,"","","",NA,NA,0,3,"",NA,NA,NA,NA,0,4,"","","",NA,NA,2,4,"2002","2009","","","",0,6,"","","","","",0,4,"","","","","",0,2,"","",NA,NA,NA,0,2,"","","",NA,NA,0,1,"","",NA,NA,NA,0,NA,3,"","","","","","","","","","","","","","","",NA,NA,4,0,14,1,21,"5",2000,"","2000","Vous circuliez sur un axe prioritaire. Un véhicule venant dun axe non prioritaire vous a coupé la route.","4","","",NA,"",NA,"","Un automobiliste sort d'un parking, freine en me voyant arriver, hésite, s'avance, freine, hésite à nouveau et me coupe le chemin exactement au moment où j'arrive à sa hauteur. Je cherche à éviter et je chute. Genou abîmé, épaule luxée et moto sérieusement touchée. Le pire est qu'il a fait marche arrière dans le parking pour faire croire à une chute spontanée de ma part. Heureusement que des témoins on assisté à la scène...Donc, blessé, écoeuré par l'automobiliste qui n'assume pas et mon premier (et seul) départ en vacances à moto du lendemain annulé.","Le coup de frein de l'automobiliste à la sortie du parking m'a laissé croire qu'il allait s'arrêter et après avoir ralenti, j'ai ré accéléré pour passer. Il a probablement penser la même chose.","Malgré tout ce qu'on apprend au permis, la première manuvre d'évitement ""en live"" s'est soldée par une chute car un (mauvais) réflexe m'a probablement fait braquer et freiner en même temps.","NRP","1","1/ j'aurais dû continuer à ralentir, malgré l'arrêt de l'automobiliste à la sortie du parking. Juste au cas où.  2/ D'une manière ou d'une autre, il faudrait s'entraîner régulièrement au freinage d'urgence et aux manuvres d'évitement pour que cela devienne un réflexe","Je faisais trop confiance aux autres usagers de la route","","2","1","2","","J'imagine qu'il a crû pouvoir passer avant moi","1","S'il s'était arrêté en sortie de parking et m'avait laissé la priorité, comme le code de la route et la logique l'exigent, il n'y aurait pas eu d'accident","7","","",NA,NA,"","","",NA,NA,NA,NA,"",NA,"","3","1","1","","1","1","4","4","2","1","1","1",2,3,4,4,4,5,7,NA,NA,NA,NA,NA,NA,NA,2,"","","","",NA,NA,NA,NA,2,2,NA,2,1,1,1,20,80,0,0,0,"2","","","",NA,NA,"1","1","","",NA,2,1,4,7,NA,NA,NA,NA,NA,1,0,1,"1","1",2,0,60,1,10,2,4,7,NA,NA,NA,"",NA,"4","4","4","4","4","4","SUZUKI","650","SV-N","ROADSTER","2","1","1",1,1,1,"1",1,1,1,"1","NSP","12","2","0","","","","","","","","27NOV1967","5","1","3",2,3,4,1,"NRP","","","",2,0,0,1,0,1,"DUCATI",848,"STREETFIGHTER","ROADSTER","2","2013","37",3,2,5000,"7","","","","","","","",NA,NA,NA,"","","","","","",NA,NA,NA,NA,NA,"","",NA,"","",NA,NA,NA,NA,NA,NA,"","",NA,"","",NA,NA,NA,NA,NA,NA,NA,5000,"2",3,4,NA,NA,NA,NA,NA,NA,"NRP","NRP","NRP","1986","1999","NRP","NRP","1986","NRP","","","","Motorcycle"
"167",84,4623,"68",1,0,5,"","",NA,NA,NA,0,5,"","","",NA,NA,1,5,"1985","",NA,"",NA,0,5,"","",NA,NA,NA,0,5,"","","","","",0,4,"","","",NA,NA,0,4,"",NA,NA,NA,NA,0,5,"","","",NA,NA,1,5,"1985","","","","",0,6,"","","","","",0,5,"","","","","",0,5,"","",NA,NA,NA,1,5,"1988","","",NA,NA,0,5,"","",NA,NA,NA,0,NA,3,"","","","","","","","","","","","","","","",NA,NA,2,0,30,1,41,"9",1985,"","1985","Vous avez fait une sortie de route, une perte de contrôle ou une glissade sans rien percuter.","5","","",NA,"",NA,"","Perte de contrôle de la moto par temps de pluie sur des ""zebras"" sur une départementale, sans vitesse excessive. Glissade sur environ 50 m, heureusement sans aucun véhicule en face ni derrière moi.","la pluie et les bandes blanches peintes au sol (zébras)","NRP","AUT|éjecté de la moto","0","","","à cause de la soudaineté de l'accident","1","0","","","","","","1","","",NA,NA,"","","1",NA,NA,NA,NA,"",NA,"Quand j'ai été éjecté j'ai vu la moto m'arriver dessus et ai eu peur de me faire écraser","2","3","","","3","1","3","4","1","1","1","1",1,4,4,4,4,5,7,NA,NA,NA,NA,NA,NA,NA,1,"1","2","","",NA,NA,NA,NA,2,2,NA,2,1,3,2,25,0,0,50,25,"NSP","","","",NA,NA,"1","2","","",NA,1,NA,NA,NA,NA,NA,NA,NA,NA,NA,NA,1,"2","1",2,0,80,1,10,2,3,5,NA,NA,NA,"",NA,"4","4","4","4","4","4","HONDA","400","CB-N","ROADSTER","2","1","1",1,1,1,"1",1,1,1,"1","50000","12","4","0","","","","","","","","23JUN1962","7","1","3",2,2,3,NA,"NRP","","","",2,0,0,1,0,1,"BMW",1200,"K1200RS","Routière / GT","2","1998","37",2,2,4000,"7","","","","","","","",NA,NA,NA,"","","","","","",NA,NA,NA,NA,NA,"","",NA,"","",NA,NA,NA,NA,NA,NA,"","",NA,"","",NA,NA,NA,NA,NA,NA,NA,4000,"4",3,NA,NA,NA,NA,NA,NA,NA,"NRP","NRP","NRP","NRP","1983","NRP","NRP","1981","NRP","","","","Motorcycle"