"","Ligne","Ligne.Q.qualif","Ligne.approfondissement.Accident","ACCIDENT","NBACC1","ACCFREQUENCE1","ANNEEACC1_1","ANNEEACC1_2","ANNEEACC1_3","ANNEEACC1_4","ANNEEACC1_5","NBACC2","ACCFREQUENCE2","ANNEEACC2_1","ANNEEACC2_2","ANNEEACC2_3","ANNEEACC2_4","ANNEEACC2_5","NBACC3","ACCFREQUENCE3","ANNEEACC3_1","ANNEEACC3_2","ANNEEACC3_3","ANNEEACC3_4","ANNEEACC3_5","NBACC4","ACCFREQUENCE4","ANNEEACC4_1","ANNEEACC4_2","ANNEEACC4_3","ANNEEACC4_4","ANNEEACC4_5","NBACC5","ACCFREQUENCE5","ANNEEACC5_1","ANNEEACC5_2","ANNEEACC5_3","ANNEEACC5_4","ANNEEACC5_5","NBACC6","ACCFREQUENCE6","ANNEEACC6_1","ANNEEACC6_2","ANNEEACC6_3","ANNEEACC6_4","ANNEEACC6_5","NBACC7","ACCFREQUENCE7","ANNEEACC7_1","ANNEEACC7_2","ANNEEACC7_3","ANNEEACC7_4","ANNEEACC7_5","NBACC8","ACCFREQUENCE8","ANNEEACC8_1","ANNEEACC8_2","ANNEEACC8_3","ANNEEACC8_4","ANNEEACC8_5","NBACC9","ACCFREQUENCE9","ANNEEACC9_1","ANNEEACC9_2","ANNEEACC9_3","ANNEEACC9_4","ANNEEACC9_5","NBACC10","ACCFREQUENCE10","ANNEEACC10_1","ANNEEACC10_2","ANNEEACC10_3","ANNEEACC10_4","ANNEEACC10_5","NBACC11","ACCFREQUENCE11","ANNEEACC11_1","ANNEEACC11_2","ANNEEACC11_3","ANNEEACC11_4","ANNEEACC11_5","NBACC12","ACCFREQUENCE12","ANNEEACC12_1","ANNEEACC12_2","ANNEEACC12_3","ANNEEACC12_4","ANNEEACC12_5","NBACC13","ACCFREQUENCE13","ANNEEACC13_1","ANNEEACC13_2","ANNEEACC13_3","ANNEEACC13_4","ANNEEACC13_5","NBACC14","ACCFREQUENCE14","ANNEEACC14_1","ANNEEACC14_2","ANNEEACC14_3","ANNEEACC14_4","ANNEEACC14_5","AUTRESACC","NBAUTRESACC","TOTAL_AC","ANNEEAUTREACC1","ANNEEAUTREACC2","ANNEEAUTREACC3","ANNEEAUTREACC4","ANNEEAUTREACC5","LIEUAUTREACC1","LIEUAUTREACC2","LIEUAUTREACC3","LIEUAUTREACC4","LIEUAUTREACC5","DESCRIPTIONAUTRESACC1","DESCRIPTIONAUTRESACC2","DESCRIPTIONAUTRESACC3","DESCRIPTIONAUTRESACC4","DESCRIPTIONAUTRESACC5","NBAUTRESACCCIRCUIT","NBAUTRESTOUTTERRAIN","EXPCYCLO","EXP125","EXPSUP125","ACCORDNEXTQ","CHOIXACC","RGPMTACC","RECUPANNEE","RECUPLIEU","RECUPANNE","RGPMTAC","CHOIX1","CHOIX2","CHOIX3","CHOIX4","CHOIX5","CHOIX6","CHOIX7","DESCRIPTION","RUPTURE","FAITS","ABS_REACTION","AUTRE_REACTION","PRECISIONREACTIONOUI","RECUL","PRECISIONREACTIONNON","IMPACTCOMPORTEMENT","AUTREUSAGER","REACTIONAUTREUSAGER","CONNAISSANCEREACTIONUSAGER","DIFFICULTES","AGGRAVATION","DIFFICULTES2","EMOTIONS1","EMOTIONS2","EMOTIONS3","EMOTIONS4","EMOTIONS5","EMOTIONS6","AUTRESENTIMENT","CLASSEMENTEMOTIONS1","CLASSEMENTEMOTIONS","CLASSEMENTEMOTIONS5","CLASSEMENTEMOTIONS6","CLASSEMENTEMOTIONS7","CLASSEMENTEMOTIONS8","CLASSEMENTEMOTIONS9","EXPLICATIONRESSENTI","BIENEQUIPE","ALLURE","ALLUREVITEDETAIL","ALLURELENTEDETAIL","SITUATIONPRESSE","SITUATIONDISTRAIT","SITUATIONCONFIANT","SITUATIONCONTROLE","SITUATIONLUDIQUE","SITUATIONPERF","SITUATIONSTRESS","SITUATIONFATIGUE","HUMEURNEUTRE","HUMEURGAI","HUMEURMECONTENT","HUMEURTRISTE","HUMEURCOLERE","CONTRIBUTION1","CONTRIBUTION2","CONTRIBUTION3","CONTRIBUTION4","CONTRIBUTION5","CONTRIBUTION6","CONTRIBUTION7","CONTRIBUTION8","CONTRIBUTION9","ROLEINFRA","ELEMENTINFRA1","ELEMENTINFRA2","ELEMENTINFRA3","ELEMENTINFRA4","ELEMENTINFRA5","ELEMENTINFRA6","ELEMENTINFRA7","ELEMENTINFRA8","ELEMENTINFRA9","ALCOOL","TXALCOOL","STUP","SEMAINE","MOMENTJOURNEE","TEMPS","CAUSEACC1","CAUSEACC2","CAUSEACC3","CAUSEACC4","CAUSEACC5","FORMATIONCAUSE","FORMATION1","FORMATION2","FORMATION3","FORMATION4","FORMATION5","TRAFIC","CHAUSSEE1","CHAUSSEE2","CHAUSSEE3","CHAUSSEE4","TYPEACC","BLESSURE","TETE","COU","THORAX","MEMBRESSUP","COLONNE","BASSIN","MEMBRESINF","HOPITAL","PLUS24H","TRAJET","TYPEROUTE","MOTIF","SENSTRAJET","PASSAGER","VITESSE","DESCEQ1","DESCEQ2","DESCEQ3","DESCEQ4","DESCEQ5","DESCEQ6","DESCEQ7","DESCEQ8","DESCEQ9","DESCEQ10","VEHICULEETE","VEHICULEAUTOMNE","VEHICULEPRINTEMPS","VEHICULEHIVER","VEHICULESEMAINE","VEHICULEWE","VEHMARQUE","VEHCYLINDREE","VEHMODELE","VEHSEGMENT","VEHSIDE","EQ2RMABS","EQ2RMCBS","EQ2RMABSCBS","EQ2RMREGULATEUR","EQ2RMLIMITEUR","EQ2RMPHARESDIRECT","EQ2RMCOUPURE","EQ2RMANTIPATINAGE","EQ2RMANTIXHEELING","EQ2RMSTABILILTE","VEHKM","POINTS","DUREE","AUTRE2RM","VEHPRECMARQUE","VEHPRECCYLINDREE","VEHPRECMODELE","VEHPRECSEGMENT","VEHPRECSIDE","TEMPS2RMPREC","FREQVEHPREC","DATE_NAISS","CSP","SOCIETAIRE","SALARIE","SECTEUR2RM","NBPERSFOYER","SITFAM","NBENF","TRNBENF1","TRNBENF2","TRNBENF3","TRNBENF4","NBAUTOFOYER","NBCYCLOFOYER","NBSCOOTFOYER","NBMOTOFOYER","NBTRIKEFOYER","NB2RMCONDUIT","MARQUE1","CYLINDREE1","MODELE1","SEGMENT1","SIDE1","ANMISECIRCU1","ASS1","FREQ1","USAGE1","NBKM1","GARAGE1","MARQUE2","CYLINDREE2","MODELE2","SEGMENT2","SIDE2","ANMISECIRCU2","ASS2","FREQ2","USAGE2","NBKM2","GARAGE2","MARQUE3","CYLINDREE3","MODELE3","SEGMENT3","SIDE3","ANMISECIRCU3","ASS3","FREQ3","USAGE3","NBKM3","GARAGE3","MARQUE4","CYLINDREE4","MODELE4","SEGMENT4","SIDE4","ANMISECIRCU4","ASS4","FREQ4","USAGE4","NBKM4","GARAGE4","MARQUE5","CYLINDREE5","MODELE5","SEGMENT5","SIDE5","ANMISECIRCU5","ASS5","FREQ5","USAGE5","NBKM5","GARAGE5","NBKMTOT","PERMIS1","PERMIS2","PERMIS3","PERMIS4","PERMIS5","PERMIS6","PERMIS7","PERMIS8","PERMIS9","ANPERMIS1","ANPERMIS6","ANPERMIS7","ANPERMIS2","ANPERMIS3","ANPERMIS8","ANPERMIS9","ANPERMIS4","ANPERMIS5","X","X.1","X.2","isScooter"
"168",497,4644,"153",1,0,2,"","",NA,NA,NA,0,3,"","","",NA,NA,0,2,"","",NA,"",NA,0,3,"","",NA,NA,NA,0,6,"","","","","",0,1,"","","",NA,NA,0,1,"",NA,NA,NA,NA,0,5,"","","",NA,NA,0,4,"","","","","",0,5,"","","","","",0,3,"","","","","",0,3,"","",NA,NA,NA,1,5,"2014","","",NA,NA,0,4,"","",NA,NA,NA,0,NA,1,"","","","","","","","","","","","","","","",NA,NA,4,0,4,1,61,"13",2014,"","2014","Vous circuliez derrière un véhicule. Ce véhicule a freiné ou a ralenti et vous lavez percuté par larrière.","1","","",NA,"",NA,"","Juste après une intersection, Jarrive sur les quais de Seine en sens unique, 3 voies,  je suis sur la voie centrale, au milieu de la voie (pas en interfile). La circulation est lente (heureusement), et il commence à pleuvoir une petite bruine. Je laisse donc une dizaine de mètre avec la voiture qui me précède. Une voiture sur ma gauche déboite subitement devant moi et pile aussitôt car devant cela freine brusquement, je freine, verglas dété, labs senclenche, autant dire plus de frein, et je finis dans le pare-chocs de cette fameuse voiture. Moralité, rouler en interfile !","Déboitement de voiture sans regarder, sans clignotant","Prise en frein avant (trop) violante. Acune réaction de l'autre usagé, il n'a rien calculé.","NRP","1","Une meilleure utilisation du frein arrière aurait limité le transfert de charge. A l'époque je l'utilisais moins qu'aujourd'hui. Sur ma moto précédente c'était une daube.","Les mauvaises habitudes de freinage, tant que cela marche, pourquoi changer.","","2","1","2","","Sans doute encore un automobiliste atteint du torticoli chronique.","1","NRP","2","6","",NA,NA,"","","",1,NA,NA,NA,"2",NA,"NRP","4","3","","","1","1","2","4","1","1","2","1",1,4,4,4,4,10,NA,NA,NA,NA,NA,NA,NA,NA,2,"","","","",NA,NA,NA,NA,2,2,NA,2,1,1,2,0,50,0,0,50,"2","","","",NA,NA,"3","AUT|verglas d'été en formation","","",NA,1,NA,NA,NA,NA,NA,NA,NA,NA,NA,NA,1,"1","1",2,0,30,1,2,3,4,7,NA,NA,NA,"",NA,"4","4","4","4","4","4","HONDA","1000","CBF-F C-ABS","ROADSTER","2","0","0",0,1,1,"1",1,1,1,"1","40000","11","4","1","YAMAHA","600","XJ6","ROADSTER","2","3","4","25JUL1973","5","2","3",2,2,3,NA,"NRP","","","",2,0,0,1,0,1,"HONDA",1000,"CB-F ABS","ROADSTER","2","2010","31",1,2,16000,"4","","","","","","","",NA,NA,NA,"","","","","","",NA,NA,NA,NA,NA,"","",NA,"","",NA,NA,NA,NA,NA,NA,"","",NA,"","",NA,NA,NA,NA,NA,NA,NA,16000,"3",4,NA,NA,NA,NA,NA,NA,NA,"NRP","NRP","NRP","NRP","2010","NRP","NRP","1992","NRP","","","","Motorcycle"
"169",906,4649,"188",1,0,6,"","",NA,NA,NA,0,6,"","","",NA,NA,0,6,"","",NA,"",NA,0,5,"","",NA,NA,NA,0,5,"","","","","",0,5,"","","",NA,NA,0,6,"",NA,NA,NA,NA,1,5,"1993","","",NA,NA,0,4,"","","","","",0,4,"","","","","",0,5,"","","","","",0,3,"","",NA,NA,NA,0,4,"","","",NA,NA,0,6,"","",NA,NA,NA,0,NA,1,"","","","","","","","","","","","","","","",NA,NA,3,4,22,1,36,"8",1993,"","1993","Vous avez fait une sortie de route, une perte de contrôle ou une glissade puis avez percuté un obstacle fixe (panneau, arbre poteau ).","1","","",NA,"",NA,"","J'étais fatigué de la veille. Pas d'alcool, mais une nuit passée chez ma petite amie de l'époque.  Comme tous les matins, bouchons sur l'autoroute entre Évry et Paris  Ça faisait plusieurs mois que je prenais cette autoroute, je le connaissais à fond! Trop bien même ! Je remontais la file de voitures arrêtées entre la file de gauche et la file centrale. Je roulais à 50 kms/h environ, ce qui était trop de différence avec les voitures. Mais au fil des mois, je prenais de lassurance et passais de plus en plus vite. Au loin, une camionnette déboite du centre, vers la voie de gauche. Jattrape le frein avant en mode réflexe. Mais je suis sur la ligne en pointillée séparant les deux voies, en plus, il a plu dans la nuit, la route est grasse (il navait pas plu depuis plusieurs jours).  Immédiatement, ma roue avant part et cest la chute ! Je glisse, tape un peu dans une voiture, la moto tape doucement dans une autre moto qui était devant (il naura absolument rien, il ne sest même pas arrêté plus de dix secondes).. Je me relève, je ne sais pas qui relève ma moto et la pousse sur la BAU. Je massois sur la BAU et regardent les morceaux de ma moto sautiller sous les voitures qui avancent un peu  Pompiers pour un bilan : juste quelques hématomes et un coup du lapin dont je garderai des douleurs durant plusieurs années. Voilà : Fatigue + trop vite + pluie + gras + marquage au sol+ trop sûr de soi = beaucoup trop pour rester sur ses deux roues :-)","je n'ai pas eu à réfléchir, j'ai attrappé la poignée de frein trop fort par rapport à l'adhérence. Immédiatement, ma roue avant s'est bloquée et j'ai chuté.","Indifférence totale des usagers sur toute la durée. le motard de devant dans lequel ma moto s'est arrétée, ne s'est pas arrété plus de dix secondes, le temps de vérifier qu'il n'avait rien.  Moi, j'ai glissé quelques mètres et me suis arrété contre une roue arrière de voiture. l'automobiliste est venu voir si ça voiture n'avait rien, je me suis levé et me suis dirigé vers la BAU et lui est aussi repartit. je me suis assis sur la BAU et ait attendu les pompiers seul ...","1","1","Parir plus tranquillement le matin, en étant moins pressé, en roulant avec moins de différentiel avec les autres voitures. En prenant conscience que ça glissait  Je suis sûr, et ça m'est arrivé plusieurs fois depuis, que ça n'aurait été rien d'autre qu'un petit coup de frein ...","manque d'expérience, stress d'être en retard jeunesse qui fait que l'on a l'impression d'hyper bien maitriser sa moto","","2","0","","","","","","7","8","",NA,NA,"","","",NA,NA,NA,NA,"",NA,"","2","1","4","","4","3","4","4","2","2","3","4",1,3,4,4,4,1,3,5,NA,NA,NA,NA,NA,NA,1,"1","","","",NA,NA,NA,NA,2,2,NA,2,1,1,2,75,5,0,10,10,"NSP","","","",NA,NA,"4","2","","",NA,2,1,2,4,7,NA,NA,NA,NA,0,NA,1,"3","1",1,0,50,1,10,2,3,5,NA,NA,NA,"",NA,"4","4","4","4","4","4","YAMAHA","600","XJ-S DIVERSION","ROADSTER","2","1","1",1,1,1,"1",1,1,1,"1","40000","12","3","1","YAMAHA","125","DTLC","TRAIL / SUPERMOTARD","2","4","4","21MAR1971","5","1","3",2,4,4,2,"NRP","","","",2,0,0,1,0,1,"SUZUKI",1000,"V-STROM","TRAIL / SUPERMOTARD","2","2005","37",2,2,10000,"7","","","","","","","",NA,NA,NA,"","","","","","",NA,NA,NA,NA,NA,"","",NA,"","",NA,NA,NA,NA,NA,NA,"","",NA,"","",NA,NA,NA,NA,NA,NA,NA,10000,"2",3,4,NA,NA,NA,NA,NA,NA,"NRP","NRP","NRP","1988","1992","NRP","NRP","1989","NRP","","","","Motorcycle"
"170",1078,4667,"175",1,0,5,"","",NA,NA,NA,0,6,"","","",NA,NA,0,6,"","",NA,"",NA,0,2,"","",NA,NA,NA,0,6,"","","","","",0,4,"","","",NA,NA,0,2,"",NA,NA,NA,NA,0,5,"","","",NA,NA,1,4,"2006","","","","",0,4,"","","","","",0,4,"","","","","",0,2,"","",NA,NA,NA,0,2,"","","",NA,NA,0,3,"","",NA,NA,NA,0,NA,1,"","","","","","","","","","","","","","","",NA,NA,0,1,8,1,41,"9",2006,"","2006","Vous avez fait une sortie de route, une perte de contrôle ou une glissade sans rien percuter.","1","2","3",4,"5",6,"","Je circulais sur une route de campagne sinueuse par une après-midi d'été très chaude et très ensoleillée. Dans une courbe à gauche, une trace d'huile située bien au milieu de ma voie (que je n'avais pas pu voir avant de rentrer dans le virage) m'a fait perdre le contrôle de ma moto qui a glissé de l'arrière. Ma moto s'est couchée et m'est tombée dessus, me fracturant la cheville gauche en deux endroits malgré mes bottines de moto. Les deux fractures étaient situées légèrement plus haut que les renforts de mes bottines. J'ai également été blessée au genou gauche (entorse et ""brûlure"" due au frottement contre le goudron - j'ai aujourd'hui encore une grosse cicatrice). Il faut dire que je portais un ""simple"" jean sans protections aux genoux. Mon blouson a été déchiré mais grâce à ses renforts, je n'ai pas été blessée sur le haut du corps. Ma moto a eu le guidon tordu, le réservoir enfoncé et le carter légèrement râpé.","La trace d'huile qui a provoqué ma chute n'était pas visible à l'entrée du virage mais seulement une fois que ma moto a été bien calée sur l'angle. Bien que ne roulant pas très vite (environ 50 km/h), je n'ai pas eu le temps de modifier ma trajectoire quand j'ai vu l'huile sur la route.","NRP","AUT|Je n'ai pas eu le temps de réagir tellement les choses sont allées vite","0","","","Les choses sont allées tellement vite qu'il ne me semble réellement pas possible que j'aie pu faire quoi que soit.","2","0","","","","","","2","6","",NA,NA,"","","",1,NA,NA,NA,"2",NA,"Je ne m'attendais absolument pas à voir une trace d'huile au milieu de ma voie de circulation.","3","3","","","1","1","3","3","3","2","1","1",4,1,4,4,4,10,NA,NA,NA,NA,NA,NA,NA,NA,1,"3","7","","",NA,NA,NA,NA,2,2,NA,2,1,1,1,0,0,0,100,0,"2","","","",NA,NA,"1","1","6","",NA,2,1,7,NA,NA,NA,NA,NA,NA,1,0,2,"2","3",NA,0,50,1,10,2,3,4,7,NA,NA,"",NA,"4","1","4","1","4","4","HONDA","500","CB 500F","ROADSTER","2","1","1",1,1,1,"1",1,1,1,"1","12000","12","1","1","HONDA","125","CBR","Routière / GT","2","3","4","02FEB1978","6","1","3",2,4,4,2,"NRP","","","",2,0,1,1,0,1,"HONDA",600,"HORNET","ROADSTER","2","2005","37",1,2,4000,"4","","","","","","","",NA,NA,NA,"","","","","","",NA,NA,NA,NA,NA,"","",NA,"","",NA,NA,NA,NA,NA,NA,"","",NA,"","",NA,NA,NA,NA,NA,NA,NA,4000,"3",4,NA,NA,NA,NA,NA,NA,NA,"NRP","NRP","NRP","NRP","2006","NRP","NRP","1996","NRP","","","","Motorcycle"
"171",577,4669,"278",1,1,6,"2013","",NA,NA,NA,0,6,"","","",NA,NA,0,6,"","",NA,"",NA,0,3,"","",NA,NA,NA,0,6,"","","","","",0,4,"","","",NA,NA,0,5,"",NA,NA,NA,NA,0,6,"","","",NA,NA,1,5,"2004","","","","",0,4,"","","","","",0,6,"","","","","",0,3,"","",NA,NA,NA,0,5,"","","",NA,NA,0,4,"","",NA,NA,NA,0,NA,2,"","","","","","","","","","","","","","","",NA,NA,0,0,8,1,1,"1",2013,"","2013","Vous circuliez sur un axe prioritaire. Un autre véhicule arrivant sur le même axe en sens opposé vous a coupé la route en tournant à gauche.","3","AUT|révélateur de la problématique des deux roues avec les autres usagers","",NA,"",NA,"","L'accrochage s'est produit à une intersection, en haut d'une côte, à Pujols, près de Villeneuve sur Lot. C'est une route avec de nombreux lacés serrés, qui ne permettent pas une grande vitesse. Je roulais à environ 70 km/h. J'ai de plus réduit encore la vitesse quand j'ai vu la voiture ralentir et mettre le clignotant à gauche.  La voiture arrivant en face, conduite par une personne d'environ 70-75 ans, s'est d'abord arrêtée, puis a démarré au moment où j'arrivais à environ 30 mètres. Elle m'a donc coupé la route pour tourner à sa gauche.  L'intersection est en biais, ce qui fait que la voiture n'était pas face à moi au milieu de ma voie, mais de 3/4 : j'ai donc plutôt glissé sur le coté arrière latéral de la voiture. De plus, comme j'ai freiné très fort, la roue arrière s'est bloquée, et la moto (600 XJ) est partie légèrement en crabe, ce qui a accentué le glissement contre l'arrière, plutôt qu'un choc frontal.  Après le choc, je suis passé entre l'arrière de la voiture et les deux voitures qui la suivaient derrière et qui étaient à l'arrêt. Un espace d'à peine un mètre, mais je dois dire que je ne l'ai pas fait exprès, car après le choc, je ne maîtrisais plus rien !  Je ne suis pas tombé, parce que je roulais doucement, et parce que je n'ai pas percuté la voiture, mais glissé sur son arrière.  Les dégâts étaient minimes : éraflures sur la fouche.  Le plus pénible : la conductrice qui refuse de faire le constat, sous prétexte qu'il n'y a rien. Je suis obligé de la menacer d'un dépôt de plainte, je lui rappelle que si j'avais roulé plus vite, elle aurait pu me tuer.  C'est à ce moment qu'arrive une voiture de gendarmes, qui s'arrêtent et demandent des explications : et la dame de dire que je roulais trop vite. J'étais tellement estomaqué que je n'ai même pas pu répondre. Je pense que le gendarme voyant ma moto debout sur béquille, et moi sans mal a dû comprendre qu'elle exagérait : il lui a répondu séchement que quoi qu'il en était, elle m'avait coupé la route, et qu'elle était en tort et que çà aurait pu très mal finir pour moi.","La conductrice en face qui estime avoir le temps de tourner devant moi, alors que je suis réellement très près. Elle y voit peut-être mal, elle évalue mal la distance : ce n'est pas un cas isolé, il y a nécessité d'évaluer la capacité des personnes âgées à continuer à conduire. Ne serait ce que d'exiger des contrôles visuels à partir de 60-65 ans, car il n'est pas rare de voir des septuagénaires et plus, qui conduisent, mais n'ont pas vu un opticien depuis 20 ans. Je sais de quoi je parle, je suis directeur d'une maison de retraite !  Deuxième élément : je ne réussi pas à faire un évitement. Il est vrai que la voiture est très près et qu'il y a un espace très réduit entre elle et les deux voitures qui suivent. Mais je pense que je ne maîtrise plus correctement les manoeuvres d'urgence : freinage, évitement.","J'arrive et je vois la voiture avec le clignotant, prête à tourner : je réduis la vitesse, ""pour le cas où"". C'est une habitude. Cette décision est celle qui détermine la suite et qui fait que ce sera un accrochage sans gravité et non un accident.  La voiture démarre alors que je suis tout près. Je freine à fond, parce qu'il n'y a plus rien à faire d'autre. A partir de là je ne maîtrise quasiment plus la moto.","1","0","","","Surpris de voir la voiture démarrer, alors que j'avais prévu qu'elle pourrait le faire. Incapacité à maîtriser correctement la moto à partir du moment où je freine.","2","1","2","","Je suppose que la conductrice a mal évalué la distance entre elle et moi, ce qui pose la question de son acuité visuelle","1","Beaucoup de personnes considèrent que rouler en voiture est un droit inaliénable, un pré requis. Avec l'âge, les personnes réaménagent leurs logement, installent des dispositifs d'aide à la mobilité, mais n'envisagent pas de modifier leur comportement sur la route, de faire controler leur vision, de changer de lunettes, de prendre d'avantage de précautions.","6","","",NA,NA,"","","",NA,NA,NA,NA,"1",NA,"Je me suis dit : ""cette fois-ci je n'y coupe pas, çà va taper"".  Dans cette situation, je ne pouvais rien faire à part freiner.","3","3","","","1","1","3","3","3","1","1","3",4,1,4,4,4,10,NA,NA,NA,NA,NA,NA,NA,NA,2,"","","","",NA,NA,NA,NA,2,2,NA,2,1,1,1,0,100,0,0,0,"1","AUT|Nécessité de se former en continu, avec la moto que je possède actuellement","","",NA,NA,"1","1","","",NA,1,NA,NA,NA,NA,NA,NA,NA,NA,NA,NA,1,"2","1",2,0,50,1,10,2,3,4,7,NA,NA,"",NA,"3","2","3","1","3","3","YAMAHA","600","XJ-N","ROADSTER","2","1","1",1,1,1,"1",1,1,1,"1","42000","6","4","1","KAWASAKI","750","ZR-7","ROADSTER","2","4","3","11OCT1967","5","2","3",2,5,4,3,"NRP","","","",2,0,0,1,0,1,"YAMAHA",600,"XJ-N","ROADSTER","2","1997","10",2,2,3500,"7","","","","","","","",NA,NA,NA,"","","","","","",NA,NA,NA,NA,NA,"","",NA,"","",NA,NA,NA,NA,NA,NA,"","",NA,"","",NA,NA,NA,NA,NA,NA,NA,3500,"3",4,NA,NA,NA,NA,NA,NA,NA,"NRP","NRP","NRP","NRP","2004","NRP","NRP","1990","NRP","","","","Motorcycle"
"172",920,4670,"55",1,0,4,"","",NA,NA,NA,0,6,"","","",NA,NA,0,5,"","",NA,"",NA,0,3,"","",NA,NA,NA,1,6,"1988","","","","",0,4,"","","",NA,NA,0,2,"",NA,NA,NA,NA,0,4,"","","",NA,NA,0,4,"","","","","",0,2,"","","","","",1,2,"1990","","","","",0,2,"","",NA,NA,NA,0,3,"","","",NA,NA,0,3,"","",NA,NA,NA,0,NA,2,"","","","","","","","","","","","","","","",NA,NA,4,1,26,1,21,"5",1988,"","1988","Vous circuliez sur un axe prioritaire. Un véhicule venant dun axe non prioritaire vous a coupé la route.","2","4","",NA,"",NA,"","Le véhicule quittait un stationnement face à la voie de circulation que j'empruntais, il est arrivé face à moi. Le conducteur, âgée, n'a pas porter assez d'attention à ces contrôles d'avant manoeuvre. Il a surgit 5 mètres devant ma roue. J'ai à peine eu le temps de freiner, de tenter un évitement. Nous l'avons percuté sur l'aile ar/g (ma moto et moi). Je rentrais du travail pour déjeuner, je roulais à la vitesse légale, soit 50km/h en ville.","Surprise totale. Distance trop courte pour s'arrêter. Pas de possibilité d'évitement.","moi : Surpris/Prise des freins/Pas d'échappatoire/le choc... Lui : Aucune réaction/Ne m'as perçu que lorsque il a entendu et sentie un gros choc sur sa voiture et à continuer à avancer sur quelques mètres encore...","NRP","0","","","Laps de temps trop court et distance trop courte.  Il aurait fallu que je sois positionner au centre de la chaussée à double sens pour avoir une chance de faire un évitement.","3","1","2","","Ne m'as pas vu.","1","Il n'a pas stoppé sa manoeuvre.","6","9","",NA,NA,"","""Oh ! Le CON !!!! ""","",NA,NA,NA,NA,"2",1,"Surpris de cette manoeuvre totalement interdite par le code de la route.","4","3","","","1","2","4","4","1","1","1","2",1,3,4,4,4,1,5,NA,NA,NA,NA,NA,NA,NA,1,"AUT|Véhicule garé entre 2 arbres en bordure de chaussée","","","",NA,NA,NA,NA,2,2,NA,2,2,1,1,0,100,0,0,0,"1","3","4","",NA,NA,"1","1","","",NA,2,1,4,7,NA,NA,NA,NA,NA,1,1,1,"1","1",2,0,50,1,2,3,4,7,9,NA,NA,"",NA,"4","4","4","4","4","4","SUZUKI","1100","GSX1100 F","Routière / GT","2","1","1",1,1,1,"1",1,1,1,"1","23000","10","1","1","SUZUKI","600","GSX-F","Routière / GT","2","1","4","19MAY1970","7","1","3",2,5,4,3,"NRP","","","",2,0,0,1,0,3,"BMW",1200,"R1200RT PACK","Routière / GT","2","2012","37",1,2,18000,"7","HONDA","1800","GOLD WING CONFORT","Routière / GT","2","2012","16",2,3,5000,"7","BMW","1200","R1200GS ABS","TRAIL / SUPERMOTARD","2",2012,16,2,3,5000,"7","",NA,"","",NA,NA,NA,NA,NA,NA,"","",NA,"","",NA,NA,NA,NA,NA,NA,NA,28000,"2",3,4,NA,NA,NA,NA,NA,NA,"NRP","NRP","NRP","1986","1988","NRP","NRP","1989","NRP","","","","Motorcycle"
"173",871,4675,"384",1,0,3,"","",NA,NA,NA,0,5,"","","",NA,NA,1,5,"1989","",NA,"",NA,0,3,"","",NA,NA,NA,0,5,"","","","","",0,3,"","","",NA,NA,1,4,"1990",NA,NA,NA,NA,3,4,"1990","1992","2001",NA,NA,0,3,"","","","","",0,3,"","","","","",0,5,"","","","","",0,3,"","",NA,NA,NA,0,3,"","","",NA,NA,0,4,"","",NA,NA,NA,0,NA,5,"","","","","","","","","","","","","","","",NA,NA,25,1,25,1,11,"3",1989,"","1989","Vous remontiez une file de véhicules (à larrêt ou au ralenti) par la gauche. Un véhicule de cette file vous a coupé la route en tournant à gauche.","1","2","4",NA,"",NA,"","juste un aquaplaning en rétrogradant à l'entré d'un passage à niveau , en ville , de nuit et sous une pluie battante ...mauvaise chute sur le guidon et rouler-bouler dans tout les sens .","aquaplaning","j'ai à peine eu le temps de me dire ""merde"" dans la tete","NRP","1","etre plus souple sur les commandes au rétrogradage sous la pluie","?","","2","1","2","","NSP","2","NRP","6","","",NA,NA,"","","",NA,NA,NA,NA,"1",NA,"?","4","3","","","2","1","3","3","3","1","1","2",1,3,4,4,4,10,NA,NA,NA,NA,NA,NA,NA,NA,1,"2","4","","",NA,NA,NA,NA,2,1,2,2,2,2,3,10,0,0,0,90,"2","","","",NA,NA,"1","2","","",NA,2,1,5,6,7,NA,NA,NA,NA,1,1,2,"1","3",NA,0,60,1,2,3,5,9,NA,NA,NA,"",NA,"1","4","3","4","4","4","YAMAHA","600","XTZ TENERE","TRAIL / SUPERMOTARD","2","1","1",1,1,1,"1",1,1,1,"1","50000","0","1","0","","","","","","","","15JUL1969","8","1","3",2,4,4,2,"NRP","","","",3,0,0,1,0,2,"KAWASAKI",650,"Z650C","ROADSTER","2","1979","37",2,2,6000,"7","HONDA","1000","GOLD WING","ROADSTER","1","1976","16",3,1,1000,"7","","","","","",NA,NA,NA,NA,NA,"","",NA,"","",NA,NA,NA,NA,NA,NA,"","",NA,"","",NA,NA,NA,NA,NA,NA,NA,7000,"3",4,NA,NA,NA,NA,NA,NA,NA,"NRP","NRP","NRP","NRP","1989","NRP","NRP","1987","NRP","","","","Motorcycle"