"","Ligne","Ligne.Q.qualif","Ligne.approfondissement.Accident","ACCIDENT","NBACC1","ACCFREQUENCE1","ANNEEACC1_1","ANNEEACC1_2","ANNEEACC1_3","ANNEEACC1_4","ANNEEACC1_5","NBACC2","ACCFREQUENCE2","ANNEEACC2_1","ANNEEACC2_2","ANNEEACC2_3","ANNEEACC2_4","ANNEEACC2_5","NBACC3","ACCFREQUENCE3","ANNEEACC3_1","ANNEEACC3_2","ANNEEACC3_3","ANNEEACC3_4","ANNEEACC3_5","NBACC4","ACCFREQUENCE4","ANNEEACC4_1","ANNEEACC4_2","ANNEEACC4_3","ANNEEACC4_4","ANNEEACC4_5","NBACC5","ACCFREQUENCE5","ANNEEACC5_1","ANNEEACC5_2","ANNEEACC5_3","ANNEEACC5_4","ANNEEACC5_5","NBACC6","ACCFREQUENCE6","ANNEEACC6_1","ANNEEACC6_2","ANNEEACC6_3","ANNEEACC6_4","ANNEEACC6_5","NBACC7","ACCFREQUENCE7","ANNEEACC7_1","ANNEEACC7_2","ANNEEACC7_3","ANNEEACC7_4","ANNEEACC7_5","NBACC8","ACCFREQUENCE8","ANNEEACC8_1","ANNEEACC8_2","ANNEEACC8_3","ANNEEACC8_4","ANNEEACC8_5","NBACC9","ACCFREQUENCE9","ANNEEACC9_1","ANNEEACC9_2","ANNEEACC9_3","ANNEEACC9_4","ANNEEACC9_5","NBACC10","ACCFREQUENCE10","ANNEEACC10_1","ANNEEACC10_2","ANNEEACC10_3","ANNEEACC10_4","ANNEEACC10_5","NBACC11","ACCFREQUENCE11","ANNEEACC11_1","ANNEEACC11_2","ANNEEACC11_3","ANNEEACC11_4","ANNEEACC11_5","NBACC12","ACCFREQUENCE12","ANNEEACC12_1","ANNEEACC12_2","ANNEEACC12_3","ANNEEACC12_4","ANNEEACC12_5","NBACC13","ACCFREQUENCE13","ANNEEACC13_1","ANNEEACC13_2","ANNEEACC13_3","ANNEEACC13_4","ANNEEACC13_5","NBACC14","ACCFREQUENCE14","ANNEEACC14_1","ANNEEACC14_2","ANNEEACC14_3","ANNEEACC14_4","ANNEEACC14_5","AUTRESACC","NBAUTRESACC","TOTAL_AC","ANNEEAUTREACC1","ANNEEAUTREACC2","ANNEEAUTREACC3","ANNEEAUTREACC4","ANNEEAUTREACC5","LIEUAUTREACC1","LIEUAUTREACC2","LIEUAUTREACC3","LIEUAUTREACC4","LIEUAUTREACC5","DESCRIPTIONAUTRESACC1","DESCRIPTIONAUTRESACC2","DESCRIPTIONAUTRESACC3","DESCRIPTIONAUTRESACC4","DESCRIPTIONAUTRESACC5","NBAUTRESACCCIRCUIT","NBAUTRESTOUTTERRAIN","EXPCYCLO","EXP125","EXPSUP125","ACCORDNEXTQ","CHOIXACC","RGPMTACC","RECUPANNEE","RECUPLIEU","RECUPANNE","RGPMTAC","CHOIX1","CHOIX2","CHOIX3","CHOIX4","CHOIX5","CHOIX6","CHOIX7","DESCRIPTION","RUPTURE","FAITS","ABS_REACTION","AUTRE_REACTION","PRECISIONREACTIONOUI","RECUL","PRECISIONREACTIONNON","IMPACTCOMPORTEMENT","AUTREUSAGER","REACTIONAUTREUSAGER","CONNAISSANCEREACTIONUSAGER","DIFFICULTES","AGGRAVATION","DIFFICULTES2","EMOTIONS1","EMOTIONS2","EMOTIONS3","EMOTIONS4","EMOTIONS5","EMOTIONS6","AUTRESENTIMENT","CLASSEMENTEMOTIONS1","CLASSEMENTEMOTIONS","CLASSEMENTEMOTIONS5","CLASSEMENTEMOTIONS6","CLASSEMENTEMOTIONS7","CLASSEMENTEMOTIONS8","CLASSEMENTEMOTIONS9","EXPLICATIONRESSENTI","BIENEQUIPE","ALLURE","ALLUREVITEDETAIL","ALLURELENTEDETAIL","SITUATIONPRESSE","SITUATIONDISTRAIT","SITUATIONCONFIANT","SITUATIONCONTROLE","SITUATIONLUDIQUE","SITUATIONPERF","SITUATIONSTRESS","SITUATIONFATIGUE","HUMEURNEUTRE","HUMEURGAI","HUMEURMECONTENT","HUMEURTRISTE","HUMEURCOLERE","CONTRIBUTION1","CONTRIBUTION2","CONTRIBUTION3","CONTRIBUTION4","CONTRIBUTION5","CONTRIBUTION6","CONTRIBUTION7","CONTRIBUTION8","CONTRIBUTION9","ROLEINFRA","ELEMENTINFRA1","ELEMENTINFRA2","ELEMENTINFRA3","ELEMENTINFRA4","ELEMENTINFRA5","ELEMENTINFRA6","ELEMENTINFRA7","ELEMENTINFRA8","ELEMENTINFRA9","ALCOOL","TXALCOOL","STUP","SEMAINE","MOMENTJOURNEE","TEMPS","CAUSEACC1","CAUSEACC2","CAUSEACC3","CAUSEACC4","CAUSEACC5","FORMATIONCAUSE","FORMATION1","FORMATION2","FORMATION3","FORMATION4","FORMATION5","TRAFIC","CHAUSSEE1","CHAUSSEE2","CHAUSSEE3","CHAUSSEE4","TYPEACC","BLESSURE","TETE","COU","THORAX","MEMBRESSUP","COLONNE","BASSIN","MEMBRESINF","HOPITAL","PLUS24H","TRAJET","TYPEROUTE","MOTIF","SENSTRAJET","PASSAGER","VITESSE","DESCEQ1","DESCEQ2","DESCEQ3","DESCEQ4","DESCEQ5","DESCEQ6","DESCEQ7","DESCEQ8","DESCEQ9","DESCEQ10","VEHICULEETE","VEHICULEAUTOMNE","VEHICULEPRINTEMPS","VEHICULEHIVER","VEHICULESEMAINE","VEHICULEWE","VEHMARQUE","VEHCYLINDREE","VEHMODELE","VEHSEGMENT","VEHSIDE","EQ2RMABS","EQ2RMCBS","EQ2RMABSCBS","EQ2RMREGULATEUR","EQ2RMLIMITEUR","EQ2RMPHARESDIRECT","EQ2RMCOUPURE","EQ2RMANTIPATINAGE","EQ2RMANTIXHEELING","EQ2RMSTABILILTE","VEHKM","POINTS","DUREE","AUTRE2RM","VEHPRECMARQUE","VEHPRECCYLINDREE","VEHPRECMODELE","VEHPRECSEGMENT","VEHPRECSIDE","TEMPS2RMPREC","FREQVEHPREC","DATE_NAISS","CSP","SOCIETAIRE","SALARIE","SECTEUR2RM","NBPERSFOYER","SITFAM","NBENF","TRNBENF1","TRNBENF2","TRNBENF3","TRNBENF4","NBAUTOFOYER","NBCYCLOFOYER","NBSCOOTFOYER","NBMOTOFOYER","NBTRIKEFOYER","NB2RMCONDUIT","MARQUE1","CYLINDREE1","MODELE1","SEGMENT1","SIDE1","ANMISECIRCU1","ASS1","FREQ1","USAGE1","NBKM1","GARAGE1","MARQUE2","CYLINDREE2","MODELE2","SEGMENT2","SIDE2","ANMISECIRCU2","ASS2","FREQ2","USAGE2","NBKM2","GARAGE2","MARQUE3","CYLINDREE3","MODELE3","SEGMENT3","SIDE3","ANMISECIRCU3","ASS3","FREQ3","USAGE3","NBKM3","GARAGE3","MARQUE4","CYLINDREE4","MODELE4","SEGMENT4","SIDE4","ANMISECIRCU4","ASS4","FREQ4","USAGE4","NBKM4","GARAGE4","MARQUE5","CYLINDREE5","MODELE5","SEGMENT5","SIDE5","ANMISECIRCU5","ASS5","FREQ5","USAGE5","NBKM5","GARAGE5","NBKMTOT","PERMIS1","PERMIS2","PERMIS3","PERMIS4","PERMIS5","PERMIS6","PERMIS7","PERMIS8","PERMIS9","ANPERMIS1","ANPERMIS6","ANPERMIS7","ANPERMIS2","ANPERMIS3","ANPERMIS8","ANPERMIS9","ANPERMIS4","ANPERMIS5","X","X.1","X.2","isScooter"
"174",431,4676,"223",1,0,4,"","",NA,NA,NA,0,4,"","","",NA,NA,0,1,"","",NA,"",NA,0,1,"","",NA,NA,NA,0,4,"","","","","",0,2,"","","",NA,NA,0,2,"",NA,NA,NA,NA,0,3,"","","",NA,NA,2,3,"2005","2007","","","",0,3,"","","","","",0,2,"","","","","",0,4,"","",NA,NA,NA,1,4,"2001","","",NA,NA,0,2,"","",NA,NA,NA,1,5,8,"2001","2002","2005","2006","2007","PARIS","PARIS","ALPES","PARIS","PYRENNEES","VEHICULE DEVANT MOI FREINE, JE BLOC LA ROUE AVANT ET JE TOMBE EN PERCUTANT LA VOITURE","SUR AVENUE SENS UNIQUE A 2 VOIES VEHICULE DE LA FILE DE GAUCHE SE RABAT DANS MA FILE (DROITE) JE BLOC LA ROUE AVANT ET CHUTE CONTRE LE TROTTOIR","DERNIER JOUR D'UNE SEMAINE DE BALADE DANS LES ALPES, DANS UN VIRAGE A GAUCHE JE PERS LA TRAJECTOIRE ET FINI DANS LE TALUS A DROITE DE LA ROUTE","SUR VOIE RAPIDE A 3 VOIES CIRCULATION TRES DENSE ET CHAUSSEE HUMIDE, JE ME RABAT DE LA FILE DU MILIEU VERS CELLE DE DROITE POUR ALLER SUR LA BAU OU UN MOTARD EST ARRETE. JE ME FAIT PERCUTE PAR DERRIERE DANS LA FILE DE DROITE PAR UNE VOITURE QUI A BLOQUE SES ROUES","IDEM QUE LE 3 MAIS DANS LES PYRENNEES, MEME CIRCONSTANCES DE FIN DE SEMAINE DE BALADE, MEME VIRAGE A GAUCHE ET MEME R2SULTAT DANS LE FAUSSE",0,0,0,0,14,1,74,"15",2006,"PARIS","2006","Autre(s) type(s) d'accident(s).","4","6","",NA,"",NA,"","Sur autoroute A4 à la sortie de paris avec un fort trafic au ralenti, chaussée humide mais sans pluie.  Je remonte les files entre les voies 2 et 3 et j'aperçois un motard à l'arrêt sur la BAU.  Je met mon clignotant et me rabats sur la voie du milieu. Je vois un espace pour passer sur la voie de droite et m'engage. Arrivé au milieu de cette voie la voiture derrière moi bloque ses roues et me percute. La moto me tombe sur la jambe droite et provoque une grosse plaie ouverte à travers le pantalon de pluie et le jean juste au dessus de ma botte de moto. Bilan, 2 opérations à l'hôpital, un mois d'arrêt de travail, une photo en vrac qui a failli passer épave, et un motard que je n'ai pas dépanné et qui s'est à peine soucié de moi. Pour le suivant je lui ai fait signe que je n'avait pas d'outils :-). J'ai toujours mes bottes dont celle de droite à encore des traces de sanquette, et mon pantalon de pluie avec doublure rafistolé au scotch. C'est du mon matériel même si en l'occurrence il ne m'a pas protégé.","J'aurais dû mieux contrôler la place disponible lors de mon dernier changement de voie.  S'il n'y avait pas eu se motard arrêté, il n'y aurais pas eu cet accident.","Entre ma manuvre de changement de voie et le choc il n'y a eu que le bloquage de roue de la voiture qui m'a percuté. Je n'ai pas eu de réaction. J'aurais du lever ma jambe droite pour éviter qu'elle se trouve bloquée sous la moto, mais je ne l'ai pas fait.","2","1","j'aurais du lever la jambes cela aurait éviter ma plus grosse blessure","Je n'avais pas perçu le danger","","2","1","1","1","il a bloqué ses roues","2","Le choc c'est passé à vitesse réduite","2","6","",NA,NA,"","","",1,NA,NA,NA,"2",NA,"je ne m'attendais pas à être percuté","4","3","","","2","1","3","4","1","1","1","2",5,3,4,4,4,4,NA,NA,NA,NA,NA,NA,NA,NA,2,"","","","",NA,NA,NA,NA,2,2,NA,2,2,1,2,45,45,0,0,10,"2","","","",NA,NA,"3","2","","",NA,2,1,7,NA,NA,NA,NA,NA,NA,1,1,2,"3","3",NA,0,20,1,10,2,3,4,7,NA,NA,"",NA,"4","4","4","4","4","4","KAWASAKI","1200","ZRX-R","ROADSTER","2","1","1",1,1,1,"1",1,1,1,"1","60000","12","4","1","KAWASAKI","750","ZR-7","ROADSTER","2","3","4","03OCT1969","6","1","3",2,4,4,2,"NRP","","","",2,0,1,1,0,2,"KAWASAKI",1200,"ZRX-R","ROADSTER","2","2002","37",1,2,10000,"7","SUZUKI","400","BURGMAN","SCOOTER","2","2007","37",3,2,2000,"7","","","","","",NA,NA,NA,NA,NA,"","",NA,"","",NA,NA,NA,NA,NA,NA,"","",NA,"","",NA,NA,NA,NA,NA,NA,NA,12000,"3",4,NA,NA,NA,NA,NA,NA,NA,"NRP","NRP","NRP","NRP","2001","NRP","NRP","1989","NRP","","","","Motorcycle"
"175",1220,4677,"306",1,0,4,"","",NA,NA,NA,0,4,"","","",NA,NA,0,4,"","",NA,"",NA,0,3,"","",NA,NA,NA,0,4,"","","","","",0,3,"","","",NA,NA,0,3,"",NA,NA,NA,NA,0,3,"","","",NA,NA,2,4,"1980","1996","","","",0,3,"","","","","",1,4,"2003","","","","",0,3,"","",NA,NA,NA,0,4,"","","",NA,NA,1,4,"2005","",NA,NA,NA,0,NA,4,"","","","","","","","","","","","","","","",NA,NA,3,10,26,1,66,"14",2005,"","2005","Alors que vous étiez en train de rouler, un piéton a traversé devant vous.","3","","",NA,"",NA,"","A côté de la gare d'Epinay-Villetaneuse, je remontais lentement une file de voiture arrêté au feu rouge. Arrivé à deux voitures du feu, celui ci passe au vert et j'accélère donc. Lorsque j'arrive à la hauteur de la première voiture, un monospace qui cachait ma vue sur la droite, j'apperçois un piéton venant de la droite qui traverse en poussant son vélo, voulant l'éviter je freine d'urgence et, le sol étant mouillé, je perd l'avant et me retrouve au sol, le pied droit bloqué sous l'échappement. Je n'arrivais pas à me relever. Heureusement un passant m'a aider en soulevant légèrement le scooter pour que je puisse me dégager. Je me range sur le côté pour vérifier mon état et celui de mon scooter. Le piéton, un ""papy asiatique"" qui ne parlait pas français m'a remercié de m'être ""sacrifié"" pour lui. Mon scooter, à l'époque un Yamaha Versity 300 ayant un freinage avant assez mordant ne m'a pas aidé à cette occasion. Depuis je suis passé à un Honda Sh300 bien plus sécurisant dans ce type de situation (freinage couplé et surtout ABS). A noter qu'a part un pantalon légèrement déchiré et le cache échappement de mon scooter je n'ai pas eu d'autres dommages. Le tablier anti pluie (Tucano) m'a bien protégé le genou lors de la chute à basse vitesse il est vrai (environ 20km/h). J'ai retenu également que ce n'est pas parcequ'un code de la route existe et qu'une signalisation est installée que ceux ci seront respectés. En effet le piéton traversait alors que son feu était rouge !","Piéton caché qui traverse alors que son feu est rouge. Et route humide par la pluie et manque d'ABS sur mon scooter.","Dès que j'ai vu le piéton j'ai freiné d'urgence, frein avant et arrière et du fait du sol mouillé l'avant s'est bloqué entrainant ma chute. Le piéton s'est également arrêté.","NRP","0","","","Il aurait fallu que je freine moins fort de l'avant mais dans une situation d'urgence j'en suis bien incapable.","2","1","1","AUT|Le piéton s'est arrêté","NSP","1","Le piéton a traversé alors que son feu était rouge","2","6","",NA,NA,"","","",1,NA,NA,NA,"2",NA,"j'ai été surpris par la présence de ce piéton sur la voie alors qu'il ne devait pas être là vu que sont feu était rouge.","3","3","","","2","1","3","3","1","1","1","1",1,4,4,4,4,7,NA,NA,NA,NA,NA,NA,NA,NA,2,"","","","",NA,NA,NA,NA,2,2,NA,2,1,1,2,0,100,0,0,0,"1","4","","",NA,NA,"3","2","","",NA,1,NA,NA,NA,NA,NA,NA,NA,NA,NA,NA,1,"1","1",1,0,20,1,10,2,3,4,NA,NA,NA,"",NA,"4","4","4","4","4","4","YAMAHA","300","VERSITY","SCOOTER","2","1","1",1,1,1,"1",1,1,1,"1","12000","12","2","1","KAWASAKI","650","W650","ROADSTER","2","4","4","08NOV1962","5","1","3",2,4,4,2,"NRP","","","",2,0,1,3,0,4,"BMW",1200,"R1200ST","Routière / GT","2","2008","37",2,2,2000,"7","HONDA","300","SH IE ABS","SCOOTER","2","2012","37",1,2,6000,"7","BMW","800","R80R ROADSTER","ROADSTER","2",1992,37,3,1,1500,"7","YAMAHA",600,"SRX","ROADSTER",2,1989,29,4,1,300,"7","",NA,"","",NA,NA,NA,NA,NA,NA,NA,9800,"2",3,4,NA,NA,NA,NA,NA,NA,"NRP","NRP","NRP","1979","1982","NRP","NRP","1980","NRP","","","","Motorcycle"
"176",401,4696,"489",1,1,5,"2013","",NA,NA,NA,0,5,"","","",NA,NA,0,5,"","",NA,"",NA,0,4,"","",NA,NA,NA,0,4,"","","","","",0,1,"","","",NA,NA,0,2,"",NA,NA,NA,NA,0,3,"","","",NA,NA,0,2,"","","","","",0,3,"","","","","",0,3,"","","","","",0,3,"","",NA,NA,NA,0,2,"","","",NA,NA,0,2,"","",NA,NA,NA,0,NA,1,"","","","","","","","","","","","","","","",NA,NA,0,0,20,1,1,"1",2013,"","2013","Vous circuliez sur un axe prioritaire. Un autre véhicule arrivant sur le même axe en sens opposé vous a coupé la route en tournant à gauche.","1","","",NA,"",NA,"","A l'approche d'un carrefour avec une route prioritaire à ma droite, après que mon regard eut vérifié l'absence de véhicule en débouchant, j'ai été surpris par un 4x4 arrivant face à moi venant d'une partie de la route en légère courbe qui en masquait la visibilité. Il amorçait en fait un tournant à gauche pour s'engager sur la route à ma droite me coupant ainsi ma partie de chaussée. Je l'ai percuté et me suis retrouvé face au talus bordant ce carrefour.","J'ai pris trop de temps à vérifier l'absence de véhicule arrivant de droite et je pense que le conducteur du 4x4 a aussi engagé son tournant à gauche sans précaution.","Dès que j'ai vu le 4x4 je l'ai percuté, il s'agit d'une petite route de campagne peu large et sans signalisation horizontale. Je suppose que le 4x4 a stoppé sa manoeuvre.","3","1","NRP","NRP","","2","1","NSP","","route avec mauvaise visibilité et peu fréquenté, on a tendance à s'y croire seul ...","2","à défaut de l'éviter bien sur","2","","",NA,NA,"","","",1,NA,NA,NA,"",NA,"je ne m'attendais pas à trouver ce 4x4 me barrant ma trajectoire","4","3","","","1","2","3","3","2","1","1","1",4,1,4,4,4,2,5,NA,NA,NA,NA,NA,NA,NA,1,"2","","","",NA,NA,NA,NA,2,2,NA,2,2,1,1,30,70,0,0,0,"1","1","","",NA,NA,"1","1","","",NA,2,1,7,NA,NA,NA,NA,NA,NA,1,1,2,"2","3",NA,0,60,1,2,3,4,7,9,NA,NA,"",NA,"3","3","3","2","1","3","BMW","800","F700GS PACK SECURITE","TRAIL / SUPERMOTARD","2","0","1",1,1,1,"1",1,0,1,"1","6000","12","2","1","BMW","800","F650GS","TRAIL / SUPERMOTARD","null","4","2","30OCT1965","5","1","3",2,3,4,1,"NRP","","","",2,0,0,1,0,1,"BMW",800,"F700GS","TRAIL / SUPERMOTARD","2","2012","37",3,1,6000,"7","","","","","","","",NA,NA,NA,"","","","","","",NA,NA,NA,NA,NA,"","",NA,"","",NA,NA,NA,NA,NA,NA,"","",NA,"","",NA,NA,NA,NA,NA,NA,NA,6000,"3",4,NA,NA,NA,NA,NA,NA,NA,"NRP","NRP","NRP","NRP","1994","NRP","NRP","1984","NRP","","","","Motorcycle"
"177",582,4698,"186",1,0,5,"","",NA,NA,NA,0,5,"","","",NA,NA,0,5,"","",NA,"",NA,0,5,"","",NA,NA,NA,1,6,"1980","","","","",0,4,"","","",NA,NA,0,4,"",NA,NA,NA,NA,0,6,"","","",NA,NA,0,5,"","","","","",0,6,"","","","","",0,6,"","","","","",0,5,"","",NA,NA,NA,1,4,"1978","","",NA,NA,0,6,"","",NA,NA,NA,1,1,3,"2007","","","","","le Castellet","","","","","En evitant un chien je me suis déporté et ai été heurté par une autre moto qui n'a pu m'eviter","","","","",0,0,2,0,36,1,71,"15",2007,"le Castellet","2007","Autre(s) type(s) d'accident(s).","3","","",NA,"",NA,"","freinage pour eviter un animal errant. deporté sur la droite, je bloque la route a une autre moto qui freine et tombe","chien !!!!","NRP","3","0","","","trop tard ...","3","1","2","","je lui ai fermé la route","2","NRP","7","","",NA,NA,"","","",NA,NA,NA,NA,"",NA,"","4","3","","","1","2","3","4","4","1","1","1",4,1,4,4,4,10,NA,NA,NA,NA,NA,NA,NA,NA,2,"","","","",NA,NA,NA,NA,2,2,NA,2,2,1,1,0,0,100,0,0,"2","","","",NA,NA,"2","1","","",NA,2,0,NA,NA,NA,NA,NA,NA,NA,NA,NA,2,"2","3",NA,0,90,1,2,3,4,7,9,NA,NA,"",NA,"4","4","4","4","4","4","SUZUKI","1200","BANDIT-S","ROADSTER","2","1","1",1,1,1,"1",1,1,1,"1","10000","12","2","1","SUZUKI","1300","GSX-R ""HAYABUSA""","Routière / GT","2","3","4","11MAY1956","5","2","3",2,2,3,NA,"NRP","","","",2,0,0,1,0,1,"HONDA",1100,"CBR-XX SUPER BLACKBIRD","Routière / GT","2","2005","10",2,1,15000,"4","","","","","","","",NA,NA,NA,"","","","","","",NA,NA,NA,NA,NA,"","",NA,"","",NA,NA,NA,NA,NA,NA,"","",NA,"","",NA,NA,NA,NA,NA,NA,NA,15000,"2",3,4,NA,NA,NA,NA,NA,NA,"NRP","NRP","NRP","1978","1978","NRP","NRP","1980","NRP","","","","Motorcycle"
"178",125,4714,"418",1,0,2,"","",NA,NA,NA,0,5,"","","",NA,NA,0,5,"","",NA,"",NA,0,1,"","",NA,NA,NA,0,6,"","","","","",0,3,"","","",NA,NA,0,3,"",NA,NA,NA,NA,0,3,"","","",NA,NA,1,4,"2003","","","","",0,4,"","","","","",0,4,"","","","","",0,3,"","",NA,NA,NA,0,3,"","","",NA,NA,0,3,"","",NA,NA,NA,1,2,3,"2000","2003","","","","besancon","marchaux","","","","Freinage trop fort avec frein avant tout en saluant un autre motard","Arriver un peu trop vite dans un virage que je n ai pu prendre et a finis par un tout droit dans un champ","","","",0,0,3,0,14,1,72,"15",2003,"marchaux","2003","Autre(s) type(s) d'accident(s).","2","3","",NA,"",NA,"","Fin de semaine vendredi soir beaucoup de monde sur le boulevard ...conduite stressante...a un feu rouge je vois sur la voie opposer une moto école qui est avec ses éléves...je re dèmare au feu tout en saluant les eleves motards..devant moi je vois un feu stop s allumer et instinctivement je saisis le levier du frein avant fortement et je me retrouve sous ma moto..","Fatigue d une semaine charger Beaucoup de circulation","NRP","2","1","En ville a basse vitesse je ne freine plus que de l arriere","Fatigue et manque de formation","","2","0","","","","","","7","","",NA,NA,"","","",NA,NA,NA,NA,"",NA,"","3","2","","2","2","2","2","3","2","1","4","4",4,4,1,4,4,1,NA,NA,NA,NA,NA,NA,NA,NA,2,"","","","",NA,NA,NA,NA,2,2,NA,2,1,1,1,100,0,0,0,0,"1","3","","",NA,NA,"3","1","","",NA,2,1,7,NA,NA,NA,NA,NA,NA,1,0,1,"4","1",2,0,15,1,2,4,7,NA,NA,NA,NA,"",NA,"4","4","4","4","4","4","HONDA","1000","VARADERO","TRAIL / SUPERMOTARD","2","1","0",1,1,1,"1",1,1,1,"1","12500","12","4","1","HONDA","650","TRANSALP","TRAIL / SUPERMOTARD","2","2","4","07AUG1959","7","1","3",2,3,4,1,"NRP","","","",3,6,0,2,0,4,"HONDA",1000,"VARADERO","TRAIL / SUPERMOTARD","2","2002","37",3,1,8000,"7","KAWASAKI","125","ELIMINATOR","CUSTOM","2","2000","33",3,1,1000,"7","YAMAHA","50","NEO'S","SCOOTER","2",2007,33,4,1,600,"7","MOTOBECANE",50,"AV65 (MTL)","ROADSTER",2,1961,33,4,1,250,"7","",NA,"","",NA,NA,NA,NA,NA,NA,NA,9850,"3",4,NA,NA,NA,NA,NA,NA,NA,"NRP","NRP","NRP","NRP","1999","NRP","NRP","1982","NRP","","","","Motorcycle"
"179",496,4719,"308",1,0,1,"","",NA,NA,NA,1,3,"2002","","",NA,NA,0,3,"","",NA,"",NA,0,3,"","",NA,NA,NA,0,4,"","","","","",0,4,"","","",NA,NA,0,2,"",NA,NA,NA,NA,0,4,"","","",NA,NA,1,5,"2008","","","","",0,1,"","","","","",0,4,"","","","","",0,3,"","",NA,NA,NA,0,4,"","","",NA,NA,0,2,"","",NA,NA,NA,0,NA,2,"","","","","","","","","","","","","","","",NA,NA,3,3,39,1,6,"2",2002,"","2002","Vous circuliez derrière un véhicule. Ce véhicule a ralenti. Vous avez entrepris de dépasser ce véhicule par la gauche et celui-ci vous a coupé la route en tournant à gauche (ou en effectuant un œ tour","3","4","6",NA,"",NA,"","voiture  roulant sur la 4 eme file d un autoroute a subitement coupe les 4 files en travers sans clignotant deliberement et sans regarder si d autres vehicules circulaient sur les 3 autres voies (au moment de l accident je roulais sur la 3eme file)afin d eviter la collision j ai couche ma moto ce qui m a eviter un choc avec le vehicule et eviter des degats corporels tres consequents sans est suivi un delit de fuite du vehicule....tout ca pour sortir a une bretelle de sortie ..voyant la circulation sur l autoroute complement bouchee.un temoin de la scene en est reste pantoit il n aurait jamais eut le reflex de coucher sa moto pour eviter la collision...","en 1 fraction de seconde j ai su que la collision etait inevitable.le comportement de l usager a ce moment etant literalement inqualifiable .mon instinct m a dit couche toi c est la seule solution viable...les evenements qui se sont produits ensuite m ont donne raison..","j ai couche ma moto qui m eviter la collision de l avant et de l arriere  profitant de l absence temporaire de vehicules sur la 2 eme file de circulation.j ai pu me relever apres une glissade de quelque dizaines de metres roulant au moment des faits a 50km/h environ.ma reaction a fait stopper toutes les files de voitures qui arrivaient sur moi...et recemment le meme mode operatoire s est produit sur un autre trocon d autoroute les circonstances etant differentes j ai carrement accelere et passe en force ce qui m a evite   l accident sans incidence sur le traffic au moment des faits mais il est tres difficile de faire le moins pire en de telles circonstances chaque cas est different","NRP","0","","","parce que j ai visualise les consequences d une collision inevitable et j ai opte pour la solution la moins pire..","3","0","","","","","","2","4","9",NA,NA,"","de la colere et encore de la colere","",1,NA,2,NA,"",3,"rien ne predisposait le vehicule qui m a coupe la route a ce changement de comportement il aurait simplement mis son clignotant et le cours des evenements auraient totalement change...","4","3","","","3","1","3","4","3","1","1","1",1,1,5,5,5,10,NA,NA,NA,NA,NA,NA,NA,NA,2,"","","","",NA,NA,NA,NA,2,2,NA,2,1,1,1,0,100,0,0,0,"2","","","",NA,NA,"3","2","","",NA,1,NA,NA,NA,NA,NA,NA,NA,NA,NA,NA,1,"3","3",NA,0,50,1,2,3,4,7,NA,NA,NA,"",NA,"4","4","4","4","4","4","SUZUKI","1000","V-STROM","TRAIL / SUPERMOTARD","2","1","1",1,1,1,"1",1,1,1,"1","85000","12","4","1","SUZUKI","500","GT","ROADSTER","2","4","4","30OCT1955","7","1","3",2,2,3,NA,"NRP","","","",1,0,0,1,0,1,"SUZUKI",1000,"V-STROM","TRAIL / SUPERMOTARD","2","2006","37",1,2,19000,"7","","","","","","","",NA,NA,NA,"","","","","","",NA,NA,NA,NA,NA,"","",NA,"","",NA,NA,NA,NA,NA,NA,"","",NA,"","",NA,NA,NA,NA,NA,NA,NA,19000,"3",4,NA,NA,NA,NA,NA,NA,NA,"NRP","NRP","NRP","NRP","1974","NRP","NRP","1978","NRP","","","","Motorcycle"