"","Ligne","Ligne.Q.qualif","Ligne.approfondissement.Accident","ACCIDENT","NBACC1","ACCFREQUENCE1","ANNEEACC1_1","ANNEEACC1_2","ANNEEACC1_3","ANNEEACC1_4","ANNEEACC1_5","NBACC2","ACCFREQUENCE2","ANNEEACC2_1","ANNEEACC2_2","ANNEEACC2_3","ANNEEACC2_4","ANNEEACC2_5","NBACC3","ACCFREQUENCE3","ANNEEACC3_1","ANNEEACC3_2","ANNEEACC3_3","ANNEEACC3_4","ANNEEACC3_5","NBACC4","ACCFREQUENCE4","ANNEEACC4_1","ANNEEACC4_2","ANNEEACC4_3","ANNEEACC4_4","ANNEEACC4_5","NBACC5","ACCFREQUENCE5","ANNEEACC5_1","ANNEEACC5_2","ANNEEACC5_3","ANNEEACC5_4","ANNEEACC5_5","NBACC6","ACCFREQUENCE6","ANNEEACC6_1","ANNEEACC6_2","ANNEEACC6_3","ANNEEACC6_4","ANNEEACC6_5","NBACC7","ACCFREQUENCE7","ANNEEACC7_1","ANNEEACC7_2","ANNEEACC7_3","ANNEEACC7_4","ANNEEACC7_5","NBACC8","ACCFREQUENCE8","ANNEEACC8_1","ANNEEACC8_2","ANNEEACC8_3","ANNEEACC8_4","ANNEEACC8_5","NBACC9","ACCFREQUENCE9","ANNEEACC9_1","ANNEEACC9_2","ANNEEACC9_3","ANNEEACC9_4","ANNEEACC9_5","NBACC10","ACCFREQUENCE10","ANNEEACC10_1","ANNEEACC10_2","ANNEEACC10_3","ANNEEACC10_4","ANNEEACC10_5","NBACC11","ACCFREQUENCE11","ANNEEACC11_1","ANNEEACC11_2","ANNEEACC11_3","ANNEEACC11_4","ANNEEACC11_5","NBACC12","ACCFREQUENCE12","ANNEEACC12_1","ANNEEACC12_2","ANNEEACC12_3","ANNEEACC12_4","ANNEEACC12_5","NBACC13","ACCFREQUENCE13","ANNEEACC13_1","ANNEEACC13_2","ANNEEACC13_3","ANNEEACC13_4","ANNEEACC13_5","NBACC14","ACCFREQUENCE14","ANNEEACC14_1","ANNEEACC14_2","ANNEEACC14_3","ANNEEACC14_4","ANNEEACC14_5","AUTRESACC","NBAUTRESACC","TOTAL_AC","ANNEEAUTREACC1","ANNEEAUTREACC2","ANNEEAUTREACC3","ANNEEAUTREACC4","ANNEEAUTREACC5","LIEUAUTREACC1","LIEUAUTREACC2","LIEUAUTREACC3","LIEUAUTREACC4","LIEUAUTREACC5","DESCRIPTIONAUTRESACC1","DESCRIPTIONAUTRESACC2","DESCRIPTIONAUTRESACC3","DESCRIPTIONAUTRESACC4","DESCRIPTIONAUTRESACC5","NBAUTRESACCCIRCUIT","NBAUTRESTOUTTERRAIN","EXPCYCLO","EXP125","EXPSUP125","ACCORDNEXTQ","CHOIXACC","RGPMTACC","RECUPANNEE","RECUPLIEU","RECUPANNE","RGPMTAC","CHOIX1","CHOIX2","CHOIX3","CHOIX4","CHOIX5","CHOIX6","CHOIX7","DESCRIPTION","RUPTURE","FAITS","ABS_REACTION","AUTRE_REACTION","PRECISIONREACTIONOUI","RECUL","PRECISIONREACTIONNON","IMPACTCOMPORTEMENT","AUTREUSAGER","REACTIONAUTREUSAGER","CONNAISSANCEREACTIONUSAGER","DIFFICULTES","AGGRAVATION","DIFFICULTES2","EMOTIONS1","EMOTIONS2","EMOTIONS3","EMOTIONS4","EMOTIONS5","EMOTIONS6","AUTRESENTIMENT","CLASSEMENTEMOTIONS1","CLASSEMENTEMOTIONS","CLASSEMENTEMOTIONS5","CLASSEMENTEMOTIONS6","CLASSEMENTEMOTIONS7","CLASSEMENTEMOTIONS8","CLASSEMENTEMOTIONS9","EXPLICATIONRESSENTI","BIENEQUIPE","ALLURE","ALLUREVITEDETAIL","ALLURELENTEDETAIL","SITUATIONPRESSE","SITUATIONDISTRAIT","SITUATIONCONFIANT","SITUATIONCONTROLE","SITUATIONLUDIQUE","SITUATIONPERF","SITUATIONSTRESS","SITUATIONFATIGUE","HUMEURNEUTRE","HUMEURGAI","HUMEURMECONTENT","HUMEURTRISTE","HUMEURCOLERE","CONTRIBUTION1","CONTRIBUTION2","CONTRIBUTION3","CONTRIBUTION4","CONTRIBUTION5","CONTRIBUTION6","CONTRIBUTION7","CONTRIBUTION8","CONTRIBUTION9","ROLEINFRA","ELEMENTINFRA1","ELEMENTINFRA2","ELEMENTINFRA3","ELEMENTINFRA4","ELEMENTINFRA5","ELEMENTINFRA6","ELEMENTINFRA7","ELEMENTINFRA8","ELEMENTINFRA9","ALCOOL","TXALCOOL","STUP","SEMAINE","MOMENTJOURNEE","TEMPS","CAUSEACC1","CAUSEACC2","CAUSEACC3","CAUSEACC4","CAUSEACC5","FORMATIONCAUSE","FORMATION1","FORMATION2","FORMATION3","FORMATION4","FORMATION5","TRAFIC","CHAUSSEE1","CHAUSSEE2","CHAUSSEE3","CHAUSSEE4","TYPEACC","BLESSURE","TETE","COU","THORAX","MEMBRESSUP","COLONNE","BASSIN","MEMBRESINF","HOPITAL","PLUS24H","TRAJET","TYPEROUTE","MOTIF","SENSTRAJET","PASSAGER","VITESSE","DESCEQ1","DESCEQ2","DESCEQ3","DESCEQ4","DESCEQ5","DESCEQ6","DESCEQ7","DESCEQ8","DESCEQ9","DESCEQ10","VEHICULEETE","VEHICULEAUTOMNE","VEHICULEPRINTEMPS","VEHICULEHIVER","VEHICULESEMAINE","VEHICULEWE","VEHMARQUE","VEHCYLINDREE","VEHMODELE","VEHSEGMENT","VEHSIDE","EQ2RMABS","EQ2RMCBS","EQ2RMABSCBS","EQ2RMREGULATEUR","EQ2RMLIMITEUR","EQ2RMPHARESDIRECT","EQ2RMCOUPURE","EQ2RMANTIPATINAGE","EQ2RMANTIXHEELING","EQ2RMSTABILILTE","VEHKM","POINTS","DUREE","AUTRE2RM","VEHPRECMARQUE","VEHPRECCYLINDREE","VEHPRECMODELE","VEHPRECSEGMENT","VEHPRECSIDE","TEMPS2RMPREC","FREQVEHPREC","DATE_NAISS","CSP","SOCIETAIRE","SALARIE","SECTEUR2RM","NBPERSFOYER","SITFAM","NBENF","TRNBENF1","TRNBENF2","TRNBENF3","TRNBENF4","NBAUTOFOYER","NBCYCLOFOYER","NBSCOOTFOYER","NBMOTOFOYER","NBTRIKEFOYER","NB2RMCONDUIT","MARQUE1","CYLINDREE1","MODELE1","SEGMENT1","SIDE1","ANMISECIRCU1","ASS1","FREQ1","USAGE1","NBKM1","GARAGE1","MARQUE2","CYLINDREE2","MODELE2","SEGMENT2","SIDE2","ANMISECIRCU2","ASS2","FREQ2","USAGE2","NBKM2","GARAGE2","MARQUE3","CYLINDREE3","MODELE3","SEGMENT3","SIDE3","ANMISECIRCU3","ASS3","FREQ3","USAGE3","NBKM3","GARAGE3","MARQUE4","CYLINDREE4","MODELE4","SEGMENT4","SIDE4","ANMISECIRCU4","ASS4","FREQ4","USAGE4","NBKM4","GARAGE4","MARQUE5","CYLINDREE5","MODELE5","SEGMENT5","SIDE5","ANMISECIRCU5","ASS5","FREQ5","USAGE5","NBKM5","GARAGE5","NBKMTOT","PERMIS1","PERMIS2","PERMIS3","PERMIS4","PERMIS5","PERMIS6","PERMIS7","PERMIS8","PERMIS9","ANPERMIS1","ANPERMIS6","ANPERMIS7","ANPERMIS2","ANPERMIS3","ANPERMIS8","ANPERMIS9","ANPERMIS4","ANPERMIS5","X","X.1","X.2","isScooter"
"184",189,4757,"338",1,0,5,"","",NA,NA,NA,0,5,"","","",NA,NA,0,5,"","",NA,"",NA,0,2,"","",NA,NA,NA,0,4,"","","","","",0,4,"","","",NA,NA,0,5,"",NA,NA,NA,NA,0,2,"","","",NA,NA,0,1,"","","","","",1,5,"2011","","","","",0,1,"","","","","",0,2,"","",NA,NA,NA,1,3,"2014","","",NA,NA,0,3,"","",NA,NA,NA,0,NA,2,"","","","","","","","","","","","","","","",NA,NA,0,3,7,1,46,"10",2011,"","2011","Vous circuliez sur un axe constitué dau moins "" 2 X 2 voies "" (en urbain, périphérique, autoroute, RN ). Un véhicule vous a coupé la route en changeant de voie pour se placer sur celle de droite.","6","","",NA,"",NA,"","Absence de contrôle du conducteur qui change de voie. Je couche la moto pour éviter le choc. Je glisse sur le dos dans ma voie de circulation. J'étais pressé, je devais aller récupérer mon fils. Je roulais à moins de 60 km / h. Plus de peur que de mal le silencieux d'échappement a sauvé ma cheville droite.","Absence de distance de sécurité car je sortais d'un ralentissement. Le conducteur n'a pas cherché à me trouver. Je ne maîtrisais pas encore la technique AFDM.","J'ai freiné de l'avant et j'ai perdu l'avant. J'aurai peut-être mieux fait de chercher l'évitement en passant sur la bande d'arrêt d'urgence.","NRP","1","Technique AFDM et passage sur la bande d'arrêt d'urgence à droite du responsable de l'accident.","Je n'avais pas encore suivi le stage AFDM.","","2","1","2","","Il n'a pas cherché à me voir avant de changer de voie.","1","Un contrôle et il serait resté sur sa voie","3","6","",NA,NA,"","","",NA,1,NA,NA,"2",NA,"Les 2 voies roulaient à la même vitesse, le changement de voie ne permettait pas de gagner du temps.","4","3","","","3","1","4","4","1","1","2","2",4,4,1,4,4,3,NA,NA,NA,NA,NA,NA,NA,NA,2,"","","","",NA,NA,NA,NA,2,2,NA,2,1,3,1,20,80,0,0,0,"1","3","4","",NA,NA,"3","1","","",NA,1,NA,NA,NA,NA,NA,NA,NA,NA,NA,NA,1,"3","3",NA,0,60,1,2,3,4,7,9,NA,NA,"",NA,"3","3","3","3","3","3","YAMAHA","600","FZS FAZER","ROADSTER","2","1","1",1,1,1,"1",1,1,1,"1","70000","12","4","1","HONDA","125","VARADERO","TRAIL / SUPERMOTARD","2","3","3","02MAY1970","5","1","3",2,4,4,2,"NRP","","","",2,0,0,2,0,2,"YAMAHA",600,"FZS FAZER","ROADSTER","2","2003","37",3,3,11000,"7","YAMAHA","1300","FJR ABS","Routière / GT","2","2012","37",3,1,0,"7","","","","","",NA,NA,NA,NA,NA,"","",NA,"","",NA,NA,NA,NA,NA,NA,"","",NA,"","",NA,NA,NA,NA,NA,NA,NA,11000,"3",4,NA,NA,NA,NA,NA,NA,NA,"NRP","NRP","NRP","NRP","2007","NRP","NRP","1993","NRP","","","","Motorcycle"
"185",558,4770,"400",1,0,3,"","",NA,NA,NA,0,3,"","","",NA,NA,0,4,"","",NA,"",NA,0,5,"","",NA,NA,NA,2,5,"1975","2008","","","",0,3,"","","",NA,NA,0,3,"",NA,NA,NA,NA,0,4,"","","",NA,NA,1,5,"2007","","","","",0,3,"","","","","",0,5,"","","","","",0,2,"","",NA,NA,NA,1,3,"1978","","",NA,NA,0,3,"","",NA,NA,NA,0,NA,4,"","","","","","","","","","","","","","","",NA,NA,3,2,36,1,41,"9",2007,"","2007","Vous avez fait une sortie de route, une perte de contrôle ou une glissade sans rien percuter.","3","","",NA,"",NA,"","une voiture a grillé un stop et je n'ai pu l'éviter complètement","rue à sens unique étroite me sachant prioritaire","Freinage d'urgence : relacher reprendre relacher reprendre mais quelques km/h de trop pour m'arrêter avant l'impact","NRP","0","","","trop peu de temps pour m'arrêter à la vitesse à laquelle je roulais (bien que largement inférieure à 50km/h)","3","1","2","","n'avait pas vu le stop","1","manque d'attention en parcours urbain","6","","",NA,NA,"","","",NA,NA,NA,NA,"1",NA,"la situation ne me permettait pas d'éviter le choc (léger)","4","1","1","","1","1","4","4","1","1","1","1",1,4,4,4,4,1,NA,NA,NA,NA,NA,NA,NA,NA,2,"","","","",NA,NA,NA,NA,2,2,NA,2,1,1,1,10,90,0,0,0,"2","","","",NA,NA,"2","1","","",NA,1,NA,NA,NA,NA,NA,NA,NA,NA,NA,NA,1,"1","1",2,0,45,1,2,3,4,NA,NA,NA,NA,"",NA,"4","4","4","4","4","3","MOTO GUZZI","1100","CALIFORNIA","Routière / GT","2","1","1",1,1,1,"1",1,1,1,"1","40000","12","3","1","KAWASAKI","1500","VN CLASSIC","CUSTOM","null","4","3","13AUG1959","5","1","3",2,3,4,1,"NRP","","","",2,0,0,2,0,2,"MOTO GUZZI",1200,"NORGE GT","Routière / GT","2","2007","37",1,2,10000,"7","KAWASAKI","600","KLR","TRAIL / SUPERMOTARD","2","1986","37",3,1,1000,"7","","","","","",NA,NA,NA,NA,NA,"","",NA,"","",NA,NA,NA,NA,NA,NA,"","",NA,"","",NA,NA,NA,NA,NA,NA,NA,11000,"2",3,4,NA,NA,NA,NA,NA,NA,"NRP","NRP","NRP","1976","1977","NRP","NRP","1978","NRP","","","","Motorcycle"
"186",1118,4773,"234",1,0,4,"","",NA,NA,NA,0,5,"","","",NA,NA,0,5,"","",NA,"",NA,0,4,"","",NA,NA,NA,1,5,"2011","","","","",0,2,"","","",NA,NA,0,3,"",NA,NA,NA,NA,0,3,"","","",NA,NA,0,3,"","","","","",0,4,"","","","","",0,4,"","","","","",0,5,"","",NA,NA,NA,0,3,"","","",NA,NA,0,4,"","",NA,NA,NA,0,NA,1,"","","","","","","","","","","","","","","",NA,NA,4,0,42,1,21,"5",2011,"","2011","Vous circuliez sur un axe prioritaire. Un véhicule venant dun axe non prioritaire vous a coupé la route.","2","","",NA,"",NA,"","C'était à un carrefour, je venais de démarrer à un feu vert, dès que j'ai eu passé le carrefour, une jeune cycliste a traversé la rue en débouchant de derrière un massif de laurier rose. Elle a sauté littéralement le trottoir et m'a percuté sur le côté droit avant que les roues de son vélo ne touche la chaussée. Elle m'a avoué qu'à part le tram, elle ne pensait pas qu'il pourrait y avoir quelqu'un d'autre qui viendrait dans son paysage.","La surprise de voir surgir cette cycliste de derrière les lauriers roses et le fait d'être impuissant à l'éviter, même avec un freinage énergique, puisque le freinage m'a fait lever du siège et butter contre la bulle du carénage.","J'ai freiné aussitôt que je l'ai aperçue, tout en essayant de m'écarter sur la gauche (rue étroite en sens unique). Elle n'a rien pu faire, étant sans contact avec le sol et m'a percuté à l'aplomb du rétroviseur.","NRP","0","","","Parce que je la vois surgir sur ma droite pratiquement dans la même seconde que l'impact.","2","1","2","","Elle ne pouvait ni freiner, ni changer de direction, n'étant pas en contact avec la route.","1","Elle aurait dû s'arrêter et descendre de vélo, pour traverser la rue.","2","4","",NA,NA,"","","",1,NA,2,NA,"",NA,"Lorsque l'on vient de démarrer à un feu vert, il est rare que l'on puisse rencontrer un vélo qui vous coupe la route en dehors tout aménagement prévu pour traverser la chaussée.","4","3","","","1","1","4","4","1","1","1","1",1,1,4,4,4,10,NA,NA,NA,NA,NA,NA,NA,NA,1,"AUT|Elément décoratif volumineux sur le trottoir.","","","",NA,NA,NA,NA,2,2,NA,2,1,1,1,0,80,0,20,0,"2","","","",NA,NA,"2","1","","",NA,2,0,NA,NA,NA,NA,NA,NA,NA,NA,NA,2,"1","1",2,0,15,1,10,2,3,5,7,NA,NA,"",NA,"4","4","4","4","4","4","HONDA","1300","PAN EUROPEAN","Routière / GT","2","0","0",0,1,1,"1",1,1,1,"1","50000","12","4","1","KAWASAKI","1400","GTR GRAND TOURER","Routière / GT","null","4","4","07AUG1955","5","2","3",2,1,1,NA,"NRP","","","",1,0,0,1,0,1,"KAWASAKI",1400,"GTR","Routière / GT","2","2012","16",1,2,20000,"7","","","","","","","",NA,NA,NA,"","","","","","",NA,NA,NA,NA,NA,"","",NA,"","",NA,NA,NA,NA,NA,NA,"","",NA,"","",NA,NA,NA,NA,NA,NA,NA,20000,"3",4,NA,NA,NA,NA,NA,NA,NA,"NRP","NRP","NRP","NRP","1977","NRP","NRP","1977","NRP","","","","Motorcycle"
"187",591,4786,"344",1,0,5,"","",NA,NA,NA,0,4,"","","",NA,NA,2,6,"1995","1996",NA,"",NA,0,5,"","",NA,NA,NA,0,4,"","","","","",0,5,"","","",NA,NA,0,3,"",NA,NA,NA,NA,0,3,"","","",NA,NA,1,4,"1994","","","","",0,5,"","","","","",1,6,"NSP","","","","",0,2,"","",NA,NA,NA,0,3,"","","",NA,NA,0,4,"","",NA,NA,NA,0,NA,4,"","","","","","","","","","","","","","","",NA,NA,5,1,20,1,51,"11",0,"","-1","Vous circuliez sur un axe constitué dau moins "" 2 X 2 voies "" (en urbain, périph, autoroute, RN ). Un véhicule vous a coupé la route en changeant de voie pour se placer sur celle de gauche.","3","","",NA,"",NA,"","Je circulais file de gauche sur le perif parisien  pour une fois fluide, zone trois voies, un conducteur qui télephonait s'est brusquement déporté sans clignotant du fait d'un ralentissement devant lui.. Perte de controle et chute. Heureusement sans gravité mais suffisament frequent et symptomatique pour etre rapporté. Le conducteur s'est arrété et a admis sa faute, remboursement integral.","La telephonie rendue obligatoire d'un patron envers ses chauffeurs.","Freinage et Perte de controle du fait de la surprise et du sol gras et chute malgré l' abs. Bon comportement de l'automobiliste impliqué qui a reconnu sa faute et des véhicules arrières qui ont su freiner puis protéger le lieu. Beaucoup de chance en fait.","NRP","1","Il est sans doute possible de ne pas se laisser surprendre, plus de vigilance et/ou d'attention..","Manque d'experience et/ou de formation à l'époque. Sans doute les associations motardes n'ont pas assez dénoncé les risques engendrés par la téléphonie embarquée.","","2","1","NSP","","Son manque d'attention fut evident pour moi.","1","Manque de conscience des risques et de vigilance sont les causes majeures d'accident. Rien de neuf en cela, vitesse et alcoolémie ou autres découlent toujours de ces élément basiques.","1","","",NA,NA,"","","1",NA,NA,NA,NA,"",NA,"Je savais etre suivi par d'autres véhicule et ce n'était pas ma première gamelle sur le périférique parisien toujourd stressant.","3","3","","","1","2","3","3","1","1","3","2",1,5,5,5,4,1,5,NA,NA,NA,NA,NA,NA,NA,2,"","","","",NA,NA,NA,NA,2,2,NA,2,1,3,2,15,70,0,0,15,"2","","","",NA,NA,"2","2","","",NA,1,NA,NA,NA,NA,NA,NA,NA,NA,NA,NA,1,"4","1",2,0,70,1,10,2,3,4,7,NA,NA,"",NA,"4","4","4","4","4","NRP","HONDA","700","DEAUVILLE ABS","Routière / GT","2","0","0",0,1,1,"1",1,1,1,"1","10000","12","3","1","HONDA","650","DEAUVILLE","Routière / GT","2","4","4","10AUG1954","5","1","3",2,3,4,1,"NRP","","","",2,1,0,3,0,4,"HONDA",50,"PC50","ROADSTER","2","1968","1",4,1,10,"7","KAWASAKI","750","ZEPHYR","ROADSTER","1","1994","1",4,1,3000,"7","HONDA","1300","PAN EUROPEAN","Routière / GT","2",2003,1,3,1,8000,"7","HONDA",700,"DEAUVILLE","Routière / GT",2,2008,1,1,2,7000,"1","",NA,"","",NA,NA,NA,NA,NA,NA,NA,18010,"3",4,NA,NA,NA,NA,NA,NA,NA,"NRP","NRP","NRP","NRP","1993","NRP","NRP","1972","NRP","","","","Scooter"
"188",765,4791,"121",1,0,1,"","",NA,NA,NA,1,5,"1989","","",NA,NA,0,5,"","",NA,"",NA,0,4,"","",NA,NA,NA,0,5,"","","","","",0,3,"","","",NA,NA,0,2,"",NA,NA,NA,NA,1,5,"2005","","",NA,NA,1,6,"1993","","","","",0,3,"","","","","",0,5,"","","","","",0,2,"","",NA,NA,NA,0,5,"","","",NA,NA,0,5,"","",NA,NA,NA,0,NA,3,"","","","","","","","","","","","","","","",NA,NA,2,2,35,1,36,"8",2005,"","2005","Vous avez fait une sortie de route, une perte de contrôle ou une glissade puis avez percuté un obstacle fixe (panneau, arbre poteau ).","6","","",NA,"",NA,"","circonstances de l'accident: entrée de virage, une voiture sort d'un chemin sur la droite. surpris je prends les freins, un peu fort, voir une peu trop fort, je perds l'avant, embrasse le goudron tête la première, Miss Ducati et moi partons en glissade et heurtons le haricot séparant les voies. Grosse frayeur, grosses brûlures, moto bien abimée, équipement motard foutu. croisement bien signalé, mauvais réflexe, exces de confiance en soi (propriétaire de la moto depuis 6 mois avec l'impression de bien la connaitre ...)","la surprise,  apres la prise de frein par refexe et avant d'embrasser le goudron j'ai presenti que j'aurais pu gerer la situation autrement","Moto sur l'angle j'ai redressé un peu la machine coupé les gazs en prenant le frein AV pas trouvé le frein AR (pied trop écarté de la commande) le chauffeur de la voiture ne s'est rendu compte de rien (pas de choc avec la voiture)","NRP","1","NRP","NRP","","2","0","","","","","","2","9","",NA,NA,"","de la colere apres moi et mon reflexe","",1,NA,NA,NA,"",2,"je ne m'attendais pas à une telle puissance de freinage","3","1","2","","1","2","4","3","3","3","1","2",4,1,4,4,4,5,8,NA,NA,NA,NA,NA,NA,NA,1,"4","","","",NA,NA,NA,NA,2,2,NA,2,2,1,1,99,1,0,0,0,"1","1","","",NA,NA,"1","1","","",NA,2,1,4,7,NA,NA,NA,NA,NA,1,0,2,"2","3",NA,0,90,1,2,3,4,9,NA,NA,NA,"",NA,"4","4","4","4","4","4","DUCATI","900","SUPERSPORT IE","Routière / GT","2","1","1",1,1,1,"1",1,1,1,"1","30000","11","2","1","HONDA","650","DEAUVILLE","Routière / GT","2","4","4","01AUG1961","7","1","3",2,5,4,3,"NRP","","","",1,1,0,3,0,3,"DUCATI",900,"SPORT IE","Routière / GT","2","2000","37",1,1,10000,"7","MOTO GUZZI","1100","CALIFORNIA STONE TOURING","ROADSTER","2","2005","37",1,2,15000,"7","HONDA","750","CB-C","CUSTOM","2",1982,37,4,1,1000,"7","",NA,"","",NA,NA,NA,NA,NA,NA,"","",NA,"","",NA,NA,NA,NA,NA,NA,NA,26000,"2",3,4,NA,NA,NA,NA,NA,NA,"NRP","NRP","NRP","1977","1980","NRP","NRP","1980","NRP","","","","Motorcycle"
"189",692,4793,"12",1,0,4,"","",NA,NA,NA,0,5,"","","",NA,NA,1,6,"NSP","",NA,"",NA,0,4,"","",NA,NA,NA,0,5,"","","","","",0,4,"","","",NA,NA,0,4,"",NA,NA,NA,NA,0,4,"","","",NA,NA,2,4,"1979","1999","","","",0,6,"","","","","",0,4,"","","","","",0,4,"","",NA,NA,NA,0,5,"","","",NA,NA,0,6,"","",NA,NA,NA,0,NA,3,"","","","","","","","","","","","","","","",NA,NA,5,0,19,1,41,"9",1979,"","1979","Vous avez fait une sortie de route, une perte de contrôle ou une glissade sans rien percuter.","2","","",NA,"",NA,"","IL s'agissait d'une ""première grande sortie"" avec une moto ancienne achetée récemment. lors d'une descente, dans un virage je n'ai pas pu tourner et suis aller dans un ravin et la course s'est arrêtée dans un arbre.  Je ne sais pas trop encore aujourd'hui à quoi était due cette sortie  absence d'une formation complète ? manque de vigilance de ma part ? freinage insuffisant sur le véhicule ? Je ne pense pas que la vitesse était trop rapide","Vue dans la réponse précédente, plusieurs facteurs mais pas réellement identifiés","Sur cette accident j'étai le seul véhicule, pas de tiers. Je me souvient avoir freiné mais je n'ai pu, pas réussi à tourner et la moto ne s'est pas arrêtée. Heureusement mon passager n'a rien eu.","NRP","0","","","absence d'une formation plus complète et absence des réactions et actions à faire sur le véhicule","1","0","","","","","","1","2","6",NA,NA,"","","1",2,NA,NA,NA,"3",NA,"L'inconnue de la conséquence tout va vite mais il y a quelques secondes qui se passent.","2","3","","","1","2","3","2","4","3","3","3",3,3,5,5,5,7,NA,NA,NA,NA,NA,NA,NA,NA,2,"","","","",NA,NA,NA,NA,2,2,NA,2,2,1,1,70,0,0,30,0,"1","3","","",NA,NA,"2","1","","",NA,1,NA,NA,NA,NA,NA,NA,NA,NA,NA,NA,3,"2","3",NA,1,70,1,10,2,3,5,NA,NA,NA,"",NA,"1","1","1","1","1","1","BMW","600","R60","ROADSTER","2","1","1",1,1,1,"1",1,1,1,"1","NSP","NSP","1","0","","","","","","","","18MAR1958","6","1","3",2,2,3,NA,"NRP","","","",1,0,0,2,0,2,"KAWASAKI",1200,"ZRX-S","ROADSTER","2","2011","37",3,1,7500,"7","TERRA-MOTO","125","PIT(DIRT)BIKE","TRAIL / SUPERMOTARD","2","1954","37",4,1,10,"7","","","","","",NA,NA,NA,NA,NA,"","",NA,"","",NA,NA,NA,NA,NA,NA,"","",NA,"","",NA,NA,NA,NA,NA,NA,NA,7510,"3",4,NA,NA,NA,NA,NA,NA,NA,"NRP","NRP","NRP","NRP","1977","NRP","NRP","1987","NRP","","","","Motorcycle"
"190",325,4796,"140",0,NA,NA,"","",NA,NA,NA,NA,NA,"","","",NA,NA,NA,NA,"","",NA,"",NA,NA,NA,"","",NA,NA,NA,NA,NA,"","","","","",NA,NA,"","","",NA,NA,NA,NA,"",NA,NA,NA,NA,NA,NA,"","","",NA,NA,NA,NA,"","","","","",NA,NA,"","","","","",NA,NA,"","","","","",NA,NA,"","",NA,NA,NA,NA,NA,"","","",NA,NA,NA,NA,"","",NA,NA,NA,NA,NA,0,"","","","","","","","","","","","","","","",NA,NA,NA,NA,NA,NA,NA,"",NA,"","2006","Vous avez fait une sortie de route, une perte de contrôle ou une glissade puis avez percuté un obstacle fixe (panneau, arbre poteau ).","1","","",NA,"",NA,"","en quittant une route principale pour prendre une route secondaire à droite, je me suis retrouvé brusquement sur un tapis de gravillon frais. Etant déjà penché à droite lorsque que j'ai constaté ce revêtement, lorsque j'ai ralenti et légèrement freiné de l'arrière, le cul de la moto est parti en dérapage et j'ai fais un 180° et n'ai pas eu d'autre choix que de ""déposer"" la moto face avant dans le fossé et en appui sur le muret de la propriété jouxtant le fossé. De la casse malgré la très faible vitesse, mais pas de bobo pour moi.Le gravillon était signalé par un premier panneau 20m avant (au lieu de 150m)mais celui ci était tombé au sol face contre terre et un second placé 2 ou 3 m après le début des gravillons. Bien évidement et malgré un dossier bien construit par mes soins, l'assurance m'a pénalisé d'un malus pour non maitrise du véhicule(assuré tous risques). Alors que les torts me semble t il incombaient à la DDE de l'époque.","deux éléments, les panneaux non voyants et les gravillons en virage","ma réaction(j'étais en seconde vitesse) fut de décélérer puis de freiner de l'arrière légèrement. Pas d'autre usager impliqué","NRP","0","","","parce qu'il fallait que tourne a droite, que je m'arrête et que j'évite le véhicule arrivant en face","3","0","","","","","","4","","",NA,NA,"","","",NA,NA,1,NA,"",NA,"parce que j'étais, comme à mon habitude, concentré sur ma conduite. Même si j'ai pour habitude d'anticiper ce que j'organise dans ma vie ou mon travail à l'époque, je suis capable de gérer l'instantané sans perdre mon sang froid. cela peut paraitre vaniteux mais c'est pourtant comme ça.","4","3","","","1","1","4","4","3","1","1","1",1,3,4,4,4,7,NA,NA,NA,NA,NA,NA,NA,NA,1,"2","5","6","7",NA,NA,NA,NA,2,2,NA,2,1,1,1,20,0,0,80,0,"2","","","",NA,NA,"3","1","4","",NA,1,NA,NA,NA,NA,NA,NA,NA,NA,NA,NA,1,"2","1",1,0,20,1,2,3,4,7,9,NA,NA,"",NA,"4","4","4","4","4","4","HONDA","650","DEAUVILLE","Routière / GT","2","1","0",1,1,1,"1",1,1,1,"1","50000","12","4","1","YAMAHA","125","XV VIRAGO","CUSTOM","2","4","4","19DEC1954","9","2","3",2,2,3,NA,"NRP","","","",1,0,0,1,0,1,"BMW",1100,"R1100RT","Routière / GT","2","1994","28",1,2,10000,"7","","","","","","","",NA,NA,NA,"","","","","","",NA,NA,NA,NA,NA,"","",NA,"","",NA,NA,NA,NA,NA,NA,"","",NA,"","",NA,NA,NA,NA,NA,NA,NA,10000,"3",4,NA,NA,NA,NA,NA,NA,NA,"NRP","NRP","NRP","NRP","2003","NRP","NRP","1982","NRP","","","","Motorcycle"
"191",840,4796,"140",1,0,3,"","",NA,NA,NA,0,3,"","","",NA,NA,0,4,"","",NA,"",NA,0,2,"","",NA,NA,NA,0,4,"","","","","",0,2,"","","",NA,NA,0,3,"",NA,NA,NA,NA,1,3,"2006","","",NA,NA,0,2,"","","","","",0,3,"","","","","",0,3,"","","","","",0,3,"","",NA,NA,NA,0,2,"","","",NA,NA,0,3,"","",NA,NA,NA,0,NA,1,"","","","","","","","","","","","","","","",NA,NA,24,3,12,1,36,"8",2006,"","2006","Vous avez fait une sortie de route, une perte de contrôle ou une glissade puis avez percuté un obstacle fixe (panneau, arbre poteau ).","1","","",NA,"",NA,"","en quittant une route principale pour prendre une route secondaire à droite, je me suis retrouvé brusquement sur un tapis de gravillon frais. Etant déjà penché à droite lorsque que j'ai constaté ce revêtement, lorsque j'ai ralenti et légèrement freiné de l'arrière, le cul de la moto est parti en dérapage et j'ai fais un 180° et n'ai pas eu d'autre choix que de ""déposer"" la moto face avant dans le fossé et en appui sur le muret de la propriété jouxtant le fossé. De la casse malgré la très faible vitesse, mais pas de bobo pour moi.Le gravillon était signalé par un premier panneau 20m avant (au lieu de 150m)mais celui ci était tombé au sol face contre terre et un second placé 2 ou 3 m après le début des gravillons. Bien évidement et malgré un dossier bien construit par mes soins, l'assurance m'a pénalisé d'un malus pour non maitrise du véhicule(assuré tous risques). Alors que les torts me semble t il incombaient à la DDE de l'époque.","deux éléments, les panneaux non voyants et les gravillons en virage","ma réaction(j'étais en seconde vitesse) fut de décélérer puis de freiner de l'arrière légèrement. Pas d'autre usager impliqué","NRP","0","","","parce qu'il fallait que tourne a droite, que je m'arrête et que j'évite le véhicule arrivant en face","3","0","","","","","","4","","",NA,NA,"","","",NA,NA,1,NA,"",NA,"parce que j'étais, comme à mon habitude, concentré sur ma conduite. Même si j'ai pour habitude d'anticiper ce que j'organise dans ma vie ou mon travail à l'époque, je suis capable de gérer l'instantané sans perdre mon sang froid. cela peut paraitre vaniteux mais c'est pourtant comme ça.","4","3","","","1","1","4","4","3","1","1","1",1,3,4,4,4,7,NA,NA,NA,NA,NA,NA,NA,NA,1,"2","5","6","7",NA,NA,NA,NA,2,2,NA,2,1,1,1,20,0,0,80,0,"2","","","",NA,NA,"3","1","4","",NA,1,NA,NA,NA,NA,NA,NA,NA,NA,NA,NA,1,"2","1",1,0,20,1,2,3,4,7,9,NA,NA,"",NA,"4","4","4","4","4","4","HONDA","650","DEAUVILLE","Routière / GT","2","1","0",1,1,1,"1",1,1,1,"1","50000","12","4","1","YAMAHA","125","XV VIRAGO","CUSTOM","2","4","4","19DEC1954","9","2","3",2,2,3,NA,"NRP","","","",1,0,0,1,0,1,"BMW",1100,"R1100RT","Routière / GT","2","1994","28",1,2,10000,"7","","","","","","","",NA,NA,NA,"","","","","","",NA,NA,NA,NA,NA,"","",NA,"","",NA,NA,NA,NA,NA,NA,"","",NA,"","",NA,NA,NA,NA,NA,NA,NA,10000,"3",4,NA,NA,NA,NA,NA,NA,NA,"NRP","NRP","NRP","NRP","2003","NRP","NRP","1982","NRP","","","","Motorcycle"