"","Ligne","Ligne.Q.qualif","Ligne.approfondissement.Accident","ACCIDENT","NBACC1","ACCFREQUENCE1","ANNEEACC1_1","ANNEEACC1_2","ANNEEACC1_3","ANNEEACC1_4","ANNEEACC1_5","NBACC2","ACCFREQUENCE2","ANNEEACC2_1","ANNEEACC2_2","ANNEEACC2_3","ANNEEACC2_4","ANNEEACC2_5","NBACC3","ACCFREQUENCE3","ANNEEACC3_1","ANNEEACC3_2","ANNEEACC3_3","ANNEEACC3_4","ANNEEACC3_5","NBACC4","ACCFREQUENCE4","ANNEEACC4_1","ANNEEACC4_2","ANNEEACC4_3","ANNEEACC4_4","ANNEEACC4_5","NBACC5","ACCFREQUENCE5","ANNEEACC5_1","ANNEEACC5_2","ANNEEACC5_3","ANNEEACC5_4","ANNEEACC5_5","NBACC6","ACCFREQUENCE6","ANNEEACC6_1","ANNEEACC6_2","ANNEEACC6_3","ANNEEACC6_4","ANNEEACC6_5","NBACC7","ACCFREQUENCE7","ANNEEACC7_1","ANNEEACC7_2","ANNEEACC7_3","ANNEEACC7_4","ANNEEACC7_5","NBACC8","ACCFREQUENCE8","ANNEEACC8_1","ANNEEACC8_2","ANNEEACC8_3","ANNEEACC8_4","ANNEEACC8_5","NBACC9","ACCFREQUENCE9","ANNEEACC9_1","ANNEEACC9_2","ANNEEACC9_3","ANNEEACC9_4","ANNEEACC9_5","NBACC10","ACCFREQUENCE10","ANNEEACC10_1","ANNEEACC10_2","ANNEEACC10_3","ANNEEACC10_4","ANNEEACC10_5","NBACC11","ACCFREQUENCE11","ANNEEACC11_1","ANNEEACC11_2","ANNEEACC11_3","ANNEEACC11_4","ANNEEACC11_5","NBACC12","ACCFREQUENCE12","ANNEEACC12_1","ANNEEACC12_2","ANNEEACC12_3","ANNEEACC12_4","ANNEEACC12_5","NBACC13","ACCFREQUENCE13","ANNEEACC13_1","ANNEEACC13_2","ANNEEACC13_3","ANNEEACC13_4","ANNEEACC13_5","NBACC14","ACCFREQUENCE14","ANNEEACC14_1","ANNEEACC14_2","ANNEEACC14_3","ANNEEACC14_4","ANNEEACC14_5","AUTRESACC","NBAUTRESACC","TOTAL_AC","ANNEEAUTREACC1","ANNEEAUTREACC2","ANNEEAUTREACC3","ANNEEAUTREACC4","ANNEEAUTREACC5","LIEUAUTREACC1","LIEUAUTREACC2","LIEUAUTREACC3","LIEUAUTREACC4","LIEUAUTREACC5","DESCRIPTIONAUTRESACC1","DESCRIPTIONAUTRESACC2","DESCRIPTIONAUTRESACC3","DESCRIPTIONAUTRESACC4","DESCRIPTIONAUTRESACC5","NBAUTRESACCCIRCUIT","NBAUTRESTOUTTERRAIN","EXPCYCLO","EXP125","EXPSUP125","ACCORDNEXTQ","CHOIXACC","RGPMTACC","RECUPANNEE","RECUPLIEU","RECUPANNE","RGPMTAC","CHOIX1","CHOIX2","CHOIX3","CHOIX4","CHOIX5","CHOIX6","CHOIX7","DESCRIPTION","RUPTURE","FAITS","ABS_REACTION","AUTRE_REACTION","PRECISIONREACTIONOUI","RECUL","PRECISIONREACTIONNON","IMPACTCOMPORTEMENT","AUTREUSAGER","REACTIONAUTREUSAGER","CONNAISSANCEREACTIONUSAGER","DIFFICULTES","AGGRAVATION","DIFFICULTES2","EMOTIONS1","EMOTIONS2","EMOTIONS3","EMOTIONS4","EMOTIONS5","EMOTIONS6","AUTRESENTIMENT","CLASSEMENTEMOTIONS1","CLASSEMENTEMOTIONS","CLASSEMENTEMOTIONS5","CLASSEMENTEMOTIONS6","CLASSEMENTEMOTIONS7","CLASSEMENTEMOTIONS8","CLASSEMENTEMOTIONS9","EXPLICATIONRESSENTI","BIENEQUIPE","ALLURE","ALLUREVITEDETAIL","ALLURELENTEDETAIL","SITUATIONPRESSE","SITUATIONDISTRAIT","SITUATIONCONFIANT","SITUATIONCONTROLE","SITUATIONLUDIQUE","SITUATIONPERF","SITUATIONSTRESS","SITUATIONFATIGUE","HUMEURNEUTRE","HUMEURGAI","HUMEURMECONTENT","HUMEURTRISTE","HUMEURCOLERE","CONTRIBUTION1","CONTRIBUTION2","CONTRIBUTION3","CONTRIBUTION4","CONTRIBUTION5","CONTRIBUTION6","CONTRIBUTION7","CONTRIBUTION8","CONTRIBUTION9","ROLEINFRA","ELEMENTINFRA1","ELEMENTINFRA2","ELEMENTINFRA3","ELEMENTINFRA4","ELEMENTINFRA5","ELEMENTINFRA6","ELEMENTINFRA7","ELEMENTINFRA8","ELEMENTINFRA9","ALCOOL","TXALCOOL","STUP","SEMAINE","MOMENTJOURNEE","TEMPS","CAUSEACC1","CAUSEACC2","CAUSEACC3","CAUSEACC4","CAUSEACC5","FORMATIONCAUSE","FORMATION1","FORMATION2","FORMATION3","FORMATION4","FORMATION5","TRAFIC","CHAUSSEE1","CHAUSSEE2","CHAUSSEE3","CHAUSSEE4","TYPEACC","BLESSURE","TETE","COU","THORAX","MEMBRESSUP","COLONNE","BASSIN","MEMBRESINF","HOPITAL","PLUS24H","TRAJET","TYPEROUTE","MOTIF","SENSTRAJET","PASSAGER","VITESSE","DESCEQ1","DESCEQ2","DESCEQ3","DESCEQ4","DESCEQ5","DESCEQ6","DESCEQ7","DESCEQ8","DESCEQ9","DESCEQ10","VEHICULEETE","VEHICULEAUTOMNE","VEHICULEPRINTEMPS","VEHICULEHIVER","VEHICULESEMAINE","VEHICULEWE","VEHMARQUE","VEHCYLINDREE","VEHMODELE","VEHSEGMENT","VEHSIDE","EQ2RMABS","EQ2RMCBS","EQ2RMABSCBS","EQ2RMREGULATEUR","EQ2RMLIMITEUR","EQ2RMPHARESDIRECT","EQ2RMCOUPURE","EQ2RMANTIPATINAGE","EQ2RMANTIXHEELING","EQ2RMSTABILILTE","VEHKM","POINTS","DUREE","AUTRE2RM","VEHPRECMARQUE","VEHPRECCYLINDREE","VEHPRECMODELE","VEHPRECSEGMENT","VEHPRECSIDE","TEMPS2RMPREC","FREQVEHPREC","DATE_NAISS","CSP","SOCIETAIRE","SALARIE","SECTEUR2RM","NBPERSFOYER","SITFAM","NBENF","TRNBENF1","TRNBENF2","TRNBENF3","TRNBENF4","NBAUTOFOYER","NBCYCLOFOYER","NBSCOOTFOYER","NBMOTOFOYER","NBTRIKEFOYER","NB2RMCONDUIT","MARQUE1","CYLINDREE1","MODELE1","SEGMENT1","SIDE1","ANMISECIRCU1","ASS1","FREQ1","USAGE1","NBKM1","GARAGE1","MARQUE2","CYLINDREE2","MODELE2","SEGMENT2","SIDE2","ANMISECIRCU2","ASS2","FREQ2","USAGE2","NBKM2","GARAGE2","MARQUE3","CYLINDREE3","MODELE3","SEGMENT3","SIDE3","ANMISECIRCU3","ASS3","FREQ3","USAGE3","NBKM3","GARAGE3","MARQUE4","CYLINDREE4","MODELE4","SEGMENT4","SIDE4","ANMISECIRCU4","ASS4","FREQ4","USAGE4","NBKM4","GARAGE4","MARQUE5","CYLINDREE5","MODELE5","SEGMENT5","SIDE5","ANMISECIRCU5","ASS5","FREQ5","USAGE5","NBKM5","GARAGE5","NBKMTOT","PERMIS1","PERMIS2","PERMIS3","PERMIS4","PERMIS5","PERMIS6","PERMIS7","PERMIS8","PERMIS9","ANPERMIS1","ANPERMIS6","ANPERMIS7","ANPERMIS2","ANPERMIS3","ANPERMIS8","ANPERMIS9","ANPERMIS4","ANPERMIS5","X","X.1","X.2","isScooter"
"192",593,4799,"114",1,0,5,"","",NA,NA,NA,0,6,"","","",NA,NA,0,6,"","",NA,"",NA,0,5,"","",NA,NA,NA,0,5,"","","","","",0,5,"","","",NA,NA,0,3,"",NA,NA,NA,NA,0,4,"","","",NA,NA,0,4,"","","","","",0,5,"","","","","",0,5,"","","","","",0,2,"","",NA,NA,NA,0,6,"","","",NA,NA,0,4,"","",NA,NA,NA,1,2,2,"2000","2004","","","","aix en provence","salon de proven","","","","sur autoroute un automobiliste en me doublant m'a percuté.","un automobiliste m'a percuté par l'arriere en voulant tourner téléphone à la main.","","","",0,0,4,6,30,1,72,"15",2004,"salon de proven","2004","Autre(s) type(s) d'accident(s).","4","","",NA,"",NA,"","Nous circulions ma femme et moi sur notre moto (1000 varadero) a petite vitesse. Une voiture nous a percuter par l'arrière de la moto .La chute inévitable ,nous a fait connaitre les urgences a l'hôpital de Salon de Provence. La conductrice coupable téléphoner... Constat etabli par la gendarmerie.","l'élément coupable: La conductrice téléphoner en conduisant.","Aprés le choc par l'arrière,nous avons chutés tout les deux au sol .des passants on appeler les pompiers et la gendarmeries. L'automobiliste coupable est resté sans rien faire.","3","0","","","le choc par l'arrière de mon véhicule.","1","0","","","","","","6","","",NA,NA,"","","",NA,NA,NA,NA,"1",NA,"Quand on est poussé par l'arrière...","4","3","","","1","1","4","4","NSP","1","1","1",1,1,4,4,4,7,NA,NA,NA,NA,NA,NA,NA,NA,2,"","","","",NA,NA,NA,NA,2,2,NA,2,1,1,1,0,100,0,0,0,"2","","","",NA,NA,"2","1","","",NA,2,1,3,7,NA,NA,NA,NA,NA,1,1,2,"1","3",NA,1,30,1,10,2,3,4,7,NA,NA,"",NA,"4","4","4","NRP","4","4","HONDA","1000","VARADERO","TRAIL / SUPERMOTARD","2","1","1",1,1,1,"1",1,1,1,"1","1000","12","2","1","HONDA","650","DEAUVILLE","Routière / GT","2","4","4","27JAN1951","9","1","3",2,2,3,NA,"NRP","","","",2,0,0,1,0,1,"SUZUKI",1400,"GSX","ROADSTER","2","2005","37",2,1,10000,"7","","","","","","","",NA,NA,NA,"","","","","","",NA,NA,NA,NA,NA,"","",NA,"","",NA,NA,NA,NA,NA,NA,"","",NA,"","",NA,NA,NA,NA,NA,NA,NA,10000,"2",3,4,NA,NA,NA,NA,NA,NA,"NRP","NRP","NRP","1967","1967","NRP","NRP","1969","NRP","","","","Motorcycle"
"193",309,4810,"322",1,0,5,"","",NA,NA,NA,0,4,"","","",NA,NA,0,5,"","",NA,"",NA,0,5,"","",NA,NA,NA,0,4,"","","","","",0,3,"","","",NA,NA,0,3,"",NA,NA,NA,NA,0,4,"","","",NA,NA,1,4,"NSP","","","","",1,5,"2001","","","","",0,4,"","","","","",0,3,"","",NA,NA,NA,0,2,"","","",NA,NA,0,5,"","",NA,NA,NA,0,NA,2,"","","","","","","","","","","","","","","",NA,NA,5,3,25,1,41,"9",0,"","-1","Vous avez fait une sortie de route, une perte de contrôle ou une glissade sans rien percuter.","2","","",NA,"",NA,"","Une inattention brève suivie d'une chute brutale.","un moment d'inattention, il y en a eu d'autres heureusement sans conséquence.","En fait, je ne tenais le guidon que d'une seule main et je n'ai pas eu le temps d'effectuer un freinage ou l'évitement d'un nid de poule qui a déséquilibré ma moto.","NRP","1","j'aurais dû à cet endroit où je savais la chaussée dégradée être plus attentif et surtout moins désinvolte.","Je pensais à autre chose.","","2","0","","","","","","3","","",NA,NA,"","","",NA,1,NA,NA,"",NA,"je ne m'attendais pas à la chute, je pensais avoir le temps de redresser la situation.","3","3","","","2","4","3","2","2","1","1","2",1,3,5,5,5,4,5,NA,NA,NA,NA,NA,NA,NA,1,"3","","","",NA,NA,NA,NA,2,2,NA,2,1,3,1,70,0,0,30,0,"2","","","",NA,NA,"1","1","7","",NA,1,NA,NA,NA,NA,NA,NA,NA,NA,NA,NA,2,"1","3",NA,0,45,1,10,2,5,NA,NA,NA,NA,"",NA,"4","4","4","4","4","4","KAWASAKI","750","GPZ ""ZX""","Routière / GT","2","1","1",1,1,1,"1",1,1,1,"1","NSP","12","4","1","MOTO GUZZI","850","850 LE MANS II","Routière / GT","2","3","4","02DEC1960","4","2","3",2,2,3,NA,"NRP","","","",1,0,0,4,0,2,"BMW",1000,"K100LT","Routière / GT","2","1985","10",1,1,12000,"2","MOTO GUZZI","850","LE MANS I","Routière / GT","2","1982","40",3,1,4000,"4","","","","","",NA,NA,NA,NA,NA,"","",NA,"","",NA,NA,NA,NA,NA,NA,"","",NA,"","",NA,NA,NA,NA,NA,NA,NA,16000,"3",4,NA,NA,NA,NA,NA,NA,NA,"NRP","NRP","NRP","NRP","1981","NRP","NRP","1980","NRP","","","","Motorcycle"
"194",1264,4811,"298",1,0,3,"","",NA,NA,NA,0,3,"","","",NA,NA,2,4,"1976","1990",NA,"",NA,0,2,"","",NA,NA,NA,0,1,"","","","","",0,3,"","","",NA,NA,0,3,"",NA,NA,NA,NA,0,4,"","","",NA,NA,1,5,"NSP","","","","",0,5,"","","","","",0,4,"","","","","",0,1,"","",NA,NA,NA,0,2,"","","",NA,NA,0,2,"","",NA,NA,NA,0,NA,3,"","","","","","","","","","","","","","","",NA,NA,2,0,38,1,11,"3",1976,"","1976","Vous remontiez une file de véhicules (à larrêt ou au ralenti) par la gauche. Un véhicule de cette file vous a coupé la route en tournant à gauche.","1","2","4",NA,"",NA,"","Dans les embouteillage, rue de Vaugirard, un conducteur aillant vu un parking au dernier moment , à tourner à gauche au moment ou je remontais la file.Ce monsieur était provincial donc peu habitué à la circulation en ville et au 2 roues","la soudaineté et l'impossibilité d'entissiper m'ont empeché toute manoeuvre d'évitement","NRP","AUT|pas le temps de la moindre réaction","0","","","pas le temps","2","1","2","","méconnaissance du lieu et de la circulation parisienne","1","quand on ne connait pas on doit faire plus attention","6","9","",NA,NA,"","grosse monté d'adrénaline","",NA,NA,NA,NA,"1",2,"je n'ai pas eu le temps de faire quoi que ce soit","3","3","","","2","1","3","3","1","1","1","1",4,4,4,4,4,10,NA,NA,NA,NA,NA,NA,NA,NA,2,"","","","",NA,NA,NA,NA,2,2,NA,2,1,1,1,0,100,0,0,0,"2","","","",NA,NA,"4","1","","",NA,2,1,7,NA,NA,NA,NA,NA,NA,1,1,1,"1","1",1,0,25,1,10,2,3,4,NA,NA,NA,"",NA,"4","4","4","4","4","4","KREIDLER","50","FLORETT RM","Routière / GT","2","1","1",1,1,1,"1",1,1,1,"1","12000","12","3","0","","","","","","","","20MAY1958","2","1","3",2,4,4,2,"NRP","","","",1,0,0,1,0,1,"BMW",1200,"R1200S","Routière / GT","2","2007","37",2,1,10000,"4","","","","","","","",NA,NA,NA,"","","","","","",NA,NA,NA,NA,NA,"","",NA,"","",NA,NA,NA,NA,NA,NA,"","",NA,"","",NA,NA,NA,NA,NA,NA,NA,10000,"3",4,NA,NA,NA,NA,NA,NA,NA,"NRP","NRP","NRP","NRP","1977","NRP","NRP","1978","NRP","","","","Motorcycle"
"195",813,4820,"397",1,0,4,"","",NA,NA,NA,0,6,"","","",NA,NA,0,5,"","",NA,"",NA,0,5,"","",NA,NA,NA,0,3,"","","","","",0,3,"","","",NA,NA,0,3,"",NA,NA,NA,NA,1,5,"1996","","",NA,NA,1,4,"2003","","","","",0,5,"","","","","",0,4,"","","","","",0,3,"","",NA,NA,NA,1,5,"2014","","",NA,NA,0,2,"","",NA,NA,NA,1,0,3,"","","","","","","","","","","","","","","",0,0,5,1,25,1,61,"13",2014,"","2014","Vous circuliez derrière un véhicule. Ce véhicule a freiné ou a ralenti et vous lavez percuté par larrière.","3","","",NA,"",NA,"","Je suivais une autre moto. La route d'un seul coup a été entierement gravillonnée. La moto devant moi a freiné. j'ai freiné aussi, mon ABS s'est déclenché et j'ai percuté le pneu arriere de l'autre moto avec mon pneu avant. Chute et des dégats materiels et genoux brulé à travers le pantalon déchiré.","Les gravillons","aucune autre conséquence pour les autres usagers","NRP","0","","","situation d'urgence","2","1","2","","NSP","2","seuls ma moto et moi sommes tombés.","6","","",NA,NA,"","","",NA,NA,NA,NA,"1",NA,"je n'ai rien pu faire, sinon freiner. et l'abs a augmenté ma distance de freinage","3","3","","","1","2","2","3","2","1","1","1",1,1,4,4,4,4,NA,NA,NA,NA,NA,NA,NA,NA,1,"3","AUT|gravillons","","",NA,NA,NA,NA,2,2,NA,2,2,1,1,0,0,0,100,0,"2","","","",NA,NA,"2","4","7","",NA,2,1,7,NA,NA,NA,NA,NA,NA,0,NA,3,"2","3",NA,0,30,1,10,2,3,4,7,NA,NA,"",NA,"4","4","4","2","2","4","TRIUMPH","1050","SPRINT GT","Routière / GT","2","0","1",1,1,1,"1",0,1,1,"1","20000","6","4","1","BMW","1200","R1200S ABS","Routière / GT","2","3","3","22MAY1952","5","2","3",2,2,3,NA,"NRP","","","",2,0,0,1,0,1,"TRIUMPH",1050,"SPRINT GT","Routière / GT","2","2011","29",2,1,10000,"7","","","","","","","",NA,NA,NA,"","","","","","",NA,NA,NA,NA,NA,"","",NA,"","",NA,NA,NA,NA,NA,NA,"","",NA,"","",NA,NA,NA,NA,NA,NA,NA,10000,"4",3,NA,NA,NA,NA,NA,NA,NA,"NRP","NRP","NRP","NRP","1993","NRP","NRP","1971","NRP","","","","Motorcycle"
"196",599,4821,"220",1,1,5,"2010","",NA,NA,NA,0,5,"","","",NA,NA,0,6,"","",NA,"",NA,0,4,"","",NA,NA,NA,0,6,"","","","","",0,6,"","","",NA,NA,0,4,"",NA,NA,NA,NA,0,4,"","","",NA,NA,0,4,"","","","","",0,3,"","","","","",0,6,"","","","","",0,2,"","",NA,NA,NA,0,4,"","","",NA,NA,0,3,"","",NA,NA,NA,0,NA,1,"","","","","","","","","","","","","","","",NA,NA,4,0,15,1,1,"1",2010,"","2010","Vous circuliez sur un axe prioritaire. Un autre véhicule arrivant sur le même axe en sens opposé vous a coupé la route en tournant à gauche.","1","","",NA,"",NA,"","Malgré le choc important (avant de la moto détruit et jante arrière de la voiture cassée) j'étais vivant et entier...c'était le premier sentiment et soulagement qui m'a envahi quand je me suis relevé.  Je me souviens encore de l'impression que le temps se ralentit incroyablement entre le choc et la chute, mais sans qu'on puisse faire quoique soit.  Je revois encore la tête ébahie de l'automobiliste qui n'avait pas réalisé la dangerosité de sa manoeuvre.","la voiture était en travers de mon chemin sans que je n'ai eu le temps de freiner ou de l'éviter","NRP","1","0","","","NRP","2","1","2","","AUCUNE:il était pressé et a simplement refuser la priorité","1","Il était pressé et a simplement refuser la priorité; et de son propre aveu (en attendant les pompiers), c'était son 2ème accident dans les mêmes circonstances , au même endroit!!","6","8","",NA,NA,"","","",NA,NA,NA,NA,"1",NA,"J'avais essayé d'éviter la voiture en travers de la voie; très vite, quand j'ai vu que l'automobiliste a stoppé en plein milieu de la voie, j'ai compris que je ne pouvais plus l'éviter ni freiner à temps","4","3","","","1","3","4","4","2","1","1","NSP",1,4,4,4,4,1,NA,NA,NA,NA,NA,NA,NA,NA,2,"","","","",NA,NA,NA,NA,2,2,NA,2,1,1,1,0,100,0,0,0,"2","","","",NA,NA,"3","1","","",NA,2,1,4,6,NA,NA,NA,NA,NA,0,NA,1,"1","1",2,0,50,1,2,3,4,7,NA,NA,NA,"",NA,"4","4","4","3","4","4","SUZUKI","1000","TL-S","SPORTIVE","2","1","1",1,1,1,"1",1,1,1,"1","82000","12","4","1","YAMAHA","600","FZS FAZER","ROADSTER","2","4","4","24MAY1975","7","1","3",2,2,3,NA,"NRP","","","",1,0,0,2,0,2,"SUZUKI",1000,"TL-S","SPORTIVE","2","1997","37",2,1,6000,"7","SUZUKI","1000","TL-S","SPORTIVE","2","1998","37",4,1,1500,"7","","","","","",NA,NA,NA,NA,NA,"","",NA,"","",NA,NA,NA,NA,NA,NA,"","",NA,"","",NA,NA,NA,NA,NA,NA,NA,7500,"4",3,2,NA,NA,NA,NA,NA,NA,"NRP","NRP","NRP","1994","1999","NRP","NRP","1994","NRP","","","","Motorcycle"
"197",159,4826,"439",1,1,5,"2013","",NA,NA,NA,0,3,"","","",NA,NA,0,2,"","",NA,"",NA,0,2,"","",NA,NA,NA,1,6,"2013","","","","",0,2,"","","",NA,NA,0,3,"",NA,NA,NA,NA,0,4,"","","",NA,NA,0,3,"","","","","",0,2,"","","","","",0,3,"","","","","",0,2,"","",NA,NA,NA,0,3,"","","",NA,NA,0,2,"","",NA,NA,NA,1,3,5,"2009","2001","2013","","","flixecourt","amiens","amiens","","","Moto renversée sur parking, en plein jour..."" je l'ai pas vu M'sieur....""","Déboitement du véhicule que je doublais: la conductrice "" ne m'a pas vu...."" Avec moto rouge, phare allumé, klaxon..et en plein jour...","Refus de priorité: véhicule venant en face de moi a tourné sur sa gauche....comme d'habitude....ne m'a pas vu...","","",0,0,0,0,28,1,1,"1",2013,"","2013","Vous circuliez sur un axe prioritaire. Un autre véhicule arrivant sur le même axe en sens opposé vous a coupé la route en tournant à gauche.","4","","",NA,"",NA,"","Cause de l'accident: erreur d'inattention, comme d'habitude....: ""je l'ai pas vu...."". De toute façon, en moto, on est invisible pour les autres usagers de la route, quoi que l'on fasse.  Deux injustices à mes yeux:   - moi,contrôle d'alcootest + stupéfiant. L'automobiliste (pourtant responsable à 100%),uniquement contrôle d'alcootest.....   - environ un an plus tard, à la sortie de ma rééducation, on me conseille fortement de revalider mon permis de conduire ! L'automobiliste,elle, pouvait reconduire le jour même, n'a jamais été inquiété, et ne le sera jamais...cherchez l'erreur !","...le réveil dans l'ambulance ! aucun souvenir avant...","...aucun souvenir... Par contre, d'autres automobilistes se sont arretés, et ont ""géré"" l'accident: protection du lieu, alerter les secours, et mise en sécurité de moi même.C'est bien la seule chance que j'ai eu ce jour là: entouré de gens responsables....hormis la personne qui m'a percuté...","AUT|imprévisible: la voiture m'a coupé la route au dernier moment.","0","","","car il est impossible de se méfier de chaque véhicule que l'on croise !","3","1","2","","Elle ne m'a pas vu et m'aurait confondu avec une voiture me suivant.","1","Elle m'a coupé la route au dernier moment,si elle avait voulu faire exprès, elle n'aurait pas fait mieux !","9","","",NA,NA,"","...aucun souvenir...","",NA,NA,NA,NA,"",1,".","4","3","","","1","1","4","4","1","1","1","1",3,4,4,4,4,10,NA,NA,NA,NA,NA,NA,NA,NA,1,"7","AUT|carrefour reconnu dangereux, rond point prévu...mais dans un siècle....","","",NA,NA,NA,NA,2,2,NA,2,1,2,2,0,100,0,0,0,"2","","","",NA,NA,"2","2","","",NA,2,1,4,7,NA,NA,NA,NA,NA,1,1,1,"2","1",1,0,50,1,2,3,4,7,9,NA,NA,"",NA,"4","4","4","4","4","4","SUZUKI","1250","BANDIT-S ABS ""GRAND TOURISME""","ROADSTER","2","0","1",1,1,1,"1",0,1,1,"1","40000","12","4","1","HONDA","1100","PAN EUROPEAN ABS-TCS","Routière / GT","2","4","4","07DEC1968","8","1","3",2,3,4,1,"NRP","","","",2,0,0,1,0,1,"SUZUKI",1250,"BANDIT-S ABS ""GRAND TOURISME""","ROADSTER","2","2008","37",1,2,15000,"7","","","","","","","",NA,NA,NA,"","","","","","",NA,NA,NA,NA,NA,"","",NA,"","",NA,NA,NA,NA,NA,NA,"","",NA,"","",NA,NA,NA,NA,NA,NA,NA,15000,"3",4,NA,NA,NA,NA,NA,NA,NA,"NRP","NRP","NRP","NRP","1988","NRP","NRP","1988","NRP","","","","Motorcycle"
"198",605,4832,"357",1,0,6,"","",NA,NA,NA,0,6,"","","",NA,NA,0,5,"","",NA,"",NA,0,3,"","",NA,NA,NA,0,6,"","","","","",0,4,"","","",NA,NA,0,2,"",NA,NA,NA,NA,0,2,"","","",NA,NA,1,3,"2014","","","","",0,5,"","","","","",0,5,"","","","","",0,2,"","",NA,NA,NA,0,3,"","","",NA,NA,0,5,"","",NA,NA,NA,0,NA,1,"","","","","","","","","","","","","","","",NA,NA,4,0,13,1,41,"9",2014,"","2014","Vous avez fait une sortie de route, une perte de contrôle ou une glissade sans rien percuter.","1","","",NA,"",NA,"","Malgré une vitesse adaptée, une vigilance, une anticipation, une position sur la voie correcte, une technique de pilotage expérimentée, un respect du temps de chauffe des pneumatiques, la roue avant a brutalement décroché au point de faire subitement chuter la moto dans un carrefour giratoire. Durant la 1/2 heure à attendre la dépanneuse j'ai examiné la chaussée et tenté d'identifier ce qui avait pu causer ce phénomène, sans succès. A ce jour je ne sais pas pourquoi j'ai chuté. Aussi après plusieurs mois je commence tout juste à reprendre confiance.  J'en ai tiré une leçon : ne jamais négliger son équipement de sécurité car une chute peut survenir à tout moment sans raison explicable (le blouson, le pantalon, et le casque sont partis à la poubelle) !!!","J'ai réalisé avoir chuté qu'une fois par terre. J'ai alors eu le réflexe de projeter la moto devant moi afin de m'en désolidariser.","NRP","3","0","","","Je n'ai malheureusement commis aucune faute, ce type de phénomène est imprévisible.","1","0","","","","","","2","3","6",NA,NA,"","","",1,2,NA,NA,"3",NA,"Il est surprenant de se retrouver au sol sans savoir pourquoi","3","3","","","1","1","4","4","1","1","1","1",1,4,4,4,4,10,NA,NA,NA,NA,NA,NA,NA,NA,1,"3","5","","",NA,NA,NA,NA,2,2,NA,2,2,1,1,0,0,0,100,0,"2","","","",NA,NA,"1","1","","",NA,1,NA,NA,NA,NA,NA,NA,NA,NA,NA,NA,1,"1","3",NA,0,40,1,2,3,4,7,9,NA,NA,"",NA,"4","4","4","4","4","4","KAWASAKI","1000","Z1000 IE SX ABS","Routière / GT","2","0","1",1,1,1,"1",1,1,1,"1","18000","12","3","1","SUZUKI","1250","BANDIT-S ABS","ROADSTER","2","4","4","17JUN1964","7","2","3",2,2,3,NA,"NRP","","","",2,0,0,1,0,1,"SUZUKI",1250,"BANDIT-S ABS","ROADSTER","2","2008","31",3,1,6000,"7","","","","","","","",NA,NA,NA,"","","","","","",NA,NA,NA,NA,NA,"","",NA,"","",NA,NA,NA,NA,NA,NA,"","",NA,"","",NA,NA,NA,NA,NA,NA,NA,6000,"3",4,NA,NA,NA,NA,NA,NA,NA,"NRP","NRP","NRP","NRP","2001","NRP","NRP","1982","NRP","","","","Motorcycle"
"199",378,4847,"262",1,1,5,"2007","",NA,NA,NA,0,4,"","","",NA,NA,1,5,"2012","",NA,"",NA,0,2,"","",NA,NA,NA,0,5,"","","","","",0,3,"","","",NA,NA,0,2,"",NA,NA,NA,NA,0,2,"","","",NA,NA,1,2,"2013","","","","",0,2,"","","","","",1,5,"2008","","","","",0,1,"","",NA,NA,NA,0,2,"","","",NA,NA,0,5,"","",NA,NA,NA,1,1,5,"2010","","","","","Paris","","","","","Lors du passage d'un feu au vert, le véhicule situé derrière moi a démarré alors que j'étais encore à l'arrêt.","","","","",0,0,1,2,6,1,1,"1",2007,"","2007","Vous circuliez sur un axe prioritaire. Un autre véhicule arrivant sur le même axe en sens opposé vous a coupé la route en tournant à gauche.","6","","",NA,"",NA,"","Environnement : un carrefour, croisement de deux routes, géré par des feux de signalisation. La route que je suivais est large, deux fois trois voies pour continuer tout droit, et une voie supplémentaire sur le carrefour pour tourner à gauche, dans les deux sens. Le trafic est plutôt faible, mais suffisamment dense pour que des véhicules circulent sur toutes les voies.  Avant d'arriver sur le carrefour, je roule sur la voie de gauche, avec l'intention de continuer tout droit. Comme le feu est vert, je ralentis légèrement, et je m'engage. Une voiture arrêtée au milieu du carrefour, et dont le conducteur a clairement indiqué son intention de tourner à gauche (sur la route qui se trouve à ma droite, donc), redémarre au moment où je la croise, et me percute à l'arrière gauche.  L'accident en lui-même est plutôt banal, mais, ce qui m'a marqué, c'est que je n'ai pas imaginé un seul instant que le conducteur du véhicule qui m'a percuté, qui m'avait bien vu (il me l'a confirmé par la suite), fasse une telle manuvre au moment où je l'ai croisé. J'ai alors pris pleinement conscience que le danger est partout, que les conducteurs autour de moi ne sont pas forcément attentifs, ou n'ont pas, ou plus, forcément les capacités physiques et mentales pour maîtriser leur véhicule, et que je devais en permanence me méfier de mes certitudes sur leurs intentions.  Dans le cas présent, le conducteur approchait les soixante-dix ans, et il pensait sincèrement avoir le temps de passer avant que je m'engage sur le carrefour.","Difficile... Le choc est arrivé au moment où j'ai pris conscience que j'allais le subir.","Dans le bref instant qui a séparé la vision de la voiture qui démarré du choc en lui-même, je n'ai pas eu le temps de réagir.","NRP","1","Avec le recul, je me méfie maintenant de cette situation, et, lorsqu'un usager en face de moi est arrêté et indique son intention de croiser ma trajectoire, je m'arrange passer à son niveau en même temps qu'un autre véhicule à quatre roues (voiture, camionnette), pour compenser une éventuelle perception erronée de ma vitesse de la part de l'autre conducteur.  Je ne suis malgré tout pas certain que ça aurait changé l'issue de la situation.","La naïveté ? N'ayant jamais été confronté à cette situation, je n'avais pas imaginé qu'elle pouvait se produire.","","2","0","","","","","","2","3","",NA,NA,"","","",1,2,NA,NA,"",NA,"Je n'ai pas imaginé un instant que l'autre conducteur allait démarrer au moment où je suis passé, parce que, à sa place, je ne l'aurais pas fait.","3","3","","","2","1","4","4","1","1","1","1",1,4,4,4,4,10,NA,NA,NA,NA,NA,NA,NA,NA,2,"","","","",NA,NA,NA,NA,2,2,NA,2,1,1,1,5,95,0,0,0,"2","","","",NA,NA,"2","1","","",NA,1,NA,NA,NA,NA,NA,NA,NA,NA,NA,NA,1,"1","1",2,0,50,1,10,2,3,4,7,NA,NA,"",NA,"4","4","4","4","4","2","HONDA","125","PANTHEON (FES)","SCOOTER","2","1","0",1,1,1,"1",1,1,1,"1","NSP","NSP","2","0","","","","","","","","02JUN1978","7","2","3",2,2,3,NA,"NRP","","","",0,0,0,3,0,3,"YAMAHA",1200,"V-MAX","CUSTOM","2","1990","33",3,1,5000,"7","SUZUKI","650","GLADIUS","ROADSTER","2","2009","33",1,2,15000,"7","HONDA","750","VFR-F","Routière / GT","2",1988,33,1,2,15000,"7","",NA,"","",NA,NA,NA,NA,NA,NA,"","",NA,"","",NA,NA,NA,NA,NA,NA,NA,35000,"3",4,NA,NA,NA,NA,NA,NA,NA,"NRP","NRP","NRP","NRP","2007","NRP","NRP","1998","NRP","","","","Motorcycle"