"","Ligne","Ligne.Q.qualif","Ligne.approfondissement.Accident","ACCIDENT","NBACC1","ACCFREQUENCE1","ANNEEACC1_1","ANNEEACC1_2","ANNEEACC1_3","ANNEEACC1_4","ANNEEACC1_5","NBACC2","ACCFREQUENCE2","ANNEEACC2_1","ANNEEACC2_2","ANNEEACC2_3","ANNEEACC2_4","ANNEEACC2_5","NBACC3","ACCFREQUENCE3","ANNEEACC3_1","ANNEEACC3_2","ANNEEACC3_3","ANNEEACC3_4","ANNEEACC3_5","NBACC4","ACCFREQUENCE4","ANNEEACC4_1","ANNEEACC4_2","ANNEEACC4_3","ANNEEACC4_4","ANNEEACC4_5","NBACC5","ACCFREQUENCE5","ANNEEACC5_1","ANNEEACC5_2","ANNEEACC5_3","ANNEEACC5_4","ANNEEACC5_5","NBACC6","ACCFREQUENCE6","ANNEEACC6_1","ANNEEACC6_2","ANNEEACC6_3","ANNEEACC6_4","ANNEEACC6_5","NBACC7","ACCFREQUENCE7","ANNEEACC7_1","ANNEEACC7_2","ANNEEACC7_3","ANNEEACC7_4","ANNEEACC7_5","NBACC8","ACCFREQUENCE8","ANNEEACC8_1","ANNEEACC8_2","ANNEEACC8_3","ANNEEACC8_4","ANNEEACC8_5","NBACC9","ACCFREQUENCE9","ANNEEACC9_1","ANNEEACC9_2","ANNEEACC9_3","ANNEEACC9_4","ANNEEACC9_5","NBACC10","ACCFREQUENCE10","ANNEEACC10_1","ANNEEACC10_2","ANNEEACC10_3","ANNEEACC10_4","ANNEEACC10_5","NBACC11","ACCFREQUENCE11","ANNEEACC11_1","ANNEEACC11_2","ANNEEACC11_3","ANNEEACC11_4","ANNEEACC11_5","NBACC12","ACCFREQUENCE12","ANNEEACC12_1","ANNEEACC12_2","ANNEEACC12_3","ANNEEACC12_4","ANNEEACC12_5","NBACC13","ACCFREQUENCE13","ANNEEACC13_1","ANNEEACC13_2","ANNEEACC13_3","ANNEEACC13_4","ANNEEACC13_5","NBACC14","ACCFREQUENCE14","ANNEEACC14_1","ANNEEACC14_2","ANNEEACC14_3","ANNEEACC14_4","ANNEEACC14_5","AUTRESACC","NBAUTRESACC","TOTAL_AC","ANNEEAUTREACC1","ANNEEAUTREACC2","ANNEEAUTREACC3","ANNEEAUTREACC4","ANNEEAUTREACC5","LIEUAUTREACC1","LIEUAUTREACC2","LIEUAUTREACC3","LIEUAUTREACC4","LIEUAUTREACC5","DESCRIPTIONAUTRESACC1","DESCRIPTIONAUTRESACC2","DESCRIPTIONAUTRESACC3","DESCRIPTIONAUTRESACC4","DESCRIPTIONAUTRESACC5","NBAUTRESACCCIRCUIT","NBAUTRESTOUTTERRAIN","EXPCYCLO","EXP125","EXPSUP125","ACCORDNEXTQ","CHOIXACC","RGPMTACC","RECUPANNEE","RECUPLIEU","RECUPANNE","RGPMTAC","CHOIX1","CHOIX2","CHOIX3","CHOIX4","CHOIX5","CHOIX6","CHOIX7","DESCRIPTION","RUPTURE","FAITS","ABS_REACTION","AUTRE_REACTION","PRECISIONREACTIONOUI","RECUL","PRECISIONREACTIONNON","IMPACTCOMPORTEMENT","AUTREUSAGER","REACTIONAUTREUSAGER","CONNAISSANCEREACTIONUSAGER","DIFFICULTES","AGGRAVATION","DIFFICULTES2","EMOTIONS1","EMOTIONS2","EMOTIONS3","EMOTIONS4","EMOTIONS5","EMOTIONS6","AUTRESENTIMENT","CLASSEMENTEMOTIONS1","CLASSEMENTEMOTIONS","CLASSEMENTEMOTIONS5","CLASSEMENTEMOTIONS6","CLASSEMENTEMOTIONS7","CLASSEMENTEMOTIONS8","CLASSEMENTEMOTIONS9","EXPLICATIONRESSENTI","BIENEQUIPE","ALLURE","ALLUREVITEDETAIL","ALLURELENTEDETAIL","SITUATIONPRESSE","SITUATIONDISTRAIT","SITUATIONCONFIANT","SITUATIONCONTROLE","SITUATIONLUDIQUE","SITUATIONPERF","SITUATIONSTRESS","SITUATIONFATIGUE","HUMEURNEUTRE","HUMEURGAI","HUMEURMECONTENT","HUMEURTRISTE","HUMEURCOLERE","CONTRIBUTION1","CONTRIBUTION2","CONTRIBUTION3","CONTRIBUTION4","CONTRIBUTION5","CONTRIBUTION6","CONTRIBUTION7","CONTRIBUTION8","CONTRIBUTION9","ROLEINFRA","ELEMENTINFRA1","ELEMENTINFRA2","ELEMENTINFRA3","ELEMENTINFRA4","ELEMENTINFRA5","ELEMENTINFRA6","ELEMENTINFRA7","ELEMENTINFRA8","ELEMENTINFRA9","ALCOOL","TXALCOOL","STUP","SEMAINE","MOMENTJOURNEE","TEMPS","CAUSEACC1","CAUSEACC2","CAUSEACC3","CAUSEACC4","CAUSEACC5","FORMATIONCAUSE","FORMATION1","FORMATION2","FORMATION3","FORMATION4","FORMATION5","TRAFIC","CHAUSSEE1","CHAUSSEE2","CHAUSSEE3","CHAUSSEE4","TYPEACC","BLESSURE","TETE","COU","THORAX","MEMBRESSUP","COLONNE","BASSIN","MEMBRESINF","HOPITAL","PLUS24H","TRAJET","TYPEROUTE","MOTIF","SENSTRAJET","PASSAGER","VITESSE","DESCEQ1","DESCEQ2","DESCEQ3","DESCEQ4","DESCEQ5","DESCEQ6","DESCEQ7","DESCEQ8","DESCEQ9","DESCEQ10","VEHICULEETE","VEHICULEAUTOMNE","VEHICULEPRINTEMPS","VEHICULEHIVER","VEHICULESEMAINE","VEHICULEWE","VEHMARQUE","VEHCYLINDREE","VEHMODELE","VEHSEGMENT","VEHSIDE","EQ2RMABS","EQ2RMCBS","EQ2RMABSCBS","EQ2RMREGULATEUR","EQ2RMLIMITEUR","EQ2RMPHARESDIRECT","EQ2RMCOUPURE","EQ2RMANTIPATINAGE","EQ2RMANTIXHEELING","EQ2RMSTABILILTE","VEHKM","POINTS","DUREE","AUTRE2RM","VEHPRECMARQUE","VEHPRECCYLINDREE","VEHPRECMODELE","VEHPRECSEGMENT","VEHPRECSIDE","TEMPS2RMPREC","FREQVEHPREC","DATE_NAISS","CSP","SOCIETAIRE","SALARIE","SECTEUR2RM","NBPERSFOYER","SITFAM","NBENF","TRNBENF1","TRNBENF2","TRNBENF3","TRNBENF4","NBAUTOFOYER","NBCYCLOFOYER","NBSCOOTFOYER","NBMOTOFOYER","NBTRIKEFOYER","NB2RMCONDUIT","MARQUE1","CYLINDREE1","MODELE1","SEGMENT1","SIDE1","ANMISECIRCU1","ASS1","FREQ1","USAGE1","NBKM1","GARAGE1","MARQUE2","CYLINDREE2","MODELE2","SEGMENT2","SIDE2","ANMISECIRCU2","ASS2","FREQ2","USAGE2","NBKM2","GARAGE2","MARQUE3","CYLINDREE3","MODELE3","SEGMENT3","SIDE3","ANMISECIRCU3","ASS3","FREQ3","USAGE3","NBKM3","GARAGE3","MARQUE4","CYLINDREE4","MODELE4","SEGMENT4","SIDE4","ANMISECIRCU4","ASS4","FREQ4","USAGE4","NBKM4","GARAGE4","MARQUE5","CYLINDREE5","MODELE5","SEGMENT5","SIDE5","ANMISECIRCU5","ASS5","FREQ5","USAGE5","NBKM5","GARAGE5","NBKMTOT","PERMIS1","PERMIS2","PERMIS3","PERMIS4","PERMIS5","PERMIS6","PERMIS7","PERMIS8","PERMIS9","ANPERMIS1","ANPERMIS6","ANPERMIS7","ANPERMIS2","ANPERMIS3","ANPERMIS8","ANPERMIS9","ANPERMIS4","ANPERMIS5","X","X.1","X.2","isScooter"
"200",1005,4851,"378",1,0,2,"","",NA,NA,NA,0,4,"","","",NA,NA,0,5,"","",NA,"",NA,0,4,"","",NA,NA,NA,0,3,"","","","","",0,4,"","","",NA,NA,0,3,"",NA,NA,NA,NA,0,3,"","","",NA,NA,3,5,"1981","1997","2006","","",0,2,"","","","","",0,3,"","","","","",0,2,"","",NA,NA,NA,0,3,"","","",NA,NA,0,2,"","",NA,NA,NA,1,2,5,"1972","1987","","","","paris13","villejuif","","","","une voiture m'a percuté par l'arriere","un chien errant a percuté ma roue avant","","","",0,0,3,2,39,1,43,"9",2006,"","2006","Vous avez fait une sortie de route, une perte de contrôle ou une glissade sans rien percuter.","4","","",NA,"",NA,"","Cet accident a eu lieu sur la N118 à environ 5km de mon domicile à orsay, je me rendais le matin à mon travail à Paris.  le sol était humide, circulation fluide. Après une pompe à essence j'ai double une autre moto suir la file de gauche à une vitesse d'environ 150k/h, une voiture qui était sur cette file, elle roulait approximativement à 100k/h et m'a donc oblige à freiner, c'est alors que la roué avant a glissé et que je suis tombé.  A mon avis plusieurs facteurs ont provoqué cet accident : sol humide glissant avec certainement des traces de carburant pneus froids et vitesse","véhicule relativement lent sur la file de gauche","acceleration pour doubler la moto sur la file de droite ( elle a du accélérer en meme temps que moi) puis freinage peu appuyé mais qui a bloqué la roué avant.","2","1","je prends cette route tous les matins et au niveau des pompes à essences, il y en 3 , le sol est souvent glissant, j'aurais du me méfier un peu plus du freinage assez puissant de cette moto.","Aucune idée!!","","2","1","NSP","","NSP","2","NRP","3","","",NA,NA,"","","",NA,1,NA,NA,"",NA,"je n'ai pas compris pourquoi je perdais l'avant","2","1","1","","3","4","4","4","2","2","1","1",1,1,4,4,4,5,NA,NA,NA,NA,NA,NA,NA,NA,2,"","","","",NA,NA,NA,NA,2,2,NA,2,1,1,2,80,0,0,20,0,"2","","","",NA,NA,"2","2","6","",NA,2,1,4,7,NA,NA,NA,NA,NA,1,0,1,"2","1",1,0,150,1,2,NA,NA,NA,NA,NA,NA,"",NA,"4","4","4","4","4","4","APRILIA","1000","SL-V FALCO","SPORTIVE","2","1","1",1,1,1,"1",1,1,1,"1","25000","10","3","1","DUCATI","900","SUPERSPORT","Routière / GT","2","4","4","27DEC1957","5","2","3",2,4,4,2,"NRP","","","",2,0,0,2,0,2,"DUCATI",1000,"MULTISTRADA S DS","ROADSTER","2","2002","29",3,1,4000,"7","KAWASAKI","1200","ZRX-S","ROADSTER","2","2001","29",1,2,20000,"4","","","","","",NA,NA,NA,NA,NA,"","",NA,"","",NA,NA,NA,NA,NA,NA,"","",NA,"","",NA,NA,NA,NA,NA,NA,NA,24000,"2",3,4,NA,NA,NA,NA,NA,NA,"NRP","NRP","NRP","1974","1977","NRP","NRP","1977","NRP","","","","Motorcycle"
"201",714,4855,"2",1,0,3,"","",NA,NA,NA,0,5,"","","",NA,NA,0,5,"","",NA,"",NA,0,4,"","",NA,NA,NA,0,6,"","","","","",0,4,"","","",NA,NA,0,3,"",NA,NA,NA,NA,0,4,"","","",NA,NA,2,4,"2009","2011","","","",0,3,"","","","","",0,3,"","","","","",0,4,"","",NA,NA,NA,0,4,"","","",NA,NA,0,3,"","",NA,NA,NA,0,NA,2,"","","","","","","","","","","","","","","",NA,NA,0,0,7,1,41,"9",2009,"","2009","Vous avez fait une sortie de route, une perte de contrôle ou une glissade sans rien percuter.","4","","",NA,"",NA,"","Accident dans un virage serré alors qu'on cherchait un endroit pour s'arrêter manger, alors qu'on avait taper dedans toute la matinée. La roue avant a décoché. C'est filmé, pas de raison apparente. Rien sur la route non plus. La moto a glissé jusqu'au bas côté. Le tampon de protection s'est enfoncé dans la pelouse petit à petit jusqu'à atteindre un point de rupture, très net sur le sol, qui a fait décoller la moto. Elle a fini dans un pilier un peu plus loin. Moto de 6 moi, neuve, épave. 13200 de réparation selon l'expert, ""avant démontage"".","Comme indiqué précédemment, aucune idée.  La roue avant a décroché, sans raison apparente...","Le motard qui me suivait a eu pour premier réflexe de me suivre, ça dure une seconde, très net sur la vidéo. Il fait un écart avant de reprendre sa trajectoire. Puis va s'arrêter sur le bas côté pour venir me voir. Aucun tiers impliqué.","AUT|Pas de réaction car pas prévisible","0","","","Pour changer le comportement il faut en comprendre la cause. Ce n'est pas le cas.","2","0","","","","","","3","6","8",NA,NA,"","","",NA,1,NA,NA,"2",NA,"NRP","4","3","","","2","2","3","3","3","2","2","2",4,1,4,4,4,5,7,NA,NA,NA,NA,NA,NA,NA,1,"3","","","",NA,NA,NA,NA,2,2,NA,2,1,1,1,50,0,0,50,0,"2","","","",NA,NA,"1","1","","",NA,1,NA,NA,NA,NA,NA,NA,NA,NA,NA,NA,3,"2","3",NA,0,70,1,2,3,4,7,9,NA,NA,"",NA,"3","3","3","1","3","3","SUZUKI","750","GSX-R","SPORTIVE","2","1","1",1,1,1,"1",1,1,1,"1","3000","12","2","1","SUZUKI","600","GSR","ROADSTER","null","4","3","24MAR1984","7","2","3",2,2,3,NA,"NRP","","","",2,1,0,1,0,1,"SUZUKI",1000,"GSX-R IE","SPORTIVE","2","2007","2",3,1,3000,"7","","","","","","","",NA,NA,NA,"","","","","","",NA,NA,NA,NA,NA,"","",NA,"","",NA,NA,NA,NA,NA,NA,"","",NA,"","",NA,NA,NA,NA,NA,NA,NA,3000,"3",4,NA,NA,NA,NA,NA,NA,NA,"NRP","NRP","NRP","NRP","2002","NRP","NRP","2006","NRP","","","","Motorcycle"
"202",759,4861,"461",1,1,5,"1982","",NA,NA,NA,0,5,"","","",NA,NA,2,2,"1980","1982",NA,"",NA,0,5,"","",NA,NA,NA,0,4,"","","","","",0,5,"","","",NA,NA,0,2,"",NA,NA,NA,NA,0,3,"","","",NA,NA,0,1,"","","","","",0,5,"","","","","",0,6,"","","","","",0,4,"","",NA,NA,NA,0,2,"","","",NA,NA,1,5,"1980","",NA,NA,NA,0,NA,4,"","","","","","","","","","","","","","","",NA,NA,2,2,35,1,1,"1",1982,"","1982","Vous circuliez sur un axe prioritaire. Un autre véhicule arrivant sur le même axe en sens opposé vous a coupé la route en tournant à gauche.","4","6","",NA,"",NA,"","Cétait lété Je sortais de chez mes parents après un repas sans alcool Jétais en sandale short et débardeur javais un casque intégral mais pas de gant  Je remonte une « deux fois deux voies » lentement jusquau rond point et me fais renverser par une camionnette qui remontait les 2 voies parallèles en sens interdit, elle arrivait au préalable dans ce sens interdit par une autre voies orthogonale également en sens interdit","Son arrivée en contre sens et de surcroit issue dun autre sens interdit doubler dune haie dans les inter voies ne ma pas permis de lavoir dans mon champ de vision orienté vers la circulation normale du rond point","la camionnette en infraction a pilé, et c'est à ce moment que je l'ai entendu et vu et le choc a suivi","3","1","oui prévoir l'imprévisible comme par exemple sur l'autoroute prévoir les véhicules en sens inverse","Permis depuis 4 ans avec beaucoup de km mais pas assez de recul sur ce genre de situation.","","2","1","NSP","","Alcool","1","Abus d'alcool selon les tests fait par la police","7","","",NA,NA,"","","",NA,NA,NA,NA,"",NA,"","1","3","","","1","NSP","4","4","4","1","1","2",3,3,4,4,4,8,NA,NA,NA,NA,NA,NA,NA,NA,2,"","","","",NA,NA,NA,NA,2,2,NA,2,1,2,1,0,100,0,0,0,"2","","","",NA,NA,"1","1","","",NA,2,1,4,7,NA,NA,NA,NA,NA,1,0,1,"1","3",NA,1,25,1,NA,NA,NA,NA,NA,NA,NA,"",NA,"4","4","4","4","4","4","SUZUKI","850","GS850G","ROADSTER","2","1","1",1,1,1,"1",1,1,1,"1","20000","12","4","1","HONDA","750","CB ""K1""","ROADSTER","2","3","4","18JUL1960","5","1","3",2,4,4,2,"NRP","","","",1,0,0,1,0,1,"BMW",800,"F650GS","TRAIL / SUPERMOTARD","2","2010","37",1,2,8000,"7","","","","","","","",NA,NA,NA,"","","","","","",NA,NA,NA,NA,NA,"","",NA,"","",NA,NA,NA,NA,NA,NA,"","",NA,"","",NA,NA,NA,NA,NA,NA,NA,8000,"3",4,NA,NA,NA,NA,NA,NA,NA,"NRP","NRP","NRP","NRP","1978","NRP","NRP","1980","NRP","","","","Motorcycle"
"203",318,4863,"416",1,1,5,"2002","",NA,NA,NA,0,4,"","","",NA,NA,0,4,"","",NA,"",NA,0,2,"","",NA,NA,NA,1,5,"2002","","","","",0,1,"","","",NA,NA,0,3,"",NA,NA,NA,NA,0,3,"","","",NA,NA,1,3,"2014","","","","",0,4,"","","","","",0,4,"","","","","",0,4,"","",NA,NA,NA,0,2,"","","",NA,NA,1,2,"NSP","",NA,NA,NA,1,2,6,"2006","2008","","","","71","58","","","","perte de contrôle sur gravillons","perte de contrôle , passager","","","",0,0,2,2,32,1,21,"5",2002,"","2002","Vous circuliez sur un axe prioritaire. Un véhicule venant dun axe non prioritaire vous a coupé la route.","4","","",NA,"",NA,"","Circulant sur une RD en ligne droite, la voiture qui venait en face a tourné sur la gauche pour prendre une petite route sans me voir. Apparemment, selon les dires du conducteur, il était occupé à faire obéir ses 3 chiens qui se débattaient derrière .....  En tous cas, il m'a bel et bien coupé la route sans que je n'aie eu le temps de freiner.. Imaginez le choc !! J'ai eu la chance de m'en sortir (pas indemne : bassin explosé, triple fracture ouverte poignet gauche, genou droit ravagé / ligaments, etc ..... = 1 an 1/2 arrêt de travail + 6 anesthésies générales ...etc ...) car j'ai ""atterri"" dans le fossé plein d'eau à 1 mètre d'une bite en béton !! Voilà  Y'a un facteur ""chance"" dans tout accident, plus ou moins ....","Le conducteur de la voiture ne m'a pas vu, car occupé à autre chose","Aucune action possible, car aucun freinage de ma part , trop près de l'impact ....","AUT|Rien ne pouvait me permettre de supposer que la voiture allait me couper la route ....","0","","","Aucun signe de la part de l'autre ne pouvait me faire supposer qu'il allait couper la route ....","2","0","","","","","","6","","",NA,NA,"","","",NA,NA,NA,NA,"1",NA,"Trop proche du choc inévitable","3","3","","","3","1","4","4","3","1","1","1",3,3,4,4,4,5,NA,NA,NA,NA,NA,NA,NA,NA,2,"","","","",NA,NA,NA,NA,2,2,NA,2,1,3,1,0,100,0,0,0,"2","","","",NA,NA,"1","1","","",NA,2,1,1,2,3,4,6,7,NA,1,1,2,"2","3",NA,0,100,1,10,2,3,4,NA,NA,NA,"",NA,"4","4","4","4","4","4","SUZUKI","1200","BANDIT","ROADSTER","2","1","1",1,1,1,"1",1,1,1,"1","70000","12","4","1","YAMAHA","750","FZR","Routière / GT","2","4","4","21MAY1962","6","2","3",2,3,4,1,"NRP","","","",2,1,0,5,0,5,"KAWASAKI",1100,"ZRX","ROADSTER","2","1999","29",1,1,15000,"7","KAWASAKI","1200","ZX-12R NINJA","SPORTIVE","2","2002","29",2,1,5000,"7","KAWASAKI","600","ZX-6R NINJA","SPORTIVE","2",1998,29,3,1,1500,"7","YAMAHA",400,"XS","ROADSTER",2,1982,29,3,1,1000,"7","KAWASAKI",750,"ZXR","SPORTIVE",2,1998,29,3,1,1500,7,24000,"2",3,4,NA,NA,NA,NA,NA,NA,"NRP","NRP","NRP","1978","1980","NRP","NRP","1981","NRP","","","","Motorcycle"
"204",1249,4887,"258",1,0,5,"","",NA,NA,NA,0,2,"","","",NA,NA,0,4,"","",NA,"",NA,0,4,"","",NA,NA,NA,0,6,"","","","","",0,4,"","","",NA,NA,0,3,"",NA,NA,NA,NA,1,5,"2003","","",NA,NA,0,3,"","","","","",0,5,"","","","","",0,5,"","","","","",0,3,"","",NA,NA,NA,0,4,"","","",NA,NA,0,1,"","",NA,NA,NA,0,NA,1,"","","","","","","","","","","","","","","",NA,NA,2,3,13,1,36,"8",2003,"","2003","Vous avez fait une sortie de route, une perte de contrôle ou une glissade puis avez percuté un obstacle fixe (panneau, arbre poteau ).","1","3","4",6,"AUT|Facteur additionnel, Gravier de caarière sur la route, sapin élagué en pointe, sortie de 24h de garde",NA,"","14h00 de garde ... 08h00 fin de service retour au domicile ... Voix expresse 50kilometre  Ensuite 08kilometre sur départemental.  à 03 kilometre de mon domicile une courbe bordé de sapin élagué (le résineux à cette particularité de garder cette souplesse et de ne pas pourrir ... ) faisant pensée au dos d'un hérisson.   Le sol comme à son habitude copieusement bardé de 0/30 caillou de carrière, tombé des camions chargéent ras la remorque.  Aucun panneau les pécores sont habituer...  Bibi pécore du coin et habitué prend sont virage comme un idiot ... et poum la moto par terre,le cale pied casse (et comme, je suis équipé de genouillère), ma jambe reste bloqué sous le poid de ma belle qui m'entraine promptement dans ces jolies résineux bordé de pilum et pafff.   Emplaler dans l'arbre au niveau de ma hanche, je reste seché là en attendant l'arrivé des SP.   Résulta, trauma musculaire avec multi déchirure et un jolie troue de 4 cm sur 08 de large niveau t^te de femur ... Mais rien de cassé :)  Mon équipement :  *Le casque shark au de gamme, il était plat à l'arrière de la tête *la combi bering déchiré et transpercé au niveau du col de femur. *Dorsal knox kevlar ecrasé  *Gant bering déchirer, mais pas ouvert. *Genouillère 01 coté neuf, l'autre rappé jusqu'au rivet de maintient, ne s'articulait plus. *Botte bering transpercé au talon coté gauche, talon humain écorché.   Sans mon équipement, je ne donnais pas chère de ma peau.   Addition de concour de circonstance favorable à l'accident  01 Ma fatigue / 02 ma bétise / 03 les arbres faut pas les taillés en sagaie / 04 faut pas non plus pour gagner du gazoile et du temps remplir les camions de carrière ras le cornet / 05 signaler les dangers pour que les gens fatigués se rappellent.    Merci à vous, bonne fin de journée  Pour les Fautes dsl ;))","La roue avant de la moto qui à dégager ... pas glissé ou dérapé ... Mais bien dégagé.  J'suis passé du contact des pneux à celui du carénage en 01 seconde.","Pas eu le temps d'agir, je me souviens juste d'avoir essayer pendant la glissade, de taper sur le cale pied coté ciel pour me dégager de l'etreinte.  Puis, quand j'ai vu que ça allait taper, je me suis dis ""putin la sa va faire mal"".  Je garde en mémoire le bruit de la genouillere qui frotte contre le macadam.","AUT|la fatigue","0","","","Il y a pas eu d'appel, j'ai encore aujourd'hui parfois, selon la météo et l'état de la route des appels, j'en tiens compte et tout se passe bien. Mais lors de mon accident, la moto s'est couché tout de suite et par l'avant, sans avertissement ou du moin je ne l'ai pas ressenti.","2","0","","","","","","2","5","6",9,NA,"","se qui m'est passé dans les méninges  La fatalité ... résultat après impact.","",1,NA,NA,2,"3",NA,"Surpris de me retrouver au sol sans avertissement de conduite.","4","1","4","","4","1","4","NSP","4","1","1","4",2,5,5,5,5,1,3,4,5,8,NA,NA,NA,NA,1,"5","7","","",NA,NA,NA,NA,2,2,NA,2,1,3,1,60,0,0,40,0,"NSP","","","",NA,NA,"1","4","","",NA,2,1,3,4,5,6,7,NA,NA,1,1,1,"2","1",2,0,120,1,2,3,4,7,9,NA,NA,"",NA,"4","4","4","4","4","3","TRIUMPH","900","DAYTONA","Routière / GT","2","1","1",1,1,1,"1",1,1,1,"1","70000","12","4","0","","","","","","","","05NOV1975","11","1","3",2,1,1,NA,"NRP","","","",0,1,1,2,0,3,"TRIUMPH",900,"SPEED TRIPLE","ROADSTER","2","1995","37",2,1,8000,"7","TRIUMPH","1000","DAYTONA","Routière / GT","2","1995","37",4,1,3000,"7","PIAGGIO","50","CIAO","ROADSTER","2",2007,28,1,2,5000,"7","",NA,"","",NA,NA,NA,NA,NA,NA,"","",NA,"","",NA,NA,NA,NA,NA,NA,NA,16000,"3",4,NA,NA,NA,NA,NA,NA,NA,"NRP","NRP","NRP","NRP","1995","NRP","NRP","1995","NRP","","","","Motorcycle"
"205",1114,4903,"13",1,0,2,"","",NA,NA,NA,0,3,"","","",NA,NA,0,4,"","",NA,"",NA,0,2,"","",NA,NA,NA,0,2,"","","","","",0,2,"","","",NA,NA,0,2,"",NA,NA,NA,NA,0,3,"","","",NA,NA,2,5,"1995","1999","","","",0,3,"","","","","",0,3,"","","","","",0,2,"","",NA,NA,NA,0,3,"","","",NA,NA,0,3,"","",NA,NA,NA,0,NA,2,"","","","","","","","","","","","","","","",NA,NA,3,0,22,1,42,"9",1999,"","1999","Vous avez fait une sortie de route, une perte de contrôle ou une glissade sans rien percuter.","2","5","",NA,"",NA,"","Les circonstances, sont simples: malgré un sol sec, en roulant normalement sur le périf, sans rien percuter, ma roue arrière a glissé rapidement et la moto s'est couchée. Aucun dégât important, ni pour moi, ni pour la moto (un trail sans carénage) mais une grosse frayeur à cause de la circulation du périf, et surtout une grosse interrogation: ""qu'est ce qui s'est passé ?"".","aucune idée de ce qui s'est passé, donc impossible de se dire ""j'ai fait une erreur, je ne recommencerai plus"" ou ""faire attention dans ces conditions""","chute trop rapide pour réagir/réfléchir. pas d'autre usager.","3","0","","","je ne sais pas ce qui s'est passé","1","0","","","","","","1","3","6",NA,NA,"","","2",NA,1,NA,NA,"3",NA,"raison inconnue de la glissade","2","3","","","1","3","3","3","1","1","1","1",3,4,4,4,4,10,NA,NA,NA,NA,NA,NA,NA,NA,1,"3","5","","",NA,NA,NA,NA,2,2,NA,2,1,1,1,0,0,0,100,0,"2","","","",NA,NA,"2","1","","",NA,1,NA,NA,NA,NA,NA,NA,NA,NA,NA,NA,2,"4","3",NA,0,80,1,10,2,3,5,NA,NA,NA,"",NA,"4","4","4","4","4","3","SUZUKI","650","DR 650 R","TRAIL / SUPERMOTARD","2","1","1",1,1,1,"1",1,1,1,"1","NSP","12","4","0","","","","","","","","09JAN1966","5","1","3",2,2,3,NA,"NRP","","","",1,2,0,2,0,2,"HONDA",800,"VFR-F","Routière / GT","2","2006","37",1,2,5000,"7","HONDA","800","VFR-F","Routière / GT","2","2003","39",2,2,4000,"7","","","","","",NA,NA,NA,NA,NA,"","",NA,"","",NA,NA,NA,NA,NA,NA,"","",NA,"","",NA,NA,NA,NA,NA,NA,NA,9000,"3",4,NA,NA,NA,NA,NA,NA,NA,"NRP","NRP","NRP","NRP","1989","NRP","NRP","1985","NRP","","","","Motorcycle"