"","Ligne","Ligne.Q.qualif","Ligne.approfondissement.Accident","ACCIDENT","NBACC1","ACCFREQUENCE1","ANNEEACC1_1","ANNEEACC1_2","ANNEEACC1_3","ANNEEACC1_4","ANNEEACC1_5","NBACC2","ACCFREQUENCE2","ANNEEACC2_1","ANNEEACC2_2","ANNEEACC2_3","ANNEEACC2_4","ANNEEACC2_5","NBACC3","ACCFREQUENCE3","ANNEEACC3_1","ANNEEACC3_2","ANNEEACC3_3","ANNEEACC3_4","ANNEEACC3_5","NBACC4","ACCFREQUENCE4","ANNEEACC4_1","ANNEEACC4_2","ANNEEACC4_3","ANNEEACC4_4","ANNEEACC4_5","NBACC5","ACCFREQUENCE5","ANNEEACC5_1","ANNEEACC5_2","ANNEEACC5_3","ANNEEACC5_4","ANNEEACC5_5","NBACC6","ACCFREQUENCE6","ANNEEACC6_1","ANNEEACC6_2","ANNEEACC6_3","ANNEEACC6_4","ANNEEACC6_5","NBACC7","ACCFREQUENCE7","ANNEEACC7_1","ANNEEACC7_2","ANNEEACC7_3","ANNEEACC7_4","ANNEEACC7_5","NBACC8","ACCFREQUENCE8","ANNEEACC8_1","ANNEEACC8_2","ANNEEACC8_3","ANNEEACC8_4","ANNEEACC8_5","NBACC9","ACCFREQUENCE9","ANNEEACC9_1","ANNEEACC9_2","ANNEEACC9_3","ANNEEACC9_4","ANNEEACC9_5","NBACC10","ACCFREQUENCE10","ANNEEACC10_1","ANNEEACC10_2","ANNEEACC10_3","ANNEEACC10_4","ANNEEACC10_5","NBACC11","ACCFREQUENCE11","ANNEEACC11_1","ANNEEACC11_2","ANNEEACC11_3","ANNEEACC11_4","ANNEEACC11_5","NBACC12","ACCFREQUENCE12","ANNEEACC12_1","ANNEEACC12_2","ANNEEACC12_3","ANNEEACC12_4","ANNEEACC12_5","NBACC13","ACCFREQUENCE13","ANNEEACC13_1","ANNEEACC13_2","ANNEEACC13_3","ANNEEACC13_4","ANNEEACC13_5","NBACC14","ACCFREQUENCE14","ANNEEACC14_1","ANNEEACC14_2","ANNEEACC14_3","ANNEEACC14_4","ANNEEACC14_5","AUTRESACC","NBAUTRESACC","TOTAL_AC","ANNEEAUTREACC1","ANNEEAUTREACC2","ANNEEAUTREACC3","ANNEEAUTREACC4","ANNEEAUTREACC5","LIEUAUTREACC1","LIEUAUTREACC2","LIEUAUTREACC3","LIEUAUTREACC4","LIEUAUTREACC5","DESCRIPTIONAUTRESACC1","DESCRIPTIONAUTRESACC2","DESCRIPTIONAUTRESACC3","DESCRIPTIONAUTRESACC4","DESCRIPTIONAUTRESACC5","NBAUTRESACCCIRCUIT","NBAUTRESTOUTTERRAIN","EXPCYCLO","EXP125","EXPSUP125","ACCORDNEXTQ","CHOIXACC","RGPMTACC","RECUPANNEE","RECUPLIEU","RECUPANNE","RGPMTAC","CHOIX1","CHOIX2","CHOIX3","CHOIX4","CHOIX5","CHOIX6","CHOIX7","DESCRIPTION","RUPTURE","FAITS","ABS_REACTION","AUTRE_REACTION","PRECISIONREACTIONOUI","RECUL","PRECISIONREACTIONNON","IMPACTCOMPORTEMENT","AUTREUSAGER","REACTIONAUTREUSAGER","CONNAISSANCEREACTIONUSAGER","DIFFICULTES","AGGRAVATION","DIFFICULTES2","EMOTIONS1","EMOTIONS2","EMOTIONS3","EMOTIONS4","EMOTIONS5","EMOTIONS6","AUTRESENTIMENT","CLASSEMENTEMOTIONS1","CLASSEMENTEMOTIONS","CLASSEMENTEMOTIONS5","CLASSEMENTEMOTIONS6","CLASSEMENTEMOTIONS7","CLASSEMENTEMOTIONS8","CLASSEMENTEMOTIONS9","EXPLICATIONRESSENTI","BIENEQUIPE","ALLURE","ALLUREVITEDETAIL","ALLURELENTEDETAIL","SITUATIONPRESSE","SITUATIONDISTRAIT","SITUATIONCONFIANT","SITUATIONCONTROLE","SITUATIONLUDIQUE","SITUATIONPERF","SITUATIONSTRESS","SITUATIONFATIGUE","HUMEURNEUTRE","HUMEURGAI","HUMEURMECONTENT","HUMEURTRISTE","HUMEURCOLERE","CONTRIBUTION1","CONTRIBUTION2","CONTRIBUTION3","CONTRIBUTION4","CONTRIBUTION5","CONTRIBUTION6","CONTRIBUTION7","CONTRIBUTION8","CONTRIBUTION9","ROLEINFRA","ELEMENTINFRA1","ELEMENTINFRA2","ELEMENTINFRA3","ELEMENTINFRA4","ELEMENTINFRA5","ELEMENTINFRA6","ELEMENTINFRA7","ELEMENTINFRA8","ELEMENTINFRA9","ALCOOL","TXALCOOL","STUP","SEMAINE","MOMENTJOURNEE","TEMPS","CAUSEACC1","CAUSEACC2","CAUSEACC3","CAUSEACC4","CAUSEACC5","FORMATIONCAUSE","FORMATION1","FORMATION2","FORMATION3","FORMATION4","FORMATION5","TRAFIC","CHAUSSEE1","CHAUSSEE2","CHAUSSEE3","CHAUSSEE4","TYPEACC","BLESSURE","TETE","COU","THORAX","MEMBRESSUP","COLONNE","BASSIN","MEMBRESINF","HOPITAL","PLUS24H","TRAJET","TYPEROUTE","MOTIF","SENSTRAJET","PASSAGER","VITESSE","DESCEQ1","DESCEQ2","DESCEQ3","DESCEQ4","DESCEQ5","DESCEQ6","DESCEQ7","DESCEQ8","DESCEQ9","DESCEQ10","VEHICULEETE","VEHICULEAUTOMNE","VEHICULEPRINTEMPS","VEHICULEHIVER","VEHICULESEMAINE","VEHICULEWE","VEHMARQUE","VEHCYLINDREE","VEHMODELE","VEHSEGMENT","VEHSIDE","EQ2RMABS","EQ2RMCBS","EQ2RMABSCBS","EQ2RMREGULATEUR","EQ2RMLIMITEUR","EQ2RMPHARESDIRECT","EQ2RMCOUPURE","EQ2RMANTIPATINAGE","EQ2RMANTIXHEELING","EQ2RMSTABILILTE","VEHKM","POINTS","DUREE","AUTRE2RM","VEHPRECMARQUE","VEHPRECCYLINDREE","VEHPRECMODELE","VEHPRECSEGMENT","VEHPRECSIDE","TEMPS2RMPREC","FREQVEHPREC","DATE_NAISS","CSP","SOCIETAIRE","SALARIE","SECTEUR2RM","NBPERSFOYER","SITFAM","NBENF","TRNBENF1","TRNBENF2","TRNBENF3","TRNBENF4","NBAUTOFOYER","NBCYCLOFOYER","NBSCOOTFOYER","NBMOTOFOYER","NBTRIKEFOYER","NB2RMCONDUIT","MARQUE1","CYLINDREE1","MODELE1","SEGMENT1","SIDE1","ANMISECIRCU1","ASS1","FREQ1","USAGE1","NBKM1","GARAGE1","MARQUE2","CYLINDREE2","MODELE2","SEGMENT2","SIDE2","ANMISECIRCU2","ASS2","FREQ2","USAGE2","NBKM2","GARAGE2","MARQUE3","CYLINDREE3","MODELE3","SEGMENT3","SIDE3","ANMISECIRCU3","ASS3","FREQ3","USAGE3","NBKM3","GARAGE3","MARQUE4","CYLINDREE4","MODELE4","SEGMENT4","SIDE4","ANMISECIRCU4","ASS4","FREQ4","USAGE4","NBKM4","GARAGE4","MARQUE5","CYLINDREE5","MODELE5","SEGMENT5","SIDE5","ANMISECIRCU5","ASS5","FREQ5","USAGE5","NBKM5","GARAGE5","NBKMTOT","PERMIS1","PERMIS2","PERMIS3","PERMIS4","PERMIS5","PERMIS6","PERMIS7","PERMIS8","PERMIS9","ANPERMIS1","ANPERMIS6","ANPERMIS7","ANPERMIS2","ANPERMIS3","ANPERMIS8","ANPERMIS9","ANPERMIS4","ANPERMIS5","X","X.1","X.2","isScooter"
"206",1088,4906,"45",1,0,4,"","",NA,NA,NA,0,3,"","","",NA,NA,0,3,"","",NA,"",NA,0,3,"","",NA,NA,NA,0,4,"","","","","",0,2,"","","",NA,NA,0,4,"",NA,NA,NA,NA,0,3,"","","",NA,NA,1,4,"2003","","","","",0,4,"","","","","",0,5,"","","","","",0,3,"","",NA,NA,NA,0,3,"","","",NA,NA,0,3,"","",NA,NA,NA,1,1,2,"2001","","","","","Charmes","","","","","Un véhicule automobile sortant d'un parking privé m'a coupé la route en s'engageant sur la chaussée en absence de visibilité.","","","","",0,0,0,30,15,1,71,"15",2001,"Charmes","2001","Autre(s) type(s) d'accident(s).","1","","",NA,"",NA,"","J'ai été renversé par un véhicule qui sortait d'un lieu de stationnement (cour privée) alors que la visibilité pour ce véhicule été quasiment nulle du fait d'autres véhicules en stationnement non autorisé sur le trottoir.  De plus la jeune conductrice non expérimentée (15 jours de permis de conduire) s'est engagée sans rechercher plus de visibilité et s'est lancée sur la chaussée au petit bonheur la chance, d'où le fait qu'elle est venue me percuter sans m'avoir vu arriver.  Pour éviter un choc trop violent, j'ai préféré coucher la moto ce qui n'a pas empêché pourtant que je me retrouve sous le véhicule après le glissade qui s'en est suivie ! Voilà pour les circonstances de cet accident ...","Au moment où j'ai vu sortir le véhicule d'une cour intérieure directement sur la chaussée et qui de fait me coupait la route, étant dans l'impossibilité de freiné plus fort à cause d'une chaussée trempée par une pluie fine, j'ai alors pris la décision de coucher la moto afin d'éviter un choc frontal qui m'aurait assurément projeté en l'air et par dessus le véhicule automobile en question, hors considération des dégâts potentiels liés à un encastrement de la moto à hauteur de la portière de la conductrice.","Devant l'impossibilité manifeste d'arrêter la moto compte tenu des circonstances liées à l'arrivée brutale d'un véhicule automobile qui me coupait la route et compte tenue de l'humidité de la chaussée qui ne me permettait pas de freiner plus fort (je doute par ailleurs qu'en cas de chaussée sèche je n'aurai pas dû agir de la même façon), j'ai pris la décision en en quart de seconde, si l'on peut dire, comme par réflexe de coucher la moto après avoir freiner cependant au maximum afin d'éviter le choc frontal et assurer ma chute le mieux possible en laissant la moto glisser, moi y compris.  J'ai eu juste peur que les véhicules automobile qui suivaient ne puissent pas s'arrêter ...","NRP","0","","","l'impossibilité de pouvoir agir autrement considérant l'instantanéité de l'action ; véhicule me coupant la route à hauteur quasi-immédiate empêchant toute autre action compte tenu que des véhicules automobile circulaient sur l'axe de la chaussée en sens inverse, d'où aucune échappatoire à cet instant ...","2","1","2","","La conductrice du véhicule a été prise de panique et dans l'incapacité d'arrêter son véhicule qui s'engageait sur la chaussée.","2","Elle a réussie à arrêter son véhicule sur l'axe de la chaussée correspondant au sens de la circulation ou elle devait s'engager.","2","4","6",NA,NA,"","","",1,NA,3,NA,"2",NA,"Voir un véhicule vous couper la route en sortant de nul part : cour privé alors que la visibilité était nulle du fait de véhicule automobile en stationnement non autorisé sur le trottoir accentuant l'absence de visibilité.","4","3","","","1","1","3","3","3","2","1","2",2,3,4,4,4,10,NA,NA,NA,NA,NA,NA,NA,NA,1,"2","4","AUT|Véhicules stationnés sur le trottoir.","",NA,NA,NA,NA,2,2,NA,2,2,1,2,0,50,0,25,25,"2","","","",NA,NA,"2","2","","",NA,2,1,3,7,NA,NA,NA,NA,NA,0,NA,2,"1","3",NA,0,50,1,10,2,3,4,NA,NA,NA,"",NA,"3","3","3","2","2","3","YAMAHA","1000","R1 (YZF-R1)","SPORTIVE","2","0","1",1,1,2,"1",0,0,1,"1","5000","12","1","1","KAWASAKI","1100","GPZ-S","Routière / GT","2","4","3","03MAY1967","5","1","3",2,3,2,2,"NRP","","","",1,1,0,1,0,1,"KAWASAKI",1100,"GPZ-S","Routière / GT","2","1995","37",3,1,7500,"7","","","","","","","",NA,NA,NA,"","","","","","",NA,NA,NA,NA,NA,"","",NA,"","",NA,NA,NA,NA,NA,NA,"","",NA,"","",NA,NA,NA,NA,NA,NA,NA,7500,"2",3,4,NA,NA,NA,NA,NA,NA,"NRP","NRP","NRP","1984","2005","NRP","NRP","1985","NRP","","","","Motorcycle"
"207",769,4909,"494",1,0,5,"","",NA,NA,NA,0,4,"","","",NA,NA,0,5,"","",NA,"",NA,0,5,"","",NA,NA,NA,0,4,"","","","","",2,5,"1982","1989","",NA,NA,0,2,"",NA,NA,NA,NA,0,4,"","","",NA,NA,0,3,"","","","","",0,4,"","","","","",0,5,"","","","","",1,4,"1989","",NA,NA,NA,0,4,"","","",NA,NA,0,4,"","",NA,NA,NA,0,NA,3,"","","","","","","","","","","","","","","",NA,NA,0,4,33,1,26,"6",1982,"","1982","Vous remontiez une file de véhicules par la gauche. Un véhicule de la file a laissé passer un autre véhicule venant dun autre axe non prioritaire. Ce dernier vous a coupé la route.","5","","",NA,"",NA,"","NRP","je remontais la file par la gauche pour m'avancer jusqu'au feu tricolore et arrivé à sa hauteur il est passé au vert et j'ai remis les gaz mais une voiture venant de l'autre axe à grillé son feu tricolore qui était rouge et du coup je me suis encastré dans son aile arrière. Heureusement qu'il ne m'a pas fauché , ca aurait été plus grave.","j'ai été éjecté en l'air aucune réaction car c'est arrivé sans que je le voit et retombé sur le bitume un peu sonné mais le fait de taper dans son aile ar cela m'a fait pivolter la moto et moins de bobos . depuis je demarre tres cool au feu vert  j'ai eu tout de suite des gens qui m'ont protégé avec leurs voiture et bonne prise en charge jusqu'à l'arrivé des pompiers","2","0","","","j'arrivais très lentement sur le feu et des qu'il est passé au vert j'ai remis les gaz et pour moi les autres avaient le feu au rouge et cense s'arreter","2","1","2","","il était en état d'ébriété et n'a pas vu son feu rouge","2","les autres usagers autre que la voiture qui m'a renversé on fait ce qu'il fallait","6","","",NA,NA,"","","",NA,NA,NA,NA,"1",NA,"c'est tellement arrivé vite que j'ai rien pu faire","3","3","","","2","1","3","4","1","1","1","1",1,3,4,4,4,5,NA,NA,NA,NA,NA,NA,NA,NA,2,"","","","",NA,NA,NA,NA,2,2,NA,2,1,1,1,0,100,0,0,0,"2","","","",NA,NA,"2","1","","",NA,1,NA,NA,NA,NA,NA,NA,NA,NA,NA,NA,2,"1","3",NA,0,20,1,10,2,3,4,NA,NA,NA,"",NA,"3","3","3","2","4","4","HONDA","125","CB-S3","ROADSTER","2","1","1",1,1,1,"1",1,1,1,"1","NSP","12","4","1","YAMAHA","125","DTMX","TRAIL / SUPERMOTARD","2","3","4","20AUG1961","7","1","3",2,5,4,3,"NRP","","","",1,0,0,4,0,3,"KAWASAKI",750,"ZEPHYR","ROADSTER","2","1992","37",3,1,1500,"6","YAMAHA","125","RDX (+ 15CV)","ROADSTER","2","1976","37",3,1,500,"6","YAMAHA","125","SR","CUSTOM","2",1999,37,3,1,500,"6","",NA,"","",NA,NA,NA,NA,NA,NA,"","",NA,"","",NA,NA,NA,NA,NA,NA,NA,2500,"3",4,NA,NA,NA,NA,NA,NA,NA,"NRP","NRP","NRP","NRP","1981","NRP","NRP","1981","NRP","","","","Motorcycle"
"208",659,4912,"276",1,0,6,"","",NA,NA,NA,0,5,"","","",NA,NA,1,6,"2008","",NA,"",NA,0,3,"","",NA,NA,NA,0,6,"","","","","",0,5,"","","",NA,NA,0,3,"",NA,NA,NA,NA,0,4,"","","",NA,NA,1,5,"NSP","","","","",0,5,"","","","","",0,5,"","","","","",0,3,"","",NA,NA,NA,0,2,"","","",NA,NA,0,2,"","",NA,NA,NA,0,NA,2,"","","","","","","","","","","","","","","",NA,NA,4,3,7,1,11,"3",2008,"","2008","Vous remontiez une file de véhicules (à larrêt ou au ralenti) par la gauche. Un véhicule de cette file vous a coupé la route en tournant à gauche.","4","","",NA,"",NA,"","bouchon sur une route départementale voitures a l'arrêt je doublais les voitures à faible allure une voiture au moment ou je la doublais a brusquement fait demi-tour devant moi sans regarder sans prévenir avec son clignotant j'ai essayé de l'éviter me retrouvant sur la voie complètement à gauche de la route (heureusement personne en face) mais la voiture à continué son demi-tour je l'ai percuté au niveau de l'aile avant gauche et avons étés éjectés moi et mon passager. fait important 100m plus loin se trouvait un rond point permettant au véhicule de faire demi-tour sans danger.","demi-tour d'un véhicule sans prévenir au milieu d'une départementale","voiture qui fait demi-tour sans regarder et sans prévenir j'ai freiné brusquement et essayé d'éviter le véhicule avec manoeuvre d'évitement mais la voiture continuait son demi-tour sans regarder n'a pas freiné choc inévitable","NRP","0","","","une voiture qui fait brusquement demi-tour devant vous sans prévenir impossible à anticiper","2","1","2","","c'était mon fils passager de ma moto","2","NRP","6","","",NA,NA,"","","",NA,NA,NA,NA,"1",NA,"on comprends que l'accident est inévitable","3","3","","","1","1","4","4","1","1","1","4",3,4,1,4,4,10,NA,NA,NA,NA,NA,NA,NA,NA,2,"","","","",NA,NA,NA,NA,2,2,NA,2,1,1,1,0,100,0,0,0,"2","","","",NA,NA,"4","1","","",NA,2,1,4,6,NA,NA,NA,NA,NA,1,0,1,"2","1",2,1,40,1,10,2,4,7,NA,NA,NA,"",NA,"4","4","4","4","4","4","SUZUKI","650","V-STROM","TRAIL / SUPERMOTARD","2","1","1",1,1,1,"1",1,1,1,"1","3000","12","1","1","HYOSUNG","125","XRX","TRAIL / SUPERMOTARD","2","4","4","14MAY1968","7","1","3",2,4,4,2,"NRP","","","",3,0,0,1,0,1,"SUZUKI",650,"V-STROM","TRAIL / SUPERMOTARD","2","2008","37",1,2,7000,"7","","","","","","","",NA,NA,NA,"","","","","","",NA,NA,NA,NA,NA,"","",NA,"","",NA,NA,NA,NA,NA,NA,"","",NA,"","",NA,NA,NA,NA,NA,NA,NA,7000,"2",3,4,NA,NA,NA,NA,NA,NA,"NRP","NRP","NRP","1986","2008","NRP","NRP","1986","NRP","","","","Motorcycle"
"209",358,4913,"446",1,0,5,"","",NA,NA,NA,0,5,"","","",NA,NA,1,4,"1976","",NA,"",NA,0,4,"","",NA,NA,NA,0,4,"","","","","",1,5,"1999","","",NA,NA,0,2,"",NA,NA,NA,NA,0,4,"","","",NA,NA,1,2,"1975","","","","",0,5,"","","","","",0,6,"","","","","",0,3,"","",NA,NA,NA,1,5,"1974","","",NA,NA,0,3,"","",NA,NA,NA,0,NA,4,"","","","","","","","","","","","","","","",NA,NA,1,0,41,1,61,"13",1974,"","1974","Vous circuliez derrière un véhicule. Ce véhicule a freiné ou a ralenti et vous lavez percuté par larrière.","4","6","",NA,"",NA,"","Suite à une grosse réparation, sur une 250 2 temps, mon moteur était en rodage. Je devais donc rouler très lentement : pas plus de 80 km/h. J'étais sur la nationale 12. A cette époque (1974), les voitures roulaient à beaucoup plus de 80 km/h sur les nationales. J'étais donc doublé en permanence par un flot de voitures et peu à peu, à cause de ma basse vitesse, ma vigilance a faibli. Et quand soudain, toutes les voitures devant moi ont freiné brusquement (à cause d'un feu rouge très éloigné et hors de ma vue), j'ai été surpris et j'ai freiné trop tard. J'ai touché de la jambe l'arrière droit d'une voiture, ce qui m'a déséquilibré et je suis tombé contre les roues d'un camion en stationnement. J'ai eu une petite fracture d'une vertèbre, heureusement sans suites importantes et mon passager a eu une fracture du tibia.  Ensuite, j'ai été condamné à une forte amende et un retrait de permis pour dépassement par la droite ! évidemment, je n'étais pas en position de passer par la gauche et une file de voitures venait dans le sens inverse. On m'a aussi condamné pour avoir eu un pneu arrière lisse : en fait, il était neuf, c'était un pneu pluie, à l'époque les gommes étaient très tendres et mon violent coup de frein avait arraché une partie de la gomme.  Moralité : un accident qui est arrivé parce que je ne roulais pas assez vite ! Et je sais bien que c'est souvent le contraire qui se produit...","Perte de vigilance et freinage brutal de véhicules pour une raison que je n'ai pas pu anticiper.","Je pense avoir expliqué ça dans ma précédente description.","NRP","1","Si j'avais pu regarder plus loin devant, j'aurais peut-être anticipé le freinage.","Perte de vigilance","","2","0","","","","","","3","6","",NA,NA,"","","",NA,1,NA,NA,"2",NA,"Parce que je n'ai pas compris pourquoi ces voitures freinaient subitement après m'avoir dépassé.","3","2","","3","1","3","2","3","1","1","2","2",3,3,4,4,4,1,4,NA,NA,NA,NA,NA,NA,NA,2,"","","","",NA,NA,NA,NA,2,2,NA,2,2,1,1,100,0,0,0,0,"1","1","","",NA,NA,"3","1","","",NA,2,1,5,NA,NA,NA,NA,NA,NA,1,1,3,"2","3",NA,1,70,1,2,3,4,9,NA,NA,NA,"",NA,"4","4","4","4","4","4","YAMAHA","250","YDS7","ROADSTER","2","1","1",1,1,1,"1",1,1,1,"1","15000","12","3","0","","","","","","","","26APR1956","4","1","3",2,3,4,1,"NRP","","","",2,1,0,2,0,2,"YAMAHA",900,"XJ","ROADSTER","2","1991","37",1,2,10000,"7","YAMAHA","125","DTMX","TRAIL / SUPERMOTARD","2","1979","37",4,2,1500,"7","","","","","",NA,NA,NA,NA,NA,"","",NA,"","",NA,NA,NA,NA,NA,NA,"","",NA,"","",NA,NA,NA,NA,NA,NA,NA,11500,"3",4,NA,NA,NA,NA,NA,NA,NA,"NRP","NRP","NRP","NRP","1972","NRP","NRP","1976","NRP","","","","Motorcycle"
"210",592,4914,"10",1,1,5,"1998","",NA,NA,NA,0,6,"","","",NA,NA,0,6,"","",NA,"",NA,0,5,"","",NA,NA,NA,0,5,"","","","","",0,4,"","","",NA,NA,0,3,"",NA,NA,NA,NA,0,6,"","","",NA,NA,0,5,"","","","","",0,2,"","","","","",0,6,"","","","","",0,1,"","",NA,NA,NA,0,1,"","","",NA,NA,0,1,"","",NA,NA,NA,0,NA,1,"","","","","","","","","","","","","","","",NA,NA,4,0,18,1,1,"1",1998,"","1998","Vous circuliez sur un axe prioritaire. Un autre véhicule arrivant sur le même axe en sens opposé vous a coupé la route en tournant à gauche.","1","","",NA,"",NA,"","Personne agée. Appréciation des distances. Visibilité.","Pas le temps de freiner... Pas le temps d'éviter le choc...","La voiture adverse s'est retrouvé perpandiculaire à ma moto, j'ai essayé de l'éviter en me disant qu'il ne fallait pas que je tape au mileu de la voiture mes plutôt au niveau de l'aile avant pour éviter un choc frontale.","NRP","0","","","Pas le temps nécessaire lorsque la voiture adverse a décidé de faire demi tour devant moi.","2","1","NSP","","visibilité","1","NRP","6","","",NA,NA,"","","",NA,NA,NA,NA,"1",NA,"ne pas maitriser la situation","3","3","","","1","1","4","4","1","1","1","1",4,3,4,4,4,10,NA,NA,NA,NA,NA,NA,NA,NA,2,"","","","",NA,NA,NA,NA,2,2,NA,2,1,1,1,0,100,0,0,0,"2","","","",NA,NA,"2","1","","",NA,2,1,4,NA,NA,NA,NA,NA,NA,1,0,1,"4","3",NA,0,90,1,10,2,3,4,NA,NA,NA,"",NA,"4","3","4","1","3","4","KAWASAKI","750","ZXR","SPORTIVE","2","1","1",1,1,1,"1",1,1,1,"1","30000","12","4","1","HONDA","600","CBR","Routière / GT","2","4","3","31JUL1978","7","2","3",1,4,4,2,"NRP","","","",2,0,0,2,1,2,"KAWASAKI",750,"ZXR","SPORTIVE","2","1994","2",4,1,500,"7","KTM","450","EXC RACING MTT1","TOUT TERRAIN (TRIAL, ENDURO, CROSS)","2","2008","2",3,1,1500,"7","","","","","",NA,NA,NA,NA,NA,"","",NA,"","",NA,NA,NA,NA,NA,NA,"","",NA,"","",NA,NA,NA,NA,NA,NA,NA,2000,"3",4,NA,NA,NA,NA,NA,NA,NA,"NRP","NRP","NRP","NRP","1996","NRP","NRP","1996","NRP","","","","Motorcycle"
"211",94,4916,"70",1,0,5,"","",NA,NA,NA,0,6,"","","",NA,NA,0,5,"","",NA,"",NA,0,5,"","",NA,NA,NA,0,5,"","","","","",0,5,"","","",NA,NA,0,1,"",NA,NA,NA,NA,0,6,"","","",NA,NA,1,5,"1997","","","","",0,5,"","","","","",0,5,"","","","","",0,4,"","",NA,NA,NA,1,2,"2002","","",NA,NA,0,4,"","",NA,NA,NA,0,NA,2,"","","","","","","","","","","","","","","",NA,NA,4,0,22,1,41,"9",1997,"","1997","Vous avez fait une sortie de route, une perte de contrôle ou une glissade sans rien percuter.","5","","",NA,"",NA,"","en sortant de rond point sur route humide, à la remise des gazs l'arrière a décroché puis raccroché, en raccrochant j'ai été ejecté de la moto et ai glissé sur la chaussée en voyant les voitures arriver en face","manque de maitrise du véhicule, mauvaise gestion de la glissade","NRP","3","0","","","évènement trop soudain","2","0","","","","","","2","3","",NA,NA,"","","",1,2,NA,NA,"",NA,"je n'ai pas senti la moto decroché puis racroché","3","3","","","1","1","2","3","2","1","1","1",2,4,4,4,4,7,NA,NA,NA,NA,NA,NA,NA,NA,1,"2","","","",NA,NA,NA,NA,2,2,NA,2,1,1,2,10,0,0,20,70,"1","1","","",NA,NA,"1","2","6","",NA,1,NA,NA,NA,NA,NA,NA,NA,NA,NA,NA,1,"1","1",2,0,40,1,10,2,3,4,NA,NA,NA,"",NA,"4","4","4","4","4","4","KAWASAKI","900","ZX-9R NINJA","SPORTIVE","2","1","1",1,1,1,"1",1,1,1,"1","NSP","12","3","1","KAWASAKI","600","ZZR","Routière / GT","2","4","4","29SEP1970","6","1","3",2,3,4,1,"NRP","","","",2,0,0,2,0,2,"TRIUMPH",1050,"SPRINT ST","Routière / GT","2","2007","37",3,1,6000,"7","KAWASAKI","600","ZX-6R NINJA","SPORTIVE","2","1999","37",4,1,1000,"7","","","","","",NA,NA,NA,NA,NA,"","",NA,"","",NA,NA,NA,NA,NA,NA,"","",NA,"","",NA,NA,NA,NA,NA,NA,NA,7000,"3",4,NA,NA,NA,NA,NA,NA,NA,"NRP","NRP","NRP","NRP","1992","NRP","NRP","1988","NRP","","","","Motorcycle"
"212",834,4951,"468",1,0,4,"","",NA,NA,NA,0,4,"","","",NA,NA,0,3,"","",NA,"",NA,0,3,"","",NA,NA,NA,0,4,"","","","","",0,3,"","","",NA,NA,1,3,"2009",NA,NA,NA,NA,0,4,"","","",NA,NA,0,3,"","","","","",0,3,"","","","","",0,3,"","","","","",0,3,"","",NA,NA,NA,0,3,"","","",NA,NA,0,3,"","",NA,NA,NA,0,NA,1,"","","","","","","","","","","","","","","",NA,NA,2,1,32,1,31,"7",2009,"","2009","Vous avez fait une sortie de route, une perte de contrôle ou une glissade puis avez percuté un véhicule arrivant en sens inverse.","4","6","",NA,"",NA,"","J'arrivais dans un virage à droite en montée et au sortir de l'ombre des arbres. Il était environ 9h30 et j'ai été ébloui par le soleil levant, c'était en février. D'après les occupants de la voiture que j'ai percuté sur le coté je ne roulais pas vite, le passager de celle-ci était un policier en retraite. J'ai glissé le long du véhicule puis perdu l'équilibre et fini au fond fu fossé avec la moto sur le dos.","La déconcentration, je regardais le paysage et le virage m'est apparu en même temps que le soleil de face.","NRP","1","1","Il aurait suffi de porter mon regard plus loin et de couper très légèrement les gaz.","Je ne l'explique pas.","","2","1","NSP","","NSP","2","c'est moi qui ait raté mon virage, la voiture était à sa place, je ne roulai pas vite et elle non plus.","1","","",NA,NA,"","","1",NA,NA,NA,NA,"",NA,"Au moment du choque j'ai compris immédiatement qu'il y aurait de la casse physique et materiel.","4","3","","","1","3","4","4","1","1","1","1",1,1,1,1,1,2,4,NA,NA,NA,NA,NA,NA,NA,2,"","","","",NA,NA,NA,NA,2,2,NA,2,2,1,1,100,0,0,0,0,"2","","","",NA,NA,"2","1","","",NA,2,1,4,7,NA,NA,NA,NA,NA,1,1,3,"2","3",NA,0,80,1,2,3,4,9,NA,NA,NA,"",NA,"4","4","4","3","NRP","4","APRILIA","1000","CAPONORD (ETV) ABS","TRAIL / SUPERMOTARD","2","0","1",1,1,1,"1",0,1,1,"1","15000","12","3","1","APRILIA","1000","RS-T FUTURA","Routière / GT","2","4","3","19MAR1961","7","1","3",2,3,4,1,"NRP","","","",2,0,0,2,0,2,"MOTO GUZZI",1200,"SPORT","ROADSTER","2","2007","37",3,1,15000,"7","YAMAHA","600","XT","TRAIL / SUPERMOTARD","2","1987","37",4,1,1500,"7","","","","","",NA,NA,NA,NA,NA,"","",NA,"","",NA,NA,NA,NA,NA,NA,"","",NA,"","",NA,NA,NA,NA,NA,NA,NA,16500,"2",3,4,NA,NA,NA,NA,NA,NA,"NRP","NRP","NRP","1977","1980","NRP","NRP","1979","NRP","","","","Motorcycle"