"","Ligne","Ligne.Q.qualif","Ligne.approfondissement.Accident","ACCIDENT","NBACC1","ACCFREQUENCE1","ANNEEACC1_1","ANNEEACC1_2","ANNEEACC1_3","ANNEEACC1_4","ANNEEACC1_5","NBACC2","ACCFREQUENCE2","ANNEEACC2_1","ANNEEACC2_2","ANNEEACC2_3","ANNEEACC2_4","ANNEEACC2_5","NBACC3","ACCFREQUENCE3","ANNEEACC3_1","ANNEEACC3_2","ANNEEACC3_3","ANNEEACC3_4","ANNEEACC3_5","NBACC4","ACCFREQUENCE4","ANNEEACC4_1","ANNEEACC4_2","ANNEEACC4_3","ANNEEACC4_4","ANNEEACC4_5","NBACC5","ACCFREQUENCE5","ANNEEACC5_1","ANNEEACC5_2","ANNEEACC5_3","ANNEEACC5_4","ANNEEACC5_5","NBACC6","ACCFREQUENCE6","ANNEEACC6_1","ANNEEACC6_2","ANNEEACC6_3","ANNEEACC6_4","ANNEEACC6_5","NBACC7","ACCFREQUENCE7","ANNEEACC7_1","ANNEEACC7_2","ANNEEACC7_3","ANNEEACC7_4","ANNEEACC7_5","NBACC8","ACCFREQUENCE8","ANNEEACC8_1","ANNEEACC8_2","ANNEEACC8_3","ANNEEACC8_4","ANNEEACC8_5","NBACC9","ACCFREQUENCE9","ANNEEACC9_1","ANNEEACC9_2","ANNEEACC9_3","ANNEEACC9_4","ANNEEACC9_5","NBACC10","ACCFREQUENCE10","ANNEEACC10_1","ANNEEACC10_2","ANNEEACC10_3","ANNEEACC10_4","ANNEEACC10_5","NBACC11","ACCFREQUENCE11","ANNEEACC11_1","ANNEEACC11_2","ANNEEACC11_3","ANNEEACC11_4","ANNEEACC11_5","NBACC12","ACCFREQUENCE12","ANNEEACC12_1","ANNEEACC12_2","ANNEEACC12_3","ANNEEACC12_4","ANNEEACC12_5","NBACC13","ACCFREQUENCE13","ANNEEACC13_1","ANNEEACC13_2","ANNEEACC13_3","ANNEEACC13_4","ANNEEACC13_5","NBACC14","ACCFREQUENCE14","ANNEEACC14_1","ANNEEACC14_2","ANNEEACC14_3","ANNEEACC14_4","ANNEEACC14_5","AUTRESACC","NBAUTRESACC","TOTAL_AC","ANNEEAUTREACC1","ANNEEAUTREACC2","ANNEEAUTREACC3","ANNEEAUTREACC4","ANNEEAUTREACC5","LIEUAUTREACC1","LIEUAUTREACC2","LIEUAUTREACC3","LIEUAUTREACC4","LIEUAUTREACC5","DESCRIPTIONAUTRESACC1","DESCRIPTIONAUTRESACC2","DESCRIPTIONAUTRESACC3","DESCRIPTIONAUTRESACC4","DESCRIPTIONAUTRESACC5","NBAUTRESACCCIRCUIT","NBAUTRESTOUTTERRAIN","EXPCYCLO","EXP125","EXPSUP125","ACCORDNEXTQ","CHOIXACC","RGPMTACC","RECUPANNEE","RECUPLIEU","RECUPANNE","RGPMTAC","CHOIX1","CHOIX2","CHOIX3","CHOIX4","CHOIX5","CHOIX6","CHOIX7","DESCRIPTION","RUPTURE","FAITS","ABS_REACTION","AUTRE_REACTION","PRECISIONREACTIONOUI","RECUL","PRECISIONREACTIONNON","IMPACTCOMPORTEMENT","AUTREUSAGER","REACTIONAUTREUSAGER","CONNAISSANCEREACTIONUSAGER","DIFFICULTES","AGGRAVATION","DIFFICULTES2","EMOTIONS1","EMOTIONS2","EMOTIONS3","EMOTIONS4","EMOTIONS5","EMOTIONS6","AUTRESENTIMENT","CLASSEMENTEMOTIONS1","CLASSEMENTEMOTIONS","CLASSEMENTEMOTIONS5","CLASSEMENTEMOTIONS6","CLASSEMENTEMOTIONS7","CLASSEMENTEMOTIONS8","CLASSEMENTEMOTIONS9","EXPLICATIONRESSENTI","BIENEQUIPE","ALLURE","ALLUREVITEDETAIL","ALLURELENTEDETAIL","SITUATIONPRESSE","SITUATIONDISTRAIT","SITUATIONCONFIANT","SITUATIONCONTROLE","SITUATIONLUDIQUE","SITUATIONPERF","SITUATIONSTRESS","SITUATIONFATIGUE","HUMEURNEUTRE","HUMEURGAI","HUMEURMECONTENT","HUMEURTRISTE","HUMEURCOLERE","CONTRIBUTION1","CONTRIBUTION2","CONTRIBUTION3","CONTRIBUTION4","CONTRIBUTION5","CONTRIBUTION6","CONTRIBUTION7","CONTRIBUTION8","CONTRIBUTION9","ROLEINFRA","ELEMENTINFRA1","ELEMENTINFRA2","ELEMENTINFRA3","ELEMENTINFRA4","ELEMENTINFRA5","ELEMENTINFRA6","ELEMENTINFRA7","ELEMENTINFRA8","ELEMENTINFRA9","ALCOOL","TXALCOOL","STUP","SEMAINE","MOMENTJOURNEE","TEMPS","CAUSEACC1","CAUSEACC2","CAUSEACC3","CAUSEACC4","CAUSEACC5","FORMATIONCAUSE","FORMATION1","FORMATION2","FORMATION3","FORMATION4","FORMATION5","TRAFIC","CHAUSSEE1","CHAUSSEE2","CHAUSSEE3","CHAUSSEE4","TYPEACC","BLESSURE","TETE","COU","THORAX","MEMBRESSUP","COLONNE","BASSIN","MEMBRESINF","HOPITAL","PLUS24H","TRAJET","TYPEROUTE","MOTIF","SENSTRAJET","PASSAGER","VITESSE","DESCEQ1","DESCEQ2","DESCEQ3","DESCEQ4","DESCEQ5","DESCEQ6","DESCEQ7","DESCEQ8","DESCEQ9","DESCEQ10","VEHICULEETE","VEHICULEAUTOMNE","VEHICULEPRINTEMPS","VEHICULEHIVER","VEHICULESEMAINE","VEHICULEWE","VEHMARQUE","VEHCYLINDREE","VEHMODELE","VEHSEGMENT","VEHSIDE","EQ2RMABS","EQ2RMCBS","EQ2RMABSCBS","EQ2RMREGULATEUR","EQ2RMLIMITEUR","EQ2RMPHARESDIRECT","EQ2RMCOUPURE","EQ2RMANTIPATINAGE","EQ2RMANTIXHEELING","EQ2RMSTABILILTE","VEHKM","POINTS","DUREE","AUTRE2RM","VEHPRECMARQUE","VEHPRECCYLINDREE","VEHPRECMODELE","VEHPRECSEGMENT","VEHPRECSIDE","TEMPS2RMPREC","FREQVEHPREC","DATE_NAISS","CSP","SOCIETAIRE","SALARIE","SECTEUR2RM","NBPERSFOYER","SITFAM","NBENF","TRNBENF1","TRNBENF2","TRNBENF3","TRNBENF4","NBAUTOFOYER","NBCYCLOFOYER","NBSCOOTFOYER","NBMOTOFOYER","NBTRIKEFOYER","NB2RMCONDUIT","MARQUE1","CYLINDREE1","MODELE1","SEGMENT1","SIDE1","ANMISECIRCU1","ASS1","FREQ1","USAGE1","NBKM1","GARAGE1","MARQUE2","CYLINDREE2","MODELE2","SEGMENT2","SIDE2","ANMISECIRCU2","ASS2","FREQ2","USAGE2","NBKM2","GARAGE2","MARQUE3","CYLINDREE3","MODELE3","SEGMENT3","SIDE3","ANMISECIRCU3","ASS3","FREQ3","USAGE3","NBKM3","GARAGE3","MARQUE4","CYLINDREE4","MODELE4","SEGMENT4","SIDE4","ANMISECIRCU4","ASS4","FREQ4","USAGE4","NBKM4","GARAGE4","MARQUE5","CYLINDREE5","MODELE5","SEGMENT5","SIDE5","ANMISECIRCU5","ASS5","FREQ5","USAGE5","NBKM5","GARAGE5","NBKMTOT","PERMIS1","PERMIS2","PERMIS3","PERMIS4","PERMIS5","PERMIS6","PERMIS7","PERMIS8","PERMIS9","ANPERMIS1","ANPERMIS6","ANPERMIS7","ANPERMIS2","ANPERMIS3","ANPERMIS8","ANPERMIS9","ANPERMIS4","ANPERMIS5","X","X.1","X.2","isScooter"
"213",1233,4954,"232",1,0,5,"","",NA,NA,NA,0,4,"","","",NA,NA,0,5,"","",NA,"",NA,0,2,"","",NA,NA,NA,1,4,"2008","","","","",0,4,"","","",NA,NA,0,3,"",NA,NA,NA,NA,0,4,"","","",NA,NA,2,4,"2011","2013","","","",0,5,"","","","","",0,5,"","","","","",0,3,"","",NA,NA,NA,0,4,"","","",NA,NA,0,4,"","",NA,NA,NA,0,NA,3,"","","","","","","","","","","","","","","",NA,NA,3,2,8,1,41,"9",2011,"","2011","Vous avez fait une sortie de route, une perte de contrôle ou une glissade sans rien percuter.","4","","",NA,"",NA,"","Je venais de démarrer, je quitte le trottoir, incline la moto pour prendre la direction voulue vers ma droite, j'accélère pour m'élancer.  J'ai subitement senti que ""quelque chose"" se passait sans avoir le temps d'analyser ni de réagir.  L'accélération au lieu de propulser la moto vers l'avant m'a violemment plaqué au sol côté gauche. Il semblerait qu'il y ait eu perte d'adhérence à la roue arrière.  Le temps était sec et chaud. Par contre, le bateau par lequel j'ai quitté le trottoir est fréquemment souillé en raison du mauvais état de la chaussée et du passage à cet endroit.  Pour autant, la cause exacte de cette chute reste un mystère pour moi.  Je m'élançais juste et je n'avais donc pas de vitesse, pourtant j'ai été plaqué très violemment au sol. ça plus le poids de la moto (250 kg) m'ont valu 4 fractures aux côtes et une petite fracture du pied sans gravité.  Le souvenir le plus vif que je garde est celui de la douleur que j'ai ressenti quand j'ai chuté. Je suis resté au sol tétanisé par la douleur pendant quelques instants avant de me relever.  J'ai pu relever la moto, aller aux urgences, dont je suis parti après une heure d'attente pour reprendre la moto et rentrer chez moi. Le lendemain matin je ne pouvais plus marcher, j'ai vu mon généraliste qui m'a fait passer des radios, puis envoyé en clinique pour plâtrer le pied.","La cause exacte de cette chute reste un mystère pour moi. Je subodore que j'ai ramassé une substance grasse sur le flanc du pneu et que quand j'ai incliné la moto et accéléré, je suis passé dessus et que ça a fait déraper l'arrière.","J'ai incliné la moto et accéléré.   Je l'ai sentie partir mais j'étais au sol avant de réagir. ça été très vite (moins d' 1/2 seconde)  Je n'ai touché à aucune commande, hors la poignée d'accélérateur et un appui à droite pour basculer la moto et prendre la direction voulue","AUT|pas eu le temps, ça a été très vite","0","","","trop rapide. chute quasi immédiate","3","0","","","","","","2","3","6",NA,NA,"","","",1,2,NA,NA,"3",NA,"j'étais dans une situation normale, sans danger particulier, répétée des dizaines de fois chaque jour, totalement banale, rien ne pouvais laisser présager d'un problème ou d'un risque","4","3","","","1","1","3","1","3","1","1","3",4,3,4,4,4,4,5,NA,NA,NA,NA,NA,NA,NA,1,"5","","","",NA,NA,NA,NA,2,1,2,2,2,1,1,25,0,0,75,0,"2","","","",NA,NA,"1","1","","",NA,2,1,3,7,NA,NA,NA,NA,NA,0,NA,1,"1","3",NA,0,35,1,2,3,4,9,NA,NA,NA,"",NA,"4","4","4","4","4","NRP","HONDA","800","VFR-F V-TEC ABS","Routière / GT","2","0","0",0,1,1,"1",1,1,1,"1","41000","12","2","1","HONDA","600","CB-F S ABS","ROADSTER","2","4","4","22JUL1968","5","2","3",2,1,1,NA,"NRP","","","",0,0,0,1,0,1,"HONDA",800,"VFR-F","Routière / GT","2","2008","28",1,2,20000,"6","","","","","","","",NA,NA,NA,"","","","","","",NA,NA,NA,NA,NA,"","",NA,"","",NA,NA,NA,NA,NA,NA,"","",NA,"","",NA,NA,NA,NA,NA,NA,NA,20000,"3",4,NA,NA,NA,NA,NA,NA,NA,"NRP","NRP","NRP","NRP","2007","NRP","NRP","1987","NRP","","","","Motorcycle"
"214",752,4955,"411",1,0,3,"","",NA,NA,NA,0,3,"","","",NA,NA,0,5,"","",NA,"",NA,0,4,"","",NA,NA,NA,0,2,"","","","","",1,4,"2000","","",NA,NA,0,3,"",NA,NA,NA,NA,0,4,"","","",NA,NA,0,4,"","","","","",0,4,"","","","","",0,3,"","","","","",0,3,"","",NA,NA,NA,0,5,"","","",NA,NA,0,3,"","",NA,NA,NA,1,1,2,"2010","","","","","la garenne colo","","","","","Je suivais le flux de circulation en ville légèrement décalé à gauche. La voiture devant moi a pilé pour laisser une priorité à droite. J'ai pilé également. La voiture derrière moi a freiné trop tard et m'a percuté par l'arrière. Comme j'étais décalé à gauche, je n'ai pas percuté la voiture devant moi. Nous avons fait un constat.","","","","",0,0,6,3,13,1,71,"15",2010,"la garenne colo","2010","Autre(s) type(s) d'accident(s).","6","","",NA,"",NA,"","Arrivant sur une priorité à droite, la voiture me précédant a fait un freinage appuyé. De ce fait, moi aussi. La voiture qui me suivait n'a pas freiné à temps et m'a percuté.","Aucun élément, aucune difficulté pour moi. J'étais à l'arrêt quand la voiture m'a tapé dans le pneu arrière.","Quand la voiture me suivant m'a percuté, j'ai tout lâché et j'ai été projeté avec la moto (qui s'est couchée)et j'ai fait une roulade par dessus la roue avant de la moto. Heureusement, j'étais décalé un peu à gauche dans le file, ce qui m'a permis d'éviter de toucher la voiture devant moi. Elle n'a pas été impliquée dans l'accident.","AUT|J'ai entendu un coup de frein derriere moi, mais je ne m'attendais pas à un choc.","1","Oui, j'aurais pu avoir le réflexe de regarder dans le rétro à la fin du freinage appuyé, pour voir ce qui se passait derrière. Mais je ne crois pas que ça aurait changé quoi que ce soit. Ca c'est passé très vite.","Nous étions en ville, nous étions à moins de 40km/h, ce genre de situation arrive de temps en temps. Je ne me suis pas méfié.","","2","1","NSP","","NSP","1","L'accident a eu lieu à cause d'une faute d'inattention du conducteur de la voiture derrière moi. Etant légèrement décalé à gauche, il aurait pu m'éviter en se déportant légèrement à droite.","2","9","",NA,NA,"","la peur que ma moto soit en miettes :)","",1,NA,NA,NA,"",2,"je ne m'attendais pas à me faire percuter","4","3","","","1","1","3","4","1","1","1","2",2,4,4,4,4,10,NA,NA,NA,NA,NA,NA,NA,NA,1,"AUT|laisser des priorités à droite, mal signalées sur des axes très fréquentés en ville aux heures de pointe.","","","",NA,NA,NA,NA,2,2,NA,2,1,2,1,0,80,0,20,0,"2","","","",NA,NA,"3","1","","",NA,1,NA,NA,NA,NA,NA,NA,NA,NA,NA,NA,1,"1","1",2,0,35,1,10,2,3,4,7,NA,NA,"",NA,"4","4","4","4","4","4","DUCATI","1100","HYPERMOTARD","TRAIL / SUPERMOTARD","2","1","1",1,1,1,"1",1,0,1,"1","17000","11","4","1","DUCATI","620","MONSTER IE DARK","ROADSTER","null","4","3","09DEC1971","5","1","3",2,1,1,NA,"NRP","","","",1,0,0,2,0,2,"DUCATI",1100,"HYPERMOTARD","TRAIL / SUPERMOTARD","2","2007","37",3,1,4000,"7","HONDA","125","CB-TWIN (+ 15CV)","ROADSTER","2","1983","37",2,2,2000,"7","","","","","",NA,NA,NA,NA,NA,"","",NA,"","",NA,NA,NA,NA,NA,NA,"","",NA,"","",NA,NA,NA,NA,NA,NA,NA,6000,"2",3,4,NA,NA,NA,NA,NA,NA,"NRP","NRP","NRP","1990","2001","NRP","NRP","1990","NRP","","","","Motorcycle"
"215",443,4962,"42",1,0,4,"","",NA,NA,NA,0,5,"","","",NA,NA,0,4,"","",NA,"",NA,0,3,"","",NA,NA,NA,1,5,"2014","","","","",0,3,"","","",NA,NA,0,4,"",NA,NA,NA,NA,0,4,"","","",NA,NA,1,4,"1993","","","","",0,5,"","","","","",0,3,"","","","","",0,3,"","",NA,NA,NA,0,4,"","","",NA,NA,0,5,"","",NA,NA,NA,0,NA,2,"","","","","","","","","","","","","","","",NA,NA,3,1,31,1,21,"5",2014,"","2014","Vous circuliez sur un axe prioritaire. Un véhicule venant dun axe non prioritaire vous a coupé la route.","3","","",NA,"",NA,"","la condutrice a grille le stop a 70 klm avec le telephone a l;oreille.elle ma percute a l,arriere droit pour finir ca cource dans la voiture qui arrrive en face","voiture devant moi et voiture en face impossible de faire un evittement","NRP","3","0","","","pas vu venir","2","1","1","1","NSP","2","il a freiner pour eviter le plus possible le choc","7","","",NA,NA,"","","",NA,NA,NA,NA,"",NA,"","3","4","","","1","1","2","4","3","1","1","1",2,2,4,4,4,10,NA,NA,NA,NA,NA,NA,NA,NA,1,"2","","","",NA,NA,NA,NA,2,2,NA,2,1,1,1,0,90,0,10,0,"2","","","",NA,NA,"2","1","","",NA,2,1,1,2,4,7,NA,NA,NA,1,1,2,"2","1",1,0,10,1,2,3,4,7,9,NA,NA,"",NA,"4","4","4","4","4","4","KAWASAKI","1400","GTR GRAND TOURER","Routière / GT","2","0","0",0,1,1,"1",0,0,0,"1","52000","12","3","1","BMW","1200","R1200R","ROADSTER","2","4","4","20MAY1964","7","2","3",2,4,4,2,"NRP","","","",1,0,0,1,0,1,"KAWASAKI",1400,"GTR","Routière / GT","2","2010","28",1,2,25000,"7","","","","","","","",NA,NA,NA,"","","","","","",NA,NA,NA,NA,NA,"","",NA,"","",NA,NA,NA,NA,NA,NA,"","",NA,"","",NA,NA,NA,NA,NA,NA,NA,25000,"4",3,NA,NA,NA,NA,NA,NA,NA,"NRP","NRP","NRP","NRP","1985","NRP","NRP","1982","NRP","","","","Motorcycle"
"216",975,4974,"202",1,0,5,"","",NA,NA,NA,0,3,"","","",NA,NA,0,4,"","",NA,"",NA,0,2,"","",NA,NA,NA,1,6,"NSP","","","","",0,4,"","","",NA,NA,0,2,"",NA,NA,NA,NA,0,4,"","","",NA,NA,0,3,"","","","","",0,4,"","","","","",0,6,"","","","","",0,1,"","",NA,NA,NA,0,3,"","","",NA,NA,0,5,"","",NA,NA,NA,1,1,2,"NSP","","","","","Vélizy","","","","","Une auto ne sais pas arrèté au stop et ma percuté j étais à vélo","","","","",0,0,6,5,26,1,71,"15",NA,"Vélizy","-1","Autre(s) type(s) d'accident(s).","1","5","",NA,"",NA,"","Un trop grand pourcentage d automobiliste on aucune idée du risque causé par leur conduite pour un deux roues. Aucun contrôle pas de clignotant téléphone évaluation des distances etc......... La voiture permet trop de détente au volant et l'obtention par le premier abrutis du papier rose ,une vraie formation serait nécessaire.  Voila donc en ville une personne pressé a pas respecter un stop et ma couper la route et en esseyant de l'éviter je l'ai percuter et éjecté par au dessus.",",,,,,,,,?????????","Le véhicule ne ma pas vue donc lui rien, et moi le voyant j ai freiné et tous fait pour l'éviter , mais je me suis toujours dit que l autre allait s arrêter et que il n allait pas griller le stop.","NRP","0","","","Si rouler en voiture aussi au moins j aurais pas été blessé.","2","1","2","","NSP","1","Il avait l intention de grillé le stop puis de couper une ligne blanche pour éviter d'aller plus loin faire le tour d'un rond point pour récupérer la national","3","6","",NA,NA,"","","",NA,1,NA,NA,"2",NA,"Le non respect du code de la route","3","3","","","1","3","3","4","4","1","1","2",4,3,4,4,4,10,NA,NA,NA,NA,NA,NA,NA,NA,1,"4","AUT|Un muret empeche les infraction pas une ligne blanche pour gagner 3 minutes un automobiliste est près à vous tuer à ne pas respecter les marquages au sol","","",NA,NA,NA,NA,2,2,NA,2,1,1,1,0,100,0,0,0,"2","","","",NA,NA,"2","1","","",NA,2,1,2,4,7,NA,NA,NA,NA,1,0,1,"1","3",NA,0,15,1,2,4,NA,NA,NA,NA,NA,"",NA,"3","3","3","1","1","1","PEUGEOT","50","103","ROADSTER","null","1","1",1,1,1,"1",1,1,1,"1","NSP","NSP","4","0","","","","","","","","23DEC1968","7","1","3",2,1,1,NA,"NRP","","","",1,0,3,1,0,4,"HONDA",1500,"GOLD WING SE","Routière / GT","2","1993","37",3,1,2000,"7","PIAGGIO","200","VESPA PX","SCOOTER","2","1998","37",4,1,1000,"7","YAMAHA","500","T-MAX IE ABS","SCOOTER","2",2008,37,2,1,10000,"7","GILERA",850,"GP800","SCOOTER",2,2010,37,2,1,10000,"7","",NA,"","",NA,NA,NA,NA,NA,NA,NA,23000,"3",4,NA,NA,NA,NA,NA,NA,NA,"NRP","NRP","NRP","NRP","1991","NRP","NRP","1987","NRP","","","","Motorcycle"
"217",604,4977,"238",1,0,3,"","",NA,NA,NA,1,5,"1990","","",NA,NA,3,6,"1991","1997",2004,"",NA,0,5,"","",NA,NA,NA,1,5,"2006","","","","",1,4,"2003","","",NA,NA,0,3,"",NA,NA,NA,NA,0,4,"","","",NA,NA,1,5,"2009","","","","",0,5,"","","","","",1,6,"1989","","","","",0,4,"","",NA,NA,NA,0,4,"","","",NA,NA,0,5,"","",NA,NA,NA,1,1,9,"2004","","","","","Montrouge","","","","","Le feu passe au vert la camion devant moi demarre puis freine brusquement, je freine et je me fais percuter par le vehicule derriere moi.","","","","",0,0,3,14,23,1,6,"2",1990,"","1990","Vous circuliez derrière un véhicule. Ce véhicule a ralenti. Vous avez entrepris de dépasser ce véhicule par la gauche et celui-ci vous a coupé la route en tournant à gauche (ou en effectuant un œ tour","6","","",NA,"",NA,"","Les circonstances de cet accident sont somme toutes assez banales, 4 voitures suivaient un camion, je suppose depuis un certain temps déjà lorsque je suis arrivé derrière le 4ème véhicule en entrée d'un virage à droite. A la sortie de ce virage une opportunité de dépassement s'est présentée, j'ai donc mis mon clignotant, déboité et c'est au moment où j'arrivai au niveau de l'aile arrière gauche (100km/h environ) du véhicule me précédant que celui a déboité brusquement et m'a percuté avec celle-ci, ce qui vu la façon dont la moto s'est couchée sur le coté droit, a du, je suppose,  actionner mon frein avant. J'ai qualifié cet accident de banal, parce qu'il réunit toutes les conditions propices à ce qui s'est passé,  - véhicule lent qui ralentit et agace les usagers coincés derrière,  - moto pas forcément visible du fait de son arrivée derrière le véhicule dans un virage - vigilance altérée par la chaleur et l'énervement  Cette expérience (et l'âge) font que, depuis,je m'assure d'être vu dans le rétro avant d'entreprendre la moindre maneuvre. Je n'en veux pas au conducteur de la voiture en ce qui concerne l'accident à proprement dit, en revanche, ce qui m'a le plus agacé ainsi que les motards de la Police arrivés en premier sur les lieux de l'accident, c'est la mauvaise foi affichée par le conducteur concerné.","Tout est dans la réponse à la question précédente.","Lorsque j'ai vu que le véhicule déboitait alors que j'étais en pleine accélération pour le dépasser, j'ai juste eu le temps de lâcher l'accélérateur avant que son aile arrière actionne mon frein avant.","NRP","0","","","Vue la situation et la vitesse à laquelle les évènements se sont enchainés , aucune échappatoire n'était possible.","2","1","NSP","","agacé car coincé derrière un camion, donc moins vigilant visibilité d'une moto en plein soleil","NSP","NSP","1","2","6",NA,NA,"","","2",1,NA,NA,NA,"3",NA,"J'étais persuadé que le conducteur m'avait vu et entendu et je ne m'attendais pas du tout à ce qu'il fasse ce qu'il a fait.","2","3","","","2","1","3","4","2","1","1","2",1,4,4,4,4,5,NA,NA,NA,NA,NA,NA,NA,NA,2,"","","","",NA,NA,NA,NA,2,2,NA,2,2,1,1,5,95,0,0,0,"1","3","","",NA,NA,"2","1","","",NA,2,1,4,NA,NA,NA,NA,NA,NA,1,0,3,"2","3",NA,0,100,1,10,2,5,NA,NA,NA,NA,"",NA,"4","4","4","4","4","4","KAWASAKI","500","GPZ-S","Routière / GT","2","1","1",1,1,1,"1",1,1,1,"1","30000","12","3","1","YAMAHA","250","TDR","Routière / GT","2","4","4","15SEP1966","5","1","3",2,1,1,NA,"NRP","","","",1,0,1,1,0,2,"TRIUMPH",955,"SPRINT ST","Routière / GT","2","1999","37",2,1,5000,"4","APRILIA","125","HABANA","SCOOTER","2","2000","33",1,2,5000,"1","","","","","",NA,NA,NA,NA,NA,"","",NA,"","",NA,NA,NA,NA,NA,NA,"","",NA,"","",NA,NA,NA,NA,NA,NA,NA,10000,"3",4,NA,NA,NA,NA,NA,NA,NA,"NRP","NRP","NRP","NRP","1986","NRP","NRP","1985","NRP","","","","Motorcycle"
"218",674,4984,"462",1,0,5,"","",NA,NA,NA,0,4,"","","",NA,NA,0,5,"","",NA,"",NA,0,4,"","",NA,NA,NA,0,5,"","","","","",0,4,"","","",NA,NA,0,3,"",NA,NA,NA,NA,0,3,"","","",NA,NA,0,3,"","","","","",0,5,"","","","","",0,5,"","","","","",0,5,"","",NA,NA,NA,0,3,"","","",NA,NA,0,5,"","",NA,NA,NA,1,2,2,"2005","2011","","","","Clichy","Clichy","","","","Accident non responsable : Une voiture m'a percutée à l'arrière dans un rond-point.","Accident non responsable : je me suis arrêtée pour laisser passer des piétons sur passage cloutés. Une voiture m'a percutée à derrière car elle était au téléphone et ne m'a pas remarquée que je m'étais arrêtée.","","","",0,0,4,2,10,1,71,"15",2005,"Clichy","2005","Autre(s) type(s) d'accident(s).","2","","",NA,"",NA,"","C'est une voiture qui ne s'est pas arrêtée et m'a taper à l'arrière de la moto. Très vite les personnes qui sont en torts essaient de trouver des arguments contre le 2 roues. Les automobilistes pensent qu'on est toujours en faute de part notre façon de conduire. Ce qui n'est pas toujours le cas.","J'ai freiné pour laisser une voiture arrivant par la droite mais la voiture derrière n'avait pas anticipé la priorité à droite.","Je n'ai pas réagi car je n'ai pas pu voir qu'on me taperait par l'arrière. Je me suis retrouvée par terre sans comprendre sur le moment pourquoi.","3","0","","","Parce que j'étais focalisée sur la priorité à droite et pas sur ce qui se passait derrière moi.","2","1","NSP","","NSP","1","Il n'a pas été vigilant à son environnement","7","","",NA,NA,"","","",NA,NA,NA,NA,"",NA,"","4","4","","","1","1","3","3","3","1","2","1",1,3,4,4,4,10,NA,NA,NA,NA,NA,NA,NA,NA,1,"2","","","",NA,NA,NA,NA,2,2,NA,2,1,1,1,0,80,0,20,0,"2","","","",NA,NA,"3","1","","",NA,2,1,4,7,NA,NA,NA,NA,NA,1,0,1,"1","1",1,0,0,1,2,3,4,7,9,NA,NA,"",NA,"4","4","4","4","4","2","KAWASAKI","750","Z 750-S IE","ROADSTER","2","1","1",1,1,1,"1",1,1,1,"1","15000","12","4","1","YAMAHA","600","FZ6-S FAZER","ROADSTER","2","4","4","12APR1970","5","1","3",2,3,4,1,"NRP","","","",2,0,0,1,0,1,"YAMAHA",800,"FAZER8 ABS","ROADSTER","2","2010","37",3,2,12000,"2","","","","","","","",NA,NA,NA,"","","","","","",NA,NA,NA,NA,NA,"","",NA,"","",NA,NA,NA,NA,NA,NA,"","",NA,"","",NA,NA,NA,NA,NA,NA,NA,12000,"3",4,NA,NA,NA,NA,NA,NA,NA,"NRP","NRP","NRP","NRP","1988","NRP","NRP","2003","NRP","","","","Motorcycle"
"219",870,4986,"341",1,0,3,"","",NA,NA,NA,0,5,"","","",NA,NA,0,6,"","",NA,"",NA,0,3,"","",NA,NA,NA,2,6,"1997","2007","","","",0,5,"","","",NA,NA,0,4,"",NA,NA,NA,NA,0,3,"","","",NA,NA,4,6,"NSP","NSP","NSP","NSP","",0,3,"","","","","",0,4,"","","","","",0,4,"","",NA,NA,NA,1,4,"1993","","",NA,NA,0,4,"","",NA,NA,NA,0,NA,7,"","","","","","","","","","","","","","","",NA,NA,3,0,22,1,21,"5",1997,"","1997","Vous circuliez sur un axe prioritaire. Un véhicule venant dun axe non prioritaire vous a coupé la route.","2","","",NA,"",NA,"","la voiture (un 90 au cu de puis 15 jours) n' a pas fait son ceder le passage car presse a aller passer son bac moi j'ai glisser sur 20 métres jambe bloque sous la moto . ce s'ai passer dans mon village au mois de juin","pas de temps de reagir car il a grier le ceder de passage, j'ai ete a 2 metre de lui","rien pus faire car surpris que la voiture n'aller pas faire son ceder de passage","1","0","","","car 2 metre est vite parcouru mais à 50Km/h","2","1","1","AUT|arreter","il ont soulever la moto qui bloquer ma jambe des gens dans les maison on appeler la gendarmerie","2","NSP","2","5","6",NA,NA,"","","",1,NA,NA,2,"3",NA,"NRP","4","3","","","1","1","1","1","1","1","1","1",1,2,4,4,4,10,NA,NA,NA,NA,NA,NA,NA,NA,1,"2","","","",NA,NA,NA,NA,2,2,NA,2,1,1,1,0,100,0,0,0,"NSP","","","",NA,NA,"3","1","","",NA,2,1,7,NA,NA,NA,NA,NA,NA,0,NA,1,"1","1",1,0,45,1,2,3,5,NA,NA,NA,NA,"",NA,"4","4","4","4","4","4","YAMAHA","600","XT","TRAIL / SUPERMOTARD","2","1","1",1,1,1,"1",1,1,2,"1","NSP","NSP","2","0","","","","","","","","15OCT1973","7","1","3",2,1,1,NA,"NRP","","","",1,0,1,1,0,2,"HARLEY-DAVIDSON",883,"SPORTSTER","ROADSTER","2","1997","37",1,2,7500,"7","YAMAHA","250","X-CITY PACK","SCOOTER","2","2007","37",1,2,7500,"7","","","","","",NA,NA,NA,NA,NA,"","",NA,"","",NA,NA,NA,NA,NA,NA,"","",NA,"","",NA,NA,NA,NA,NA,NA,NA,15000,"2",3,4,NA,NA,NA,NA,NA,NA,"NRP","NRP","NRP","1992","1992","NRP","NRP","1994","NRP","","","","Motorcycle"