"","Ligne","Ligne.Q.qualif","Ligne.approfondissement.Accident","ACCIDENT","NBACC1","ACCFREQUENCE1","ANNEEACC1_1","ANNEEACC1_2","ANNEEACC1_3","ANNEEACC1_4","ANNEEACC1_5","NBACC2","ACCFREQUENCE2","ANNEEACC2_1","ANNEEACC2_2","ANNEEACC2_3","ANNEEACC2_4","ANNEEACC2_5","NBACC3","ACCFREQUENCE3","ANNEEACC3_1","ANNEEACC3_2","ANNEEACC3_3","ANNEEACC3_4","ANNEEACC3_5","NBACC4","ACCFREQUENCE4","ANNEEACC4_1","ANNEEACC4_2","ANNEEACC4_3","ANNEEACC4_4","ANNEEACC4_5","NBACC5","ACCFREQUENCE5","ANNEEACC5_1","ANNEEACC5_2","ANNEEACC5_3","ANNEEACC5_4","ANNEEACC5_5","NBACC6","ACCFREQUENCE6","ANNEEACC6_1","ANNEEACC6_2","ANNEEACC6_3","ANNEEACC6_4","ANNEEACC6_5","NBACC7","ACCFREQUENCE7","ANNEEACC7_1","ANNEEACC7_2","ANNEEACC7_3","ANNEEACC7_4","ANNEEACC7_5","NBACC8","ACCFREQUENCE8","ANNEEACC8_1","ANNEEACC8_2","ANNEEACC8_3","ANNEEACC8_4","ANNEEACC8_5","NBACC9","ACCFREQUENCE9","ANNEEACC9_1","ANNEEACC9_2","ANNEEACC9_3","ANNEEACC9_4","ANNEEACC9_5","NBACC10","ACCFREQUENCE10","ANNEEACC10_1","ANNEEACC10_2","ANNEEACC10_3","ANNEEACC10_4","ANNEEACC10_5","NBACC11","ACCFREQUENCE11","ANNEEACC11_1","ANNEEACC11_2","ANNEEACC11_3","ANNEEACC11_4","ANNEEACC11_5","NBACC12","ACCFREQUENCE12","ANNEEACC12_1","ANNEEACC12_2","ANNEEACC12_3","ANNEEACC12_4","ANNEEACC12_5","NBACC13","ACCFREQUENCE13","ANNEEACC13_1","ANNEEACC13_2","ANNEEACC13_3","ANNEEACC13_4","ANNEEACC13_5","NBACC14","ACCFREQUENCE14","ANNEEACC14_1","ANNEEACC14_2","ANNEEACC14_3","ANNEEACC14_4","ANNEEACC14_5","AUTRESACC","NBAUTRESACC","TOTAL_AC","ANNEEAUTREACC1","ANNEEAUTREACC2","ANNEEAUTREACC3","ANNEEAUTREACC4","ANNEEAUTREACC5","LIEUAUTREACC1","LIEUAUTREACC2","LIEUAUTREACC3","LIEUAUTREACC4","LIEUAUTREACC5","DESCRIPTIONAUTRESACC1","DESCRIPTIONAUTRESACC2","DESCRIPTIONAUTRESACC3","DESCRIPTIONAUTRESACC4","DESCRIPTIONAUTRESACC5","NBAUTRESACCCIRCUIT","NBAUTRESTOUTTERRAIN","EXPCYCLO","EXP125","EXPSUP125","ACCORDNEXTQ","CHOIXACC","RGPMTACC","RECUPANNEE","RECUPLIEU","RECUPANNE","RGPMTAC","CHOIX1","CHOIX2","CHOIX3","CHOIX4","CHOIX5","CHOIX6","CHOIX7","DESCRIPTION","RUPTURE","FAITS","ABS_REACTION","AUTRE_REACTION","PRECISIONREACTIONOUI","RECUL","PRECISIONREACTIONNON","IMPACTCOMPORTEMENT","AUTREUSAGER","REACTIONAUTREUSAGER","CONNAISSANCEREACTIONUSAGER","DIFFICULTES","AGGRAVATION","DIFFICULTES2","EMOTIONS1","EMOTIONS2","EMOTIONS3","EMOTIONS4","EMOTIONS5","EMOTIONS6","AUTRESENTIMENT","CLASSEMENTEMOTIONS1","CLASSEMENTEMOTIONS","CLASSEMENTEMOTIONS5","CLASSEMENTEMOTIONS6","CLASSEMENTEMOTIONS7","CLASSEMENTEMOTIONS8","CLASSEMENTEMOTIONS9","EXPLICATIONRESSENTI","BIENEQUIPE","ALLURE","ALLUREVITEDETAIL","ALLURELENTEDETAIL","SITUATIONPRESSE","SITUATIONDISTRAIT","SITUATIONCONFIANT","SITUATIONCONTROLE","SITUATIONLUDIQUE","SITUATIONPERF","SITUATIONSTRESS","SITUATIONFATIGUE","HUMEURNEUTRE","HUMEURGAI","HUMEURMECONTENT","HUMEURTRISTE","HUMEURCOLERE","CONTRIBUTION1","CONTRIBUTION2","CONTRIBUTION3","CONTRIBUTION4","CONTRIBUTION5","CONTRIBUTION6","CONTRIBUTION7","CONTRIBUTION8","CONTRIBUTION9","ROLEINFRA","ELEMENTINFRA1","ELEMENTINFRA2","ELEMENTINFRA3","ELEMENTINFRA4","ELEMENTINFRA5","ELEMENTINFRA6","ELEMENTINFRA7","ELEMENTINFRA8","ELEMENTINFRA9","ALCOOL","TXALCOOL","STUP","SEMAINE","MOMENTJOURNEE","TEMPS","CAUSEACC1","CAUSEACC2","CAUSEACC3","CAUSEACC4","CAUSEACC5","FORMATIONCAUSE","FORMATION1","FORMATION2","FORMATION3","FORMATION4","FORMATION5","TRAFIC","CHAUSSEE1","CHAUSSEE2","CHAUSSEE3","CHAUSSEE4","TYPEACC","BLESSURE","TETE","COU","THORAX","MEMBRESSUP","COLONNE","BASSIN","MEMBRESINF","HOPITAL","PLUS24H","TRAJET","TYPEROUTE","MOTIF","SENSTRAJET","PASSAGER","VITESSE","DESCEQ1","DESCEQ2","DESCEQ3","DESCEQ4","DESCEQ5","DESCEQ6","DESCEQ7","DESCEQ8","DESCEQ9","DESCEQ10","VEHICULEETE","VEHICULEAUTOMNE","VEHICULEPRINTEMPS","VEHICULEHIVER","VEHICULESEMAINE","VEHICULEWE","VEHMARQUE","VEHCYLINDREE","VEHMODELE","VEHSEGMENT","VEHSIDE","EQ2RMABS","EQ2RMCBS","EQ2RMABSCBS","EQ2RMREGULATEUR","EQ2RMLIMITEUR","EQ2RMPHARESDIRECT","EQ2RMCOUPURE","EQ2RMANTIPATINAGE","EQ2RMANTIXHEELING","EQ2RMSTABILILTE","VEHKM","POINTS","DUREE","AUTRE2RM","VEHPRECMARQUE","VEHPRECCYLINDREE","VEHPRECMODELE","VEHPRECSEGMENT","VEHPRECSIDE","TEMPS2RMPREC","FREQVEHPREC","DATE_NAISS","CSP","SOCIETAIRE","SALARIE","SECTEUR2RM","NBPERSFOYER","SITFAM","NBENF","TRNBENF1","TRNBENF2","TRNBENF3","TRNBENF4","NBAUTOFOYER","NBCYCLOFOYER","NBSCOOTFOYER","NBMOTOFOYER","NBTRIKEFOYER","NB2RMCONDUIT","MARQUE1","CYLINDREE1","MODELE1","SEGMENT1","SIDE1","ANMISECIRCU1","ASS1","FREQ1","USAGE1","NBKM1","GARAGE1","MARQUE2","CYLINDREE2","MODELE2","SEGMENT2","SIDE2","ANMISECIRCU2","ASS2","FREQ2","USAGE2","NBKM2","GARAGE2","MARQUE3","CYLINDREE3","MODELE3","SEGMENT3","SIDE3","ANMISECIRCU3","ASS3","FREQ3","USAGE3","NBKM3","GARAGE3","MARQUE4","CYLINDREE4","MODELE4","SEGMENT4","SIDE4","ANMISECIRCU4","ASS4","FREQ4","USAGE4","NBKM4","GARAGE4","MARQUE5","CYLINDREE5","MODELE5","SEGMENT5","SIDE5","ANMISECIRCU5","ASS5","FREQ5","USAGE5","NBKM5","GARAGE5","NBKMTOT","PERMIS1","PERMIS2","PERMIS3","PERMIS4","PERMIS5","PERMIS6","PERMIS7","PERMIS8","PERMIS9","ANPERMIS1","ANPERMIS6","ANPERMIS7","ANPERMIS2","ANPERMIS3","ANPERMIS8","ANPERMIS9","ANPERMIS4","ANPERMIS5","X","X.1","X.2","isScooter"
"220",331,5006,"165",1,0,5,"","",NA,NA,NA,0,5,"","","",NA,NA,1,5,"NSP","",NA,"",NA,0,2,"","",NA,NA,NA,0,5,"","","","","",0,5,"","","",NA,NA,0,3,"",NA,NA,NA,NA,0,5,"","","",NA,NA,0,5,"","","","","",0,2,"","","","","",0,5,"","","","","",0,2,"","",NA,NA,NA,0,5,"","","",NA,NA,1,5,"NSP","",NA,NA,NA,0,NA,2,"","","","","","","","","","","","","","","",NA,NA,10,0,25,1,11,"3",0,"","-1","Vous remontiez une file de véhicules (à larrêt ou au ralenti) par la gauche. Un véhicule de cette file vous a coupé la route en tournant à gauche.","1","","",NA,"",NA,"","Un ralentissement avait lieu. Je remontais la file de voitures relativement lentement. J'aperçu une voiture qui était juste derrière un camion qui été en train de tourner à droite.Cette dernière avait le clignotant à gauche. J'ai cru que la voiture avait le clignotant à gauche pour signifier qu'elle éviter l'arrière du camion qui s'éloignait à droite. Je pensais qu'elle allait reprendre rapidement son chemin tout droit et donc j'ai continué à remonter  la file jusqu'à la dépasser. En fait la voiture tournait complètement à gauche, sur un chemin privé. J'ai donc percuté à faible vitesse l'avant de la voiture et chuté sans gravité. Les assurances ont attribué l'entière responsabilité au conducteur de la voiture (changement de direction), pourtant j'estime être entièrement responsable de cet accident par manque d'expérience. Ce cas de figure est particulièrement accidentogène mais je l'ai découvert que ce jour là !!","Impossibilité de stopper la moto pour éviter le choc. Freinage trop fort (pas d'ABS à cette époque), un peu de gravillons et donc chute.","Le conducteur de la voiture ne m'a pas vu arriver. J'ai pris conscience de mon erreur d'interprétation de la situation,j'ai donc freiner fort pour tenter d'éviter le choc en ayant la certitude que ""ça ne passerait pas"".","NRP","0","","","J'ai pris conscience trop tard de la situation. Il n'y avait plus de distance de sécurité.","2","1","2","","Je devais être invisible pour lui.","2","Le conducteur avait dû regardé dans son rétro avant de tourner, il avait mis son clignotant et a dû tourner sans avoir la possibilité de me voir. A un moment donné, il faut bien regarder devant, même si on tourne...","1","","",NA,NA,"","","1",NA,NA,NA,NA,"",NA,"J'imaginais déjà le choc et les éventuelles blessures + dégats à la motos (bien que la vitesse soit faible).","2","1","3","","1","1","4","4","2","1","1","1",1,1,4,4,4,1,5,NA,NA,NA,NA,NA,NA,NA,2,"","","","",NA,NA,NA,NA,2,2,NA,2,1,1,1,100,0,0,0,0,"1","AUT|archétype de situation accidentogène, non sensibilisé pendant la formation","","",NA,NA,"4","1","","",NA,2,1,7,NA,NA,NA,NA,NA,NA,0,NA,1,"2","1",2,0,30,1,10,2,5,NA,NA,NA,NA,"",NA,"4","4","4","4","4","4","YAMAHA","600","XTZ TENERE","TRAIL / SUPERMOTARD","2","1","1",1,1,1,"1",1,1,1,"1","NSP","12","4","0","","","","","","","","16JAN1965","6","1","3",2,5,4,3,"NRP","","","",3,1,0,2,0,3,"YAMAHA",600,"XTZ TENERE","TRAIL / SUPERMOTARD","2","1989","37",3,1,1000,"7","MOTOBECANE","125","Z57C","NRP","2","1956","40",3,1,200,"7","JONWAY","50","MONZA","SCOOTER","2",2009,37,2,2,1500,"7","",NA,"","",NA,NA,NA,NA,NA,NA,"","",NA,"","",NA,NA,NA,NA,NA,NA,NA,2700,"3",4,NA,NA,NA,NA,NA,NA,NA,"NRP","NRP","NRP","NRP","1988","NRP","NRP","1983","NRP","","","","Motorcycle"
"221",1120,5011,"363",1,0,3,"","",NA,NA,NA,0,4,"","","",NA,NA,0,4,"","",NA,"",NA,0,5,"","",NA,NA,NA,0,4,"","","","","",0,4,"","","",NA,NA,0,5,"",NA,NA,NA,NA,0,5,"","","",NA,NA,1,4,"2013","","","","",0,4,"","","","","",0,5,"","","","","",0,2,"","",NA,NA,NA,0,4,"","","",NA,NA,0,3,"","",NA,NA,NA,1,1,2,"2007","","","","","Rouen","","","","","En repartant d'un Stop, en tournant à gauche, perte de contrôle, glissade et accident contre un véhicule en stationnement.","","","","",0,0,15,15,15,1,71,"15",2007,"Rouen","2007","Autre(s) type(s) d'accident(s).","2","","",NA,"",NA,"","Bonjour, je roule avec une R 1150 Gs de chez BMW. Voilà trois que je roule avec cette moto. Ce jour là, la météo était bonne. Je sortais de mon travail et je devais déposer un document administratif. Pour rentrée chez moi je décide de passer par une route que je connaissais mais il y avais longtemps que je ne l'avais pas prise. Je m'aperçois rapidement que tout à changer. Quand j'arrive à l'endroit où j'ai eu mon accident,je suis à un stop. Connaissant la rue, je sais qu'il y a beaucoup de circulation et surtout que sa roule vite. Je prends le temps de bien regarder à droite et à gauche avant de m'engager à gauche. J'étais tellement focaliser sur la circulation dans la rue que j'ai omis de prendre un temps d'observation de l'état de la route. Quand j'ai tourné à gauche, à ce moment là, je m'aperçois qu'il y a un nid de poule. Etant lancé et en légère inclinaison je n'arrive pas à modifier ma trajectoire et là c'est  la chute. Comme c'est la première fois, je m'accroche au guidon et je donne par ce fait un coup de gaz. Quand la roue arrière de la moto touche le sol, la moto part en glissade puis s'arrête dans une voiture en stationnement.","Ce qui a fait basculer ma situation de conduite ""normale"" en accident,c'est le changement d'environnement et ma focalisation sur la circulation dans la rue. Du moins, c'est ce que je pense.","Ma réaction a été de m'accrocher au guidon et de tourner la poignée d'accélération.","NRP","1","Si j'avais pris un temps d'observation de la route, j'aurais certainement modifier ma trajectoire et ainsi éviter la chute.","Je savais que la rue était dangereuse et je me suis tellement focaliser sur la circulation que je n'ai pas pris le temps de regarder l'état de la route.","","2","0","","","","","","9","","",NA,NA,"","un sentiment de non maîtrise.","",NA,NA,NA,NA,"",1,"NRP","4","3","","","1","1","3","3","4","1","1","1",1,2,4,4,4,4,5,NA,NA,NA,NA,NA,NA,NA,1,"5","","","",NA,NA,NA,NA,2,2,NA,2,1,1,1,50,0,0,50,0,"2","","","",NA,NA,"2","1","AUT|nid de poule","",NA,1,NA,NA,NA,NA,NA,NA,NA,NA,NA,NA,2,"1","1",2,0,20,1,10,2,3,4,7,NA,NA,"",NA,"3","3","3","3","3","3","BMW","1150","R1150GS","TRAIL / SUPERMOTARD","2","1","1",1,1,1,"0",1,1,1,"1","8000","12","1","1","BMW","650","R65 RT","ROADSTER","2","4","3","29JUL1974","7","1","3",2,5,4,3,"NRP","","","",1,1,0,2,0,3,"BMW",1150,"R1150GS","TRAIL / SUPERMOTARD","2","2002","37",2,1,2000,"AUT|chez moi","BMW","650","R65 RT","ROADSTER","2","1987","37",4,1,1000,"AUT|chez moi","MOTOBECANE","50","M7","NRP","2",1976,16,4,1,500,"AUT|chez moi","",NA,"","",NA,NA,NA,NA,NA,NA,"","",NA,"","",NA,NA,NA,NA,NA,NA,NA,3500,"2",3,4,NA,NA,NA,NA,NA,NA,"NRP","NRP","NRP","1995","2000","NRP","NRP","1995","NRP","","","","Motorcycle"
"222",432,5017,"235",1,0,4,"","",NA,NA,NA,1,4,"2011","","",NA,NA,0,4,"","",NA,"",NA,0,1,"","",NA,NA,NA,0,3,"","","","","",0,3,"","","",NA,NA,0,2,"",NA,NA,NA,NA,0,3,"","","",NA,NA,0,2,"","","","","",1,3,"2004","","","","",0,4,"","","","","",0,3,"","",NA,NA,NA,0,3,"","","",NA,NA,0,2,"","",NA,NA,NA,0,NA,2,"","","","","","","","","","","","","","","",NA,NA,4,2,9,1,6,"2",2011,"","2011","Vous circuliez derrière un véhicule. Ce véhicule a ralenti. Vous avez entrepris de dépasser ce véhicule par la gauche et celui-ci vous a coupé la route en tournant à gauche (ou en effectuant un œ tour","3","","",NA,"",NA,"","Un matin d'août en ville, rendant à mon travail. Peu de circulation. Je suis une voiture (jeune conducteur), nous roulons à une allure réduite, la personne cherchant sa route. A l'approche d'une intersection (avec sens giratoire excentré sur notre gauche), la chaussée s'élargie pour passer à deux voies. L'automobiliste met son clignotant à droite. Je déboite sur la voie de gauche et, lorsque je suis à la hauteur de la conductrice, elle change finalement de direction et nous nous percutons.","La relative insouciance de la jeune conductrice qui vient cherhcer des amis pour partir en vacances. Ma confiance dans l'indication de son changement de trajectoire.","Le changement de trajectoire du véhicule n'a pas été brusque. J'étais concentré sur ma propre trajectoire (abord d'une intersection). J'ai réagi lorsque le rétroviseur avant gauche du véhicule est entré dans mon champ de vision en tentant un évitement. L'impact n'a de ce fait pas été violent et je n'ai pas été déséquilibré, poursuivant ma trajectoire en ""frottant"" contre la portière du véhicule qui me déportait un peu plus sur la gauche. En revanche, le choc de ma main droite contre le rétroviseur à eu pour effet d'arracher celui-ci et de me casser un doigt. Je n'ai pas réussi : - A redresser à me replacer suffisamment sur la droite. - A freiner aussi fort que nécessaire (plus possible de tirer le levier). - A éviter le ""haricot"" qui a provoqué ma chute.  Je n'ai pas compris sur le coup comment j'avais pu me retrouver au sol... Je ne comprenais pas non plus pourquoi je saignais tant alors que je ne ressentais pas de douleur (elle est bien arrivée après !...). J'étais furieux après la conductrice puis me suis vite calmé quand je l'ai vu sortir (tardivement)de son véhicule en larmes et presque traumatisée (son père est lui-même motard). J'étais contrarié ne n'avoir pas su éviter cet accident ou être resté debout.","NRP","1","- Ce n'est pas parce qu'un conducteur annonce une manoeuvre qu'il va l'exécuter. j'aurais dû rester vigilant jusqu'à la fin du dépassement. - Plus d'espace entre le véhicule et moi aurait peut être permis une meilleur appréciation de la siuation tant par","Soleil du mois d'août, personne sur la route, bien à l'heure pour aller au bureau, ambiance sereine. Tous les ingrédients était réunis pour rouler détendu. Je l'étais peut être un peu trop. Je n'avais par ailleurs pas encore été confronté à ce type de situation.","","2","1","2","","La conductrice n'a simplement pas pensé à contrôler dans son rétroviseur que je n'étais plus derrière mais à coté d'elle.","1","Un simple regard dans le rétroviseur et il n'y a pas d'accident.","2","3","",NA,NA,"","","",1,2,NA,NA,"",NA,"A ce moment précis, il était simplement impensable que j'entre en collision avec un véhicule qui prenait nue autre direction.","3","3","","","1","1","4","4","1","1","1","1",4,1,4,4,4,2,5,NA,NA,NA,NA,NA,NA,NA,2,"","","","",NA,NA,NA,NA,2,2,NA,2,1,1,1,0,100,0,0,0,"2","","","",NA,NA,"1","1","","",NA,2,1,4,NA,NA,NA,NA,NA,NA,0,NA,1,"1","1",1,0,45,1,2,3,4,7,NA,NA,NA,"",NA,"4","4","4","4","4","2","SUZUKI","650","GSX-F ABS","Routière / GT","2","0","1",1,1,1,"1",1,1,1,"1","3500","12","1","1","SUZUKI","650","BANDIT-S ABS","ROADSTER","2","4","4","22JAN1967","5","2","3",2,3,2,2,"NRP","","","",1,0,0,1,0,1,"SUZUKI",650,"GSX-F","Routière / GT","2","2011","29",1,2,14000,"6","","","","","","","",NA,NA,NA,"","","","","","",NA,NA,NA,NA,NA,"","",NA,"","",NA,NA,NA,NA,NA,NA,"","",NA,"","",NA,NA,NA,NA,NA,NA,NA,14000,"3",4,NA,NA,NA,NA,NA,NA,NA,"NRP","NRP","NRP","NRP","2005","NRP","NRP","1986","NRP","","","","Motorcycle"
"223",884,5018,"316",1,0,5,"","",NA,NA,NA,0,5,"","","",NA,NA,0,4,"","",NA,"",NA,1,6,"2010","",NA,NA,NA,0,4,"","","","","",1,5,"1990","","",NA,NA,0,2,"",NA,NA,NA,NA,0,3,"","","",NA,NA,0,4,"","","","","",0,5,"","","","","",0,6,"","","","","",0,2,"","",NA,NA,NA,0,3,"","","",NA,NA,1,5,"NSP","",NA,NA,NA,0,NA,3,"","","","","","","","","","","","","","","",NA,NA,2,0,25,1,26,"6",1990,"","1990","Vous remontiez une file de véhicules par la gauche. Un véhicule de la file a laissé passer un autre véhicule venant dun autre axe non prioritaire. Ce dernier vous a coupé la route.","2","","",NA,"",NA,"","Erreur de ma part","Je n'ai anticipé l'eventualité q'un véhicule me coupe la route","tellement surpris que je n'ai rien pu faire l'autre usager est venu me voir","2","1","lorsque d'une remontée de file il faut anticiper toute éventualité","parce que j'ai mal observé le comportement des autres usagers","","2","1","2","","manque de visibilité","2","circulation trop dense pour capter un danger","2","6","",NA,NA,"","","",2,NA,NA,NA,"1",NA,"je n'ai pas tenté de faire un évitement ni de freiner","3","1","3","","1","1","4","4","1","1","1","1",1,4,4,4,4,1,4,5,NA,NA,NA,NA,NA,NA,2,"","","","",NA,NA,NA,NA,2,2,NA,2,1,1,1,70,30,0,0,0,"1","1","3","",NA,NA,"4","1","","",NA,1,NA,NA,NA,NA,NA,NA,NA,NA,NA,NA,2,"1","3",NA,0,50,1,10,2,5,NA,NA,NA,NA,"",NA,"4","4","4","4","4","4","HONDA","600","XL-RM","TRAIL / SUPERMOTARD","2","1","1",1,1,1,"1",1,1,1,"1","NSP","NSP","3","0","","","","","","","","25OCT1963","7","2","3",2,1,1,NA,"NRP","","","",0,0,0,1,0,1,"HONDA",800,"VFR-F V-TEC ABS","Routière / GT","2","2007","10",1,2,6000,"6","","","","","","","",NA,NA,NA,"","","","","","",NA,NA,NA,NA,NA,"","",NA,"","",NA,NA,NA,NA,NA,NA,"","",NA,"","",NA,NA,NA,NA,NA,NA,NA,6000,"3",4,NA,NA,NA,NA,NA,NA,NA,"NRP","NRP","NRP","NRP","1989","NRP","NRP","1981","NRP","","","","Motorcycle"
"224",269,5029,"28",1,0,6,"","",NA,NA,NA,0,5,"","","",NA,NA,0,5,"","",NA,"",NA,0,4,"","",NA,NA,NA,0,5,"","","","","",0,5,"","","",NA,NA,0,5,"",NA,NA,NA,NA,0,6,"","","",NA,NA,1,5,"2010","","","","",0,4,"","","","","",0,5,"","","","","",0,3,"","",NA,NA,NA,1,3,"2011","","",NA,NA,0,4,"","",NA,NA,NA,1,1,3,"1984","","","","","Paris","","","","","Taxi est à l'arret sur la voie oppose. Il démarre et fait demi-tour. Il me percute par le travers","","","","",0,6,4,0,30,1,71,"15",1984,"Paris","1984","Autre(s) type(s) d'accident(s).","4","","",NA,"",NA,"","Circulation ""normale"" sur la voie de droite dans une rue à double sens de Paris, avec des voitures garées des deux cotés. Un taxi, dans le sens opposé, commence une manuvre pour faire un demi-tour et me percute en plein travers (pare-choc perpendiculaire à la moto).","Taxi masqué par un petit camion stationné en double file, brusque manuvre de la part du taxi.","Je circulais heureusement à faible vitesse, le taxi a « surgit » de derrière le camion en double file. Je nai initialisé de manuvre dévitement été déjà le long dune file de voiture en stationnement. Mon freinage ne ma pas permis déviter le choc.","NRP","1","Oui pour limiter les conséquences en étant plus méfiant avec la présence du camion en double file.","Avec lâge, on intègre les/des erreurs potentielles des autres usagés de la route.","","2","1","2","","Le chauffeur de taxi navait pas de visibilité et a malgré tout commencé un demi-tour rapide.","1","J'étais en circulation ""normale"", le taxi m'a percuter","7","","",NA,NA,"","","",NA,NA,NA,NA,"",NA,"","2","3","","","1","NSP","4","4","1","1","1","1",1,5,4,4,4,10,NA,NA,NA,NA,NA,NA,NA,NA,2,"","","","",NA,NA,NA,NA,2,2,NA,2,1,1,1,0,100,0,0,0,"1","AUT|pas assez intégrer le comportement erratique des autres","","",NA,NA,"2","1","","",NA,2,1,7,NA,NA,NA,NA,NA,NA,1,1,1,"1","1",2,0,40,1,2,NA,NA,NA,NA,NA,NA,"",NA,"4","4","4","4","4","4","YAMAHA","600","XTZ TENERE","TRAIL / SUPERMOTARD","2","1","1",1,1,1,"1",1,1,1,"1","12000","12","2","0","","","","","","","","17NOV1960","5","2","3",2,4,4,2,"NRP","","","",2,0,0,1,0,1,"HONDA",1200,"VFR-F DUAL CT","Routière / GT","2","2011","22",4,1,2000,"7","","","","","","","",NA,NA,NA,"","","","","","",NA,NA,NA,NA,NA,"","",NA,"","",NA,NA,NA,NA,NA,NA,"","",NA,"","",NA,NA,NA,NA,NA,NA,NA,2000,"3",4,NA,NA,NA,NA,NA,NA,NA,"NRP","NRP","NRP","NRP","1979","NRP","NRP","1980","NRP","","","","Motorcycle"
"225",1265,5033,"64",1,0,6,"","",NA,NA,NA,0,5,"","","",NA,NA,0,6,"","",NA,"",NA,0,2,"","",NA,NA,NA,0,6,"","","","","",0,6,"","","",NA,NA,0,6,"",NA,NA,NA,NA,0,6,"","","",NA,NA,1,6,"NSP","","","","",0,2,"","","","","",1,6,"1996","","","","",0,3,"","",NA,NA,NA,0,4,"","","",NA,NA,0,4,"","",NA,NA,NA,1,3,5,"1996","1998","2012","","","nancy","nancy","allemagne","","","je dépasse 2 PL sur autoroute de nuit, pluie, je suis déjà à gauche quand le 1ier PL déboîte pour dépasser le PL devant lui.","Sens unique en ville (Nancy), 3 voies, je circule sur la voie du milieu et la voiture à ma droite accélère, me tourne devant pour prendre une rue à gauche (elle coupe donc 3 voies). J'étais en side car, les roues on bloquées, j'ai percuté un haut trottoir à droite.","Balade en groupe en allemagne, le GPS dit tout droit mais la route tourne à gauche a angle droite... les 11 motos qui se suivent se retrouvent dans un chemin de terre. je suis en 9éme position, il n'y a plus de place pour s'arrêter, je choisis de tomber pour ne pas percuter les autres déjà arrêtés. les 2 derrière moi font de même...","","",0,1,0,0,26,1,51,"11",1996,"","1996","Vous circuliez sur un axe constitué dau moins "" 2 X 2 voies "" (en urbain, périph, autoroute, RN ). Un véhicule vous a coupé la route en changeant de voie pour se placer sur celle de gauche.","2","5","6",NA,"",NA,"","Je rentrais d'une formation de 2j à 200km de chez moi, j'arrivais sur Nancy, en fin de parcours donc, la grosse majorité s'étant faite sur l'autoroute. Je suivais la moto de mon conjoint.  Nous étions au mois d'octobre, il faisait déjà nuit et il pleuvait. Je n'étais pas spécialement fatiguée ni stressée par ces conditions, habituée à rouler par tous les temps. Un camion qui en suivait un autre à déboité devant mon conjoint qui a klaxonné, le camion s'est rabattu. J'étais déjà sur la voie de gauche et je me suis également engagée dans le dépassement. Le camion suiveur a à nouveau déboité. J'ai eu l'impression que la cabine était à gauche avant même d'avoir pu toucher au klaxon. Je roulais entre 100 et 110 km/h, je me souviens d'avoir regardé mon compteur. L'arrière du camion m'a percutée, ma moto était équipée de protections moto-école qui ont tapé à droite à peu près au niveau des roues arrières du camion. Le choc m'a envoyé vers la glissière, je ne me souviens plus si je l'ai tapée aussi. Le camion s'est remis immédiatement à droite suite au choc. En tombant, j'ai lâché la moto et suis partie en glissade devant elle. Le témoin (voiture qui roulait derrière) m'a raconté qu'elle tournait sur elle-même sur les protections moto-école ce qui a fait qu'elle est restée derrière moi. Il a eu bien du mal à l'éviter et s'est mis à droite puis s'est arrêté. J'ai roulé boulé sur plusieurs mètres, me suis relevée et réfugiée entre les 2 glissières centrales. Les 2 camions se sont arrêtés sur la BAU, mon conjoint à vu ce qui se passait dans ses rétros (camion à gauche, étincelles...), a fait demi-tour en remontant la BAU, s'est arrêté à la borne pour appel d'urgence puis nous a tous rejoint. La suite, c'est pompiers, urgences, flics, etc...","Ma responsabilité : je suis surement partie du principe que comme le camion s'était rabattu après le coup de klaxon de la 1ière moto, il nous avait vu. Surprise totale lorsqu'il a re déboîté, donc.  La responsabilité du chauffeur : il n'a pas regardé dans son rétro après le passage de la 1ière moto et je ne me souviens pas d'un clignotant non plus.  Les conditions : nuit, pluie, feux allumés, s'il a regardé la 1ière fois, il a pu ne pas voir la 2éme moto même si j'étais déjà à gauche.  Donc à l'instant où j'ai suivi sur la voie de gauche, je me suis mise dans la situation d'avoir cet accident et une fois tous les éléments mis bout à bout, à 100km/h, il était inévitable.","Le camion : il suit un autre camion, on dirait qu'ils n'en font qu'un... Il se prépare à dépasser, c'est évident. Il déboite au nez de la 1ière moto qui klaxonne, il se rabat et re déboîte aussitôt. Suite au choc, il se rabat et s'arrête sur la BAU, ainsi que le camion qui le precéde.  La 1ière moto : se met à gauche tôt, avec clignotant allumé, klaxonne et termine le dépassement des 2 camions.  Moi : je me mets à gauche à la suite de la 1ière moto, clignotant allumé. Je vois la manoeuvre, j'entends le klaxon, je reste à gauche et poursuis le dépassement. Le camion re déboîte, pas le temps de klaxonner, je saute sur les freins mais je suis déjà au contact. Chute, etc...  La voiture qui suivait (témoin) : venait d'entrer sur l'autoroute et avait également l'intention de dépasser les camions, donc était à gauche. A vu le camion me pousser, la chute, la moto sur la voie de gauche, l'a évitée (et moi avec !) en se rabattant à droite puis arrêt sur la BAU.   Mon conjoint et le témoin sont ensuite venus me récupérer au milieu de l'autoroute et ont tiré à droite la moto qui était au milieu des voies pour éviter un sur accident.","2","1","Je n'aurais pas dû partir du principe que puisque le camion s'était rabattu, c'est qu'ils NOUS avait vu. Il n'avait vu que la 1ière moto. J'aurais dû klaxonner à mon tour voire faire des appels de phares. Ce qui aurait sans doute évité la suite.","Je ne sais pas. Nous avions fait un arrêt pas longtemps avant, je n'étais pas spécialement fatiguée bien que pressée d'arriver et justement, là, on arrivait. Un certain relâchement de l'attention, sans doute et le fait de suivre aussi peut-être.","","2","1","2","","Il ne savait pas que j'étais là, il n'avait donc aucune raison de chercher à m'éviter.","1","Il n'a pas re regardé dans son rétro après le passage de la 1ière moto.","1","6","",NA,NA,"","","2",NA,NA,NA,NA,"1",NA,"J'ai vu ce qui arrivait, je me suis dit que j'allais tomber, me faire très mal et que je ne pouvais pas l'éviter.","4","3","","","2","2","3","3","1","1","1","2",1,4,4,4,4,3,5,NA,NA,NA,NA,NA,NA,NA,2,"","","","",NA,NA,NA,NA,2,2,NA,2,1,3,2,40,60,0,0,0,"2","","","",NA,NA,"2","2","","",NA,2,1,1,2,7,NA,NA,NA,NA,1,0,2,"3","1",2,0,100,1,2,3,4,7,9,NA,NA,"",NA,"4","4","4","4","4","4","YAMAHA","600","XJ","ROADSTER","2","1","1",1,1,1,"0",0,1,1,"1","800","12","4","1","YAMAHA","600","XJ","ROADSTER","2","4","4","24JAN1966","7","1","3",1,4,4,2,"NRP","","","",1,0,0,1,0,2,"DUCATI",1000,"1000 S2","Routière / GT","2","2008","40",3,1,2000,"7","YAMAHA","500","XT","TRAIL / SUPERMOTARD","2","1980","37",4,1,500,"7","","","","","",NA,NA,NA,NA,NA,"","",NA,"","",NA,NA,NA,NA,NA,NA,"","",NA,"","",NA,NA,NA,NA,NA,NA,NA,2500,"3",4,NA,NA,NA,NA,NA,NA,NA,"NRP","NRP","NRP","NRP","1989","NRP","NRP","1986","NRP","","","","Motorcycle"