"","Ligne","Ligne.Q.qualif","Ligne.approfondissement.Accident","ACCIDENT","NBACC1","ACCFREQUENCE1","ANNEEACC1_1","ANNEEACC1_2","ANNEEACC1_3","ANNEEACC1_4","ANNEEACC1_5","NBACC2","ACCFREQUENCE2","ANNEEACC2_1","ANNEEACC2_2","ANNEEACC2_3","ANNEEACC2_4","ANNEEACC2_5","NBACC3","ACCFREQUENCE3","ANNEEACC3_1","ANNEEACC3_2","ANNEEACC3_3","ANNEEACC3_4","ANNEEACC3_5","NBACC4","ACCFREQUENCE4","ANNEEACC4_1","ANNEEACC4_2","ANNEEACC4_3","ANNEEACC4_4","ANNEEACC4_5","NBACC5","ACCFREQUENCE5","ANNEEACC5_1","ANNEEACC5_2","ANNEEACC5_3","ANNEEACC5_4","ANNEEACC5_5","NBACC6","ACCFREQUENCE6","ANNEEACC6_1","ANNEEACC6_2","ANNEEACC6_3","ANNEEACC6_4","ANNEEACC6_5","NBACC7","ACCFREQUENCE7","ANNEEACC7_1","ANNEEACC7_2","ANNEEACC7_3","ANNEEACC7_4","ANNEEACC7_5","NBACC8","ACCFREQUENCE8","ANNEEACC8_1","ANNEEACC8_2","ANNEEACC8_3","ANNEEACC8_4","ANNEEACC8_5","NBACC9","ACCFREQUENCE9","ANNEEACC9_1","ANNEEACC9_2","ANNEEACC9_3","ANNEEACC9_4","ANNEEACC9_5","NBACC10","ACCFREQUENCE10","ANNEEACC10_1","ANNEEACC10_2","ANNEEACC10_3","ANNEEACC10_4","ANNEEACC10_5","NBACC11","ACCFREQUENCE11","ANNEEACC11_1","ANNEEACC11_2","ANNEEACC11_3","ANNEEACC11_4","ANNEEACC11_5","NBACC12","ACCFREQUENCE12","ANNEEACC12_1","ANNEEACC12_2","ANNEEACC12_3","ANNEEACC12_4","ANNEEACC12_5","NBACC13","ACCFREQUENCE13","ANNEEACC13_1","ANNEEACC13_2","ANNEEACC13_3","ANNEEACC13_4","ANNEEACC13_5","NBACC14","ACCFREQUENCE14","ANNEEACC14_1","ANNEEACC14_2","ANNEEACC14_3","ANNEEACC14_4","ANNEEACC14_5","AUTRESACC","NBAUTRESACC","TOTAL_AC","ANNEEAUTREACC1","ANNEEAUTREACC2","ANNEEAUTREACC3","ANNEEAUTREACC4","ANNEEAUTREACC5","LIEUAUTREACC1","LIEUAUTREACC2","LIEUAUTREACC3","LIEUAUTREACC4","LIEUAUTREACC5","DESCRIPTIONAUTRESACC1","DESCRIPTIONAUTRESACC2","DESCRIPTIONAUTRESACC3","DESCRIPTIONAUTRESACC4","DESCRIPTIONAUTRESACC5","NBAUTRESACCCIRCUIT","NBAUTRESTOUTTERRAIN","EXPCYCLO","EXP125","EXPSUP125","ACCORDNEXTQ","CHOIXACC","RGPMTACC","RECUPANNEE","RECUPLIEU","RECUPANNE","RGPMTAC","CHOIX1","CHOIX2","CHOIX3","CHOIX4","CHOIX5","CHOIX6","CHOIX7","DESCRIPTION","RUPTURE","FAITS","ABS_REACTION","AUTRE_REACTION","PRECISIONREACTIONOUI","RECUL","PRECISIONREACTIONNON","IMPACTCOMPORTEMENT","AUTREUSAGER","REACTIONAUTREUSAGER","CONNAISSANCEREACTIONUSAGER","DIFFICULTES","AGGRAVATION","DIFFICULTES2","EMOTIONS1","EMOTIONS2","EMOTIONS3","EMOTIONS4","EMOTIONS5","EMOTIONS6","AUTRESENTIMENT","CLASSEMENTEMOTIONS1","CLASSEMENTEMOTIONS","CLASSEMENTEMOTIONS5","CLASSEMENTEMOTIONS6","CLASSEMENTEMOTIONS7","CLASSEMENTEMOTIONS8","CLASSEMENTEMOTIONS9","EXPLICATIONRESSENTI","BIENEQUIPE","ALLURE","ALLUREVITEDETAIL","ALLURELENTEDETAIL","SITUATIONPRESSE","SITUATIONDISTRAIT","SITUATIONCONFIANT","SITUATIONCONTROLE","SITUATIONLUDIQUE","SITUATIONPERF","SITUATIONSTRESS","SITUATIONFATIGUE","HUMEURNEUTRE","HUMEURGAI","HUMEURMECONTENT","HUMEURTRISTE","HUMEURCOLERE","CONTRIBUTION1","CONTRIBUTION2","CONTRIBUTION3","CONTRIBUTION4","CONTRIBUTION5","CONTRIBUTION6","CONTRIBUTION7","CONTRIBUTION8","CONTRIBUTION9","ROLEINFRA","ELEMENTINFRA1","ELEMENTINFRA2","ELEMENTINFRA3","ELEMENTINFRA4","ELEMENTINFRA5","ELEMENTINFRA6","ELEMENTINFRA7","ELEMENTINFRA8","ELEMENTINFRA9","ALCOOL","TXALCOOL","STUP","SEMAINE","MOMENTJOURNEE","TEMPS","CAUSEACC1","CAUSEACC2","CAUSEACC3","CAUSEACC4","CAUSEACC5","FORMATIONCAUSE","FORMATION1","FORMATION2","FORMATION3","FORMATION4","FORMATION5","TRAFIC","CHAUSSEE1","CHAUSSEE2","CHAUSSEE3","CHAUSSEE4","TYPEACC","BLESSURE","TETE","COU","THORAX","MEMBRESSUP","COLONNE","BASSIN","MEMBRESINF","HOPITAL","PLUS24H","TRAJET","TYPEROUTE","MOTIF","SENSTRAJET","PASSAGER","VITESSE","DESCEQ1","DESCEQ2","DESCEQ3","DESCEQ4","DESCEQ5","DESCEQ6","DESCEQ7","DESCEQ8","DESCEQ9","DESCEQ10","VEHICULEETE","VEHICULEAUTOMNE","VEHICULEPRINTEMPS","VEHICULEHIVER","VEHICULESEMAINE","VEHICULEWE","VEHMARQUE","VEHCYLINDREE","VEHMODELE","VEHSEGMENT","VEHSIDE","EQ2RMABS","EQ2RMCBS","EQ2RMABSCBS","EQ2RMREGULATEUR","EQ2RMLIMITEUR","EQ2RMPHARESDIRECT","EQ2RMCOUPURE","EQ2RMANTIPATINAGE","EQ2RMANTIXHEELING","EQ2RMSTABILILTE","VEHKM","POINTS","DUREE","AUTRE2RM","VEHPRECMARQUE","VEHPRECCYLINDREE","VEHPRECMODELE","VEHPRECSEGMENT","VEHPRECSIDE","TEMPS2RMPREC","FREQVEHPREC","DATE_NAISS","CSP","SOCIETAIRE","SALARIE","SECTEUR2RM","NBPERSFOYER","SITFAM","NBENF","TRNBENF1","TRNBENF2","TRNBENF3","TRNBENF4","NBAUTOFOYER","NBCYCLOFOYER","NBSCOOTFOYER","NBMOTOFOYER","NBTRIKEFOYER","NB2RMCONDUIT","MARQUE1","CYLINDREE1","MODELE1","SEGMENT1","SIDE1","ANMISECIRCU1","ASS1","FREQ1","USAGE1","NBKM1","GARAGE1","MARQUE2","CYLINDREE2","MODELE2","SEGMENT2","SIDE2","ANMISECIRCU2","ASS2","FREQ2","USAGE2","NBKM2","GARAGE2","MARQUE3","CYLINDREE3","MODELE3","SEGMENT3","SIDE3","ANMISECIRCU3","ASS3","FREQ3","USAGE3","NBKM3","GARAGE3","MARQUE4","CYLINDREE4","MODELE4","SEGMENT4","SIDE4","ANMISECIRCU4","ASS4","FREQ4","USAGE4","NBKM4","GARAGE4","MARQUE5","CYLINDREE5","MODELE5","SEGMENT5","SIDE5","ANMISECIRCU5","ASS5","FREQ5","USAGE5","NBKM5","GARAGE5","NBKMTOT","PERMIS1","PERMIS2","PERMIS3","PERMIS4","PERMIS5","PERMIS6","PERMIS7","PERMIS8","PERMIS9","ANPERMIS1","ANPERMIS6","ANPERMIS7","ANPERMIS2","ANPERMIS3","ANPERMIS8","ANPERMIS9","ANPERMIS4","ANPERMIS5","X","X.1","X.2","isScooter"
"232",957,5082,"474",1,0,5,"","",NA,NA,NA,1,6,"2005","","",NA,NA,0,5,"","",NA,"",NA,0,2,"","",NA,NA,NA,0,4,"","","","","",0,5,"","","",NA,NA,0,4,"",NA,NA,NA,NA,0,3,"","","",NA,NA,1,3,"1983","","","","",0,2,"","","","","",0,2,"","","","","",0,1,"","",NA,NA,NA,0,3,"","","",NA,NA,0,2,"","",NA,NA,NA,0,NA,2,"","","","","","","","","","","","","","","",NA,NA,4,2,30,1,41,"9",1983,"","1983","Vous avez fait une sortie de route, une perte de contrôle ou une glissade sans rien percuter.","1","2","3",4,"5",6,"","Simplement :  > Un motard qui roule un peu , pas beaucoup au dessus de ses pompes, très tard le soir sur une route qu'il croit connaitre par coeur.  > Un aléa imprévisible, que seule la prudence et l'anticipation pouvaient éliminer en tant que risque ; en l'occurrence une réfection de chaussée toute neuve . un peu de gravillons tout frais sur le milieu de la chaussée, et près de 10 cm de graviers entassés sur les bords de chaussée.  >  Et donc un motard qui perd tout seul le contrôle de sa machine pour cause d'entrée en virage franche et optimiste, censément contrôlée mais... trop vite juste parce qu'il y a des graviers inconnus de lui sur sa traj', mal visualisés avec le faible pinceau lumineux de nos motos la nuit.  Bilan, trauma crânien et perte de connaissance assez longue, moult contusions sévères, quelques brûlures. Rien de plus, pas de séquelles à terme.Ouf!  Les causes à postériori? facile, pas assez d'anticipation, trop de confiance sur une route très ( trop? ) connue, pas de prise en compte des imprévus, des impondérables.   Une bonne leçon presque gratuite que j'ai peut être  retenue , à moins que je ne sois très chanceux car je vais fêter mes ... 32 ans sans aucune pelle même minime en Aout.  En roulant entre 12 et 20 000 kms/an depuis, sans interruption, et sans me priver d'envoyer un peu du frottage de cale pieds mais en connaissance de cause.","Travaux récents et non signalés sur une route .   Trop de confiance .","Aucune réaction en temps et heure possible, à un instant T+ une microsdeconde ma moto perdait les deux pneus simultanément .   j'aurais pu et du anticiper, arriver moins confiant, mais à partir du moment ou je ne l'avais pas fait, il était trop tard pur quelque réaction que ce soit, seule la méfiance à priori aurait pu m'éviter la chute.  En arrivant sur l'angle et pas lentement sur une épaisse nappe de graviers frais ( en pleine nuit en campagne) que mes phares n'éclairaient pas une fraction de seconda avant de rouler dessus, je ne pouvais plus me sauver au moment ou simultanément mes yeux les ont perçus et mes roues se sont dérobées.  fallait anticiper !","2","0","","","Trop tard ! le danger était masqué jusqu'à la dernière seconde me privant de toute réaction possible.   J'aurais pu, et j'aurais du, être plus méfiant, moins optimiste, anticiper mieux, point.","2","0","","","","","","2","6","",NA,NA,"","","",1,NA,NA,NA,"2",NA,"Une route connue jusqu'au bout des doigts et une circonstance qui elle était inédite: j'ai appris ce jour là que même la route la plus limée était source potentielle de dangers nouveaux.","3","1","1","","1","1","4","3","3","2","1","2",3,3,4,4,4,1,2,5,8,NA,NA,NA,NA,NA,1,"5","","","",NA,NA,NA,NA,2,1,1,2,2,2,1,50,0,0,50,0,"NSP","","","",NA,NA,"1","4","","",NA,2,1,2,3,4,7,NA,NA,NA,1,0,2,"2","3",NA,0,75,1,10,2,5,NA,NA,NA,NA,"",NA,"4","4","4","4","4","4","YAMAHA","125","RDLC","SPORTIVE","2","1","1",1,1,1,"1",1,1,1,"1","10000","12","3","1","HUSQVARNA","350","FC CROSS","TOUT TERRAIN (TRIAL / ENDURO / CROSS)","2","3","3","07DEC1964","4","1","3",2,2,3,NA,"NRP","","","",1,0,0,2,0,2,"HONDA",1000,"CB 1000R ABS","ROADSTER","2","2011","37",2,1,16000,"4","HONDA","1000","CB 1000R","ROADSTER","2","2009","37",3,1,4000,"4","","","","","",NA,NA,NA,NA,NA,"","",NA,"","",NA,NA,NA,NA,NA,NA,"","",NA,"","",NA,NA,NA,NA,NA,NA,NA,20000,"4",3,NA,NA,NA,NA,NA,NA,NA,"NRP","NRP","NRP","NRP","2000","NRP","NRP","1985","NRP","","","","Motorcycle"
"233",300,5092,"336",1,0,6,"","",NA,NA,NA,0,5,"","","",NA,NA,0,6,"","",NA,"",NA,0,2,"","",NA,NA,NA,0,5,"","","","","",0,6,"","","",NA,NA,0,2,"",NA,NA,NA,NA,0,4,"","","",NA,NA,1,4,"1994","","","","",0,2,"","","","","",0,6,"","","","","",0,3,"","",NA,NA,NA,0,4,"","","",NA,NA,0,2,"","",NA,NA,NA,1,1,2,"2013","","","","","mont de marsan","","","","","Un camion garé à contre sens à la sortie d'un virage en train de charger du bois. Freinage en courbe, empietement bas coté, chute (arrêt à 2 metres du camion)","","","","",0,0,4,0,22,1,71,"15",2013,"mont de marsan","2013","Autre(s) type(s) d'accident(s).","3","","",NA,"",NA,"","Absence de signalisation d'un camion en train de charger du bois. Freinage glissade et chute. Bien qu'ayant chuté sans contact, les tords ont été reporté sur le camion. Super bien defendu par la mut. Cool.  Premier reflexe du chauffeur: vous arriviez comme un fou (il ne pouvait me voir et je roule en djebel de 1991). Petite mise au point ferme et fin des pourparlers.","La surprise (le camion était garé à la sortie du virage). La chute était innévitable. Ma vitesse raisonnable a évité que je me retrouve sous ses roues.  Obligé de freiner en virage (évitement quasi impossible), la moto s'est redressée et direction le fossé.","Décélération freinage tentative de garder l'équilibre chute demi salto choc sur la roue avant à plat (merci la dorsale) Pilote debout dans la foulée et inspection des lésions Défense du chauffeur (vous rouliez trop vite) Ma part (vous auriez pu signaler votre présence) relevage de la moto constat amiable","NRP","0","","","Effet de surprise et pas d'autre alternative que de freiner en urgence.","2","0","","","","","","2","9","",NA,NA,"","Apres la surprise, concentration pour éviter la chute. Ensuite colere (modérée). La peur n'est venu que le soir, au moment du coucher en revivant la situation. Nuit pourrie. en s'améliorant.","",1,NA,NA,NA,"",2,"Se retrouver face à un camion en sortie de virage, celà surprend","4","3","","","1","1","4","4","4","1","1","1",1,4,4,4,4,10,NA,NA,NA,NA,NA,NA,NA,NA,2,"","","","",NA,NA,NA,NA,2,2,NA,2,1,1,1,0,100,0,0,0,"2","","","",NA,NA,"1","1","","",NA,2,1,7,NA,NA,NA,NA,NA,NA,1,0,2,"2","1",2,0,60,1,10,2,3,4,7,8,NA,"",NA,"3","2","2","2","3","2","SUZUKI","650","DR 650 RL DJEBEL","TRAIL / SUPERMOTARD","2","1","1",1,1,1,"1",1,1,1,"1","65000","12","4","1","BMW","650","F650 FUNDURO","TRAIL / SUPERMOTARD","2","4","2","09APR1968","7","1","3",2,5,4,3,"NRP","","","",2,0,0,1,0,1,"SUZUKI",650,"DR 650 RL DJEBEL","TRAIL / SUPERMOTARD","2","1991","37",3,1,2500,"AUT|Dans jardin privatif sous abri non clos","","","","","","","",NA,NA,NA,"","","","","","",NA,NA,NA,NA,NA,"","",NA,"","",NA,NA,NA,NA,NA,NA,"","",NA,"","",NA,NA,NA,NA,NA,NA,NA,2500,"3",4,NA,NA,NA,NA,NA,NA,NA,"NRP","NRP","NRP","NRP","1993","NRP","NRP","1986","NRP","","","","Motorcycle"
"234",301,5096,"164",1,1,4,"1988","",NA,NA,NA,0,4,"","","",NA,NA,1,6,"1992","",NA,"",NA,0,3,"","",NA,NA,NA,0,4,"","","","","",0,4,"","","",NA,NA,0,4,"",NA,NA,NA,NA,0,4,"","","",NA,NA,0,3,"","","","","",0,4,"","","","","",0,3,"","","","","",0,1,"","",NA,NA,NA,0,4,"","","",NA,NA,1,4,"1989","",NA,NA,NA,0,NA,3,"","","","","","","","","","","","","","","",NA,NA,4,0,20,1,66,"14",1989,"","1989","Alors que vous étiez en train de rouler, un piéton a traversé devant vous.","AUT|Le plus inévitable","","",NA,"",NA,"","Je circulais sur un boulevard parisien. Ce boulevard comprenait 3 voies dans un sens et 3 voies dans l'autre. La circulation était dense, je me trouvais sur la 2ème file, un camion me cachait le panneau de passage piéton. Et les voitures devant moi me cachait le marquage au sol. Le piéton s'est engagé en courant sur le passage piéton et passant devant le camion , je l'ai vu trop tard et je l'ai percuté. Ma vitesse de circulation était de l'ordre de 25 km/h. Pas de blessures ni pour le piéton, ni pour moi et la moto au sol un peu rayée. Résultat des courses: J'ai eu tort à 100% comme le dit le code de la route ! M'enfin ?!! Est-ce vraiment cohérent ? j'en doute, mais bon c'est comme ça. @+ Fred","Le trafic dense, un piéton stressé d'arriver à l'heure,et moi qui ne prévoit pas cette situation, fait basculer cet évènement en accident. @+ Fred","Embrayage, freins, et bing !!!!","2","0","","","La conjoncture fait que ce genre de situation est inévitable. Depuis ce temps, je crois qu'un feux tricolore a été mis en place.","3","1","2","","NSP","1","NSP","6","","",NA,NA,"","","",NA,NA,NA,NA,"1",NA,"Il m'a été impossible de passer de 25km/h à 0km/h en 2m","4","3","","","NSP","NSP","2","3","2","1","1","1",1,4,4,4,4,1,5,NA,NA,NA,NA,NA,NA,NA,1,"2","","","",NA,NA,NA,NA,2,2,NA,2,2,1,1,20,20,0,60,0,"2","","","",NA,NA,"3","1","","",NA,1,NA,NA,NA,NA,NA,NA,NA,NA,NA,NA,2,"1","3",NA,0,25,1,10,2,3,5,NA,NA,NA,"",NA,"4","4","4","4","4","4","HONDA","500","VT-C","CUSTOM","2","1","1",1,1,1,"1",1,1,1,"1","5000","12","3","1","HONDA","125","XL-S","TRAIL / SUPERMOTARD","2","3","4","14APR1963","12","1","3",2,3,4,1,"NRP","","","",1,0,0,1,0,1,"HONDA",600,"CBR 600F C-ABS","Routière / GT","2","2011","37",3,1,4000,"7","","","","","","","",NA,NA,NA,"","","","","","",NA,NA,NA,NA,NA,"","",NA,"","",NA,NA,NA,NA,NA,NA,"","",NA,"","",NA,NA,NA,NA,NA,NA,NA,4000,"3",4,NA,NA,NA,NA,NA,NA,NA,"NRP","NRP","NRP","NRP","1988","NRP","NRP","1981","NRP","","","","Motorcycle"
"235",1270,5098,"212",1,0,5,"","",NA,NA,NA,0,5,"","","",NA,NA,0,6,"","",NA,"",NA,0,5,"","",NA,NA,NA,1,6,"1996","","","","",0,5,"","","",NA,NA,0,4,"",NA,NA,NA,NA,0,6,"","","",NA,NA,0,4,"","","","","",0,5,"","","","","",0,4,"","","","","",0,2,"","",NA,NA,NA,3,5,"1996","1997","1998",NA,NA,0,2,"","",NA,NA,NA,1,2,6,"1997","1998","","","","MONTPELLIER","MONTPELLIER","","","","je suivais une voiture, le véhicule qui la précédait a tourné à droite sans clignotant le véhicule me précédant a pilé et je me suis encastré dedans","Je me suis fait renversé volontairement par un automobiliste dans une rue  nous roulions tous 2 dans le même sens. il a tenté de fuir et a été arrété par un autre véhicule ayant assité à la scène. je n'ai jamais compris pourquoi il m'a heurté volontairement. la connerie humaine surement..","","","",0,0,3,3,16,1,72,"15",1998,"MONTPELLIER","1998","Autre(s) type(s) d'accident(s).","6","","",NA,"",NA,"","Une voiture m'a volontairement renversé sur un boulevard montpellierain en double voie urbaine en mettant un coup de volant en ma direction alors que je n'avais rien fait de spécial en son encontre.  s'en est suivi une glissade d'une 10aine de metres.. Merci le cuir..  Le conducteur a ensuite tenté de s'enfuir et a été arrété par un autre motard qui roulait en ma compagnie.  Nous avons été obligé de faire appel à la police nationale car le conducteur a fait preuve de mauvaise fois et refusait de remplir le constat","l'élément, son comportement auquel je ne m'attendais pas (coup de volant)  Les difficulté, aucunes manoeuvre d'évitement ou de freinage possible tant le choc a été rapide et violent","en action sur le véhicule, une tentative d'évitement avortée par le choc venant de ma gauche trop rapidement.  Ma réaction, une fois mes esprits retrouvés, je me souviens du choc mais plus de la glissade, j'ai repris mes esprit une fois la moto arrétée dans sa glisse étant coincé dessous par le pied.. (merci mes bottes..)  Donc ma premiere réaction, aller aider mon ami à faire s'arreter l'automobiliste afin de remplir le constat.  La réaction de l'automobiliste est la mauvaise fois et le refus d'obtempérer à remplir et à signer le constat, malgré les témoins de l'accident qui se sont également arrété du fait du caractère hors du commun et chocant de la situation.  Nous avons fait appel à la police nationale afin que l'automobiliste accepte de remplir le constat avec les faits","NRP","0","","","la réaction de l'automobiliste qui m'a volotairement renversé  le calme à garder malgré la situation","2","1","2","","la connerie humaine","1","toujours sa débilité","2","3","6",NA,NA,"","","",1,3,NA,NA,"2",NA,"situation exceptionnelle, à laquelle je n'étais pas préparée et qui n'est pas préparable au permis..","3","3","","","1","1","3","4","2","1","1","1",1,3,4,4,4,10,NA,NA,NA,NA,NA,NA,NA,NA,2,"","","","",NA,NA,NA,NA,2,2,NA,2,2,1,1,0,100,0,0,0,"2","","","",NA,NA,"2","1","","",NA,2,1,4,6,7,NA,NA,NA,NA,0,NA,2,"1","3",NA,0,30,1,10,2,3,4,NA,NA,NA,"",NA,"4","4","4","4","4","4","BMW","800","R80RT","Routière / GT","2","1","1",1,1,1,"1",1,1,1,"1","160000","10","3","1","HONDA","650","DOMINATOR","TRAIL / SUPERMOTARD","2","4","4","07SEP1978","7","2","3",2,4,4,2,"NRP","","","",2,0,0,1,0,2,"YAMAHA",600,"FZS FAZER","ROADSTER","2","1998","31",1,2,20000,"7","HONDA","650","DOMINATOR","TRAIL / SUPERMOTARD","2","1988","28",4,1,2000,"7","","","","","",NA,NA,NA,NA,NA,"","",NA,"","",NA,NA,NA,NA,NA,NA,"","",NA,"","",NA,NA,NA,NA,NA,NA,NA,22000,"2",3,4,NA,NA,NA,NA,NA,NA,"NRP","NRP","NRP","1994","1996","NRP","NRP","1996","NRP","","","","Motorcycle"
"236",905,5103,"98",1,0,4,"","",NA,NA,NA,0,5,"","","",NA,NA,0,5,"","",NA,"",NA,0,3,"","",NA,NA,NA,0,5,"","","","","",0,3,"","","",NA,NA,0,3,"",NA,NA,NA,NA,0,3,"","","",NA,NA,0,3,"","","","","",0,3,"","","","","",0,6,"","","","","",0,4,"","",NA,NA,NA,1,5,"NSP","","",NA,NA,0,4,"","",NA,NA,NA,1,2,3,"1987","1992","","","","Manosque","Manosquie","","","","Le véhicule que je suivais a freiné subitement pour se rabattre alors qu'il doublait et que je le suivais, j'ai vu ses feux stop trop tard car lancé également dans le dépassement.","Un véhicule sortant d'une place de stationnement en marche arrière m'a coupé la route. Il ne m'a pas vu arriver, pourtant doucement en ville.","","","",0,0,0,2,29,1,61,"13",0,"","-1","Vous circuliez derrière un véhicule. Ce véhicule a freiné ou a ralenti et vous lavez percuté par larrière.","1","","",NA,"",NA,"","Je roulais derrière le véhicule quand ce dernier a voulu dépasser celui qui était devant lui, je l'ai suivi pensant avoir le temps de le doubler sur ma lancée, mais il a hésité à dépasser voyant arriver une voiture en face mais qui était très loin. Il a subitement freiné pour se rabattre, cette manoeuvre m'a totalement surpris, car dans mon analyse il avait largement le temps de doubler, et moi de le dépasser également. Une mauvaise appréciation des distances de sa part a abouti à l'annulation de sa manoeuvre. Jamais je n'aurai imaginé la possibilité de se rabattre si brusquement. Comme quoi en moto il faut envisager même l'inimaginable ! Quand j'ai vu ses feux de stop s'allumer il était trop tard car j'étais en pleine accélération.","Je me suis imaginé à la place de la voiture qui me précédait, et je n'aurai jamais effectué la même manoeuvre? D'où ma surprise totale ayant amené l'accident.","Assez en colère car cette manoeuvre n'était pas logique et prévue. J'ai naturellement freiné, mais sans ABS à l'époque la roue arrière s'est bloquée, entrainant ma chute. La conductrice du véhicule n'a rien vu, et a seulement entendu le choc provenant de l'arrière de son véhicule.","NRP","1","Cette mauvaise expérience m'a servi de leçon et avec le recul j'aurai attendu que le véhicule ait terminé sa manoeuvre avant de vouloir le dépasser à mon tour.","Comme je l'ai dit l'analyse du conducteur et la mienne étaient totalement différente, je pense qu'elle a eu peur de ne pas pouvoir doubler, alors que pour moi elle avait largement le temps de le faire et moi de la dépasser à mon tour. A mon avis sa réaction dénotait un manque d'expérience de la conduite.","","2","1","NSP","","Manque d'expérience et mauvaise analyse de la situation.","1","Mauvaise analyse de la situation.","2","","",NA,NA,"","","",1,NA,NA,NA,"",NA,"Je ne m'attendais pas à cette manoeuvre totalement illogique.","4","3","","","3","2","3","3","1","1","1","2",1,4,4,4,4,5,NA,NA,NA,NA,NA,NA,NA,NA,2,"","","","",NA,NA,NA,NA,2,2,NA,2,1,1,1,60,40,0,0,0,"2","","","",NA,NA,"1","1","","",NA,2,1,2,4,NA,NA,NA,NA,NA,1,0,1,"2","1",1,0,80,1,10,2,3,4,7,NA,NA,"",NA,"4","4","4","4","4","2","HONDA","1000","VF-F2","Routière / GT","2","1","1",1,1,1,"1",1,1,1,"1","NSP","12","4","0","","","","","","","","14MAY1949","9","1","3",2,2,3,NA,"NRP","","","",2,0,0,1,0,1,"BMW",1200,"R1200RT","Routière / GT","2","2008","37",2,1,10000,"7","","","","","","","",NA,NA,NA,"","","","","","",NA,NA,NA,NA,NA,"","",NA,"","",NA,NA,NA,NA,NA,NA,"","",NA,"","",NA,NA,NA,NA,NA,NA,NA,10000,"3",4,NA,NA,NA,NA,NA,NA,NA,"NRP","NRP","NRP","NRP","1967","NRP","NRP","1980","NRP","","","","Motorcycle"
"237",718,5110,"346",1,0,5,"","",NA,NA,NA,0,6,"","","",NA,NA,0,5,"","",NA,"",NA,1,5,"2002","",NA,NA,NA,0,5,"","","","","",0,3,"","","",NA,NA,0,3,"",NA,NA,NA,NA,0,5,"","","",NA,NA,0,4,"","","","","",0,5,"","","","","",0,6,"","","","","",0,3,"","",NA,NA,NA,1,5,"NSP","","",NA,NA,0,5,"","",NA,NA,NA,0,NA,2,"","","","","","","","","","","","","","","",NA,NA,6,4,25,1,16,"4",2002,"","2002","Vous circuliez derrière un véhicule. Vous avez entrepris de dépasser ce véhicule par la droite et celui-ci vous a coupé la route en tournant à droite.","1","2","",NA,"",NA,"","Ce véhicule circulait sur la file du milieu, moi sur celle de droite à allure modérée, il à bifurqué sans clignotant à droite, je l'ai vu trop tard.","J'ai été surpris et j'ai freiné fortement sans aller jusqu'au blocage mais c'était trop tard.","J'ai freiné fortement et klaxonné, l'autre usager n'a eu aucune réaction à part la surprise au moment du choc.","NRP","0","","","Difficile d'anticiper ce genre d'accident.","1","1","2","","NRP","1","Si ce véhicule avait regardé dans ses rétroviseurs et mis son clignotant cela ne serait pas arrivé.","1","2","",NA,NA,"","","2",1,NA,NA,NA,"",NA,"Ce véhicule n'était pas dans mon esprit sensé tourné à droite brusquement.","4","3","","","1","1","3","4","2","1","1","1",1,1,4,4,4,5,NA,NA,NA,NA,NA,NA,NA,NA,2,"","","","",NA,NA,NA,NA,2,2,NA,2,1,1,1,0,100,0,0,0,"2","","","",NA,NA,"2","1","","",NA,1,NA,NA,NA,NA,NA,NA,NA,NA,NA,NA,2,"1","1",1,0,50,1,10,2,3,4,7,NA,NA,"",NA,"4","4","4","4","4","4","HONDA","750","AFRICA TWIN","TRAIL / SUPERMOTARD","2","1","1",1,1,1,"1",1,1,1,"1","70000","12","4","1","YAMAHA","600","XT","TRAIL / SUPERMOTARD","2","4","4","27FEB1958","7","1","3",2,3,4,1,"NRP","","","",1,1,0,1,0,1,"BMW",1200,"R1200GS ABS  PACK","TRAIL / SUPERMOTARD","2","2007","37",1,2,12000,"7","","","","","","","",NA,NA,NA,"","","","","","",NA,NA,NA,NA,NA,"","",NA,"","",NA,NA,NA,NA,NA,NA,"","",NA,"","",NA,NA,NA,NA,NA,NA,NA,12000,"4",3,NA,NA,NA,NA,NA,NA,NA,"NRP","NRP","NRP","NRP","1978","NRP","NRP","1978","NRP","","","","Motorcycle"