"","Ligne","Ligne.Q.qualif","Ligne.approfondissement.Accident","ACCIDENT","NBACC1","ACCFREQUENCE1","ANNEEACC1_1","ANNEEACC1_2","ANNEEACC1_3","ANNEEACC1_4","ANNEEACC1_5","NBACC2","ACCFREQUENCE2","ANNEEACC2_1","ANNEEACC2_2","ANNEEACC2_3","ANNEEACC2_4","ANNEEACC2_5","NBACC3","ACCFREQUENCE3","ANNEEACC3_1","ANNEEACC3_2","ANNEEACC3_3","ANNEEACC3_4","ANNEEACC3_5","NBACC4","ACCFREQUENCE4","ANNEEACC4_1","ANNEEACC4_2","ANNEEACC4_3","ANNEEACC4_4","ANNEEACC4_5","NBACC5","ACCFREQUENCE5","ANNEEACC5_1","ANNEEACC5_2","ANNEEACC5_3","ANNEEACC5_4","ANNEEACC5_5","NBACC6","ACCFREQUENCE6","ANNEEACC6_1","ANNEEACC6_2","ANNEEACC6_3","ANNEEACC6_4","ANNEEACC6_5","NBACC7","ACCFREQUENCE7","ANNEEACC7_1","ANNEEACC7_2","ANNEEACC7_3","ANNEEACC7_4","ANNEEACC7_5","NBACC8","ACCFREQUENCE8","ANNEEACC8_1","ANNEEACC8_2","ANNEEACC8_3","ANNEEACC8_4","ANNEEACC8_5","NBACC9","ACCFREQUENCE9","ANNEEACC9_1","ANNEEACC9_2","ANNEEACC9_3","ANNEEACC9_4","ANNEEACC9_5","NBACC10","ACCFREQUENCE10","ANNEEACC10_1","ANNEEACC10_2","ANNEEACC10_3","ANNEEACC10_4","ANNEEACC10_5","NBACC11","ACCFREQUENCE11","ANNEEACC11_1","ANNEEACC11_2","ANNEEACC11_3","ANNEEACC11_4","ANNEEACC11_5","NBACC12","ACCFREQUENCE12","ANNEEACC12_1","ANNEEACC12_2","ANNEEACC12_3","ANNEEACC12_4","ANNEEACC12_5","NBACC13","ACCFREQUENCE13","ANNEEACC13_1","ANNEEACC13_2","ANNEEACC13_3","ANNEEACC13_4","ANNEEACC13_5","NBACC14","ACCFREQUENCE14","ANNEEACC14_1","ANNEEACC14_2","ANNEEACC14_3","ANNEEACC14_4","ANNEEACC14_5","AUTRESACC","NBAUTRESACC","TOTAL_AC","ANNEEAUTREACC1","ANNEEAUTREACC2","ANNEEAUTREACC3","ANNEEAUTREACC4","ANNEEAUTREACC5","LIEUAUTREACC1","LIEUAUTREACC2","LIEUAUTREACC3","LIEUAUTREACC4","LIEUAUTREACC5","DESCRIPTIONAUTRESACC1","DESCRIPTIONAUTRESACC2","DESCRIPTIONAUTRESACC3","DESCRIPTIONAUTRESACC4","DESCRIPTIONAUTRESACC5","NBAUTRESACCCIRCUIT","NBAUTRESTOUTTERRAIN","EXPCYCLO","EXP125","EXPSUP125","ACCORDNEXTQ","CHOIXACC","RGPMTACC","RECUPANNEE","RECUPLIEU","RECUPANNE","RGPMTAC","CHOIX1","CHOIX2","CHOIX3","CHOIX4","CHOIX5","CHOIX6","CHOIX7","DESCRIPTION","RUPTURE","FAITS","ABS_REACTION","AUTRE_REACTION","PRECISIONREACTIONOUI","RECUL","PRECISIONREACTIONNON","IMPACTCOMPORTEMENT","AUTREUSAGER","REACTIONAUTREUSAGER","CONNAISSANCEREACTIONUSAGER","DIFFICULTES","AGGRAVATION","DIFFICULTES2","EMOTIONS1","EMOTIONS2","EMOTIONS3","EMOTIONS4","EMOTIONS5","EMOTIONS6","AUTRESENTIMENT","CLASSEMENTEMOTIONS1","CLASSEMENTEMOTIONS","CLASSEMENTEMOTIONS5","CLASSEMENTEMOTIONS6","CLASSEMENTEMOTIONS7","CLASSEMENTEMOTIONS8","CLASSEMENTEMOTIONS9","EXPLICATIONRESSENTI","BIENEQUIPE","ALLURE","ALLUREVITEDETAIL","ALLURELENTEDETAIL","SITUATIONPRESSE","SITUATIONDISTRAIT","SITUATIONCONFIANT","SITUATIONCONTROLE","SITUATIONLUDIQUE","SITUATIONPERF","SITUATIONSTRESS","SITUATIONFATIGUE","HUMEURNEUTRE","HUMEURGAI","HUMEURMECONTENT","HUMEURTRISTE","HUMEURCOLERE","CONTRIBUTION1","CONTRIBUTION2","CONTRIBUTION3","CONTRIBUTION4","CONTRIBUTION5","CONTRIBUTION6","CONTRIBUTION7","CONTRIBUTION8","CONTRIBUTION9","ROLEINFRA","ELEMENTINFRA1","ELEMENTINFRA2","ELEMENTINFRA3","ELEMENTINFRA4","ELEMENTINFRA5","ELEMENTINFRA6","ELEMENTINFRA7","ELEMENTINFRA8","ELEMENTINFRA9","ALCOOL","TXALCOOL","STUP","SEMAINE","MOMENTJOURNEE","TEMPS","CAUSEACC1","CAUSEACC2","CAUSEACC3","CAUSEACC4","CAUSEACC5","FORMATIONCAUSE","FORMATION1","FORMATION2","FORMATION3","FORMATION4","FORMATION5","TRAFIC","CHAUSSEE1","CHAUSSEE2","CHAUSSEE3","CHAUSSEE4","TYPEACC","BLESSURE","TETE","COU","THORAX","MEMBRESSUP","COLONNE","BASSIN","MEMBRESINF","HOPITAL","PLUS24H","TRAJET","TYPEROUTE","MOTIF","SENSTRAJET","PASSAGER","VITESSE","DESCEQ1","DESCEQ2","DESCEQ3","DESCEQ4","DESCEQ5","DESCEQ6","DESCEQ7","DESCEQ8","DESCEQ9","DESCEQ10","VEHICULEETE","VEHICULEAUTOMNE","VEHICULEPRINTEMPS","VEHICULEHIVER","VEHICULESEMAINE","VEHICULEWE","VEHMARQUE","VEHCYLINDREE","VEHMODELE","VEHSEGMENT","VEHSIDE","EQ2RMABS","EQ2RMCBS","EQ2RMABSCBS","EQ2RMREGULATEUR","EQ2RMLIMITEUR","EQ2RMPHARESDIRECT","EQ2RMCOUPURE","EQ2RMANTIPATINAGE","EQ2RMANTIXHEELING","EQ2RMSTABILILTE","VEHKM","POINTS","DUREE","AUTRE2RM","VEHPRECMARQUE","VEHPRECCYLINDREE","VEHPRECMODELE","VEHPRECSEGMENT","VEHPRECSIDE","TEMPS2RMPREC","FREQVEHPREC","DATE_NAISS","CSP","SOCIETAIRE","SALARIE","SECTEUR2RM","NBPERSFOYER","SITFAM","NBENF","TRNBENF1","TRNBENF2","TRNBENF3","TRNBENF4","NBAUTOFOYER","NBCYCLOFOYER","NBSCOOTFOYER","NBMOTOFOYER","NBTRIKEFOYER","NB2RMCONDUIT","MARQUE1","CYLINDREE1","MODELE1","SEGMENT1","SIDE1","ANMISECIRCU1","ASS1","FREQ1","USAGE1","NBKM1","GARAGE1","MARQUE2","CYLINDREE2","MODELE2","SEGMENT2","SIDE2","ANMISECIRCU2","ASS2","FREQ2","USAGE2","NBKM2","GARAGE2","MARQUE3","CYLINDREE3","MODELE3","SEGMENT3","SIDE3","ANMISECIRCU3","ASS3","FREQ3","USAGE3","NBKM3","GARAGE3","MARQUE4","CYLINDREE4","MODELE4","SEGMENT4","SIDE4","ANMISECIRCU4","ASS4","FREQ4","USAGE4","NBKM4","GARAGE4","MARQUE5","CYLINDREE5","MODELE5","SEGMENT5","SIDE5","ANMISECIRCU5","ASS5","FREQ5","USAGE5","NBKM5","GARAGE5","NBKMTOT","PERMIS1","PERMIS2","PERMIS3","PERMIS4","PERMIS5","PERMIS6","PERMIS7","PERMIS8","PERMIS9","ANPERMIS1","ANPERMIS6","ANPERMIS7","ANPERMIS2","ANPERMIS3","ANPERMIS8","ANPERMIS9","ANPERMIS4","ANPERMIS5","X","X.1","X.2","isScooter"
"238",206,5135,"162",1,0,6,"","",NA,NA,NA,0,6,"","","",NA,NA,0,4,"","",NA,"",NA,0,4,"","",NA,NA,NA,1,5,"2005","","","","",1,5,"1989","","",NA,NA,0,5,"",NA,NA,NA,NA,0,4,"","","",NA,NA,0,5,"","","","","",0,4,"","","","","",0,4,"","","","","",0,3,"","",NA,NA,NA,1,3,"NSP","","",NA,NA,0,4,"","",NA,NA,NA,1,1,4,"2004","","","","","la rochelle","","","","","percuté à l'arrière par une voiture dont le conducteur était ivre","","","","",0,0,4,1,30,1,71,"15",2004,"la rochelle","2004","Autre(s) type(s) d'accident(s).","3","","",NA,"",NA,"","Un conducteur (trop ?) âgé a redémarré après avoir marqué l'arrêt à un stop alors que j'arrivais sur sa droite","Je l'ai vu s'arrêter au stop mais à cause des vitres teintées de sa voiture je n'ai pas vu qu'il ne regardait pas vers moi Donc j'ai remis les gaz et il a redémarré J'ai pu freiner mais pas assez pour éviter le choc","Sortie de village Accélération Intersection protégée par des stops mais je coupe les gaz Je vois la voiture qui s'arrête à ma gauche Je remet les gaz La voiture redémarre Freinage ... trop tard","NRP","1","Me méfier plus des vitres teintées de la voiture qui ont fait que je n'ai pas vu que ce vieux monsieur ne regardait pas vers moi","Il a bien marqué l'arrêt au stop et je ne roulais pas très vite","","2","1","2","","Trop vieux ...","1","Il a regardé à droite d'abord et ensuite à gauche puis a redémarré sans re-vérifier","3","","",NA,NA,"","","",NA,1,NA,NA,"",NA,"Je ne m'attendais pas à ce qu'il redémarre au moment où j'ai remis les gaz","3","3","","","1","2","2","3","2","1","1","3",1,4,4,4,4,5,NA,NA,NA,NA,NA,NA,NA,NA,1,"2","","","",NA,NA,NA,NA,2,2,NA,2,2,1,1,10,90,0,0,0,"2","","","",NA,NA,"1","1","","",NA,1,NA,NA,NA,NA,NA,NA,NA,NA,NA,NA,2,"2","3",NA,0,50,1,2,3,4,7,NA,NA,NA,"",NA,"4","3","4","3","2","4","TRIUMPH","900","TROPHY","Routière / GT","2","1","1",1,1,1,"1",1,1,1,"1","35000","12","2","1","YAMAHA","900","XJS DIVERSION","Routière / GT","null","2","3","20JAN1965","6","1","3",2,3,4,1,"NRP","","","",1,1,0,2,0,1,"YAMAHA",800,"FAZER8 ABS","ROADSTER","2","2010","37",3,1,6000,"7","","","","","","","",NA,NA,NA,"","","","","","",NA,NA,NA,NA,NA,"","",NA,"","",NA,NA,NA,NA,NA,NA,"","",NA,"","",NA,NA,NA,NA,NA,NA,NA,6000,"4",3,NA,NA,NA,NA,NA,NA,NA,"NRP","NRP","NRP","NRP","1983","NRP","NRP","1983","NRP","","","","Motorcycle"
"239",170,5136,"437",1,0,3,"","",NA,NA,NA,0,4,"","","",NA,NA,0,4,"","",NA,"",NA,0,3,"","",NA,NA,NA,0,4,"","","","","",0,5,"","","",NA,NA,0,3,"",NA,NA,NA,NA,1,5,"2010","","",NA,NA,0,3,"","","","","",0,4,"","","","","",0,5,"","","","","",0,2,"","",NA,NA,NA,0,4,"","","",NA,NA,0,2,"","",NA,NA,NA,0,NA,1,"","","","","","","","","","","","","","","",NA,NA,7,0,7,1,36,"8",2010,"","2010","Vous avez fait une sortie de route, une perte de contrôle ou une glissade puis avez percuté un obstacle fixe (panneau, arbre poteau ).","1","2","",NA,"",NA,"","Accident ""a la con"" par définition ! Demarrage à un feu une voiture me fait peur je me déporte vers la gauche et je viens taper le trottoir ! Résultat : Trottoir 1 - Scooter 0 !  Cet accident est sans doute le résultat d'un manque de formation et d'une trop grande confiance en moi (2500 kms au compteur et me voilà le roi du monde !) Bon accompagnement de mon assureur, pas de soucis.","Une frayeur, une mauvaise évaluation des conditions de circulation.","juste un évitement mal géré et surtout un regard fixé/ bloqué sur l'endroit ou j'allais m'écraser ensuite : le trottoir !!! je ne l'ai jamais perdu de vu, visiblement lui non plus !  Pour le reste rien de mémoire je n'ai ni freiné, ni accéléré, j'ai attendu que ça se passe ne fixant le trottoir !","NRP","1","Manque de formation à la conduite 2 roues","Suite a ça j'ai conduit un véhicule plus puissant qui me permettait de mieux gérer les situations étrange, puis le permis moto est venu m'apprendre les bases de la conduites 2 roues !  La formation continue est le meilleur moyen de continuer a apprendre a : - mieux se placer  - mieux freiner - mieux accélérer (pas pour rouler vite, juste décoller d'un feu rouge). Tout les ans depuis 3 ans je participe à la journée trajectoire organisée par nos amis les bleus a Beauvais et ce type de journée est constructive (même sil il y'a un peu de propagande !)","","2","0","","","","","","6","","",NA,NA,"","","",NA,NA,NA,NA,"1",NA,"je ne savais pas comment réagir !","3","3","","","1","1","4","2","4","1","1","2",1,5,5,5,5,5,7,NA,NA,NA,NA,NA,NA,NA,1,"AUT|La hauteur du trottoir (au moins 20 cms)","","","",NA,NA,NA,NA,2,2,NA,2,1,1,1,98,2,0,0,0,"2","","","",NA,NA,"2","1","","",NA,1,NA,NA,NA,NA,NA,NA,NA,NA,NA,NA,1,"1","1",2,0,30,1,2,4,7,NA,NA,NA,NA,"",NA,"4","4","4","4","4","4","HONDA","125","S-WING","SCOOTER","2","1","0",1,1,1,"1",1,1,1,"1","2600","12","1","0","","","","","","","","11DEC1972","4","1","3",2,4,4,2,"NRP","","","",1,0,0,2,0,1,"BMW",1200,"R1200RT","Routière / GT","2","2011","37",1,2,60000,"7","","","","","","","",NA,NA,NA,"","","","","","",NA,NA,NA,NA,NA,"","",NA,"","",NA,NA,NA,NA,NA,NA,"","",NA,"","",NA,NA,NA,NA,NA,NA,NA,60000,"3",4,NA,NA,NA,NA,NA,NA,NA,"NRP","NRP","NRP","NRP","2011","NRP","NRP","1997","NRP","","","","Motorcycle"
"240",350,5144,"491",1,0,4,"","",NA,NA,NA,0,6,"","","",NA,NA,0,4,"","",NA,"",NA,0,2,"","",NA,NA,NA,0,4,"","","","","",0,4,"","","",NA,NA,0,3,"",NA,NA,NA,NA,0,2,"","","",NA,NA,1,5,"2008","","","","",0,4,"","","","","",1,5,"2006","","","","",0,3,"","",NA,NA,NA,0,3,"","","",NA,NA,0,6,"","",NA,NA,NA,0,NA,2,"","","","","","","","","","","","","","","",NA,NA,2,2,23,1,51,"11",2006,"","2006","Vous circuliez sur un axe constitué dau moins "" 2 X 2 voies "" (en urbain, périph, autoroute, RN ). Un véhicule vous a coupé la route en changeant de voie pour se placer sur celle de gauche.","1","","",NA,"",NA,"","Je roulais sur la file de gauche de l'autoroute A4, à 130, en heure creuse donc avec une circulation fluide, de jour. A un moment j'ai ressenti une forte douleur à ma jambe droite et quand j'ai tourné la tête, il y avait une voiture collée à ma jambe. Là tout s'est passé très vite sans que je puisse exactement décrire comment ça s'est déroulé. Tout ce que je sais c'est que je me suis retrouvée seule, plus aucune voiture ne cherchait à me dépasser, avec une moto qui guidonnait comme jamais je n'aurais pu l'imaginer mais en ligne droite. J'ai remis les gaz, par ""instinct"", et je me suis rangée sur un renfoncement de la bande d'arrêt d'urgence en faisant signe à la voiture de faire de même. Ma moto avait perdu le repose-pied droit et le pot d'échappement n'avait pas fière allure, ma jambe me faisait un mal de chien. La conductrice de la voiture n'est sortie de son véhicule que lorsque j'ai enlevé mon casque (parce que je suis une fille ?) et est venue vers moi en répétant sans cesse ""je ne vous ai pas vue, je ne vous ai pas vue !"". Le côté gauche de sa voiture était bien abîmé, l'aile avant en accordéon, c'est sûrement le repose-pied qui s'y est accroché, heureusement qu'il a lâché. Voilà, après les échanges de coordonnées, je suis restée quelques minutes à me demander ce que j'allais faire, appeler une dépanneuse ou essayer de repartir. Je suis repartie, j'ai apporté la moto à la concession et j'ai soigné l'hématome de ma jambe.","Je n'ai pas vu arriver ""l'accrochage"", la voiture n'avait aucune raison de vouloir changer de file, jé devais être à côté d'elle, légèrement en avant. Je ne comprends toujours pas comment elle a fait pour ne pas me voir. Je n'ai même pas eu le temps de penser qu'elle pouvait me pousser sur le rail de sécurité.","NRP","3","0","","","Je roulais sur ma file, il y avait peu de circulation et j'avais dépassé la voiture, elle est arrivée de la file d'à côté. Pour moi c'était imprévisible.","2","1","NSP","","NSP","NSP","Je suppose que quand elle s'est rendu compte du choc, elle s'est rabattue sur sa file et que c'est là que le repose-pied a lâché mais ce ne sont que des suppositions.","7","","",NA,NA,"","","",NA,NA,NA,NA,"",NA,"","4","3","","","2","1","3","4","1","1","1","1",1,4,4,4,4,10,NA,NA,NA,NA,NA,NA,NA,NA,2,"","","","",NA,NA,NA,NA,2,2,NA,2,1,1,1,0,100,0,0,0,"2","","","",NA,NA,"2","1","","",NA,1,NA,NA,NA,NA,NA,NA,NA,NA,NA,NA,1,"3","1",1,0,130,1,2,3,4,7,9,NA,NA,"",NA,"4","4","4","4","4","4","SUZUKI","650","SV-N","ROADSTER","2","1","1",1,1,1,"1",1,1,1,"2","35000","12","4","1","SUZUKI","650","SV-N","ROADSTER","2","4","4","08JUL1953","5","2","3",2,2,5,0,"NRP","","","",1,0,0,2,0,2,"SUZUKI",650,"SV-N","ROADSTER","2","2002","29",2,1,2000,"5","SUZUKI","800","VX","ROADSTER","2","1996","29",3,1,2000,"5","","","","","",NA,NA,NA,NA,NA,"","",NA,"","",NA,NA,NA,NA,NA,NA,"","",NA,"","",NA,NA,NA,NA,NA,NA,NA,4000,"4",3,NA,NA,NA,NA,NA,NA,NA,"NRP","NRP","NRP","NRP","1992","NRP","NRP","1971","NRP","","","","Motorcycle"
"241",276,5147,"177",1,0,4,"","",NA,NA,NA,1,5,"NSP","","",NA,NA,1,3,"2005","",NA,"",NA,0,2,"","",NA,NA,NA,0,4,"","","","","",0,3,"","","",NA,NA,0,4,"",NA,NA,NA,NA,0,4,"","","",NA,NA,1,4,"1992","","","","",1,3,"2003","","","","",0,3,"","","","","",0,4,"","",NA,NA,NA,0,4,"","","",NA,NA,0,2,"","",NA,NA,NA,0,NA,4,"","","","","","","","","","","","","","","",NA,NA,8,5,8,1,11,"3",2005,"","2005","Vous remontiez une file de véhicules (à larrêt ou au ralenti) par la gauche. Un véhicule de cette file vous a coupé la route en tournant à gauche.","5","","",NA,"",NA,"","le conducteur a déboité de la file pour tourner à gauche alors que je remontais lentement cette meme file, phares allumée bien sur, ( ma moto est de 2008 ) . J'etais très pret du véhicule mais pas dans son angle mort, il aurait du me voir en regardant dans son retro exterieur gauche car rien ne masquait ma présence ( poid lourd ou autres ) .  Ce véhicule devait etre impatient de s'extirper du bouchon dans lequel il se trouvait et à probablement décidé de tourner à gauche, sur un coup de tete, sans reflechir si une moto pouvait doubler en remontant la file . Il n'y avait personne en face .  Je remontait lentement la file ( 5 à 10km/h ) , j'ai senti que ce véhicule avait un comportement à ne pas rester en file mais je ne pensais pas qu'il pourrait brusquement me couper la route .  j'ai pu freiner, toucher le vehicule . La moto est tombé, moi aussi mais ayant de grande jambe, j'ai pu éviter d'etre aplati par la moto par terre .","la personne qui conduisait le véhicule a tourné brusquement à gauche alors que j'arrivai à proximité  . meme en arrivant lentement, le fait d'etre proche ne m'a pas permis d'eviter le vehicule completement .","j'ai senti que le vehicule presentait des signes qui indiquait un compoortement d'attente agace dans celle file de voitures bloquées .  Inconsciemment, j'ai commencé à couper les gaz juste avant son changement de direction  . J'ai ensuite actionné le frein arrière, bougé le corps et le guidon pour essayer de faire pivoter la moto de droite à gauche ( comme en cross ) avec la roue arriere .  cela n'a pas suffit pour eviter completement le vehicule mais m'a permis d'arriver sur son flanc gauche, quasiment en parralele .  J'ai donc touché la voiture, ce qui m'a desiquilibré, sachant que celui ci ne s'est pas arreté de suite, il a parcouru 1 a 2 metres avant de s'immobiliser . Ce qui a fait que j'ai suivi le mouvement a cause du retro gauche qui ne se repliait pas et qui s'est coincé derriere mon bras droit .  une fois arreté, je suis tombé en desequilibre, j'ai laché la moto, ecarté loin la jambe droite durant sa chute, bien raffermie la gauche pour eviter de basculer moi aussi . J'a pu eviter de tomber sous la moto mais pas de tomber à la renverse .  Le conduteur est sortie par la porte droite, a cause de la moto qui bloquait la gauche, m'ai aidé à me relever en douceur . D'autres temoins ont securisé la zone .","NRP","0","","","le vehicule a changé de direction alors que j'etais tres pret .","2","1","2","","a part le fait de ne pas avoir regardé son retro gauche avant de deboiter, je ne vois pas .","2","La personne aurait regardé dans son retro, l'accident n'aurait pas eu lieu .","6","","",NA,NA,"","","",NA,NA,NA,NA,"1",NA,"Meme si je pense avoir eu une bonne réaction au guidon, ja savais que je toucherai le vehicule d'une maniere ou d'un autre . J'ai essayé de limité tres vite et au maximum l'impact . Mais cela se joue en quelques milliemes de seconde je pense .","4","3","","","1","1","4","4","1","1","1","1",1,4,4,4,4,10,NA,NA,NA,NA,NA,NA,NA,NA,2,"","","","",NA,NA,NA,NA,2,2,NA,2,1,1,1,2,98,0,0,0,"2","","","",NA,NA,"4","1","","",NA,1,NA,NA,NA,NA,NA,NA,NA,NA,NA,NA,1,"1","1",2,0,10,1,10,2,3,4,NA,NA,NA,"",NA,"4","4","4","3","4","4","YAMAHA","850","TDM","ROADSTER","2","1","1",1,1,1,"1",1,1,1,"1","20000","12","3","1","HONDA","125","VARADERO","TRAIL / SUPERMOTARD","2","4","3","29NOV1968","5","2","3",2,4,4,2,"NRP","","","",2,0,0,1,0,1,"TRIUMPH",955,"TIGER","TRAIL / SUPERMOTARD","2","2004","28",2,2,6000,"7","","","","","","","",NA,NA,NA,"","","","","","",NA,NA,NA,NA,NA,"","",NA,"","",NA,NA,NA,NA,NA,NA,"","",NA,"","",NA,NA,NA,NA,NA,NA,NA,6000,"4",3,NA,NA,NA,NA,NA,NA,NA,"NRP","NRP","NRP","NRP","2005","NRP","NRP","1987","NRP","","","","Motorcycle"
"242",987,5150,"472",1,0,4,"","",NA,NA,NA,0,5,"","","",NA,NA,0,5,"","",NA,"",NA,0,2,"","",NA,NA,NA,0,5,"","","","","",0,2,"","","",NA,NA,0,3,"",NA,NA,NA,NA,0,5,"","","",NA,NA,1,4,"2003","","","","",0,4,"","","","","",0,5,"","","","","",0,2,"","",NA,NA,NA,0,6,"","","",NA,NA,0,3,"","",NA,NA,NA,0,NA,1,"","","","","","","","","","","","","","","",NA,NA,2,3,30,1,41,"9",2003,"","2003","Vous avez fait une sortie de route, une perte de contrôle ou une glissade sans rien percuter.","3","","",NA,"",NA,"","sur un rond point je suivais un vehicule automobile je réfléchissais a autre chose  le vehicule devant moi a freiné ... j'ai freine de suite et j'ai glissé sans taper le vehicule ce rond point, j'ai appris cela plus tard , avait une chaussée tres glissante (j'ai meme vu une autre fois un vehicule automobile , sous la pluie , qui est parti en rotation)","ne pas avoir fait attention a la route et aux autres vehicules","j'ai freine et j'ai chuté mais je ne sais plus si c'est la roue avant qui est partie ou autre chose","NRP","1","si j'avais fait plus attention j'aurai ralenti sans doute avant et je n'aurais pas eu a freiné brutalement","je réfléchissais a autre chose","","2","1","2","","NSP","2","NRP","2","","",NA,NA,"","","",1,NA,NA,NA,"",NA,"j'ai repris conscience que j'etais sur la route alors que je reflechissais","4","3","","","2","4","4","4","NSP","1","NSP","NSP",5,5,5,5,5,4,NA,NA,NA,NA,NA,NA,NA,NA,1,"3","","","",NA,NA,NA,NA,2,2,NA,2,1,1,1,80,0,0,20,0,"2","","","",NA,NA,"2","1","","",NA,1,NA,NA,NA,NA,NA,NA,NA,NA,NA,NA,1,"1","3",NA,0,60,1,10,2,3,4,NA,NA,NA,"",NA,"3","3","3","2","3","2","HONDA","500","CB","ROADSTER","2","1","1",1,1,1,"1",1,1,1,"1","20000","12","4","1","BULTACO","250","PUR SANG MK8","TOUT TERRAIN (TRIAL / ENDURO / CROSS)","2","4","3","14MAY1959","5","1","3",2,2,3,NA,"NRP","","","",2,0,0,2,0,2,"DUCATI",1000,"MONSTER S2R","ROADSTER","2","2006","37",3,2,5000,"4","DUCATI","620","MONSTER IE","ROADSTER","2","2003","37",4,1,2000,"4","","","","","",NA,NA,NA,NA,NA,"","",NA,"","",NA,NA,NA,NA,NA,NA,"","",NA,"","",NA,NA,NA,NA,NA,NA,NA,7000,"2",3,4,NA,NA,NA,NA,NA,NA,"NRP","NRP","NRP","1975","1977","NRP","NRP","1978","NRP","","","","Motorcycle"
"243",543,5153,"253",1,0,3,"","",NA,NA,NA,0,5,"","","",NA,NA,0,4,"","",NA,"",NA,0,2,"","",NA,NA,NA,0,5,"","","","","",0,4,"","","",NA,NA,0,6,"",NA,NA,NA,NA,0,6,"","","",NA,NA,1,5,"1990","","","","",0,1,"","","","","",0,1,"","","","","",0,2,"","",NA,NA,NA,0,2,"","","",NA,NA,0,2,"","",NA,NA,NA,0,NA,1,"","","","","","","","","","","","","","","",NA,NA,4,1,33,1,41,"9",1990,"","1990","Vous avez fait une sortie de route, une perte de contrôle ou une glissade sans rien percuter.","2","","",NA,"",NA,"","NRP","NRP","NRP","NRP","1","NRP","NRP","","2","1","2","","NSP","2","NRP","6","","",NA,NA,"","","",NA,NA,NA,NA,"1",NA,"Entrée de virage avec une vitesse trop grande , freinage mal controlé , et percussion avec le rail de sécurité.","4","1","4","","1","1","4","4","1","4","1","2",3,3,4,4,4,1,5,9,NA,NA,NA,NA,NA,NA,2,"","","","",NA,NA,NA,NA,2,2,NA,2,1,1,1,100,0,0,0,0,"1","AUT|trop confiant","","",NA,NA,"1","1","","",NA,1,NA,NA,NA,NA,NA,NA,NA,NA,NA,NA,3,"2","3",NA,1,70,1,10,2,3,5,NA,NA,NA,"",NA,"4","4","4","4","4","4","BMW","1000","K100RS","Routière / GT","2","1","1",1,1,1,"1",1,1,1,"1","70000","NSP","4","0","","","","","","","","28FEB1955","9","1","3",2,2,3,NA,"NRP","","","",1,0,0,1,0,1,"BMW",1000,"R100RT","Routière / GT","2","1994","37",2,1,10000,"7","","","","","","","",NA,NA,NA,"","","","","","",NA,NA,NA,NA,NA,"","",NA,"","",NA,NA,NA,NA,NA,NA,"","",NA,"","",NA,NA,NA,NA,NA,NA,NA,10000,"3",4,NA,NA,NA,NA,NA,NA,NA,"NRP","NRP","NRP","NRP","1982","NRP","NRP","1973","NRP","","","","Motorcycle"