"","Ligne","Ligne.Q.qualif","Ligne.approfondissement.Accident","ACCIDENT","NBACC1","ACCFREQUENCE1","ANNEEACC1_1","ANNEEACC1_2","ANNEEACC1_3","ANNEEACC1_4","ANNEEACC1_5","NBACC2","ACCFREQUENCE2","ANNEEACC2_1","ANNEEACC2_2","ANNEEACC2_3","ANNEEACC2_4","ANNEEACC2_5","NBACC3","ACCFREQUENCE3","ANNEEACC3_1","ANNEEACC3_2","ANNEEACC3_3","ANNEEACC3_4","ANNEEACC3_5","NBACC4","ACCFREQUENCE4","ANNEEACC4_1","ANNEEACC4_2","ANNEEACC4_3","ANNEEACC4_4","ANNEEACC4_5","NBACC5","ACCFREQUENCE5","ANNEEACC5_1","ANNEEACC5_2","ANNEEACC5_3","ANNEEACC5_4","ANNEEACC5_5","NBACC6","ACCFREQUENCE6","ANNEEACC6_1","ANNEEACC6_2","ANNEEACC6_3","ANNEEACC6_4","ANNEEACC6_5","NBACC7","ACCFREQUENCE7","ANNEEACC7_1","ANNEEACC7_2","ANNEEACC7_3","ANNEEACC7_4","ANNEEACC7_5","NBACC8","ACCFREQUENCE8","ANNEEACC8_1","ANNEEACC8_2","ANNEEACC8_3","ANNEEACC8_4","ANNEEACC8_5","NBACC9","ACCFREQUENCE9","ANNEEACC9_1","ANNEEACC9_2","ANNEEACC9_3","ANNEEACC9_4","ANNEEACC9_5","NBACC10","ACCFREQUENCE10","ANNEEACC10_1","ANNEEACC10_2","ANNEEACC10_3","ANNEEACC10_4","ANNEEACC10_5","NBACC11","ACCFREQUENCE11","ANNEEACC11_1","ANNEEACC11_2","ANNEEACC11_3","ANNEEACC11_4","ANNEEACC11_5","NBACC12","ACCFREQUENCE12","ANNEEACC12_1","ANNEEACC12_2","ANNEEACC12_3","ANNEEACC12_4","ANNEEACC12_5","NBACC13","ACCFREQUENCE13","ANNEEACC13_1","ANNEEACC13_2","ANNEEACC13_3","ANNEEACC13_4","ANNEEACC13_5","NBACC14","ACCFREQUENCE14","ANNEEACC14_1","ANNEEACC14_2","ANNEEACC14_3","ANNEEACC14_4","ANNEEACC14_5","AUTRESACC","NBAUTRESACC","TOTAL_AC","ANNEEAUTREACC1","ANNEEAUTREACC2","ANNEEAUTREACC3","ANNEEAUTREACC4","ANNEEAUTREACC5","LIEUAUTREACC1","LIEUAUTREACC2","LIEUAUTREACC3","LIEUAUTREACC4","LIEUAUTREACC5","DESCRIPTIONAUTRESACC1","DESCRIPTIONAUTRESACC2","DESCRIPTIONAUTRESACC3","DESCRIPTIONAUTRESACC4","DESCRIPTIONAUTRESACC5","NBAUTRESACCCIRCUIT","NBAUTRESTOUTTERRAIN","EXPCYCLO","EXP125","EXPSUP125","ACCORDNEXTQ","CHOIXACC","RGPMTACC","RECUPANNEE","RECUPLIEU","RECUPANNE","RGPMTAC","CHOIX1","CHOIX2","CHOIX3","CHOIX4","CHOIX5","CHOIX6","CHOIX7","DESCRIPTION","RUPTURE","FAITS","ABS_REACTION","AUTRE_REACTION","PRECISIONREACTIONOUI","RECUL","PRECISIONREACTIONNON","IMPACTCOMPORTEMENT","AUTREUSAGER","REACTIONAUTREUSAGER","CONNAISSANCEREACTIONUSAGER","DIFFICULTES","AGGRAVATION","DIFFICULTES2","EMOTIONS1","EMOTIONS2","EMOTIONS3","EMOTIONS4","EMOTIONS5","EMOTIONS6","AUTRESENTIMENT","CLASSEMENTEMOTIONS1","CLASSEMENTEMOTIONS","CLASSEMENTEMOTIONS5","CLASSEMENTEMOTIONS6","CLASSEMENTEMOTIONS7","CLASSEMENTEMOTIONS8","CLASSEMENTEMOTIONS9","EXPLICATIONRESSENTI","BIENEQUIPE","ALLURE","ALLUREVITEDETAIL","ALLURELENTEDETAIL","SITUATIONPRESSE","SITUATIONDISTRAIT","SITUATIONCONFIANT","SITUATIONCONTROLE","SITUATIONLUDIQUE","SITUATIONPERF","SITUATIONSTRESS","SITUATIONFATIGUE","HUMEURNEUTRE","HUMEURGAI","HUMEURMECONTENT","HUMEURTRISTE","HUMEURCOLERE","CONTRIBUTION1","CONTRIBUTION2","CONTRIBUTION3","CONTRIBUTION4","CONTRIBUTION5","CONTRIBUTION6","CONTRIBUTION7","CONTRIBUTION8","CONTRIBUTION9","ROLEINFRA","ELEMENTINFRA1","ELEMENTINFRA2","ELEMENTINFRA3","ELEMENTINFRA4","ELEMENTINFRA5","ELEMENTINFRA6","ELEMENTINFRA7","ELEMENTINFRA8","ELEMENTINFRA9","ALCOOL","TXALCOOL","STUP","SEMAINE","MOMENTJOURNEE","TEMPS","CAUSEACC1","CAUSEACC2","CAUSEACC3","CAUSEACC4","CAUSEACC5","FORMATIONCAUSE","FORMATION1","FORMATION2","FORMATION3","FORMATION4","FORMATION5","TRAFIC","CHAUSSEE1","CHAUSSEE2","CHAUSSEE3","CHAUSSEE4","TYPEACC","BLESSURE","TETE","COU","THORAX","MEMBRESSUP","COLONNE","BASSIN","MEMBRESINF","HOPITAL","PLUS24H","TRAJET","TYPEROUTE","MOTIF","SENSTRAJET","PASSAGER","VITESSE","DESCEQ1","DESCEQ2","DESCEQ3","DESCEQ4","DESCEQ5","DESCEQ6","DESCEQ7","DESCEQ8","DESCEQ9","DESCEQ10","VEHICULEETE","VEHICULEAUTOMNE","VEHICULEPRINTEMPS","VEHICULEHIVER","VEHICULESEMAINE","VEHICULEWE","VEHMARQUE","VEHCYLINDREE","VEHMODELE","VEHSEGMENT","VEHSIDE","EQ2RMABS","EQ2RMCBS","EQ2RMABSCBS","EQ2RMREGULATEUR","EQ2RMLIMITEUR","EQ2RMPHARESDIRECT","EQ2RMCOUPURE","EQ2RMANTIPATINAGE","EQ2RMANTIXHEELING","EQ2RMSTABILILTE","VEHKM","POINTS","DUREE","AUTRE2RM","VEHPRECMARQUE","VEHPRECCYLINDREE","VEHPRECMODELE","VEHPRECSEGMENT","VEHPRECSIDE","TEMPS2RMPREC","FREQVEHPREC","DATE_NAISS","CSP","SOCIETAIRE","SALARIE","SECTEUR2RM","NBPERSFOYER","SITFAM","NBENF","TRNBENF1","TRNBENF2","TRNBENF3","TRNBENF4","NBAUTOFOYER","NBCYCLOFOYER","NBSCOOTFOYER","NBMOTOFOYER","NBTRIKEFOYER","NB2RMCONDUIT","MARQUE1","CYLINDREE1","MODELE1","SEGMENT1","SIDE1","ANMISECIRCU1","ASS1","FREQ1","USAGE1","NBKM1","GARAGE1","MARQUE2","CYLINDREE2","MODELE2","SEGMENT2","SIDE2","ANMISECIRCU2","ASS2","FREQ2","USAGE2","NBKM2","GARAGE2","MARQUE3","CYLINDREE3","MODELE3","SEGMENT3","SIDE3","ANMISECIRCU3","ASS3","FREQ3","USAGE3","NBKM3","GARAGE3","MARQUE4","CYLINDREE4","MODELE4","SEGMENT4","SIDE4","ANMISECIRCU4","ASS4","FREQ4","USAGE4","NBKM4","GARAGE4","MARQUE5","CYLINDREE5","MODELE5","SEGMENT5","SIDE5","ANMISECIRCU5","ASS5","FREQ5","USAGE5","NBKM5","GARAGE5","NBKMTOT","PERMIS1","PERMIS2","PERMIS3","PERMIS4","PERMIS5","PERMIS6","PERMIS7","PERMIS8","PERMIS9","ANPERMIS1","ANPERMIS6","ANPERMIS7","ANPERMIS2","ANPERMIS3","ANPERMIS8","ANPERMIS9","ANPERMIS4","ANPERMIS5","X","X.1","X.2","isScooter"
"251",982,5186,"173",1,0,2,"","",NA,NA,NA,0,3,"","","",NA,NA,0,4,"","",NA,"",NA,0,4,"","",NA,NA,NA,0,3,"","","","","",0,2,"","","",NA,NA,0,2,"",NA,NA,NA,NA,0,2,"","","",NA,NA,1,4,"1984","","","","",1,6,"2014","","","","",0,5,"","","","","",0,3,"","",NA,NA,NA,0,5,"","","",NA,NA,0,2,"","",NA,NA,NA,1,1,3,"2002","","","","","Angervilliers","","","","","Dans un rond-point en entrée d'agglomération, un véhicule circulant à grande vitesse m'a percuté par l'arrière et a pris la fuite","","","","",0,0,34,4,30,1,46,"10",2014,"","2014","Vous circuliez sur un axe constitué dau moins "" 2 X 2 voies "" (en urbain, périphérique, autoroute, RN ). Un véhicule vous a coupé la route en changeant de voie pour se placer sur celle de droite.","3","4","",NA,"",NA,"","Le matin en me rendant à mon travail, je circulais sur l'A86 en direction de Vélizy, au sein d'une circulation dense.  Arrivé aux environ du PK 56 (Chatenay-Malabry), le trafic s'est immobilisé. Je me suis alors placé entre les 2° et 3° files de circulation, j'ai allumé mes warnings et j'ai réduit ma vitesse (estimation +/- 60 km/h).  Quelques dizaines de mètres plus loin, alors que les 3 voies de circulations étaient à l'arrêt complet, une voiture à déboité quelques mètres devant moi, de la voie la plus à gauche vers la voie centrale. Je n'ai pas eu le temps de réagir et j'ai percuté son avant droit. J'ai alors été projeté dans l'angle arrière gauche d'une fourgonnette immobilisée sur la voie du milieu  J'avais toujours pensé être plus exposé au risque lors de la remontée de files en mouvement, notamment lors du redémarrage de ces dernières, propices aux changement intempestifs de file. Je pensais que le risque était moindre lorsque les files sont stoppées, immobilisant les véhicules dans leurs voies...  Je circule en moto depuis 34 ans, et depuis 15 en région parisienne. Je ne roule qu'avec un casque fermé, un blouson avec protections complètes et des bottes + gants. Mon casque à encaissé le premier impact et je suis heureux de ma prudence à le porter fermé en circulation bien qu'il s'agisse d'un modulable (Shark Evoline 2)  Je pense que les protections intégrées à mon blouson(épaule et dorsale - veste Revitt) ont limité mes autres blessures (1 clavicule à droite et 5 cotes dorsales). En revanche, la forte décélération à généré une contusion pulmonaire avec hémo/pneumo-thorax","La survenue d'un obstacle (véhicule qui déboite), sans solution de dégagement ni d'évitement (circulation en inter-file) associée à une vitesse excessive (+/- 60km/h)","Je n'ai eu le temps que de couper les gaz, je ne pense pas avoir eu le temps de freiner, ni de l'arrière ni de l'avant. L'automobiliste qui déboitait dit ne pas m'avoir vu. Je ne sais pas si il avait activé un clignotant, que je n'aurais probablement pas aperçu en raison de le distance très courte en lui et moi au moment de son changement brusque de direction","AUT|Pas le temps de réagir, la voiture à déboité quasiment à mon passage à sa hauteur","1","J'aurais du réduire d'avantage ma vitesse.   Cela aurait limité la force de l'impact et cela m'aurait peut être permis d'amorcer un freinage","L'habitude de ce parcours, dans des conditions de circulations identiques, voire pires. Un sol sec et une bonne adhérence mettent en confiance, sur un sol humide et/ou sous la pluie, ma vitesse aurait été moindre","","2","1","2","","NSP","1","La méconnaissance de nombreux automobilistes des règles du code de la route qui stipulent l'interdiction de changer de file lorsque le flot de circulation est ininterrompu","2","6","",NA,NA,"","","",1,NA,NA,NA,"2",NA,"Lorsque les files sont arrêtées sur 3 voies de circulation, je ne pensais pas qu'un automobiliste puisse tenter de changer de file!","3","1","2","","2","1","3","4","1","1","2","1",1,2,4,4,4,1,5,NA,NA,NA,NA,NA,NA,NA,2,"","","","",NA,NA,NA,NA,2,2,NA,2,1,1,1,35,65,0,0,0,"1","3","","",NA,NA,"4","1","","",NA,2,1,3,4,NA,NA,NA,NA,NA,1,1,1,"4","1",1,0,60,1,10,2,3,4,7,NA,NA,"",NA,"4","4","4","4","4","4","BMW","1600","K1600GTL PACK","Routière / GT","2","0","0",0,0,0,"0",1,0,1,"0","50000","12","1","1","BMW","1200","K1200LT","Routière / GT","2","4","4","06DEC1963","5","2","3",2,5,4,3,"NRP","","","",3,0,0,1,0,1,"BMW",1200,"K1200LT","Routière / GT","2","2002","10",2,2,10000,"7","","","","","","","",NA,NA,NA,"","","","","","",NA,NA,NA,NA,NA,"","",NA,"","",NA,NA,NA,NA,NA,NA,"","",NA,"","",NA,NA,NA,NA,NA,NA,NA,10000,"2",3,4,NA,NA,NA,NA,NA,NA,"NRP","NRP","NRP","1979","1984","NRP","NRP","1982","NRP","","","","Motorcycle"
"252",1052,5198,"125",1,0,4,"","",NA,NA,NA,0,4,"","","",NA,NA,0,4,"","",NA,"",NA,0,4,"","",NA,NA,NA,0,4,"","","","","",0,4,"","","",NA,NA,0,4,"",NA,NA,NA,NA,0,4,"","","",NA,NA,2,4,"2000","2007","","","",0,4,"","","","","",0,5,"","","","","",0,3,"","",NA,NA,NA,0,4,"","","",NA,NA,0,3,"","",NA,NA,NA,1,1,3,"2006","","","","","Paris","","","","","Je ralentis en abordant un rond-point, la voiture qui me suit m'a percuté par l'arrière, le conducteur accélérait pour entrer sur le rond point.","","","","",1,1,42,40,38,1,71,"15",2006,"Paris","2006","Autre(s) type(s) d'accident(s).","6","","",NA,"",NA,"","Arrivant sur un rond point, je relâche mon accélération, sans toucher aux freins, car le conducteur de la voiture juste devant moi semblait hésiter avant d'aborder le rond point. J'ai alors été violemment percuté par la voiture qui me suivait, à tel point que lc choc m'a envoyé sur la roue arrière, au point que j'ai cassé les deux phares de la voiture avec l'arrière de ma moto qui a percuté le centre de son capot avant ! Par miracle, je n'ai été que déséquilibré, et ai fini ma course sur le terre plain en béton central, sans chute. Mes cervicales ont nécessité deux bonnes séances d'ostéo pour se remettre du coup du lapin, donc au vu de la violence, je ne m'en suis pas mal tiré... Bien entendu, le conducteur me disait fautif car j'avais ralenti au lieu d'accélérer pour aborder le rond point... MEeci au témoin qui a relaté la réalité des faits...","L'inattention du conducteur qui me suivait.","Ma seule action a été d'avoir coupé les gaz pour conserver mes distances vis-à-vis de la voiture qui me précédait. La conséquence de l'inaction du véhicule suiveur a été l'accident.","3","0","","","Parce que l'action était dans mon dos et que mon attention était portée sur le véhicule qui me précédait, dont le conducteur était plus occupé à vérifier son GPS qu'à aborder le rond point, d'où mon ralentissement...fatal !, la seule solution aurait été de rouler décalé, donc au bord de la voie...","2","1","2","","Il ne regardait pas dans ma direction alors que je le précédais, et était en train d'accélérer d'après mon témoin.","1","Un minimum d'attention lui aurait montré mon ralentissement","7","","",NA,NA,"","","",NA,NA,NA,NA,"",NA,"","4","3","","","1","1","1","4","1","1","1","1",1,4,4,4,4,10,7,NA,NA,NA,NA,NA,NA,NA,2,"","","","",NA,NA,NA,NA,2,2,NA,2,1,3,1,10,90,0,0,0,"2","","","",NA,NA,"2","1","","",NA,1,NA,NA,NA,NA,NA,NA,NA,NA,NA,NA,2,"1","1",2,0,30,1,10,2,3,4,7,NA,NA,"",NA,"4","4","4","4","4","4","BMW","650","F650GS","TRAIL / SUPERMOTARD","2","0","1",1,1,1,"1",1,1,1,"1","20000","10","3","1","VOXAN","1000","ROADSTER V2","ROADSTER","2","4","4","06JAN1960","11","1","3",1,3,4,1,"NRP","","","",1,0,0,3,0,3,"KAWASAKI",550,"GPZ","Routière / GT","2","1982","18",2,1,2000,"4","VOXAN","1000","ROADSTER V2","ROADSTER","2","2000","18",4,1,1000,"4","APRILIA","300","TX 300","TOUT TERRAIN (TRIAL, ENDURO, CROSS)","2",1986,37,2,1,500,"4","",NA,"","",NA,NA,NA,NA,NA,NA,"","",NA,"","",NA,NA,NA,NA,NA,NA,NA,3500,"2",3,4,NA,NA,NA,NA,NA,NA,"NRP","NRP","NRP","1977","1990","NRP","NRP","1980","NRP","","","","Motorcycle"
"253",1063,5211,"303",1,0,4,"","",NA,NA,NA,1,4,"1984","","",NA,NA,0,5,"","",NA,"",NA,0,4,"","",NA,NA,NA,1,6,"1977","","","","",0,2,"","","",NA,NA,0,3,"",NA,NA,NA,NA,0,3,"","","",NA,NA,1,5,"1988","","","","",0,3,"","","","","",0,6,"","","","","",0,2,"","",NA,NA,NA,0,1,"","","",NA,NA,0,2,"","",NA,NA,NA,0,NA,3,"","","","","","","","","","","","","","","",NA,NA,2,1,37,1,6,"2",1984,"","1984","Vous circuliez derrière un véhicule. Ce véhicule a ralenti. Vous avez entrepris de dépasser ce véhicule par la gauche et celui-ci vous a coupé la route en tournant à gauche (ou en effectuant un œ tour","5","6","",NA,"",NA,"","Dans Mantes la Jolie,vers 9H00, sur une voie assez importante,  je suivais une 2Cv depuis un certain temps. Elle circulait assez lentement sans savoir trop où elle allait. J'en ai eu assez de suivre ce véhicule au comportement instable et j'entrepris de le dépasser. A l'époque je roulais sur une BMW R100RT et le feux de croisement était allumé. J'arrivais pratiquement à la hauteur du conducteur  lorsque ce dernier tourna à gauche. Bien évidemment, déjà à l'époque, le clignotant n'avait pas été mis. Grâce à une certaine pratique de la moto, je réussi à faire mon évitement, mais heureusement que le véhicule était une 2CV, car dans la manoeuvre, mon pare-cylindre s'est accroché dans le pare-choc de la voiture et par chance a arraché l'avant de la 2CV. J'ai pu ainsi éviter la chute. En revanche ma passagère, dans la collision, a eu le pied qui s'est tordu. Heureusement elle portait de grosses bottes, néanmoins depuis, elle ne peut plus mettre de chaussures montantes assez serrées. ( ex chaussures de ski). Quant à la moto rien de cassé hormis le repose arrière droit tordu.  Au moment de faire le constat, le conducteur m'avoue qu'il ne m'avait absolument pas vu, qu'il sortait de son poste de nuit,qu'il n'avait pas dormi et qu'il rentrait chez lui pour se reposer. Il a entièrement reconnu les faits. Moralité: Le conducteur de la voiture: est fatigué, ne sait pas à quoi sert un rétroviseur ni un clignotant.  Le pilote de la moto: depuis, je ne double plus lorsqu'une route se présente sur la gauche.","Vitesse de la voiture trop lente avec un comportement anormal. j'ai entrepris le dépassement et le véhicule a tourné à gauche lorsque je suis arrivé à sa hauteur.","Contre braquage pour faire la manoeuvre d'évitement et j'ai pu éviter la chute.   Au moment du choc, le conducteur de la voiture a freiné jusqu'à l'arrêt du véhicule.","NRP","1","Je n'aurai pas doublé car une rue se présentait sur la gauche.","Malgré 7 ans de conduite moto au moment des faits, il me manquait encore de l'expérience.  Ne jamais doubler lorsqu'une route se présente sur la gauche. On en apprend tous les jours.","","2","1","2","","Il n'a rien vu. Il était en état de somnolence.","1","pas en état de conduire vu sa fatigue. N'a pas fait usage du rétroviseur car avant de le doubler je le suivais depuis un certain temps. Pas d'utilisation du clignotant.","2","4","",NA,NA,"","","",1,NA,2,NA,"",NA,"Je n'avais pas imaginé un seul instant qu'il allait tourner. La vitesse de la voiture était constante même au moment de tourner.","4","3","","","1","1","4","4","1","1","1","1",3,3,1,4,4,2,NA,NA,NA,NA,NA,NA,NA,NA,2,"","","","",NA,NA,NA,NA,2,2,NA,2,1,1,1,10,90,0,0,0,"2","","","",NA,NA,"1","1","","",NA,2,0,NA,NA,NA,NA,NA,NA,NA,NA,NA,3,"1","3",NA,1,50,1,2,3,5,NA,NA,NA,NA,"",NA,"4","4","4","4","4","4","BMW","1000","R100RT","Routière / GT","2","1","1",1,1,1,"1",1,1,1,"1","30000","NSP","4","1","BMW","750","R75/5","ROADSTER","2","4","4","01OCT1959","5","1","3",2,2,3,NA,"NRP","","","",2,0,0,1,0,1,"BMW",1200,"K1200LT","Routière / GT","2","2009","37",3,1,20000,"7","","","","","","","",NA,NA,NA,"","","","","","",NA,NA,NA,NA,NA,"","",NA,"","",NA,NA,NA,NA,NA,NA,"","",NA,"","",NA,NA,NA,NA,NA,NA,NA,20000,"2",3,4,NA,NA,NA,NA,NA,NA,"NRP","NRP","NRP","1977","1978","NRP","NRP","1979","NRP","","","","Motorcycle"
"254",1101,5212,"37",1,0,5,"","",NA,NA,NA,0,4,"","","",NA,NA,0,5,"","",NA,"",NA,0,4,"","",NA,NA,NA,0,6,"","","","","",0,4,"","","",NA,NA,0,4,"",NA,NA,NA,NA,1,4,"1971","","",NA,NA,2,6,"1992","1997","","","",0,5,"","","","","",0,4,"","","","","",0,3,"","",NA,NA,NA,0,4,"","","",NA,NA,0,5,"","",NA,NA,NA,0,NA,3,"","","","","","","","","","","","","","","",NA,NA,2,0,47,1,42,"9",1997,"","1997","Vous avez fait une sortie de route, une perte de contrôle ou une glissade sans rien percuter.","5","","",NA,"",NA,"","En plein milieu du Cantal, sur une belle route, par beau temps, dans un enchaînement de virages pris à bonne allure, toutefois raisonnable, un carrefour simple et large m'a paru infranchissable. La route était en courbe. Au lieu de tourner, ce qui était pourtant tout à fait possible compte tenu de ma vitesse, j'ai essayé de freiner et je suis allé tout droit. Je suis sorti de la route après avoir été arrêté par une clôture de barbelés. La moto a fait un looping et est retombée à l'envers sur la clôture. Je suis passé par dessus la clôture en question, entre un arbre et un poteau électrique et je suis retombé dans un champ 15m plus bas. Contre toute attente, la moto a subi peu de dommages(bulle cassée, pneu avant crevé, un joint spi de fourche explosé et quelques égratignures)et je n'ai eu, pour ce qui me concerne, qu'un gros hématome au bras gauche (qui a sans doute été provoqué par la bulle que j'ai explosée lorsque j'ai été éjecté).   J'étais parfaitement équipé (déjà, pour l'époque!), ce qui a sans doute contribué à l'absence de blessure.  Je ne me suis jamais vraiment expliqué pourquoi je n'ai pas tourné. J'étais concentré et attentif mais je ne m'attendais absolument pas à voir ce carrefour à cet endroit. Nous roulions en groupe et j'étais le 1er. La surprise et le temps de réaction ont certainement contribué à mon absence de réaction appropriée.  Pourtant, à l'époque, j'avais déjà 29 ans de moto et de très nombreux km derrière moi.   Cet accident m'a marqué, en grande partie, parce que je n'ai jamais pu l'expliquer vraiment et aussi, il faut le dire, parce qu'un mètre plus à gauche (l'arbre)ou à droite (le poteau, j'étais mort!","- La surprise - La route en courbe - Trop de réflexion, pas assez de réflexe","J'ai juste attrapé les freins et essayé de m'arrêter. Ma moto (une BMW K1100RS) avait l'ABS. Cette action lui a permis de rester sur ses roues jusqu''à la sortie de route sans glisser ni chuter, mais la distance nécessaire à l'arrêt total était trop courte.  Cette action ""désespérée"" sur les freins a empêché toute éventuelle tentative de reprendre une trajectoire normale (c'est à dire: de tourner et rester sur la route).","1","1","Je n'aurais pas dû freiner, tout au plus couper les gaz et j'aurais dû prendre le (léger) virage tout à fait normalement.","Effet de surprise causé par un profil de route totalement inattendu et freinage réflexe à la place de quelques dizièmes de seconde de réflexion","","2","0","","","","","","3","6","",NA,NA,"","","",NA,1,NA,NA,"2",NA,"Pourquoi étais-je là en train d'essayer désespérément de m'arrêter alors qu'il aurait été si facile de tourner (je n'étais pas, loin s'en faut, ""à la limite"")","4","3","","","1","1","4","4","4","1","1","3",3,3,4,4,4,10,NA,NA,NA,NA,NA,NA,NA,NA,1,"2","4","","",NA,NA,NA,NA,2,2,NA,2,2,1,1,90,0,0,10,0,"2","","","",NA,NA,"1","1","","",NA,1,NA,NA,NA,NA,NA,NA,NA,NA,NA,NA,3,"2","3",NA,0,70,1,2,3,4,7,9,NA,NA,"",NA,"4","4","4","3","4","4","BMW","1100","K1100RS ABS","Routière / GT","2","0","1",1,1,1,"1",1,1,1,"1","25000","12","4","1","HONDA","750","VFR-F ""CARAT""","Routière / GT","2","4","4","06JUN1952","5","1","3",2,2,2,1,"NRP","","","",1,0,0,2,0,2,"YAMAHA",1300,"FJR ABS  AS","Routière / GT","2","2008","37",1,2,14000,"7","TRIUMPH","900","BONNEVILLE IE","ROADSTER","2","2011","37",2,1,5000,"7","","","","","",NA,NA,NA,NA,NA,"","",NA,"","",NA,NA,NA,NA,NA,NA,"","",NA,"","",NA,NA,NA,NA,NA,NA,NA,19000,"3",4,NA,NA,NA,NA,NA,NA,NA,"NRP","NRP","NRP","NRP","1968","NRP","NRP","1970","NRP","","","","Motorcycle"
"255",734,5214,"25",1,0,4,"","",NA,NA,NA,0,5,"","","",NA,NA,0,5,"","",NA,"",NA,0,4,"","",NA,NA,NA,0,5,"","","","","",0,2,"","","",NA,NA,0,5,"",NA,NA,NA,NA,0,5,"","","",NA,NA,0,5,"","","","","",0,4,"","","","","",0,6,"","","","","",0,3,"","",NA,NA,NA,0,3,"","","",NA,NA,0,3,"","",NA,NA,NA,1,1,1,"1998","","","","","Saint-Laurent","","","","","Voiture arrivant en sens inverse sur ma voie après un carrefour récemment réaménagé (incompréhension du nouveau carrefour par le conducteur de la voiture ?). Évitement de justesse du choc frontal car j'arrivais dans une courbe longue et j'ai été surpris par la présence de la voiture sur ma voie mais choc avec le côté gauche de la voiture (notamment rétroviseur), pas de chute mais arrachement du carénage de la moto et hématome et plaie au genou gauche, plâtre effectué pour immobilisation du genou. Je roulais à une centaine de km/h.","","","","",0,0,4,0,8,1,71,"15",1998,"Saint-Laurent","1998","Autre(s) type(s) d'accident(s).","1","","",NA,"",NA,"","Deux ans de moto, 600 transalp, retour de Poitiers (fac), pratiquement arrivé chez mes parents (10 min après 1h30 de trajet) et dans une large courbe à droite, une voiture jaillit, sur ma file en  face de moi... Juste le temps d'éviter, le carénage et mon genou touchent le côté gauche et le rétro de la voiture. Je m'immobilise une centaine de mètres plus loin sans tomber. Je tremble, j'ai eu peur, je ne peux pas bouger j'ai mal à la jambe gauche, le carénage à exploser. Je lève la main sans descendre de ma moto (j'en suis incapable), espérant qu'un automobiliste va comprendre. Quelques voitures passent, enfin une s'arrête, un gars sympa me demande comment ça va, je lui explique, il m'aide à descendre de la moto. Il me propose d'appeler les pompiers ou les gendarmes, je ne sais pas, je suis à côté de chez moi, il me ramène, ma jambe ne me fait plus mal. Arrivé à la maison j'explique ce qui s'est passé à mon père en lui disant que ma jambe ça va. il demande à jeter un il, en fait il y a du sang partout, le genou est ouvert. Direction l'hôpital où le chirurgien décide de plâtrer le genou. En attendant, du fond de mon lit d'hôpital, je vois surgir un gendarme qui vient m'interroger suite à une plainte déposée par un couple qui a vu surgir une moto face à lui et l'a évité de justesse. Je suis choqué et j'ai beau m'expliquer, je suis mal barré, vingt piges, cheveux longs et boucles d'oreille ne plaident pas en ma faveur face à un couple de paisible retraités. Finalement, chacun va s'en tirer à 50/50 de responsabilité grâce à la personne qui m'a aidé et qui a témoigné que je n'avais pas fait de délit de fuite, (mal)heureusement pour moi, pas de chute donc pas de trace sur la route prouvant que ce sont les p'tits vieux qui étaient du mauvais côté... Ils auraient pu me tuer, je les maudis encore.","Belle courbe à droite et surprise de se trouver face à un véhicule à contresens à cet endroit. Je tente l'évitement mais sans y parvenir complètement. Je touche légèrement la voiture mais à 80 ou 90 km/h le choc est quand même présent.","Surprise puis tentative d'évitement de mon côté, en face je ne sais pas, c'est allé trop vite. Puis pas de nouvelles de l'autre véhicule qui arrivait à contresens jusqu'à ce que j'apprenne par le gendarme que ses occupants avaient porter plainte en disant que moi je roulais à contresens.","NRP","0","","","Je pense avoir fait le max et sauver ma peau ce jour-là...","3","1","NSP","","NSP","NSP","NSP","1","2","4",NA,NA,"","","3",1,NA,2,NA,"",NA,"Tout est allé très vite, la voiture n'avait rien à faire à contresens, je l'ai vue au dernier moment (grande courbe en bas d'une terrasse).","3","3","","","3","1","4","4","4","2","1","3",1,1,4,4,4,10,NA,NA,NA,NA,NA,NA,NA,NA,2,"","","","",NA,NA,NA,NA,2,2,NA,1,1,3,1,0,100,0,0,0,"2","","","",NA,NA,"1","1","","",NA,2,1,7,NA,NA,NA,NA,NA,NA,1,1,1,"2","1",2,0,90,1,10,2,3,5,NA,NA,NA,"",NA,"3","3","3","3","3","NRP","HONDA","600","TRANSALP +35KW","TRAIL / SUPERMOTARD","2","1","1",1,1,1,"1",2,1,1,"1","30000","12","3","0","","","","","","","","12MAR1974","6","1","3",2,2,3,NA,"NRP","","","",1,0,0,1,0,1,"HONDA",500,"CX","ROADSTER","2","1979","37",2,2,4000,"7","","","","","","","",NA,NA,NA,"","","","","","",NA,NA,NA,NA,NA,"","",NA,"","",NA,NA,NA,NA,NA,NA,"","",NA,"","",NA,NA,NA,NA,NA,NA,NA,4000,"4",3,NA,NA,NA,NA,NA,NA,NA,"NRP","NRP","NRP","NRP","1994","NRP","NRP","1992","NRP","","","","Motorcycle"