"","Ligne","Ligne.Q.qualif","Ligne.approfondissement.Accident","ACCIDENT","NBACC1","ACCFREQUENCE1","ANNEEACC1_1","ANNEEACC1_2","ANNEEACC1_3","ANNEEACC1_4","ANNEEACC1_5","NBACC2","ACCFREQUENCE2","ANNEEACC2_1","ANNEEACC2_2","ANNEEACC2_3","ANNEEACC2_4","ANNEEACC2_5","NBACC3","ACCFREQUENCE3","ANNEEACC3_1","ANNEEACC3_2","ANNEEACC3_3","ANNEEACC3_4","ANNEEACC3_5","NBACC4","ACCFREQUENCE4","ANNEEACC4_1","ANNEEACC4_2","ANNEEACC4_3","ANNEEACC4_4","ANNEEACC4_5","NBACC5","ACCFREQUENCE5","ANNEEACC5_1","ANNEEACC5_2","ANNEEACC5_3","ANNEEACC5_4","ANNEEACC5_5","NBACC6","ACCFREQUENCE6","ANNEEACC6_1","ANNEEACC6_2","ANNEEACC6_3","ANNEEACC6_4","ANNEEACC6_5","NBACC7","ACCFREQUENCE7","ANNEEACC7_1","ANNEEACC7_2","ANNEEACC7_3","ANNEEACC7_4","ANNEEACC7_5","NBACC8","ACCFREQUENCE8","ANNEEACC8_1","ANNEEACC8_2","ANNEEACC8_3","ANNEEACC8_4","ANNEEACC8_5","NBACC9","ACCFREQUENCE9","ANNEEACC9_1","ANNEEACC9_2","ANNEEACC9_3","ANNEEACC9_4","ANNEEACC9_5","NBACC10","ACCFREQUENCE10","ANNEEACC10_1","ANNEEACC10_2","ANNEEACC10_3","ANNEEACC10_4","ANNEEACC10_5","NBACC11","ACCFREQUENCE11","ANNEEACC11_1","ANNEEACC11_2","ANNEEACC11_3","ANNEEACC11_4","ANNEEACC11_5","NBACC12","ACCFREQUENCE12","ANNEEACC12_1","ANNEEACC12_2","ANNEEACC12_3","ANNEEACC12_4","ANNEEACC12_5","NBACC13","ACCFREQUENCE13","ANNEEACC13_1","ANNEEACC13_2","ANNEEACC13_3","ANNEEACC13_4","ANNEEACC13_5","NBACC14","ACCFREQUENCE14","ANNEEACC14_1","ANNEEACC14_2","ANNEEACC14_3","ANNEEACC14_4","ANNEEACC14_5","AUTRESACC","NBAUTRESACC","TOTAL_AC","ANNEEAUTREACC1","ANNEEAUTREACC2","ANNEEAUTREACC3","ANNEEAUTREACC4","ANNEEAUTREACC5","LIEUAUTREACC1","LIEUAUTREACC2","LIEUAUTREACC3","LIEUAUTREACC4","LIEUAUTREACC5","DESCRIPTIONAUTRESACC1","DESCRIPTIONAUTRESACC2","DESCRIPTIONAUTRESACC3","DESCRIPTIONAUTRESACC4","DESCRIPTIONAUTRESACC5","NBAUTRESACCCIRCUIT","NBAUTRESTOUTTERRAIN","EXPCYCLO","EXP125","EXPSUP125","ACCORDNEXTQ","CHOIXACC","RGPMTACC","RECUPANNEE","RECUPLIEU","RECUPANNE","RGPMTAC","CHOIX1","CHOIX2","CHOIX3","CHOIX4","CHOIX5","CHOIX6","CHOIX7","DESCRIPTION","RUPTURE","FAITS","ABS_REACTION","AUTRE_REACTION","PRECISIONREACTIONOUI","RECUL","PRECISIONREACTIONNON","IMPACTCOMPORTEMENT","AUTREUSAGER","REACTIONAUTREUSAGER","CONNAISSANCEREACTIONUSAGER","DIFFICULTES","AGGRAVATION","DIFFICULTES2","EMOTIONS1","EMOTIONS2","EMOTIONS3","EMOTIONS4","EMOTIONS5","EMOTIONS6","AUTRESENTIMENT","CLASSEMENTEMOTIONS1","CLASSEMENTEMOTIONS","CLASSEMENTEMOTIONS5","CLASSEMENTEMOTIONS6","CLASSEMENTEMOTIONS7","CLASSEMENTEMOTIONS8","CLASSEMENTEMOTIONS9","EXPLICATIONRESSENTI","BIENEQUIPE","ALLURE","ALLUREVITEDETAIL","ALLURELENTEDETAIL","SITUATIONPRESSE","SITUATIONDISTRAIT","SITUATIONCONFIANT","SITUATIONCONTROLE","SITUATIONLUDIQUE","SITUATIONPERF","SITUATIONSTRESS","SITUATIONFATIGUE","HUMEURNEUTRE","HUMEURGAI","HUMEURMECONTENT","HUMEURTRISTE","HUMEURCOLERE","CONTRIBUTION1","CONTRIBUTION2","CONTRIBUTION3","CONTRIBUTION4","CONTRIBUTION5","CONTRIBUTION6","CONTRIBUTION7","CONTRIBUTION8","CONTRIBUTION9","ROLEINFRA","ELEMENTINFRA1","ELEMENTINFRA2","ELEMENTINFRA3","ELEMENTINFRA4","ELEMENTINFRA5","ELEMENTINFRA6","ELEMENTINFRA7","ELEMENTINFRA8","ELEMENTINFRA9","ALCOOL","TXALCOOL","STUP","SEMAINE","MOMENTJOURNEE","TEMPS","CAUSEACC1","CAUSEACC2","CAUSEACC3","CAUSEACC4","CAUSEACC5","FORMATIONCAUSE","FORMATION1","FORMATION2","FORMATION3","FORMATION4","FORMATION5","TRAFIC","CHAUSSEE1","CHAUSSEE2","CHAUSSEE3","CHAUSSEE4","TYPEACC","BLESSURE","TETE","COU","THORAX","MEMBRESSUP","COLONNE","BASSIN","MEMBRESINF","HOPITAL","PLUS24H","TRAJET","TYPEROUTE","MOTIF","SENSTRAJET","PASSAGER","VITESSE","DESCEQ1","DESCEQ2","DESCEQ3","DESCEQ4","DESCEQ5","DESCEQ6","DESCEQ7","DESCEQ8","DESCEQ9","DESCEQ10","VEHICULEETE","VEHICULEAUTOMNE","VEHICULEPRINTEMPS","VEHICULEHIVER","VEHICULESEMAINE","VEHICULEWE","VEHMARQUE","VEHCYLINDREE","VEHMODELE","VEHSEGMENT","VEHSIDE","EQ2RMABS","EQ2RMCBS","EQ2RMABSCBS","EQ2RMREGULATEUR","EQ2RMLIMITEUR","EQ2RMPHARESDIRECT","EQ2RMCOUPURE","EQ2RMANTIPATINAGE","EQ2RMANTIXHEELING","EQ2RMSTABILILTE","VEHKM","POINTS","DUREE","AUTRE2RM","VEHPRECMARQUE","VEHPRECCYLINDREE","VEHPRECMODELE","VEHPRECSEGMENT","VEHPRECSIDE","TEMPS2RMPREC","FREQVEHPREC","DATE_NAISS","CSP","SOCIETAIRE","SALARIE","SECTEUR2RM","NBPERSFOYER","SITFAM","NBENF","TRNBENF1","TRNBENF2","TRNBENF3","TRNBENF4","NBAUTOFOYER","NBCYCLOFOYER","NBSCOOTFOYER","NBMOTOFOYER","NBTRIKEFOYER","NB2RMCONDUIT","MARQUE1","CYLINDREE1","MODELE1","SEGMENT1","SIDE1","ANMISECIRCU1","ASS1","FREQ1","USAGE1","NBKM1","GARAGE1","MARQUE2","CYLINDREE2","MODELE2","SEGMENT2","SIDE2","ANMISECIRCU2","ASS2","FREQ2","USAGE2","NBKM2","GARAGE2","MARQUE3","CYLINDREE3","MODELE3","SEGMENT3","SIDE3","ANMISECIRCU3","ASS3","FREQ3","USAGE3","NBKM3","GARAGE3","MARQUE4","CYLINDREE4","MODELE4","SEGMENT4","SIDE4","ANMISECIRCU4","ASS4","FREQ4","USAGE4","NBKM4","GARAGE4","MARQUE5","CYLINDREE5","MODELE5","SEGMENT5","SIDE5","ANMISECIRCU5","ASS5","FREQ5","USAGE5","NBKM5","GARAGE5","NBKMTOT","PERMIS1","PERMIS2","PERMIS3","PERMIS4","PERMIS5","PERMIS6","PERMIS7","PERMIS8","PERMIS9","ANPERMIS1","ANPERMIS6","ANPERMIS7","ANPERMIS2","ANPERMIS3","ANPERMIS8","ANPERMIS9","ANPERMIS4","ANPERMIS5","X","X.1","X.2","isScooter"
"256",822,5227,"367",1,0,4,"","",NA,NA,NA,0,3,"","","",NA,NA,0,5,"","",NA,"",NA,0,3,"","",NA,NA,NA,1,6,"2005","","","","",0,4,"","","",NA,NA,0,2,"",NA,NA,NA,NA,0,3,"","","",NA,NA,0,2,"","","","","",0,3,"","","","","",0,4,"","","","","",1,6,"2005","",NA,NA,NA,0,4,"","","",NA,NA,0,4,"","",NA,NA,NA,0,NA,2,"","","","","","","","","","","","","","","",NA,NA,0,0,10,1,21,"5",2005,"","2005","Vous circuliez sur un axe prioritaire. Un véhicule venant dun axe non prioritaire vous a coupé la route.","1","2","3",4,"5",6,"","Je roulais normalement sur une route prioritaire en ville et sur la droite une voiture a marqué un cedez le passage puis à 10 mètres de moi, elle a démarré. Lorsque le conducteur m'a appercu (je pense mon phare), il s'est arreté. Comme il était entièrement sur ma voie, je n'ai pas pu l'éviter. J'ai freiné et je l'ai percuté dans la roue avant gauche. Appartir de là, je n'ai pas de souvenir de la chute. Je me suis réveillé de l'autre coté de la voiture. Ma moto aussi. Je me suis relevé sans enlever le casque pour eteindre le moteur. En suite, des gens sont venu me porter secours. J'ai été pris en charge par le SAMU. Puis l'hopital. Le plus impressionant et qui m'a marqué, c'est le regard du conducteur quand je suis arrivé sur lui (La PEUR). Je n'ai rien pu faire d'autre que de freiner par reflexe. Je n'ai rien eu de grave, juste quelques bleus.","L'élément,  c'est l'arret de la voiture devant moi. La difficulté, l'impossibilité d'éviter et de freiner à temps.","J'ai freiné et la voiture était arretée devant moi.","NRP","0","","","Je pense que l'automobiliste m'avait vu car il avait tourné la tête vers moi. Il a vraiment démarré devant moi.","2","0","","","","","","7","","",NA,NA,"","","",NA,NA,NA,NA,"",NA,"","4","3","","","2","2","2","3","3","1","1","1",4,3,4,4,4,10,NA,NA,NA,NA,NA,NA,NA,NA,2,"","","","",NA,NA,NA,NA,2,2,NA,2,1,1,1,0,100,0,0,0,"2","","","",NA,NA,"1","1","","",NA,2,1,6,NA,NA,NA,NA,NA,NA,1,0,2,"1","3",NA,0,60,1,10,2,3,4,7,NA,NA,"",NA,"4","4","4","4","4","4","HONDA","500","CB","ROADSTER","2","1","1",1,1,1,"1",1,1,1,"1","NSP","12","3","0","","","","","","","","07AUG1981","7","2","3",2,3,4,1,"NRP","","","",2,0,0,1,0,1,"SUZUKI",650,"SV-S","Routière / GT","2","2001","29",2,2,3000,"4","","","","","","","",NA,NA,NA,"","","","","","",NA,NA,NA,NA,NA,"","",NA,"","",NA,NA,NA,NA,NA,NA,"","",NA,"","",NA,NA,NA,NA,NA,NA,NA,3000,"4",3,2,NA,NA,NA,NA,NA,NA,"NRP","NRP","NRP","2000","2004","NRP","NRP","2000","NRP","","","","Motorcycle"
"257",1008,5228,"15",1,0,3,"","",NA,NA,NA,0,4,"","","",NA,NA,0,6,"","",NA,"",NA,0,1,"","",NA,NA,NA,0,4,"","","","","",0,2,"","","",NA,NA,0,5,"",NA,NA,NA,NA,0,3,"","","",NA,NA,0,3,"","","","","",1,5,"1987","","","","",0,5,"","","","","",0,3,"","",NA,NA,NA,0,3,"","","",NA,NA,0,2,"","",NA,NA,NA,0,NA,1,"","","","","","","","","","","","","","","",NA,NA,2,0,34,1,46,"10",1987,"","1987","Vous circuliez sur un axe constitué dau moins "" 2 X 2 voies "" (en urbain, périphérique, autoroute, RN ). Un véhicule vous a coupé la route en changeant de voie pour se placer sur celle de droite.","1","","",NA,"",NA,"","Sur le périphérique parisien, en condition de circulation très dense,je remonte entre les 2 files les plus à gauche de la section à 3 voies. Mon différentiel de vitesse est très faible (5km/h) Dans le véhicule à ma gauche, une conductrice a une conversation animée avec sa passagère; peu attentive à sa conduite, elle se laisse dériver sur sa droite au moment ou j'arrive à la hauteur de la portière avant droite. Mon pare cylindre gauche prend la naissance de l'aile droite. Heureusement, la faible vitesse me permet un controle sans chute, et sans heurter le véhicule à ma droite","Conduite interfile avec peu de place pour une correction de trajectoire lorsqu'un automobiliste quitte sa voie de circulation","Réaction immédiate: - regard dans les rétro pour voir si un 2 roues me suivait de rès - Freinage - maitrise de la moto pour ne pas heurter le véhicule à droite - Arret - béquillage  véhicule heurté: - sur le bruit du choc, coup de volant pour revenir dans sa voie de circulation - arret du véhicule  Véhicule à droite (pas heurté) - arret","NRP","1","NRP","NRP","","2","1","2","","l'autre n'était pas attentif, donc aucune réaction préventive avant le choc","1","Conducteur pas attentif qui a quitté sa voie","2","4","9",NA,NA,"","Concentration","",1,NA,3,NA,"",2,"évènement inattendu","4","3","","","3","2","3","3","1","1","1","1",2,4,4,4,4,4,NA,NA,NA,NA,NA,NA,NA,NA,2,"","","","",NA,NA,NA,NA,2,2,NA,2,1,1,1,30,70,0,0,0,"2","","","",NA,NA,"3","1","","",NA,1,NA,NA,NA,NA,NA,NA,NA,NA,NA,NA,1,"4","1",1,0,15,1,2,3,4,7,NA,NA,NA,"",NA,"4","4","4","4","4","4","MOTO GUZZI","1000","CALIFORNIA II","Routière / GT","2","1","0",1,1,1,"1",1,1,1,"1","15000","12","4","1","MOTO GUZZI","650","V65","ROADSTER","2","4","4","12JAN1962","3","1","3",2,5,4,3,"NRP","","","",1,0,0,2,0,2,"BMW",1300,"K1300GT","Routière / GT","2","2010","37",1,3,20000,"7","MOTO GUZZI","1000","CALIFORNIA II","Routière / GT","2","1986","37",3,1,1000,"7","","","","","",NA,NA,NA,NA,NA,"","",NA,"","",NA,NA,NA,NA,NA,NA,"","",NA,"","",NA,NA,NA,NA,NA,NA,NA,21000,"2",3,4,NA,NA,NA,NA,NA,NA,"NRP","NRP","NRP","1979","1982","NRP","NRP","1984","NRP","","","","Motorcycle"
"258",995,5236,"356",1,0,4,"","",NA,NA,NA,0,3,"","","",NA,NA,0,4,"","",NA,"",NA,0,2,"","",NA,NA,NA,0,4,"","","","","",0,2,"","","",NA,NA,1,2,"1991",NA,NA,NA,NA,0,3,"","","",NA,NA,1,3,"1992","","","","",0,3,"","","","","",0,2,"","","","","",0,2,"","",NA,NA,NA,0,4,"","","",NA,NA,0,4,"","",NA,NA,NA,1,2,4,"1994","1998","","","","PUYLAGARDE","ST REMY","","","","EN VOITURE PERTE DE CONTROLE ET SORTIE DE ROUTE","EN VOITURE FREINAGE D URGENCE SUR ROUTE MOUILLEE POUR EVITER UN VEHICULE ET SORTIE DE ROUTE","","","",0,0,0,0,24,1,31,"7",1991,"","1991","Vous avez fait une sortie de route, une perte de contrôle ou une glissade puis avez percuté un véhicule arrivant en sens inverse.","2","4","6",NA,"",NA,"","je roulais sur une avenue de Moissac (82), sur un virage, la voiture me précédant a pilé, j'ai freiné fort, j'ai bloqué ma roue arrière, j'ai voulu évité le véhicule de devant mais je ne contrôlait plus ma moto, j'ai percuté la voiture sur l'arrière gauche, le choc m'a fait chuter et m'a propulsé sur la voie en sens opposé et j'ai percuté la voiture arrivant en face. Je n'avais le permis et ma moto que depuis quelques mois et je me suis rendu compte que je ne savais pas gérer un freinage d'urgence en étant sur l'angle même à faible allure.","le manque d'expérience du freinage d'urgence","lors que j'ai freiné, j'ai bloqué la roue arrière, la moto a décroché j'ai relaché le frein arrière mais je n'ai pas réussi à stabiliser la moto. Je roulais trop près de la voiture devant moi et mon temps de réaction et trop long comparé à la distance que j'avais laissé entre moi et la voiture.  La voiture qui arrivait en face a freiné lorsqu'elle a vu que je ne contrôlait plus ma moto. donc lorsque j'ai été projeté sur la voie d'en face, cette voiture était quasiment à l'arrêt. Les dégâts ont été minimes sur les 3 véhicules, les pompiers ont été appelés pour constater qu'aucune personne n'était blessée, la gendarmerie était également présente rapidement. Nous avons fait les constats avec les 2 personnes des 2 véhicules que j'avais percutés.","2","1","aujourd'hui, je pense qu'avec l'expérience, je n'aurais certainement pas bloqué la roue arrière, j'aurais pu maîtriser ma moto et peut être éviter le choc avec la voiture me précédant.","ma réaction a été trop vive et a entrainé la perte de contrôle de la moto donc manque d'expérience et de sang froid","","2","1","1","1","il n'a pu que freiner car la voie était étroite et il ne pouvait pas se déporter","2","car il bien réagi","2","6","",NA,NA,"","","",2,NA,NA,NA,"1",NA,"je ne maîtrisais plus la situation et, dès que j'ai senti que la moto partait en glisse je n'avais aucun moyen de changer le cours de l'histoire","3","1","1","","1","3","4","3","3","1","1","3",1,3,4,4,4,1,4,5,7,NA,NA,NA,NA,NA,2,"","","","",NA,NA,NA,NA,2,2,NA,2,1,1,2,90,0,0,0,10,"1","1","","",NA,NA,"3","2","","",NA,1,NA,NA,NA,NA,NA,NA,NA,NA,NA,NA,2,"1","1",2,0,50,1,10,2,3,5,NA,NA,NA,"",NA,"4","4","4","4","4","4","HONDA","500","CX500C","CUSTOM","2","1","1",1,1,1,"1",1,1,1,"1","50000","12","1","0","","","","","","","","18NOV1969","5","1","3",2,4,4,2,"NRP","","","",3,0,0,1,0,1,"HONDA",500,"CX500C","CUSTOM","2","1981","37",3,1,3000,"7","","","","","","","",NA,NA,NA,"","","","","","",NA,NA,NA,NA,NA,"","",NA,"","",NA,NA,NA,NA,NA,NA,"","",NA,"","",NA,NA,NA,NA,NA,NA,NA,3000,"3",4,NA,NA,NA,NA,NA,NA,NA,"NRP","NRP","NRP","NRP","1991","NRP","NRP","1987","NRP","","","","Motorcycle"
"259",1170,5237,"231",1,0,4,"","",NA,NA,NA,0,5,"","","",NA,NA,1,5,"1990","",NA,"",NA,0,6,"","",NA,NA,NA,1,6,"1990","","","","",0,5,"","","",NA,NA,0,4,"",NA,NA,NA,NA,0,5,"","","",NA,NA,0,5,"","","","","",0,5,"","","","","",0,5,"","","","","",0,4,"","",NA,NA,NA,0,4,"","","",NA,NA,0,2,"","",NA,NA,NA,0,NA,2,"","","","","","","","","","","","","","","",NA,NA,4,2,30,1,11,"3",1990,"","1990","Vous remontiez une file de véhicules (à larrêt ou au ralenti) par la gauche. Un véhicule de cette file vous a coupé la route en tournant à gauche.","1","","",NA,"",NA,"","Je remontais pas la gauche une file de véhicule. J'étais pressé et je roulais trop vite par rapport à une quelconque faute d'un conducteur (changement de direction) sachant que la file de voitures était à l'arrêt. D'un point de vue d'un code de la route j'étais dans mon droit mais ce jour là je n'ai pas assez pris en compte la faute potentielle des autres.","Une voiture fait un écart sur la gauche alors que je la remontais. Je prends les freins, l'avant en particulier. Je place mal mes bras et mon regard et je bloque l'avant. Par terre ! A noter que ça se passe à vitesse réduite, autour de 40 km/h. Je n'ai pas touché la voiture, il n'y a pas eu de constat.","Comme dit précédemment : Voiture déboite à gauche Prise de frein Blocage avant chute sans toucher la voiture","NRP","1","Diminuer l'écart de vitesse entre la file de véhicule et ma vitesse Positionner mieux son regard Freiner avec le regard droit et les bras tendus (ce qui n'était pas le cas à l'époque)","Esprit perturbé Pressé par le temps manque de formation (j'ai fait plusieurs stages perf depuis)","","2","1","2","","il ne m'a pas vu !","1","En considérant le 2 roues et l'angle mort il n'aurait pas déboité","2","","",NA,NA,"","","",1,NA,NA,NA,"",NA,"je ne m'y attendais pas tout simplement","3","1","3","","4","3","3","1","1","1","4","3",4,4,2,4,4,1,3,NA,NA,NA,NA,NA,NA,NA,2,"","","","",NA,NA,NA,NA,2,2,NA,2,1,1,1,50,50,0,0,0,"1","1","","",NA,NA,"4","1","","",NA,1,NA,NA,NA,NA,NA,NA,NA,NA,NA,NA,1,"1","1",2,0,40,1,10,2,3,5,7,NA,NA,"",NA,"4","4","4","4","4","4","SUZUKI","550","GS550E","ROADSTER","2","1","1",1,1,1,"1",1,1,1,"1","45000","12","2","1","MZ","250","ETZ 251","ROADSTER","null","4","4","16MAR1965","4","1","3",1,3,2,2,"NRP","","","",1,0,0,2,0,2,"KAWASAKI",650,"VERSYS","ROADSTER","2","2007","37",3,1,8000,"7","GAS GAS","300","EC ENDUCROSS","TOUT TERRAIN (TRIAL, ENDURO, CROSS)","2","2009","37",4,1,2000,"7","","","","","",NA,NA,NA,NA,NA,"","",NA,"","",NA,NA,NA,NA,NA,NA,"","",NA,"","",NA,NA,NA,NA,NA,NA,NA,10000,"2",3,4,NA,NA,NA,NA,NA,NA,"NRP","NRP","NRP","1983","1984","NRP","NRP","1983","NRP","","","","Motorcycle"
"260",1127,5269,"295",1,0,3,"","",NA,NA,NA,0,3,"","","",NA,NA,0,4,"","",NA,"",NA,0,4,"","",NA,NA,NA,1,3,"1992","","","","",0,2,"","","",NA,NA,0,2,"",NA,NA,NA,NA,0,2,"","","",NA,NA,1,3,"1998","","","","",0,4,"","","","","",0,4,"","","","","",0,2,"","",NA,NA,NA,0,2,"","","",NA,NA,0,2,"","",NA,NA,NA,0,NA,2,"","","","","","","","","","","","","","","",NA,NA,3,0,30,1,21,"5",1992,"","1992","Vous circuliez sur un axe prioritaire. Un véhicule venant dun axe non prioritaire vous a coupé la route.","5","","",NA,"",NA,"","Je roulait tranquille dans une petite rue de  Paris du coté de nation quand une voiture m'a coupé la route en venant de la droite. J ai tapé son aile avant . Ma copine est moi avons été carrément éjectés. Corinne a fait 1 semaine d'hôpital et conservé une vis dans sa clavicule pendant 4 mois.  Pour ma part j ai eu le pied un peu abimé et 3 semaine d'arrêt de travail.","le non respect de la priorité a droite en ville . Pas de marquage au sol d un stop pour l un comme pour l autre","pas d'action efficace sur ma moto . La voiture c'est retrouvé devant moi , je n'ai pas pu me stopper, ni eviter.","NRP","1","en me méfiant de cette intersection sans visibilité sur la ma gauche. La voiture qui ma coupé cette priorité serait passé devant moi sans dommage","l'habitude de passer a cet endroit sans souci...","","2","1","2","","il n a pas freiné a l intersection , mais après le choc","1","NRP","2","","",NA,NA,"","","",1,NA,NA,NA,"",NA,"non respect d une priorité a droite , freinage après le choc","3","3","","","1","1","4","4","3","1","1","1",3,3,4,4,4,5,NA,NA,NA,NA,NA,NA,NA,NA,1,"7","","","",NA,NA,NA,NA,2,2,NA,2,2,3,1,0,100,0,0,0,"2","","","",NA,NA,"1","1","","",NA,2,1,7,NA,NA,NA,NA,NA,NA,1,0,2,"1","3",NA,1,45,1,2,5,NA,NA,NA,NA,NA,"",NA,"4","3","3","2","1","4","HARLEY-DAVIDSON","1200","SPORTSTER","ROADSTER","2","1","1",1,1,1,"1",1,1,1,"1","18000","12","4","1","YAMAHA","650","XS","ROADSTER","2","4","1","22JUL1964","7","2","3",2,4,4,2,"NRP","","","",2,1,1,2,0,4,"HARLEY-DAVIDSON",1450,"HERITAGE SOFTAIL CLASSIC","CUSTOM","2","2002","37",3,1,5000,"7","HARLEY-DAVIDSON","883","SPORTSTER","ROADSTER","2","2004","37",3,1,5000,"7","PIAGGIO","125","X9 EVO","SCOOTER","2",2007,37,1,2,6000,"7","PEUGEOT",50,"XP6 SUPERMOTARD TOP ROAD","TRAIL / SUPERMOTARD",2,2006,38,2,1,3000,"7","",NA,"","",NA,NA,NA,NA,NA,NA,NA,19000,"4",9,NA,NA,NA,NA,NA,NA,NA,"NRP","NRP","NRP","NRP","NRP","NRP","1983","1984","NRP","","","","Motorcycle"
"261",1026,5279,"272",1,0,6,"","",NA,NA,NA,0,6,"","","",NA,NA,0,5,"","",NA,"",NA,0,3,"","",NA,NA,NA,0,5,"","","","","",0,5,"","","",NA,NA,0,4,"",NA,NA,NA,NA,2,5,"2005","2012","",NA,NA,0,4,"","","","","",0,6,"","","","","",0,6,"","","","","",0,4,"","",NA,NA,NA,0,3,"","","",NA,NA,0,5,"","",NA,NA,NA,1,2,4,"2012","2014","","","","villard de lans","Marseille","","","","dans la montée d'un col de montagne, une voiture venant en sens inverse à couper le virage se retrouvant dans ma voie de circulation. j'ai alors percuter la barrière de protection pour l'éviter.","Sur un rond point ( à deux voies)une voiture à brusquement changer de voie de circulation venant alors me percuter","","","",0,0,6,0,10,1,71,"15",2012,"villard de lans","2012","Autre(s) type(s) d'accident(s).","5","6","",NA,"",NA,"","Lors de la monté d'un col en direction de Villard de Lans, alors que je prenais un virage à gauche une voiture à ""couper"" le virage se retrouvant face à moi sur ma vois de circulation.  Dans un premiers temps j'ai réussi à éviter le choc frontal en m'engageant entre la voiture et la barrière de sécurité (il y avait à peine 1,5metre entre les deux). Malheureusement le virage se refermant et me trouvant en dehors de ma trajectoire je n'ai pu éviter le choc contre la barrière de sécurité car . J'ai eu le réflexe de bloquer volontairement la roue arrière par un freinage appuyer. Ce geste m'a permis d'éviter un choc frontal contre la barrière que j'ai heurter de 3/4 glissant ensuite contre la barrière sur une vingtaine de mètre sans tomber.","L'élément qui à transformer la situation ""normale"" en accident est le fait que le conducteur de la voiture qui à "" couper"" le virage sans visibilité s'est retrouver sur ma voix de circulation.","Dans un premier temps j'ai éviter le choc frontal avec la voiture par un évitement en me glissant entre elle et la barrière de sécurité. Dans un second temps j'ai eu le réflexe inconscient de bloquer la roue arrière par un freinage appuyer pour éviter de heurter frontalement la barrière ( le virage se refermant, me trouvant en dehors de la trajectoire normale je n'avais alors plus la possibilité de tourner).  J'ai l'ai alors heurter de 3/4  et glisser contre sur une vingtaine de mètre sans tomber.  Le conducteur n'a eu aucune réaction et ne s'est pas arrêter.","NRP","0","","","la voiture sortant du virage sur ma voie de circulation au moment ou moi même je n'y engage, je n'avait d'autre solution que l'évitement par la droite ( entre la voiture et la barrière ). le virage se refermant je n'avais plus la possibilité de ""tourner"". Je n'ai eu d'autre choix que d'essayer de minimiser le choc contre la barrière.","2","1","2","","NSP","1","Si le conducteur n'avait pas ""couper"" le virage en se retrouvant sur ma voie de circulation il n'y aurais pas eu d'accident.","1","2","3",6,NA,"","","1",NA,3,NA,NA,"2",NA,"Lorsque j'ai heurter et glisser le long de la barrière j'ai eu peur de passer par dessus celle ci avec la moto et de tomber dans le précipice qu'il y avait ( plusieurs dizaines de mètres)","4","3","","","1","1","3","4","3","1","1","1",4,1,4,4,4,10,NA,NA,NA,NA,NA,NA,NA,NA,2,"","","","",NA,NA,NA,NA,2,2,NA,2,1,1,1,0,100,0,0,0,"2","","","",NA,NA,"1","1","","",NA,2,1,4,7,NA,NA,NA,NA,NA,0,NA,3,"2","3",NA,0,70,1,10,2,3,4,7,NA,NA,"",NA,"4","4","4","4","4","4","YAMAHA","600","FZS FAZER","ROADSTER","2","1","1",1,1,1,"1",1,1,1,"1","75000","12","4","0","","","","","","","","27AUG1967","8","2","3",2,4,4,2,"NRP","","","",1,0,0,1,0,1,"BMW",800,"F800R","ROADSTER","2","2012","28",1,2,15000,"7","","","","","","","",NA,NA,NA,"","","","","","",NA,NA,NA,NA,NA,"","",NA,"","",NA,NA,NA,NA,NA,NA,"","",NA,"","",NA,NA,NA,NA,NA,NA,NA,15000,"4",3,NA,NA,NA,NA,NA,NA,NA,"NRP","NRP","NRP","NRP","2002","NRP","NRP","1986","NRP","","","","Motorcycle"