"","Ligne","Ligne.Q.qualif","Ligne.approfondissement.Accident","ACCIDENT","NBACC1","ACCFREQUENCE1","ANNEEACC1_1","ANNEEACC1_2","ANNEEACC1_3","ANNEEACC1_4","ANNEEACC1_5","NBACC2","ACCFREQUENCE2","ANNEEACC2_1","ANNEEACC2_2","ANNEEACC2_3","ANNEEACC2_4","ANNEEACC2_5","NBACC3","ACCFREQUENCE3","ANNEEACC3_1","ANNEEACC3_2","ANNEEACC3_3","ANNEEACC3_4","ANNEEACC3_5","NBACC4","ACCFREQUENCE4","ANNEEACC4_1","ANNEEACC4_2","ANNEEACC4_3","ANNEEACC4_4","ANNEEACC4_5","NBACC5","ACCFREQUENCE5","ANNEEACC5_1","ANNEEACC5_2","ANNEEACC5_3","ANNEEACC5_4","ANNEEACC5_5","NBACC6","ACCFREQUENCE6","ANNEEACC6_1","ANNEEACC6_2","ANNEEACC6_3","ANNEEACC6_4","ANNEEACC6_5","NBACC7","ACCFREQUENCE7","ANNEEACC7_1","ANNEEACC7_2","ANNEEACC7_3","ANNEEACC7_4","ANNEEACC7_5","NBACC8","ACCFREQUENCE8","ANNEEACC8_1","ANNEEACC8_2","ANNEEACC8_3","ANNEEACC8_4","ANNEEACC8_5","NBACC9","ACCFREQUENCE9","ANNEEACC9_1","ANNEEACC9_2","ANNEEACC9_3","ANNEEACC9_4","ANNEEACC9_5","NBACC10","ACCFREQUENCE10","ANNEEACC10_1","ANNEEACC10_2","ANNEEACC10_3","ANNEEACC10_4","ANNEEACC10_5","NBACC11","ACCFREQUENCE11","ANNEEACC11_1","ANNEEACC11_2","ANNEEACC11_3","ANNEEACC11_4","ANNEEACC11_5","NBACC12","ACCFREQUENCE12","ANNEEACC12_1","ANNEEACC12_2","ANNEEACC12_3","ANNEEACC12_4","ANNEEACC12_5","NBACC13","ACCFREQUENCE13","ANNEEACC13_1","ANNEEACC13_2","ANNEEACC13_3","ANNEEACC13_4","ANNEEACC13_5","NBACC14","ACCFREQUENCE14","ANNEEACC14_1","ANNEEACC14_2","ANNEEACC14_3","ANNEEACC14_4","ANNEEACC14_5","AUTRESACC","NBAUTRESACC","TOTAL_AC","ANNEEAUTREACC1","ANNEEAUTREACC2","ANNEEAUTREACC3","ANNEEAUTREACC4","ANNEEAUTREACC5","LIEUAUTREACC1","LIEUAUTREACC2","LIEUAUTREACC3","LIEUAUTREACC4","LIEUAUTREACC5","DESCRIPTIONAUTRESACC1","DESCRIPTIONAUTRESACC2","DESCRIPTIONAUTRESACC3","DESCRIPTIONAUTRESACC4","DESCRIPTIONAUTRESACC5","NBAUTRESACCCIRCUIT","NBAUTRESTOUTTERRAIN","EXPCYCLO","EXP125","EXPSUP125","ACCORDNEXTQ","CHOIXACC","RGPMTACC","RECUPANNEE","RECUPLIEU","RECUPANNE","RGPMTAC","CHOIX1","CHOIX2","CHOIX3","CHOIX4","CHOIX5","CHOIX6","CHOIX7","DESCRIPTION","RUPTURE","FAITS","ABS_REACTION","AUTRE_REACTION","PRECISIONREACTIONOUI","RECUL","PRECISIONREACTIONNON","IMPACTCOMPORTEMENT","AUTREUSAGER","REACTIONAUTREUSAGER","CONNAISSANCEREACTIONUSAGER","DIFFICULTES","AGGRAVATION","DIFFICULTES2","EMOTIONS1","EMOTIONS2","EMOTIONS3","EMOTIONS4","EMOTIONS5","EMOTIONS6","AUTRESENTIMENT","CLASSEMENTEMOTIONS1","CLASSEMENTEMOTIONS","CLASSEMENTEMOTIONS5","CLASSEMENTEMOTIONS6","CLASSEMENTEMOTIONS7","CLASSEMENTEMOTIONS8","CLASSEMENTEMOTIONS9","EXPLICATIONRESSENTI","BIENEQUIPE","ALLURE","ALLUREVITEDETAIL","ALLURELENTEDETAIL","SITUATIONPRESSE","SITUATIONDISTRAIT","SITUATIONCONFIANT","SITUATIONCONTROLE","SITUATIONLUDIQUE","SITUATIONPERF","SITUATIONSTRESS","SITUATIONFATIGUE","HUMEURNEUTRE","HUMEURGAI","HUMEURMECONTENT","HUMEURTRISTE","HUMEURCOLERE","CONTRIBUTION1","CONTRIBUTION2","CONTRIBUTION3","CONTRIBUTION4","CONTRIBUTION5","CONTRIBUTION6","CONTRIBUTION7","CONTRIBUTION8","CONTRIBUTION9","ROLEINFRA","ELEMENTINFRA1","ELEMENTINFRA2","ELEMENTINFRA3","ELEMENTINFRA4","ELEMENTINFRA5","ELEMENTINFRA6","ELEMENTINFRA7","ELEMENTINFRA8","ELEMENTINFRA9","ALCOOL","TXALCOOL","STUP","SEMAINE","MOMENTJOURNEE","TEMPS","CAUSEACC1","CAUSEACC2","CAUSEACC3","CAUSEACC4","CAUSEACC5","FORMATIONCAUSE","FORMATION1","FORMATION2","FORMATION3","FORMATION4","FORMATION5","TRAFIC","CHAUSSEE1","CHAUSSEE2","CHAUSSEE3","CHAUSSEE4","TYPEACC","BLESSURE","TETE","COU","THORAX","MEMBRESSUP","COLONNE","BASSIN","MEMBRESINF","HOPITAL","PLUS24H","TRAJET","TYPEROUTE","MOTIF","SENSTRAJET","PASSAGER","VITESSE","DESCEQ1","DESCEQ2","DESCEQ3","DESCEQ4","DESCEQ5","DESCEQ6","DESCEQ7","DESCEQ8","DESCEQ9","DESCEQ10","VEHICULEETE","VEHICULEAUTOMNE","VEHICULEPRINTEMPS","VEHICULEHIVER","VEHICULESEMAINE","VEHICULEWE","VEHMARQUE","VEHCYLINDREE","VEHMODELE","VEHSEGMENT","VEHSIDE","EQ2RMABS","EQ2RMCBS","EQ2RMABSCBS","EQ2RMREGULATEUR","EQ2RMLIMITEUR","EQ2RMPHARESDIRECT","EQ2RMCOUPURE","EQ2RMANTIPATINAGE","EQ2RMANTIXHEELING","EQ2RMSTABILILTE","VEHKM","POINTS","DUREE","AUTRE2RM","VEHPRECMARQUE","VEHPRECCYLINDREE","VEHPRECMODELE","VEHPRECSEGMENT","VEHPRECSIDE","TEMPS2RMPREC","FREQVEHPREC","DATE_NAISS","CSP","SOCIETAIRE","SALARIE","SECTEUR2RM","NBPERSFOYER","SITFAM","NBENF","TRNBENF1","TRNBENF2","TRNBENF3","TRNBENF4","NBAUTOFOYER","NBCYCLOFOYER","NBSCOOTFOYER","NBMOTOFOYER","NBTRIKEFOYER","NB2RMCONDUIT","MARQUE1","CYLINDREE1","MODELE1","SEGMENT1","SIDE1","ANMISECIRCU1","ASS1","FREQ1","USAGE1","NBKM1","GARAGE1","MARQUE2","CYLINDREE2","MODELE2","SEGMENT2","SIDE2","ANMISECIRCU2","ASS2","FREQ2","USAGE2","NBKM2","GARAGE2","MARQUE3","CYLINDREE3","MODELE3","SEGMENT3","SIDE3","ANMISECIRCU3","ASS3","FREQ3","USAGE3","NBKM3","GARAGE3","MARQUE4","CYLINDREE4","MODELE4","SEGMENT4","SIDE4","ANMISECIRCU4","ASS4","FREQ4","USAGE4","NBKM4","GARAGE4","MARQUE5","CYLINDREE5","MODELE5","SEGMENT5","SIDE5","ANMISECIRCU5","ASS5","FREQ5","USAGE5","NBKM5","GARAGE5","NBKMTOT","PERMIS1","PERMIS2","PERMIS3","PERMIS4","PERMIS5","PERMIS6","PERMIS7","PERMIS8","PERMIS9","ANPERMIS1","ANPERMIS6","ANPERMIS7","ANPERMIS2","ANPERMIS3","ANPERMIS8","ANPERMIS9","ANPERMIS4","ANPERMIS5","X","X.1","X.2","isScooter"
"262",1161,5316,"103",1,0,5,"","",NA,NA,NA,0,4,"","","",NA,NA,0,5,"","",NA,"",NA,0,2,"","",NA,NA,NA,1,5,"2004","","","","",0,4,"","","",NA,NA,0,3,"",NA,NA,NA,NA,0,5,"","","",NA,NA,1,6,"2004","","","","",0,4,"","","","","",0,6,"","","","","",0,3,"","",NA,NA,NA,0,3,"","","",NA,NA,0,4,"","",NA,NA,NA,0,NA,2,"","","","","","","","","","","","","","","",NA,NA,3,0,37,1,41,"9",2004,"","2004","Vous avez fait une sortie de route, une perte de contrôle ou une glissade sans rien percuter.","2","","",NA,"",NA,"","Chute et glissade de la moto après un freinage d'urgence sur route détrempée (véhicule arrivant rapidement sur ma droite) à une intersection de deux rues à Saint-Denis de la Réunion.","Sous estimation de la vitesse du véhicule arrivant sur ma droite. Vitesse excessive de ma part roulant sur une route détrempée et arrivant à une intersection. Freinage d'urgence avec une moto non équipée de l'ABS.","Freinage d'urgence et trop important de la moto à partir du frein avant par rapport à l'utilisation du frein arrière (effet de surprise à la vue du véhicule qui arrivait). La moto se couche et glisse légèrement sur la rue devant le véhicule automobile qui arrivait sur ma droite (perte d'adhérence de la roue avant). Pas de blessure lors de cet accident ni de choc avec l'autre véhicule, la glissade de la moto est stoppée par le trottoir d'en face.","NRP","0","","","Avec les mêmes conditions d'adhérence de la route et une vitesse un peu excessive dans ces conditions de circulation, en particulier dans cette région de l'océan indien (route très grasse dès les premières pluies, effet de verglas d'été) je ne pense pas avoir d'autre alternative qu'un freinage d'urgence pour éviter la collision avec l'automobile qui arrivait rapidement sur ma droite","1","0","","","","","","2","6","9",NA,NA,"","L'effet de surprise a été bref, une fois l'action brusque sur le levier et la pédale de freins de la moto, la roue avant s'est dérobée et la chute de la moto a été immédiate.","",1,NA,NA,NA,"2",3,"Je ne m'attendais pas à voir un véhicule arriver sur ma droite, véhicule que j'ai aperçu au dernier moment, il était déjà trop tard pour franchir l'intersection sans risquer d'entrer en collision avec l'automobile qui avait la priorité. Les conditions météo étaient mauvaises, un gros orage s'abattait sur la ville à l'instant précis de l'accident.","3","1","3","","2","3","2","2","2","1","1","1",4,4,1,4,4,1,3,4,7,NA,NA,NA,NA,NA,1,"2","3","","",NA,NA,NA,NA,2,2,NA,2,2,1,2,60,0,0,10,30,"2","","","",NA,NA,"2","2","AUT|verglas d'été","",NA,1,NA,NA,NA,NA,NA,NA,NA,NA,NA,NA,2,"1","3",NA,0,60,1,10,2,3,4,7,NA,NA,"",NA,"4","4","4","2","4","3","HONDA","650","TRANSALP","TRAIL / SUPERMOTARD","2","1","1",1,1,1,"1",1,1,1,"1","14000","12","4","1","APRILIA","650","PEGASO","TRAIL / SUPERMOTARD","2","4","2","31MAY1958","7","1","3",2,2,3,NA,"NRP","","","",1,0,0,2,0,2,"BMW",800,"F800GS","TRAIL / SUPERMOTARD","2","2010","37",3,1,4000,"7","BMW","800","F800R ABS","ROADSTER","2","2012","37",3,1,1000,"7","","","","","",NA,NA,NA,NA,NA,"","",NA,"","",NA,NA,NA,NA,NA,NA,"","",NA,"","",NA,NA,NA,NA,NA,NA,NA,5000,"3",4,NA,NA,NA,NA,NA,NA,NA,"NRP","NRP","NRP","NRP","1977","NRP","NRP","1978","NRP","","","","Motorcycle"
"263",567,5320,"379",1,1,4,"1974","",NA,NA,NA,0,4,"","","",NA,NA,0,4,"","",NA,"",NA,0,4,"","",NA,NA,NA,1,4,"1985","","","","",0,4,"","","",NA,NA,0,3,"",NA,NA,NA,NA,0,4,"","","",NA,NA,1,6,"1979","","","","",0,4,"","","","","",0,4,"","","","","",0,4,"","",NA,NA,NA,1,4,"1980","","",NA,NA,0,4,"","",NA,NA,NA,0,NA,4,"","","","","","","","","","","","","","","",NA,NA,4,1,20,1,21,"5",1985,"","1985","Vous circuliez sur un axe prioritaire. Un véhicule venant dun axe non prioritaire vous a coupé la route.","4","5","6",NA,"",NA,"","je circulais en ville, sur une avenue que je connais très bien, à moins d'un kilomètre de chez moi. Au carrefour, les feux étaient clignotants, je suis passé, mais de la gauche est arrivée une voiture que j'ai percutée sur la portière avant droite. 4 blessés. La voiture a fait un tonneau.","cet accident est du: feu tricolores qui fonctionnaient ce jour en feux orange clignotant au fait que j'étais pressé, que j'avais la priorité et que je roulai vite au fait que la voiture n'a pas ralenti à l'approche du carrefour","je ne me souviens de rien 3 blessés dans la voiture, la passagère coté porte droite, et les enfants passagers. (coupures dus à des bris de glace)","1","1","NRP","NRP","","2","1","2","","a été surpris par ma vitesse, ne s'y attendai pas","1","si la voiture avait ralenti vis à vis du danger potentiel venant de la droite, elle aurait pu s'arréter","7","","",NA,NA,"","","",NA,NA,NA,NA,"",NA,"","2","1","3","","3","2","3","2","1","1","1","1",4,3,4,4,4,1,2,3,5,NA,NA,NA,NA,NA,1,"4","","","",NA,NA,NA,NA,2,2,NA,2,2,1,1,50,50,0,0,0,"2","","","",NA,NA,"1","1","","",NA,2,1,4,NA,NA,NA,NA,NA,NA,1,0,1,"1","3",NA,0,80,1,10,2,5,NA,NA,NA,NA,"",NA,"4","4","4","4","4","4","YAMAHA","1100","XS","ROADSTER","2","1","1",1,1,1,"1",1,1,1,"1","30","12","3","1","YAMAHA","500","XS","ROADSTER","2","3","4","11SEP1959","5","2","3",1,6,4,4,"NRP","","","",2,0,0,1,0,1,"HONDA",700,"DN-01","CUSTOM","2","2010","31",2,2,15000,"7","","","","","","","",NA,NA,NA,"","","","","","",NA,NA,NA,NA,NA,"","",NA,"","",NA,NA,NA,NA,NA,NA,"","",NA,"","",NA,NA,NA,NA,NA,NA,NA,15000,"3",4,NA,NA,NA,NA,NA,NA,NA,"NRP","NRP","NRP","NRP","1978","NRP","NRP","1978","NRP","","","","Motorcycle"
"264",552,5321,"229",1,0,4,"","",NA,NA,NA,0,5,"","","",NA,NA,1,6,"2005","",NA,"",NA,0,2,"","",NA,NA,NA,0,2,"","","","","",0,4,"","","",NA,NA,0,3,"",NA,NA,NA,NA,1,4,"1998","","",NA,NA,0,4,"","","","","",0,3,"","","","","",1,5,"2003","","","","",0,3,"","",NA,NA,NA,0,3,"","","",NA,NA,0,3,"","",NA,NA,NA,0,NA,3,"","","","","","","","","","","","","","","",NA,NA,3,2,19,1,51,"11",2003,"","2003","Vous circuliez sur un axe constitué dau moins "" 2 X 2 voies "" (en urbain, périph, autoroute, RN ). Un véhicule vous a coupé la route en changeant de voie pour se placer sur celle de gauche.","4","","",NA,"",NA,"","c'est un bus qui m'a coupé la route, je pense qu'il se sente invulnérable et prioritaire vu leur taille.","Le bus s'est rapproché de moi alors que j'étais au niveau de la vitre conducteur, j'ai essayé de l'éviter et j'ai comlpris que je ne pourrais pas.","j'ai essayé de changer de trajectoire mais le choc était inévitable","NRP","1","j'aurais dû plus anticiper le changement de voie du bus","j'étais pressé pour ne pas arriver en retard au travail!!!","","2","1","NSP","","NSP","1","il se croit prioritaire en rapport avec la taille du véhicule","9","","",NA,NA,"","J'ai compris que le choc était inévitable, j'ai essayé de m'y préparer","",NA,NA,NA,NA,"",1,"l'adrénaline","3","1","2","","4","1","4","4","1","1","1","1",2,3,4,4,4,3,NA,NA,NA,NA,NA,NA,NA,NA,2,"","","","",NA,NA,NA,NA,2,2,NA,2,1,1,1,50,50,0,0,0,"2","","","",NA,NA,"3","1","","",NA,2,1,4,7,NA,NA,NA,NA,NA,1,1,1,"4","1",1,0,40,1,2,3,4,7,NA,NA,NA,"",NA,"4","4","4","3","4","4","HONDA","800","VFR-F","Routière / GT","2","1","0",1,1,1,"1",1,1,1,"1","60000","12","4","1","HONDA","600","CBR 600F","SPORTIVE","2","4","4","29JAN1976","5","1","3",2,3,4,1,"NRP","","","",3,1,0,5,1,6,"DUCATI",1198,"1198 SUPERBIKE","SPORTIVE","2","2010","37",2,2,6000,"7","HONDA","600","CBR-RR IE","SPORTIVE","2","2008","37",3,1,5000,"7","KTM","525","EXC RACING","TOUT TERRAIN (TRIAL, ENDURO, CROSS)","2",2006,37,3,1,2000,"7","GAS GAS",300,"EC ENDUCROSS","TOUT TERRAIN (TRIAL, ENDURO, CROSS)",2,2003,37,3,1,2000,"7","LINHAI",300,"QUAD HYTRACK 4X2 HOMOLOGUE","QUAD",2,2006,37,4,1,500,7,15500,"2",3,4,NA,NA,NA,NA,NA,NA,"NRP","NRP","NRP","1993","1994","NRP","NRP","1994","NRP","","","","Motorcycle"
"265",816,5337,"444",1,0,4,"","",NA,NA,NA,0,5,"","","",NA,NA,0,5,"","",NA,"",NA,1,3,"1980","",NA,NA,NA,0,3,"","","","","",0,3,"","","",NA,NA,0,2,"",NA,NA,NA,NA,0,2,"","","",NA,NA,1,5,"NSP","","","","",1,5,"NSP","","","","",3,6,"1984","2000","2011","","",0,3,"","",NA,NA,NA,0,5,"","","",NA,NA,0,2,"","",NA,NA,NA,0,NA,6,"","","","","","","","","","","","","","","",NA,NA,2,3,35,1,53,"11",2011,"","2011","Vous circuliez sur un axe constitué dau moins "" 2 X 2 voies "" (en urbain, périph, autoroute, RN ). Un véhicule vous a coupé la route en changeant de voie pour se placer sur celle de gauche.","4","","",NA,"",NA,"","un véhicule 'a coupé la route, m'obligeant à freiner très brusquement pour l'éviter, ce avec succès. Le motard qui me suivait ne respectait pas les distances de sécurité, et m'a percuté par l'arrière de plein fouet. le choc a projeté ma moto par terre et moi par la même occasion. j'ai fini ma glissade dans le véhicule qui m'avait coupé la route, ma moto ayant heureusement suivi une autre trajectoire.","le manque de respect de la distance de sécurité par le motard qui me suivait","coupure de ma trajectoire par l'automobiliste devant moi.  Freinage d'urgence de ma part, avec arrêt à un mètre de l'automobile, qui s'est arrêté quelques mètres plus loin.  incapacité de freinage de la part du motard qui me suivait de (beaucoup) trop près, me heurtant avec violence au niveau du porte-bagage.","NRP","0","","","parce que j'ai réussi à m'arrêter avant de heurter la voiture qui m'avait coupé la route.","2","1","2","","je pense qu'il ne regardait pas devant lui, du fait de la vitesse qu'il observait au moment ou il m'a heurté.","1","il n'a pas ""aggravé"" l'accident. Il l'a provoqué. c'est lui qui m'a propulsé dans la voiture devant moi.","1","6","9",NA,NA,"","un sentiment de colère, genre ""Ah le con ! "" j'avais déjà remarqué que le motard me suivait de trop près. j'ai eu moins de colère envers l'automobiliste qui, au moins, s'est arrêté quand il a vu qu'il avait provoqué l'accident.","3",NA,NA,NA,NA,"1",2,"je savais que j'avais 9 chances sur 10 pour que je sois percuté par le motard derrière, en fait, j'ai attendu (un très court moment!) le choc.","4","3","","","1","1","3","3","1","1","1","2",1,4,2,4,4,10,NA,NA,NA,NA,NA,NA,NA,NA,2,"","","","",NA,NA,NA,NA,2,2,NA,2,1,1,1,0,100,0,0,0,"1","AUT|la formation n'insiste pas assez sur la distance de sécurité","","",NA,NA,"2","1","","",NA,2,0,NA,NA,NA,NA,NA,NA,NA,NA,NA,1,"4","1",1,0,60,1,2,3,4,7,9,NA,NA,"",NA,"4","4","4","4","4","4","HONDA","750","AFRICA TWIN","TRAIL / SUPERMOTARD","null","1","1",1,1,1,"1",1,1,1,"1","124000","10","4","1","HONDA","750","AFRICA TWIN","TRAIL / SUPERMOTARD","2","4","4","28NOV1960","5","2","3",2,1,1,NA,"NRP","","","",1,0,0,2,0,2,"HONDA",750,"AFRICA TWIN","TRAIL / SUPERMOTARD","2","1994","29",1,2,30000,"7","HONDA","750","AFRICA TWIN","TRAIL / SUPERMOTARD","2","1993","29",3,1,5000,"7","","","","","",NA,NA,NA,NA,NA,"","",NA,"","",NA,NA,NA,NA,NA,NA,"","",NA,"","",NA,NA,NA,NA,NA,NA,NA,35000,"2",3,4,NA,NA,NA,NA,NA,NA,"NRP","NRP","NRP","1977","1979","NRP","NRP","1984","NRP","","","","Motorcycle"
"266",1284,5341,"192",1,0,5,"","",NA,NA,NA,0,5,"","","",NA,NA,0,5,"","",NA,"",NA,0,4,"","",NA,NA,NA,0,4,"","","","","",0,4,"","","",NA,NA,0,2,"",NA,NA,NA,NA,0,4,"","","",NA,NA,0,4,"","","","","",0,5,"","","","","",0,5,"","","","","",0,3,"","",NA,NA,NA,1,5,"1979","","",NA,NA,0,4,"","",NA,NA,NA,0,NA,1,"","","","","","","","","","","","","","","",NA,NA,2,2,40,1,61,"13",1979,"","1979","Vous circuliez derrière un véhicule. Ce véhicule a freiné ou a ralenti et vous lavez percuté par larrière.","1","","",NA,"",NA,"","Je repartais du grand prix de France au Mans le 2 septembre 1979 avec ma passagère. Beau grand prix autant que je m'en souvienne.  Il y avait du monde et je restais tranquillement dans ma file.  Devant moi, il y avait la camionnette de Vic SOUSSAN (pilote de l'époque).  Manque de concentration, je n'ai pas vu le ralentissement de la camionnette et je l'ai percutée.  Nous ne roulions pas vite mais le choc a suffit pour plier la fourche de ma Suzuki GS750.  Ni ma passagère, ni moi n'avons été blessés.  Cet accident sans gravité, sauf pour mon porte-monnaie, a finalement été une bonne chose : ma passagère qui n'était qu'une amie est devenue ma petite-amie suite à l'accident et puis elle est devenue ma femme. :o)","Pas la fatigue car nous n'avions pas fait la fête la nuit précédente et nous n'avions pas consommé d'alcool.  Certainement, un manque de concentration, de vigilance.  Vu la lenteur à laquelle nous roulions, peut-être que je parlais avec ma passagère (le sujet pouvait peut-être être Vic SOUSSAN) et je n'étais pas assez attentif à la circulation.","Cela fait loin mais je pense ne pas avoir eu le temps de freiner ou alors j'ai bloqué la roue avant.  De toutes façons je devais suivre de trop près le véhicule qui me précédait. Le conducteur de la camionnette est sorti de son véhicule calmement pour constater que sa camionnette n'avait rien.","3","1","Oui, j'aurais du laisser plus d'espace entre ma moto et le véhicule précédent et être plus concentré. Dans ce cas, j'aurais pu freiner et m'arrêter avant de percuter le véhicule précédent.","Peut-être le plaisir d'une bonne journée de GP, le plaisir d'avoir ma passagère derrière moi ne m'ont pas permis d'être assez à ma conduite.","","3","1","2","","L'autre usager ne pouvait rien faire pour éviter l'accident car il devait s'arrêter pour ne pas percuter le véhicule précédent et il n'avait pas la place pour faire un évitement. En plus il ne pouvait pas me voir dans ses rétroviseurs extérieurs car j'étais au milieu de ma file et que l'arrière de sa camionnette n'était pas vitré.","2","Il n'y avait rien d'anormal dans la conduite de l'autre usager.","2","","",NA,NA,"","","",1,NA,NA,NA,"",NA,"Tout simplement par ce que je ne m'attendais pas au choc","3","3","","","1","4","3","4","1","1","1","2",4,3,4,4,4,4,NA,NA,NA,NA,NA,NA,NA,NA,2,"","","","",NA,NA,NA,NA,2,2,NA,2,2,1,1,100,0,0,0,0,"2","","","",NA,NA,"3","1","","",NA,1,NA,NA,NA,NA,NA,NA,NA,NA,NA,NA,3,"1","3",NA,1,30,1,2,3,4,NA,NA,NA,NA,"",NA,"4","4","4","3","3","3","SUZUKI","750","GS","ROADSTER","2","1","1",1,1,1,"1",1,1,1,"1","12000","12","3","1","HONDA","400","CB-F1 ""SUPERSPORT""","ROADSTER","2","4","3","16OCT1956","6","2","3",2,3,4,1,"NRP","","","",3,0,0,3,0,1,"TRIUMPH",1200,"TIGER EXPLORER","TRAIL / SUPERMOTARD","2","2012","29",1,2,12500,"7","","","","","","","",NA,NA,NA,"","","","","","",NA,NA,NA,NA,NA,"","",NA,"","",NA,NA,NA,NA,NA,NA,"","",NA,"","",NA,NA,NA,NA,NA,NA,NA,12500,"4",3,NA,NA,NA,NA,NA,NA,NA,"NRP","NRP","NRP","NRP","1973","NRP","NRP","1975","NRP","","","","Motorcycle"
"267",307,5357,"284",1,0,4,"","",NA,NA,NA,0,4,"","","",NA,NA,0,4,"","",NA,"",NA,0,4,"","",NA,NA,NA,1,6,"1998","","","","",0,4,"","","",NA,NA,0,4,"",NA,NA,NA,NA,0,5,"","","",NA,NA,1,5,"2013","","","","",0,4,"","","","","",0,4,"","","","","",0,5,"","",NA,NA,NA,0,4,"","","",NA,NA,0,3,"","",NA,NA,NA,0,NA,2,"","","","","","","","","","","","","","","",NA,NA,0,0,19,1,41,"9",2013,"","2013","Vous avez fait une sortie de route, une perte de contrôle ou une glissade sans rien percuter.","6","","",NA,"",NA,"","Lors de cet accident ,le fait marquant soit que cette route n'aurait jamais du être ouverte à la circulation dans cet état car à cause des travaux et donc des déplacements de terre ajouté aux fortes pluies de la nuit ,il ,y avait une couche de 2 à 3 cm de boues glissantes sur toute la chaussée et qui était signalé que par un panneau de travaux et non de routes glissantes . De plus ,une balayeuse est arrivé sur les lieux environ une demi heure aprés car c'etait un samedi donc ils ne faisaient le nettoyage qu'à partir de 9 heures ,alors pouquoi ne pas fermé la chaussée tant que celle ci n'est pas balayé ? Ensuite ,l'autre fait marquant soit que dans ce cas précis ,je n'ai rien pu faire pour controler la moto et que malgré ma vitesse trés faible (20 ou 30 km/h) les dégats matériels furent importants et que ,physiquement ,j'ai eu une fracture de la clavicule et de deux cotes . C'est cher payé pour une négligence ...","La chaussée rendu glissante par la boue et non ""anticipable"" car non signalé","Je me souviens avoir constaté rapidement la perte de controle de la moto et j'ai donc ralenti lentement et je n'ai pas utilisé les freins mais malgré tout ,j'ai chuté et ensuite je ne me souviens plus ce qui s'est passé . Je pense que d'autres usagers sont intervenu pour relevé et déplacé ma moto mais je n'en ai plus aucun souvenir .","NRP","0","","","la perte de controle était inévitable","2","0","","","","","","1","2","3",6,NA,"","","",2,3,NA,NA,"1",NA,"Ne pas pouvoir controlé son véhicule est trés destabilisant surtout en moto du au manque de stabilité .","4","3","","","1","1","3","3","1","1","1","1",1,3,1,4,3,7,NA,NA,NA,NA,NA,NA,NA,NA,1,"3","6","7","",NA,NA,NA,NA,2,2,NA,2,2,1,2,30,0,0,40,30,"NSP","","","",NA,NA,"2","2","5","7",NA,2,1,3,4,NA,NA,NA,NA,NA,1,0,2,"2","3",NA,0,25,1,2,3,4,9,NA,NA,NA,"",NA,"4","4","4","4","4","4","YAMAHA","1700","MT-01","ROADSTER","2","1","1",1,1,1,"1",1,1,1,"1","30000","12","4","1","SUZUKI","1200","BANDIT-S","ROADSTER","null","4","3","16MAR1971","8","1","3",2,3,4,1,"NRP","","","",1,0,0,1,0,1,"YAMAHA",1700,"MT-0S","Routière / GT","2","2010","37",1,2,10000,"7","","","","","","","",NA,NA,NA,"","","","","","",NA,NA,NA,NA,NA,"","",NA,"","",NA,NA,NA,NA,NA,NA,"","",NA,"","",NA,NA,NA,NA,NA,NA,NA,10000,"3",4,NA,NA,NA,NA,NA,NA,NA,"NRP","NRP","NRP","NRP","1996","NRP","NRP","1990","NRP","","","","Motorcycle"
"268",1085,5365,"327",1,0,6,"","",NA,NA,NA,0,6,"","","",NA,NA,0,6,"","",NA,"",NA,0,4,"","",NA,NA,NA,1,5,"1997","","","","",0,6,"","","",NA,NA,2,3,"1985",1986,NA,NA,NA,1,3,"1990","","",NA,NA,3,5,"1995","1996","1997","","",0,5,"","","","","",0,6,"","","","","",0,4,"","",NA,NA,NA,1,4,"1996","","",NA,NA,0,5,"","",NA,NA,NA,0,NA,8,"","","","","","","","","","","","","","","",NA,NA,2,0,28,1,36,"8",1990,"","1990","Vous avez fait une sortie de route, une perte de contrôle ou une glissade puis avez percuté un obstacle fixe (panneau, arbre poteau ).","6","","",NA,"",NA,"","Dans une file de voiture, arreté à un feu tricolore en 2ème ou 3ème position. Le feu passe au vert, je démarre et accélère juste au niveau du passage piéton... la chaussée est grasse (je m'en rend compte après l'accident!), les peintures de l'époque non antidérapantes, je suis jeune conducteur au guidon d'une 1000 Bol d'or... la moto part en sucette, je perd le contrôle et vais m'éclater dans une barrière en acier qui borde tout le boulevard où je me trouve. Concours de circonstances qui me vaut une évacuation par le SAMU au CHU de Montpellier, une grosse frayeur qui me fait réaliser que même sans faire ""le con"" on peut se faire très mal, voir plus, en moto. Environ 6 mois de galères avec mon genou droit, un peu moins pour le gauche, et des rhumatismes qui commencent à pointer à l'aube de mes 50 piges... Un an sans monter sur une moto, par handicap et par peur aussi. Puis une 600 CBR, une 750 VFR, une 900 CBR,.... de nombreux tours de pistes au Castelet, Lédenon, Albi et Nogaro sur Promosport et SBK. Aujourd'hui sur 1000Z tous les jours de l'année, par utilité et par plaisir, loin des circuits et des compétitions mais toujours motard dans l'âme! V","Chaussée grasse sur peinture non antidérapante, saupoudrer d'un manque d'expérience sur grosse cylindrée!","Rien fait! Trop rapide, juste le temps de voir la barrière arrivée vite! Moins de deux mètres entre moi et la barrière au départ....","AUT|Laps de temps trop court pour réagir et manque d'espérience.","0","","","Laps de temps trop court.","2","0","","","","","","2","3","6",NA,NA,"","","",1,2,NA,NA,"3",NA,"je ne m'attendais pas à perdre le contrôle de ma moto dans cette situation.","3","3","","","1","1","3","3","2","1","1","1",3,4,4,4,4,1,5,NA,NA,NA,NA,NA,NA,NA,1,"1","4","","",NA,NA,NA,NA,2,2,NA,2,2,1,1,20,0,0,80,0,"NSP","","","",NA,NA,"2","6","","",NA,2,1,7,NA,NA,NA,NA,NA,NA,1,0,2,"1","3",NA,0,50,1,10,2,3,4,NA,NA,NA,"",NA,"NRP","NRP","NRP","NRP","NRP","4","HONDA","1000","VF-F2","Routière / GT","2","1","1",1,1,1,"1",1,1,1,"1","NSP","12","4","1","HONDA","125","XL-R","TRAIL / SUPERMOTARD","2","4","4","19NOV1968","6","1","3",2,4,5,1,"NRP","","","",2,0,0,2,0,2,"KAWASAKI",1000,"Z 1000 IE","ROADSTER","2","2010","37",1,2,8000,"7","HONDA","900","CBR-RR FIREBLADE","SPORTIVE","2","1994","37",2,1,4000,"7","","","","","",NA,NA,NA,NA,NA,"","",NA,"","",NA,NA,NA,NA,NA,NA,"","",NA,"","",NA,NA,NA,NA,NA,NA,NA,12000,"2",3,4,NA,NA,NA,NA,NA,NA,"NRP","NRP","NRP","1985","1988","NRP","NRP","1988","NRP","","","","Motorcycle"