"","Ligne","Ligne.Q.qualif","Ligne.approfondissement.Accident","ACCIDENT","NBACC1","ACCFREQUENCE1","ANNEEACC1_1","ANNEEACC1_2","ANNEEACC1_3","ANNEEACC1_4","ANNEEACC1_5","NBACC2","ACCFREQUENCE2","ANNEEACC2_1","ANNEEACC2_2","ANNEEACC2_3","ANNEEACC2_4","ANNEEACC2_5","NBACC3","ACCFREQUENCE3","ANNEEACC3_1","ANNEEACC3_2","ANNEEACC3_3","ANNEEACC3_4","ANNEEACC3_5","NBACC4","ACCFREQUENCE4","ANNEEACC4_1","ANNEEACC4_2","ANNEEACC4_3","ANNEEACC4_4","ANNEEACC4_5","NBACC5","ACCFREQUENCE5","ANNEEACC5_1","ANNEEACC5_2","ANNEEACC5_3","ANNEEACC5_4","ANNEEACC5_5","NBACC6","ACCFREQUENCE6","ANNEEACC6_1","ANNEEACC6_2","ANNEEACC6_3","ANNEEACC6_4","ANNEEACC6_5","NBACC7","ACCFREQUENCE7","ANNEEACC7_1","ANNEEACC7_2","ANNEEACC7_3","ANNEEACC7_4","ANNEEACC7_5","NBACC8","ACCFREQUENCE8","ANNEEACC8_1","ANNEEACC8_2","ANNEEACC8_3","ANNEEACC8_4","ANNEEACC8_5","NBACC9","ACCFREQUENCE9","ANNEEACC9_1","ANNEEACC9_2","ANNEEACC9_3","ANNEEACC9_4","ANNEEACC9_5","NBACC10","ACCFREQUENCE10","ANNEEACC10_1","ANNEEACC10_2","ANNEEACC10_3","ANNEEACC10_4","ANNEEACC10_5","NBACC11","ACCFREQUENCE11","ANNEEACC11_1","ANNEEACC11_2","ANNEEACC11_3","ANNEEACC11_4","ANNEEACC11_5","NBACC12","ACCFREQUENCE12","ANNEEACC12_1","ANNEEACC12_2","ANNEEACC12_3","ANNEEACC12_4","ANNEEACC12_5","NBACC13","ACCFREQUENCE13","ANNEEACC13_1","ANNEEACC13_2","ANNEEACC13_3","ANNEEACC13_4","ANNEEACC13_5","NBACC14","ACCFREQUENCE14","ANNEEACC14_1","ANNEEACC14_2","ANNEEACC14_3","ANNEEACC14_4","ANNEEACC14_5","AUTRESACC","NBAUTRESACC","TOTAL_AC","ANNEEAUTREACC1","ANNEEAUTREACC2","ANNEEAUTREACC3","ANNEEAUTREACC4","ANNEEAUTREACC5","LIEUAUTREACC1","LIEUAUTREACC2","LIEUAUTREACC3","LIEUAUTREACC4","LIEUAUTREACC5","DESCRIPTIONAUTRESACC1","DESCRIPTIONAUTRESACC2","DESCRIPTIONAUTRESACC3","DESCRIPTIONAUTRESACC4","DESCRIPTIONAUTRESACC5","NBAUTRESACCCIRCUIT","NBAUTRESTOUTTERRAIN","EXPCYCLO","EXP125","EXPSUP125","ACCORDNEXTQ","CHOIXACC","RGPMTACC","RECUPANNEE","RECUPLIEU","RECUPANNE","RGPMTAC","CHOIX1","CHOIX2","CHOIX3","CHOIX4","CHOIX5","CHOIX6","CHOIX7","DESCRIPTION","RUPTURE","FAITS","ABS_REACTION","AUTRE_REACTION","PRECISIONREACTIONOUI","RECUL","PRECISIONREACTIONNON","IMPACTCOMPORTEMENT","AUTREUSAGER","REACTIONAUTREUSAGER","CONNAISSANCEREACTIONUSAGER","DIFFICULTES","AGGRAVATION","DIFFICULTES2","EMOTIONS1","EMOTIONS2","EMOTIONS3","EMOTIONS4","EMOTIONS5","EMOTIONS6","AUTRESENTIMENT","CLASSEMENTEMOTIONS1","CLASSEMENTEMOTIONS","CLASSEMENTEMOTIONS5","CLASSEMENTEMOTIONS6","CLASSEMENTEMOTIONS7","CLASSEMENTEMOTIONS8","CLASSEMENTEMOTIONS9","EXPLICATIONRESSENTI","BIENEQUIPE","ALLURE","ALLUREVITEDETAIL","ALLURELENTEDETAIL","SITUATIONPRESSE","SITUATIONDISTRAIT","SITUATIONCONFIANT","SITUATIONCONTROLE","SITUATIONLUDIQUE","SITUATIONPERF","SITUATIONSTRESS","SITUATIONFATIGUE","HUMEURNEUTRE","HUMEURGAI","HUMEURMECONTENT","HUMEURTRISTE","HUMEURCOLERE","CONTRIBUTION1","CONTRIBUTION2","CONTRIBUTION3","CONTRIBUTION4","CONTRIBUTION5","CONTRIBUTION6","CONTRIBUTION7","CONTRIBUTION8","CONTRIBUTION9","ROLEINFRA","ELEMENTINFRA1","ELEMENTINFRA2","ELEMENTINFRA3","ELEMENTINFRA4","ELEMENTINFRA5","ELEMENTINFRA6","ELEMENTINFRA7","ELEMENTINFRA8","ELEMENTINFRA9","ALCOOL","TXALCOOL","STUP","SEMAINE","MOMENTJOURNEE","TEMPS","CAUSEACC1","CAUSEACC2","CAUSEACC3","CAUSEACC4","CAUSEACC5","FORMATIONCAUSE","FORMATION1","FORMATION2","FORMATION3","FORMATION4","FORMATION5","TRAFIC","CHAUSSEE1","CHAUSSEE2","CHAUSSEE3","CHAUSSEE4","TYPEACC","BLESSURE","TETE","COU","THORAX","MEMBRESSUP","COLONNE","BASSIN","MEMBRESINF","HOPITAL","PLUS24H","TRAJET","TYPEROUTE","MOTIF","SENSTRAJET","PASSAGER","VITESSE","DESCEQ1","DESCEQ2","DESCEQ3","DESCEQ4","DESCEQ5","DESCEQ6","DESCEQ7","DESCEQ8","DESCEQ9","DESCEQ10","VEHICULEETE","VEHICULEAUTOMNE","VEHICULEPRINTEMPS","VEHICULEHIVER","VEHICULESEMAINE","VEHICULEWE","VEHMARQUE","VEHCYLINDREE","VEHMODELE","VEHSEGMENT","VEHSIDE","EQ2RMABS","EQ2RMCBS","EQ2RMABSCBS","EQ2RMREGULATEUR","EQ2RMLIMITEUR","EQ2RMPHARESDIRECT","EQ2RMCOUPURE","EQ2RMANTIPATINAGE","EQ2RMANTIXHEELING","EQ2RMSTABILILTE","VEHKM","POINTS","DUREE","AUTRE2RM","VEHPRECMARQUE","VEHPRECCYLINDREE","VEHPRECMODELE","VEHPRECSEGMENT","VEHPRECSIDE","TEMPS2RMPREC","FREQVEHPREC","DATE_NAISS","CSP","SOCIETAIRE","SALARIE","SECTEUR2RM","NBPERSFOYER","SITFAM","NBENF","TRNBENF1","TRNBENF2","TRNBENF3","TRNBENF4","NBAUTOFOYER","NBCYCLOFOYER","NBSCOOTFOYER","NBMOTOFOYER","NBTRIKEFOYER","NB2RMCONDUIT","MARQUE1","CYLINDREE1","MODELE1","SEGMENT1","SIDE1","ANMISECIRCU1","ASS1","FREQ1","USAGE1","NBKM1","GARAGE1","MARQUE2","CYLINDREE2","MODELE2","SEGMENT2","SIDE2","ANMISECIRCU2","ASS2","FREQ2","USAGE2","NBKM2","GARAGE2","MARQUE3","CYLINDREE3","MODELE3","SEGMENT3","SIDE3","ANMISECIRCU3","ASS3","FREQ3","USAGE3","NBKM3","GARAGE3","MARQUE4","CYLINDREE4","MODELE4","SEGMENT4","SIDE4","ANMISECIRCU4","ASS4","FREQ4","USAGE4","NBKM4","GARAGE4","MARQUE5","CYLINDREE5","MODELE5","SEGMENT5","SIDE5","ANMISECIRCU5","ASS5","FREQ5","USAGE5","NBKM5","GARAGE5","NBKMTOT","PERMIS1","PERMIS2","PERMIS3","PERMIS4","PERMIS5","PERMIS6","PERMIS7","PERMIS8","PERMIS9","ANPERMIS1","ANPERMIS6","ANPERMIS7","ANPERMIS2","ANPERMIS3","ANPERMIS8","ANPERMIS9","ANPERMIS4","ANPERMIS5","X","X.1","X.2","isScooter"
"275",446,5466,"176",1,0,6,"","",NA,NA,NA,0,5,"","","",NA,NA,0,5,"","",NA,"",NA,0,3,"","",NA,NA,NA,2,6,"1984","2005","","","",0,5,"","","",NA,NA,0,3,"",NA,NA,NA,NA,2,5,"1990","2009","",NA,NA,4,6,"1984","1985","1989","2003","",0,3,"","","","","",0,4,"","","","","",0,1,"","",NA,NA,NA,1,4,"NSP","","",NA,NA,0,4,"","",NA,NA,NA,1,2,11,"2000","NSP","","","","avignon","avignon","","","","chien qui traverse","portière qui s'ouvre lors d'un dépassement par la gauche d'une file arrêtée","","","",0,10,3,0,30,1,44,"9",2003,"","2003","Vous avez fait une sortie de route, une perte de contrôle ou une glissade sans rien percuter.","6","","",NA,"",NA,"","En agglomération, le soir, dans une descente, par temps de pluie (pluie continue toute la journée)à vitesse modérée (environ 60 km/h), sur un léger frein moteur, en léger virage, en passant de la droite de ma voie au centre, j'ai soudainement perdu l'avant, sans toucher aux freins.  Le centre de ma voie était extrêmement glissant (on pouvait glisser en bottes, comme sur une patinoire), sans odeur particulière, ni irisation ou coloration. Les zones parcourues par les roues des voitures ne glissaient pas.  Cet accident a été marquant car rien ne pouvait le prévenir, aucune indication de glissance n'était disponible aux sens, le sol aurait dû être lavé depuis longtemps par la pluie continue depuis le matin, et l'angle ridicule ne pouvait pas mener à cette glissade brutale, même sur du gasoil.","Une surface extrêmement glissante sans détection possible.","NRP","2","1","Rester sur la zone parcourue par les roues de droite des automobiles. C'est ce que je fais depuis.","J'ignorais que de telles conditions pouvaient exister sans détection possible, alors que la pluie aurait dû laver le sol en continu.","","2","0","","","","","","7","","",NA,NA,"","","",NA,NA,NA,NA,"",NA,"","4","3","","","1","1","3","4","1","1","1","2",1,4,4,4,4,10,NA,NA,NA,NA,NA,NA,NA,NA,1,"3","7","","",NA,NA,NA,NA,2,2,NA,2,1,3,2,1,0,0,90,9,"1","3","","",NA,NA,"1","2","AUT|glissante mais non grasse","",NA,1,NA,NA,NA,NA,NA,NA,NA,NA,NA,NA,1,"1","1",2,0,60,1,2,3,4,7,9,NA,NA,"",NA,"4","4","4","4","4","3","HONDA","600","TRANSALP +35KW","TRAIL / SUPERMOTARD","2","1","1",1,1,1,"1",1,1,1,"1","100000","12","4","1","YAMAHA","500","SR","ROADSTER","2","3","4","01JAN1965","5","1","3",2,4,4,2,"NRP","","","",3,0,0,5,0,4,"HONDA",600,"TRANSALP","TRAIL / SUPERMOTARD","2","1992","37",1,2,50000,"5","HONDA","750","AFRICA TWIN","TRAIL / SUPERMOTARD","2","1995","29",4,1,10000,"5","HONDA","600","TRANSALP","TRAIL / SUPERMOTARD","2",1999,37,4,2,1000,"5","MONTESA",250,"COTA 315R","TOUT TERRAIN (TRIAL, ENDURO, CROSS)",2,1991,37,4,1,200,"4","",NA,"","",NA,NA,NA,NA,NA,NA,NA,61200,"3",4,NA,NA,NA,NA,NA,NA,NA,"NRP","NRP","NRP","NRP","1983","NRP","NRP","1992","NRP","","","","Motorcycle"
"276",1219,5467,"111",1,0,4,"","",NA,NA,NA,0,4,"","","",NA,NA,0,4,"","",NA,"",NA,0,4,"","",NA,NA,NA,0,5,"","","","","",0,3,"","","",NA,NA,1,4,"2000",NA,NA,NA,NA,0,4,"","","",NA,NA,0,4,"","","","","",0,3,"","","","","",0,4,"","","","","",0,3,"","",NA,NA,NA,0,4,"","","",NA,NA,0,3,"","",NA,NA,NA,0,NA,1,"","","","","","","","","","","","","","","",NA,NA,2,0,23,1,31,"7",2000,"","2000","Vous avez fait une sortie de route, une perte de contrôle ou une glissade puis avez percuté un véhicule arrivant en sens inverse.","3","","",NA,"",NA,"","Une voiture sort d'une place de stationnement sur ma droite... J'attrape le frein avant, freine fort et je bascule en tonneau avant.La moto glisse et va finir sa course sous la voiture qui arrive en face.   Moi, je me receptionne sur la tete (3 impacts sur le casque): Pas de blessures, mais perte de connaissance pendant 5 mn... L'accident s'est passé en ville, a 50 km/h (La gendarmerie a confirmé que la vitesse n'etait pas en cause). Equipement porté au moment de l'accident: casque, gants ""racing"", blouson cuir coqué de partout, bottes ""racing"", et jean.  Je m'en suis tiré un peu froissé, sans blessures, et 48h en observation a l'hopital.   Responsabilité de l'accident 100% des torts pour moi car j'ai pu éviter la collision avec le vehicule qui sortait du stationnement, mais comme il y a eu collision avec le vehicule qui arrivait en face...","La chute...","Je monte sur la moto, je démarre tranquillement... je me souvient passer devant l'agence postale située 50 m après mon point de départ, et ... je me ""reveille"" 25mn après, 50 m après l'agence postale, entouré de la police municipale, les gendarmes, et les pompiers deja sur les lieux... (perte de connaissance de 5mn + 20 mn environ d'amnesie...)","NRP","0","","","je ne me souviens pas de tout...","2","1","NSP","","NSP","NSP","NSP","2","","",NA,NA,"","","",1,NA,NA,NA,"",NA,"La voiture a fait sa manoeuvre de sortie de stationnement sans se preoccuper de la presence ou non d'un autre vehicule","3","3","","","1","1","3","4","1","1","1","1",1,1,4,4,4,10,NA,NA,NA,NA,NA,NA,NA,NA,2,"","","","",NA,NA,NA,NA,2,2,NA,2,1,1,1,10,90,0,0,0,"2","","","",NA,NA,"1","1","","",NA,2,1,1,NA,NA,NA,NA,NA,NA,1,1,1,"1","3",NA,0,50,1,10,2,3,4,7,NA,NA,"",NA,"4","4","4","4","4","4","YAMAHA","600","R6 (YZF-R6)","SPORTIVE","2","1","1",1,1,1,"1",1,1,1,"1","26000","12","1","1","SUZUKI","650","SV-S","SPORTIVE","2","2","4","04AUG1973","6","1","3",2,5,4,3,"NRP","","","",1,0,0,2,0,2,"MCC",250,"YZ HOMOLOGUEE","TOUT TERRAIN (TRIAL, ENDURO, CROSS)","2","1989","37",4,1,300,"7","HONDA","750","VFR-F","Routière / GT","2","1997","37",1,2,15000,"7","","","","","",NA,NA,NA,NA,NA,"","",NA,"","",NA,NA,NA,NA,NA,NA,"","",NA,"","",NA,NA,NA,NA,NA,NA,NA,15300,"3",4,NA,NA,NA,NA,NA,NA,NA,"NRP","NRP","NRP","NRP","1992","NRP","NRP","1991","NRP","","","","Motorcycle"
"277",1087,5468,"297",1,1,4,"2005","",NA,NA,NA,0,3,"","","",NA,NA,0,4,"","",NA,"",NA,0,3,"","",NA,NA,NA,1,5,"2005","","","","",0,3,"","","",NA,NA,0,3,"",NA,NA,NA,NA,0,6,"","","",NA,NA,2,6,"2008","2014","","","",0,5,"","","","","",0,5,"","","","","",0,2,"","",NA,NA,NA,0,4,"","","",NA,NA,0,4,"","",NA,NA,NA,0,NA,4,"","","","","","","","","","","","","","","",NA,NA,4,0,11,1,1,"1",2005,"","2005","Vous circuliez sur un axe prioritaire. Un autre véhicule arrivant sur le même axe en sens opposé vous a coupé la route en tournant à gauche.","4","","",NA,"",NA,"","En traversant un croisement avec feux tricolore ( il était vert), le véhicule qui attendé pour tourner à sa gauche m'a coupé la voie. Je me suis encastré dans son aile avant droite et j'ai éjecté par dessus la voiture; Par chance je suis bien tombé et j'ai glissé sur 100 mètres sans rencontrer d'obstacle.","La personne qui conduisait la voiture ne m'a pas vu","NRP","AUT|pas eu le temps de réagir","0","","","Je ne pouvais pas anticiper la réaction de l'automobiliste","2","1","2","","NSP","1","NRP","9","","",NA,NA,"","Pas eu le temsp","",NA,NA,NA,NA,"",1,"Pas de sentiment","3","3","","","2","3","3","3","1","1","1","3",1,3,4,4,4,5,NA,NA,NA,NA,NA,NA,NA,NA,2,"","","","",NA,NA,NA,NA,2,2,NA,2,2,3,1,0,100,0,0,0,"2","","","",NA,NA,"2","1","","",NA,1,NA,NA,NA,NA,NA,NA,NA,NA,NA,NA,1,"1","3",NA,0,40,1,10,2,3,4,NA,NA,NA,"",NA,"4","4","4","4","4","4","YAMAHA","600","XJ-S DIVERSION","ROADSTER","2","1","1",1,1,1,"1",1,1,1,"1","30000","12","2","0","","","","","","","","25JUL1977","5","1","3",2,5,4,3,"NRP","","","",2,0,0,2,0,2,"SUZUKI",650,"BANDIT-S","ROADSTER","2","2008","37",1,2,15000,"7","YAMAHA","600","XJ-S DIVERSION","ROADSTER","2","1998","37",3,1,2000,"7","","","","","",NA,NA,NA,NA,NA,"","",NA,"","",NA,NA,NA,NA,NA,NA,"","",NA,"","",NA,NA,NA,NA,NA,NA,NA,17000,"3",4,NA,NA,NA,NA,NA,NA,NA,"NRP","NRP","NRP","NRP","2004","NRP","NRP","1996","NRP","","","","Motorcycle"
"278",208,5505,"75",1,0,4,"","",NA,NA,NA,0,5,"","","",NA,NA,0,4,"","",NA,"",NA,0,2,"","",NA,NA,NA,1,5,"2011","","","","",0,5,"","","",NA,NA,0,4,"",NA,NA,NA,NA,2,4,"1988","1990","",NA,NA,4,4,"1988","1999","2001","2003","",0,5,"","","","","",0,5,"","","","","",0,3,"","",NA,NA,NA,0,4,"","","",NA,NA,1,3,"1998","",NA,NA,NA,1,0,8,"","","","","","","","","","","","","","","",1,10,10,5,30,1,21,"5",2011,"","2011","Vous circuliez sur un axe prioritaire. Un véhicule venant dun axe non prioritaire vous a coupé la route.","4","","",NA,"",NA,"","La voiture était déjà complètement sur ma voie quand je l'ai vue, elle a du s'avancer dans l'instant où je jetais un oeil dans mon rétroviseur ... Mon analyse a tout de suite confirmé que je n'avais aucun moyen de l'éviter, mon réflexe a été de toucher les freins mais je n'en ai pas eu le temps. Une grosse détonation, un blanc d'une seconde (absence de mémoire / souvenir), et je me suis retrouvé assis de l'autre côté de la voiture avec une énorme douleur aux pouces / coxis / et talons. Moi j'ai fait un looping par l'avant au dessus du capot, la moto a tenté de passer au travers et c'est retrouvée coupée en deux à la colonne de direction. Au final, juste un gros bleu aux fesses et un pouce cassé, le lendemain j'étais au boulot, mais j'ai mis une semaine avant de reprendre la moto.","La conductrice de la voiture ne m'a pas vu venir, elle a juste entendu le choc et vu passer une ombre devant son pare-brise.","Avant le choc, aucune réaction, sauf la sensation de monter en l'air, sans savoir si c'est un réflexe ou la conséquence du choc.","AUT|Beaucoup trop rapide pour avoir le temps de faire quelque chose, juste une idée qui traverse l'esprit","0","","","Trop rapide le tout s'est passé un une fraction de seconde.","2","1","2","","Elle ne m'a pas vu, alors que l'endroit était dégagé et que j'étais seul avec mon phare allumé.","2","Elle n'a absolument eu aucune réaction avant le choc.","6","","",NA,NA,"","","",NA,NA,NA,NA,"1",NA,"Pas le temps de faire quoi que ce soit ! Pas de possibilité d'évitement ni de ralentissement, la voiture à surgit devant moi ...","4","1","1","","2","2","4","3","3","1","1","1",2,1,4,4,4,10,NA,NA,NA,NA,NA,NA,NA,NA,2,"","","","",NA,NA,NA,NA,2,2,NA,2,1,1,1,5,95,0,0,0,"2","","","",NA,NA,"1","1","7","",NA,2,1,4,6,NA,NA,NA,NA,NA,1,0,1,"1","1",1,0,60,1,2,3,4,9,NA,NA,NA,"",NA,"3","3","3","2","3","3","DUCATI","800","MONSTER S2R","ROADSTER","2","1","1",1,1,1,"1",1,1,1,"1","35000","12","3","1","DUCATI","620","MONSTER IE APTC","ROADSTER","2","4","3","24MAR1965","5","1","3",1,2,3,NA,"NRP","","","",2,0,1,7,0,8,"DUCATI",900,"MONSTER","ROADSTER","2","2000","29",3,1,3000,"7","DUCATI","1000","MULTISTRADA DS","ROADSTER","2","2005","29",3,2,3000,"7","DUCATI","999","999 SUPERBIKE S MONOPOSTO","SPORTIVE","2",2003,37,4,1,2000,"7","PEUGEOT",125,"SATELIS EXECUTIVE","SCOOTER",2,2012,40,1,3,4000,"4","SUZUKI",400,"DRZ-S","TRAIL / SUPERMOTARD",2,2000,29,4,1,500,7,12500,"3",4,5,NA,NA,NA,NA,NA,NA,"NRP","NRP","NRP","NRP","1985","NRP","NRP","1983","1991","","","","Motorcycle"
"279",1094,5509,"184",1,0,3,"","",NA,NA,NA,0,5,"","","",NA,NA,0,4,"","",NA,"",NA,0,3,"","",NA,NA,NA,1,6,"2004","","","","",0,6,"","","",NA,NA,0,4,"",NA,NA,NA,NA,0,4,"","","",NA,NA,1,6,"2002","","","","",0,4,"","","","","",0,6,"","","","","",0,1,"","",NA,NA,NA,0,3,"","","",NA,NA,0,3,"","",NA,NA,NA,0,NA,2,"","","","","","","","","","","","","","","",NA,NA,4,0,18,1,41,"9",2002,"","2002","Vous avez fait une sortie de route, une perte de contrôle ou une glissade sans rien percuter.","2","AUT|encouragé par la police pour ne pas porter plainte","",NA,"",NA,"","Je circulait avec mon épouse en pleine nuit sur une route de campagne. Lorsque nous sommes arrivés à l'approche d'un virage avec carrefour à priorité à droite, j'ai ralenti mais pas suffisamment. La roue avant à décrochée. la moto à glissée sur moins 4 à 5 mètres. Nous n'avons subit aucune blessures inquiétante et nous sommes relevés tout de suite. Pour nous, plus de peur que de mal. J'ai relevé la moto qui tournait toujours (seul le  carenage était abimé). Des habitants de la rue, en circulant, se sont arrêtés et nous ont dit que le fermier était peu préoccupé de laisser la route enbouée. Le cout des réparations s'élevant rapidement, nous avons décidé d'appeler la gendarmerie pour constater l'état de la route. Arrivés sur les lieux, les gendarmes nous ont encouragés à ne pas porter devant les tribunaux une plainte contre X, l'agriculteur responsable étant selon eux difficilement identifiable et prouver sa seule responsabilité difficilement imputable (bref, on a vraiment eu l'impression qu'on leur avait foutu en l'air leur soirée et qu'on risquait en plus de leur donner du boulot). Pour finir de me convaincre, ils pourrait même me verbaliser pour non contrôle du véhicule. Conséquence, nous sommes rentrés et avons pris sur nous pour les réparations. Je ne me suis pas senti soutenu par les forces de l'ordre.","1° la perte brusque d'adhérence 2° la surprise 3° une moto qui ne disposait pas des assistances qu'on peut trouver aujourd'hui.","ralentir","AUT|ralentir n'y a rien fait !","0","","","il était trop tard, sur ces virages, ils aurait fallu ralentir au moins à 30km/h et/ou avoir un carrefour mieux éclairé et/ou un panneau virage dangereux et/ou un panneau risque de glissade posé par l'agriculteur.","2","0","","","","","","1","2","3",6,NA,"","","3",1,2,NA,NA,"",NA,"ce fut une perte d'adhérence inattendu","3","1","1","","1","1","2","4","3","1","1","2",3,3,4,4,4,1,NA,NA,NA,NA,NA,NA,NA,NA,1,"2","3","4","7",NA,NA,NA,NA,2,2,NA,2,2,2,1,6,47,0,47,0,"2","","","",NA,NA,"1","5","","",NA,1,NA,NA,NA,NA,NA,NA,NA,NA,NA,NA,3,"2","3",NA,1,40,1,2,3,4,NA,NA,NA,NA,"",NA,"4","4","4","1","4","4","YAMAHA","850","TDM","ROADSTER","2","2","1",1,1,1,"1",1,1,1,"1","25000","12","3","1","HONDA","600","TRANSALP +35KW","TRAIL / SUPERMOTARD","2","4","4","21DEC1977","7","1","3",2,3,4,1,"NRP","","","",2,0,0,1,0,1,"HONDA",800,"VFR-F","Routière / GT","2","2000","37",1,2,10000,"7","","","","","","","",NA,NA,NA,"","","","","","",NA,NA,NA,NA,NA,"","",NA,"","",NA,NA,NA,NA,NA,NA,"","",NA,"","",NA,NA,NA,NA,NA,NA,NA,10000,"2",3,4,NA,NA,NA,NA,NA,NA,"NRP","NRP","NRP","1996","1998","NRP","NRP","1996","NRP","","","","Motorcycle"
"280",1123,5510,"261",1,0,4,"","",NA,NA,NA,0,3,"","","",NA,NA,0,3,"","",NA,"",NA,0,3,"","",NA,NA,NA,1,5,"1984","","","","",0,3,"","","",NA,NA,0,3,"",NA,NA,NA,NA,0,3,"","","",NA,NA,0,3,"","","","","",1,3,"1998","","","","",0,4,"","","","","",0,2,"","",NA,NA,NA,0,2,"","","",NA,NA,0,3,"","",NA,NA,NA,0,NA,2,"","","","","","","","","","","","","","","",NA,NA,0,0,31,1,21,"5",1984,"","1984","Vous circuliez sur un axe prioritaire. Un véhicule venant dun axe non prioritaire vous a coupé la route.","2","","",NA,"",NA,"","Deux véhicules arrêtés quasi face à face à un stop, voulant aller sur la même route et dans la même direction ont démarré simultanément en me refusant la priorité. Il se sont arrêtés simultanément en ""bloquant"" la chaussée. J'ai effectué un freinage d'urgence pour éviter l'accident et ai pu m'arrêter car je roulais environ à 50 km/h, c'était en agglomération. Le véhicule venant de ma droite a redémarré pour me précéder (sur ma voie). Le véhicule venant de ma gauche, une camionnette, a redémarré au moment où je passais devant lui au ralenti et a percuté ma moto. La moto s'est couchée mais j'ai pu rester debout et n'ai pas été blessé. Le conducteur de la camionnette a avoué ne pas m'avoir vu. Pourtant, j'avais fait un appel de phare quelques secondes auparavant car un autre véhicule venait de repartir du même stop sur ma droite, un peu trop près de moi. En réalité, il s'était arrêté à cause de l'autre véhicule. Le soleil dans mon dos a peut-être légèrement masqué mon arrivée mais il était haut à environ 11h du matin début juillet, la rue était droite.","Le conducteur du véhicule qui m'a percuté avait l'attention accaparée par celui à qui il venait de céder la priorité, et sa visibilité était gênée car il était légèrement de biais dans une camionnette : il ne m'a pas vu. De mon côté, j'ai cru à tort qu'il s'était arrêté au milieu de la chaussée pour me laisser la priorité.","Je me suis arrêté car les 2 véhicules ont obstrué la chaussée. Après avoir redémarré, je m'apprétais à passer devant la camionnette (à 1m) quand celle-ci a redémarré. J'ai tenté de m'écarter sur la droite mais j'ai été coincé par le trottoir. J'ai freiné et stoppé la moto puis l'ai accompagnée dans sa chute en restant debout. Le conducteur de la camionnette a été très surpris de l'accident. Il est sorti du véhicule et m'a demandé ""d'où je venais"" car il ne m'avais absolument pas vu. Tout le monde est resté cordial. Le conducteur de l'autre véhicule, celui qui avait démarré au stop sur ma droite, s'est arrêté un peu plus loin et est venu prendre des nouvelles.","AUT|impossible d'évier le choc à cause du trottoir.","1","J'aurais dû rechercher le regard du véhicule venant de ma gauche pour vérifier qu'il m'avait vu.","Manque d'expérience et de formation sur cette situation. La formation ""perfectionnement"" m'a appris que les conducteurs ne cherchent pas assez la présence d'une moto.","","2","1","2","","Il ne m'a pas vu lui non plus (malgré le feu de croisement allumé et un appel de phare) et a quitté le stop à quelques dizaines de mètres de moi. Il ne regardait que le véhicule arrêté au stop face à lui.","1","Situation complexe : deux véhicules arrêtés face à face à un stop, voulant aller tous les deux dans la même direction. Chacun se demande si l'autre va lui laisser la priorité et ne s'occupe pas assez d'autres éléments potentiels","2","3","6",NA,NA,"","","",3,2,NA,NA,"1",NA,"Je n'ai pas pu éviter l'accident à cause du trottoir, alors que je maîtrisais bien ma moto.","4","3","","","1","1","4","4","1","1","1","1",1,4,4,4,4,5,NA,NA,NA,NA,NA,NA,NA,NA,1,"2","","","",NA,NA,NA,NA,2,2,NA,2,1,1,1,0,80,0,20,0,"1","3","","",NA,NA,"1","1","","",NA,1,NA,NA,NA,NA,NA,NA,NA,NA,NA,NA,3,"1","3",NA,0,15,1,10,2,3,5,NA,NA,NA,"",NA,"3","3","3","3","NRP","3","BMW","800","R80RT","Routière / GT","2","1","1",1,1,1,"1",2,1,1,"1","4000","12","2","0","","","","","","","","01DEC1963","5","1","3",2,5,4,3,"NRP","","","",2,0,0,1,0,1,"BMW",1200,"R1200RT PACK","Routière / GT","2","2011","37",3,1,4000,"7","","","","","","","",NA,NA,NA,"","","","","","",NA,NA,NA,NA,NA,"","",NA,"","",NA,NA,NA,NA,NA,NA,"","",NA,"","",NA,NA,NA,NA,NA,NA,NA,4000,"3",NA,NA,NA,NA,NA,NA,NA,NA,"NRP","NRP","NRP","NRP","1983","NRP","NRP","NRP","NRP","","","","Motorcycle"
"281",132,5511,"123",1,0,6,"","",NA,NA,NA,2,6,"1977","1998","",NA,NA,0,5,"","",NA,"",NA,0,4,"","",NA,NA,NA,0,6,"","","","","",0,1,"","","",NA,NA,0,4,"",NA,NA,NA,NA,0,4,"","","",NA,NA,0,3,"","","","","",0,6,"","","","","",0,6,"","","","","",0,4,"","",NA,NA,NA,1,5,"1976","","",NA,NA,0,5,"","",NA,NA,NA,0,NA,3,"","","","","","","","","","","","","","","",NA,NA,3,5,29,1,6,"2",1977,"","1977","Vous circuliez derrière un véhicule. Ce véhicule a ralenti. Vous avez entrepris de dépasser ce véhicule par la gauche et celui-ci vous a coupé la route en tournant à gauche (ou en effectuant un œ tour","2","","",NA,"",NA,"","Cet accident a eu lieu en agglomération, je roulais à faible allure, mais le conducteur du véhicule qui me précédait était âgé et n'était concentré sur sa conduite et sur les autres usagers.","Le manque de vigilance du conducteur de la voiture !","J'ai essayé d'éviter le véhicule en vain !","1","0","","","L'action a été trop rapide !","2","0","","","","","","1","2","6",NA,NA,"","","2",1,NA,NA,NA,"3",NA,"l'action était incompréhensible ! le conducteur décide d'une manoeuvre, se ravise et me renverse !","1","3","","","2","1","4","4","3","1","1","1",3,1,4,4,4,1,NA,NA,NA,NA,NA,NA,NA,NA,1,"4","","","",NA,NA,NA,NA,2,2,NA,2,1,1,1,10,90,0,0,0,"2","","","",NA,NA,"1","1","","",NA,2,1,4,6,NA,NA,NA,NA,NA,0,NA,2,"1","3",NA,0,45,1,NA,NA,NA,NA,NA,NA,NA,"",NA,"4","4","4","4","4","4","MOBYLETTE","50","AV78","ROADSTER","2","1","1",1,1,1,"1",1,1,1,"1","5000","NSP","4","1","MOTOBECANE","50","AV76 (BLEU)","ROADSTER","null","3","4","14JUN1962","6","2","3",2,1,1,NA,"NRP","","","",1,0,0,1,0,1,"KAWASAKI",1400,"GTR","Routière / GT","2","2007","33",1,2,12000,"4","","","","","","","",NA,NA,NA,"","","","","","",NA,NA,NA,NA,NA,"","",NA,"","",NA,NA,NA,NA,NA,NA,"","",NA,"","",NA,NA,NA,NA,NA,NA,NA,12000,"2",3,4,NA,NA,NA,NA,NA,NA,"NRP","NRP","NRP","1978","1986","NRP","NRP","1980","NRP","","","","Motorcycle"