"","Ligne","Ligne.Q.qualif","Ligne.approfondissement.Accident","ACCIDENT","NBACC1","ACCFREQUENCE1","ANNEEACC1_1","ANNEEACC1_2","ANNEEACC1_3","ANNEEACC1_4","ANNEEACC1_5","NBACC2","ACCFREQUENCE2","ANNEEACC2_1","ANNEEACC2_2","ANNEEACC2_3","ANNEEACC2_4","ANNEEACC2_5","NBACC3","ACCFREQUENCE3","ANNEEACC3_1","ANNEEACC3_2","ANNEEACC3_3","ANNEEACC3_4","ANNEEACC3_5","NBACC4","ACCFREQUENCE4","ANNEEACC4_1","ANNEEACC4_2","ANNEEACC4_3","ANNEEACC4_4","ANNEEACC4_5","NBACC5","ACCFREQUENCE5","ANNEEACC5_1","ANNEEACC5_2","ANNEEACC5_3","ANNEEACC5_4","ANNEEACC5_5","NBACC6","ACCFREQUENCE6","ANNEEACC6_1","ANNEEACC6_2","ANNEEACC6_3","ANNEEACC6_4","ANNEEACC6_5","NBACC7","ACCFREQUENCE7","ANNEEACC7_1","ANNEEACC7_2","ANNEEACC7_3","ANNEEACC7_4","ANNEEACC7_5","NBACC8","ACCFREQUENCE8","ANNEEACC8_1","ANNEEACC8_2","ANNEEACC8_3","ANNEEACC8_4","ANNEEACC8_5","NBACC9","ACCFREQUENCE9","ANNEEACC9_1","ANNEEACC9_2","ANNEEACC9_3","ANNEEACC9_4","ANNEEACC9_5","NBACC10","ACCFREQUENCE10","ANNEEACC10_1","ANNEEACC10_2","ANNEEACC10_3","ANNEEACC10_4","ANNEEACC10_5","NBACC11","ACCFREQUENCE11","ANNEEACC11_1","ANNEEACC11_2","ANNEEACC11_3","ANNEEACC11_4","ANNEEACC11_5","NBACC12","ACCFREQUENCE12","ANNEEACC12_1","ANNEEACC12_2","ANNEEACC12_3","ANNEEACC12_4","ANNEEACC12_5","NBACC13","ACCFREQUENCE13","ANNEEACC13_1","ANNEEACC13_2","ANNEEACC13_3","ANNEEACC13_4","ANNEEACC13_5","NBACC14","ACCFREQUENCE14","ANNEEACC14_1","ANNEEACC14_2","ANNEEACC14_3","ANNEEACC14_4","ANNEEACC14_5","AUTRESACC","NBAUTRESACC","TOTAL_AC","ANNEEAUTREACC1","ANNEEAUTREACC2","ANNEEAUTREACC3","ANNEEAUTREACC4","ANNEEAUTREACC5","LIEUAUTREACC1","LIEUAUTREACC2","LIEUAUTREACC3","LIEUAUTREACC4","LIEUAUTREACC5","DESCRIPTIONAUTRESACC1","DESCRIPTIONAUTRESACC2","DESCRIPTIONAUTRESACC3","DESCRIPTIONAUTRESACC4","DESCRIPTIONAUTRESACC5","NBAUTRESACCCIRCUIT","NBAUTRESTOUTTERRAIN","EXPCYCLO","EXP125","EXPSUP125","ACCORDNEXTQ","CHOIXACC","RGPMTACC","RECUPANNEE","RECUPLIEU","RECUPANNE","RGPMTAC","CHOIX1","CHOIX2","CHOIX3","CHOIX4","CHOIX5","CHOIX6","CHOIX7","DESCRIPTION","RUPTURE","FAITS","ABS_REACTION","AUTRE_REACTION","PRECISIONREACTIONOUI","RECUL","PRECISIONREACTIONNON","IMPACTCOMPORTEMENT","AUTREUSAGER","REACTIONAUTREUSAGER","CONNAISSANCEREACTIONUSAGER","DIFFICULTES","AGGRAVATION","DIFFICULTES2","EMOTIONS1","EMOTIONS2","EMOTIONS3","EMOTIONS4","EMOTIONS5","EMOTIONS6","AUTRESENTIMENT","CLASSEMENTEMOTIONS1","CLASSEMENTEMOTIONS","CLASSEMENTEMOTIONS5","CLASSEMENTEMOTIONS6","CLASSEMENTEMOTIONS7","CLASSEMENTEMOTIONS8","CLASSEMENTEMOTIONS9","EXPLICATIONRESSENTI","BIENEQUIPE","ALLURE","ALLUREVITEDETAIL","ALLURELENTEDETAIL","SITUATIONPRESSE","SITUATIONDISTRAIT","SITUATIONCONFIANT","SITUATIONCONTROLE","SITUATIONLUDIQUE","SITUATIONPERF","SITUATIONSTRESS","SITUATIONFATIGUE","HUMEURNEUTRE","HUMEURGAI","HUMEURMECONTENT","HUMEURTRISTE","HUMEURCOLERE","CONTRIBUTION1","CONTRIBUTION2","CONTRIBUTION3","CONTRIBUTION4","CONTRIBUTION5","CONTRIBUTION6","CONTRIBUTION7","CONTRIBUTION8","CONTRIBUTION9","ROLEINFRA","ELEMENTINFRA1","ELEMENTINFRA2","ELEMENTINFRA3","ELEMENTINFRA4","ELEMENTINFRA5","ELEMENTINFRA6","ELEMENTINFRA7","ELEMENTINFRA8","ELEMENTINFRA9","ALCOOL","TXALCOOL","STUP","SEMAINE","MOMENTJOURNEE","TEMPS","CAUSEACC1","CAUSEACC2","CAUSEACC3","CAUSEACC4","CAUSEACC5","FORMATIONCAUSE","FORMATION1","FORMATION2","FORMATION3","FORMATION4","FORMATION5","TRAFIC","CHAUSSEE1","CHAUSSEE2","CHAUSSEE3","CHAUSSEE4","TYPEACC","BLESSURE","TETE","COU","THORAX","MEMBRESSUP","COLONNE","BASSIN","MEMBRESINF","HOPITAL","PLUS24H","TRAJET","TYPEROUTE","MOTIF","SENSTRAJET","PASSAGER","VITESSE","DESCEQ1","DESCEQ2","DESCEQ3","DESCEQ4","DESCEQ5","DESCEQ6","DESCEQ7","DESCEQ8","DESCEQ9","DESCEQ10","VEHICULEETE","VEHICULEAUTOMNE","VEHICULEPRINTEMPS","VEHICULEHIVER","VEHICULESEMAINE","VEHICULEWE","VEHMARQUE","VEHCYLINDREE","VEHMODELE","VEHSEGMENT","VEHSIDE","EQ2RMABS","EQ2RMCBS","EQ2RMABSCBS","EQ2RMREGULATEUR","EQ2RMLIMITEUR","EQ2RMPHARESDIRECT","EQ2RMCOUPURE","EQ2RMANTIPATINAGE","EQ2RMANTIXHEELING","EQ2RMSTABILILTE","VEHKM","POINTS","DUREE","AUTRE2RM","VEHPRECMARQUE","VEHPRECCYLINDREE","VEHPRECMODELE","VEHPRECSEGMENT","VEHPRECSIDE","TEMPS2RMPREC","FREQVEHPREC","DATE_NAISS","CSP","SOCIETAIRE","SALARIE","SECTEUR2RM","NBPERSFOYER","SITFAM","NBENF","TRNBENF1","TRNBENF2","TRNBENF3","TRNBENF4","NBAUTOFOYER","NBCYCLOFOYER","NBSCOOTFOYER","NBMOTOFOYER","NBTRIKEFOYER","NB2RMCONDUIT","MARQUE1","CYLINDREE1","MODELE1","SEGMENT1","SIDE1","ANMISECIRCU1","ASS1","FREQ1","USAGE1","NBKM1","GARAGE1","MARQUE2","CYLINDREE2","MODELE2","SEGMENT2","SIDE2","ANMISECIRCU2","ASS2","FREQ2","USAGE2","NBKM2","GARAGE2","MARQUE3","CYLINDREE3","MODELE3","SEGMENT3","SIDE3","ANMISECIRCU3","ASS3","FREQ3","USAGE3","NBKM3","GARAGE3","MARQUE4","CYLINDREE4","MODELE4","SEGMENT4","SIDE4","ANMISECIRCU4","ASS4","FREQ4","USAGE4","NBKM4","GARAGE4","MARQUE5","CYLINDREE5","MODELE5","SEGMENT5","SIDE5","ANMISECIRCU5","ASS5","FREQ5","USAGE5","NBKM5","GARAGE5","NBKMTOT","PERMIS1","PERMIS2","PERMIS3","PERMIS4","PERMIS5","PERMIS6","PERMIS7","PERMIS8","PERMIS9","ANPERMIS1","ANPERMIS6","ANPERMIS7","ANPERMIS2","ANPERMIS3","ANPERMIS8","ANPERMIS9","ANPERMIS4","ANPERMIS5","X","X.1","X.2","isScooter"
"282",709,5520,"443",1,0,4,"","",NA,NA,NA,0,4,"","","",NA,NA,1,5,"2006","",NA,"",NA,0,2,"","",NA,NA,NA,0,4,"","","","","",0,3,"","","",NA,NA,0,2,"",NA,NA,NA,NA,1,4,"2008","","",NA,NA,1,4,"2014","","","","",0,3,"","","","","",0,4,"","","","","",0,2,"","",NA,NA,NA,0,2,"","","",NA,NA,0,5,"","",NA,NA,NA,0,NA,3,"","","","","","","","","","","","","","","",NA,NA,2,2,7,1,11,"3",2006,"","2006","Vous remontiez une file de véhicules (à larrêt ou au ralenti) par la gauche. Un véhicule de cette file vous a coupé la route en tournant à gauche.","2","","",NA,"",NA,"","Une file de voitures arrêtées au feu rouge, je décide de remonter cette file, la ligne au sol étant discontinue. Trouvant le temps long, un conducteur décide brutalement de sortir de la file en faisant demi-tour et ce sans clignotant, et sans contrôler son rétroviseur et l'angle mort. Il a commencé à sortir de la file au moment où j'arrivais à sa hauteur et m'a percuté juste devant le genou droit. Ma femme et moi avons été projeté au sol. Nous nous sommes relevés, ma femme avait des douleurs au poignet, et moi rien. Bien qu'en circulant en 125cc, nous étions correctement équipé. S'en est suivi un constat amiable, et ma moto a été déposé chez le concessionnaire pour expertise et réparations.","Le manque d'attention du conducteur du véhicule nous ayant percuté.","Pour ma part, je n'ai eu le temps de réagir, tout comme le conducteur de la voiture.","AUT|Ce fut trop rapide","0","","","Pas le temps de réagir en une fraction de seconde.","2","1","2","","Son manque d'attention.","1","Quand on ne regarde pas, on ne voit pas...","2","","",NA,NA,"","","",1,NA,NA,NA,"",NA,"Rien a fait présager ce qu'il allait se passer.","4","3","","","1","4","4","4","2","1","1","2",3,4,4,4,4,10,NA,NA,NA,NA,NA,NA,NA,NA,2,"","","","",NA,NA,NA,NA,2,2,NA,2,1,3,2,0,100,0,0,0,"NSP","","","",NA,NA,"4","2","","",NA,2,0,NA,NA,NA,NA,NA,NA,NA,NA,NA,1,"1","1",2,1,20,1,10,2,3,4,7,NA,NA,"",NA,"4","4","4","4","4","4","HONDA","125","CBR","Routière / GT","2","1","1",1,1,1,"1",1,1,1,"1","10000","12","2","0","","","","","","","","30SEP1982","7","1","3",2,3,4,1,"NRP","","","",2,0,0,1,0,1,"YAMAHA",1100,"BULLDOG (BT)","ROADSTER","2","2006","37",3,1,3000,"7","","","","","","","",NA,NA,NA,"","","","","","",NA,NA,NA,NA,NA,"","",NA,"","",NA,NA,NA,NA,NA,NA,"","",NA,"","",NA,NA,NA,NA,NA,NA,NA,3000,"4",3,NA,NA,NA,NA,NA,NA,NA,"NRP","NRP","NRP","NRP","2008","NRP","NRP","2000","NRP","","","","Motorcycle"
"283",518,5525,"263",1,0,4,"","",NA,NA,NA,0,3,"","","",NA,NA,0,3,"","",NA,"",NA,0,1,"","",NA,NA,NA,0,4,"","","","","",0,3,"","","",NA,NA,0,5,"",NA,NA,NA,NA,0,5,"","","",NA,NA,0,6,"","","","","",0,4,"","","","","",0,2,"","","","","",0,2,"","",NA,NA,NA,1,5,"1997","","",NA,NA,0,1,"","",NA,NA,NA,0,NA,1,"","","","","","","","","","","","","","","",NA,NA,0,0,18,1,61,"13",1997,"","1997","Vous circuliez derrière un véhicule. Ce véhicule a freiné ou a ralenti et vous lavez percuté par larrière.","1","2","3",5,"",NA,"","Il pleuvait légèrement (crachin) ce soir là sur le Mans. J'étais à l'arrêt à un feu tricolore. A une cinquantaine d mètre devant moi, un bus de la ville du Mans était à l'arrêt. Le feu passe au vert, je démarre, le bus devant moi ne bouge pas, je prends les freins avant et arrière et de glisse aussitôt sur du gasoil probablement laissé par le bus sous lequel je m'encastre à faible vitesse. Le choc est si faible que le bus re-démarre et commence à trainer ma moto jusqu'à ce que des passagers crient au chauffeur de stopper.  La Police que j'appelle me dira que ""de toutes façons les motos roulent trop vite"" alors que je roulait à 25 kms/h maximum et refusera de noter que du gasoil souille abondemment la chaussée.  En résumé, pour la police je suis un voyou de motard qui roule trop vite et qui ""devrait s'estimer heureux de ne pas être verbalisé pour non maîtrise du véhicule"" selon ces braves policiers.  Une super expérience en somme...","Freinage impossible sur le gasoil et la chaussée mouillée","Dès la prise des freins la moto s'est couchée, je me suis retrouvé quasi immédiatement sous le bus...","AUT|freinage impossible, soudaineté de la chute","0","","","la route aurait toujours été mouillée, le gasoil abondant et je ne pouvais pas freiner plus tôt ou plus légèrement, en effleurant à peine les freins la moto s'est couchée...","2","1","2","","Aucune, ce bus était arrêté, il n'avait même pas constaté que je l'avais percuté","2","NRP","1","2","",NA,NA,"","","1",2,NA,NA,NA,"",NA,"J'ai vu le bus se rapprocher de moi (bien que c'était plutôt moi qui m'en rapprochait)","3","3","","","1","1","2","3","1","1","1","1",1,4,4,4,4,10,NA,NA,NA,NA,NA,NA,NA,NA,1,"3","","","",NA,NA,NA,NA,2,2,NA,2,1,2,2,0,0,0,80,20,"2","","","",NA,NA,"2","2","6","",NA,2,1,7,NA,NA,NA,NA,NA,NA,0,NA,1,"1","3",NA,0,25,1,10,2,3,4,NA,NA,NA,"",NA,"4","4","4","4","4","4","KAWASAKI","500","ER-5 BRIDEE 34CV","ROADSTER","2","1","1",1,1,1,"1",1,1,1,"1","8000","12","2","0","","","","","","","","09JUN1977","5","2","3",2,3,4,1,"NRP","","","",2,0,0,1,0,1,"HONDA",500,"CB  PC32C  MTT2","ROADSTER","2","2000","10",3,1,4000,"7","","","","","","","",NA,NA,NA,"","","","","","",NA,NA,NA,NA,NA,"","",NA,"","",NA,NA,NA,NA,NA,NA,"","",NA,"","",NA,NA,NA,NA,NA,NA,NA,4000,"3",4,NA,NA,NA,NA,NA,NA,NA,"NRP","NRP","NRP","NRP","1997","NRP","NRP","1995","NRP","","","","Motorcycle"
"284",1182,5534,"369",1,1,5,"1982","",NA,NA,NA,0,5,"","","",NA,NA,0,5,"","",NA,"",NA,0,4,"","",NA,NA,NA,0,5,"","","","","",0,5,"","","",NA,NA,0,4,"",NA,NA,NA,NA,0,4,"","","",NA,NA,0,5,"","","","","",0,4,"","","","","",0,4,"","","","","",0,3,"","",NA,NA,NA,0,5,"","","",NA,NA,0,4,"","",NA,NA,NA,0,NA,1,"","","","","","","","","","","","","","","",NA,NA,3,0,30,1,1,"1",1982,"","1982","Vous circuliez sur un axe prioritaire. Un autre véhicule arrivant sur le même axe en sens opposé vous a coupé la route en tournant à gauche.","2","","",NA,"",NA,"","Je roulais tranquillement dans un virage , quant tout a coup j'ai vu une voiture arrivé vite. Elle m'a touché l'arriére droit , ma moto a filé droit entre 2 bornes béton dans le virage. J'étais en virage et lui a pris trop vite et donc dans ma voies. Ma cible était d'éviter les bornes bétons. La suite , la moto s'est planté au fond du talu , j'ai fait 2 tonneaux ( avec du barbelée enroulé autour de moi) et mon front a heurté le haut de mon carénage . La finalité ;la voiture a fuis ( pas de témoin) et moi 45 jours de platre et 19 fractures. Et ma moto toute cassé.","La voiture qui aller trop vite et qui m'a heurté en écartant de sa trajectoire.","Resté droit et passer entre les bornes béton et après bloquer les freins pour tout stopper. L'autre a fuis.... Pas de témoins, juste sa trace de peinture sur ma moto. L'action est qu'il allait trop vite et en élargissant sa trajectoire sur ma voie il est venu me toucher a l'arrière gauche.","NRP","0","","","MALHEURESEMENT IL N'Y AVAIT RIEN D4AUTRE A FAIRE. Peut étre avec les technologies de freins de ce jour je n'aurais fait que 1 tonneau....","2","1","NSP","","Il allait trop vite et a écarté trop sa trajectoire , donc impact inévitable..","1","La vitesse","1","","",NA,NA,"","","1",NA,NA,NA,NA,"",NA,"La peur d'abimé ma moto et la peur de ce qui arrivé.","4","3","","","1","1","4","4","4","1","1","1",1,1,4,4,4,10,NA,NA,NA,NA,NA,NA,NA,NA,2,"","","","",NA,NA,NA,NA,2,2,NA,2,1,1,1,0,90,0,10,0,"2","","","",NA,NA,"1","1","","",NA,2,1,1,3,4,NA,NA,NA,NA,1,1,2,"2","1",2,0,40,1,10,2,3,5,NA,NA,NA,"",NA,"4","4","4","4","4","4","HONDA","500","CB 500F","ROADSTER","2","1","1",1,1,1,"1",1,1,1,"1","45000","12","3","1","YAMAHA","80","TY","TOUT TERRAIN (TRIAL / ENDURO / CROSS)","2","3","4","23NOV1964","7","1","3",2,4,4,2,"NRP","","","",2,0,0,3,0,2,"YAMAHA",1300,"FJR ABS","Routière / GT","2","2005","37",3,2,3000,"7","AUTO MOTO","125","BASIQUE","ROADSTER","2","1952","37",4,1,200,"7","","","","","",NA,NA,NA,NA,NA,"","",NA,"","",NA,NA,NA,NA,NA,NA,"","",NA,"","",NA,NA,NA,NA,NA,NA,NA,3200,"2",4,8,9,NA,NA,NA,NA,NA,"NRP","NRP","NRP","1981","NRP","1982","1982","1983","NRP","","","","Motorcycle"
"285",483,5541,"290",1,0,3,"","",NA,NA,NA,1,5,"2009","","",NA,NA,0,3,"","",NA,"",NA,0,3,"","",NA,NA,NA,0,3,"","","","","",0,4,"","","",NA,NA,0,3,"",NA,NA,NA,NA,0,3,"","","",NA,NA,1,4,"2013","","","","",0,1,"","","","","",0,4,"","","","","",0,3,"","",NA,NA,NA,0,2,"","","",NA,NA,0,4,"","",NA,NA,NA,0,NA,2,"","","","","","","","","","","","","","","",NA,NA,3,5,5,1,6,"2",2009,"","2009","Vous circuliez derrière un véhicule. Ce véhicule a ralenti. Vous avez entrepris de dépasser ce véhicule par la gauche et celui-ci vous a coupé la route en tournant à gauche (ou en effectuant un œ tour","2","","",NA,"",NA,"","Accident survenu à faible vitesse (moins de 40 km/h), pas de blessure, 4 500  de réparations...  Il est important de rappeler à tous de contrôler ses angles morts.","Pas le temps de réagir quand la voiture que l'on dépasse tourne au moment où on est à côté d'elle","J'ai bloqué les freins et l'autre véhicule n'a pas modifié sa trajectoire, son conducteur ne m'a pas vu. L'impact du choc a été faible étant donné que j'étais quasiment arr^té au moment du choc.","NRP","0","","","Pas le temps ni la place.","2","1","2","","J'étais dans son angle mort","2","Il a créé l'accident pas aggravé","2","6","",NA,NA,"","","",1,NA,NA,NA,"2",NA,"Je ne m'attendais pas à voir la voiture tourner alors qu'il n'y avait pas de croisement.","4","3","","","1","1","3","4","1","1","1","1",1,1,4,4,4,10,NA,NA,NA,NA,NA,NA,NA,NA,2,"","","","",NA,NA,NA,NA,2,2,NA,2,1,1,1,0,100,0,0,0,"1","AUT|je ne pense pas à ma formation mais à celle des automobilistes","","",NA,NA,"1","1","","",NA,1,NA,NA,NA,NA,NA,NA,NA,NA,NA,NA,1,"1","1",2,0,35,1,2,3,4,7,9,NA,NA,"",NA,"4","4","4","4","4","4","HONDA","700","TRANSALP ABS","TRAIL / SUPERMOTARD","2","0","0",0,1,1,"1",2,1,1,"1","4000","12","1","1","DAELIM","125","DAYSTAR","CUSTOM","2","4","4","28MAY1957","5","2","3",2,2,3,NA,"NRP","","","",1,0,0,2,0,2,"HONDA",700,"TRANSALP C-ABS","TRAIL / SUPERMOTARD","2","2009","33",1,2,8000,"7","TRIUMPH","675","STREET TRIPLE","ROADSTER","2","2012","33",2,1,8000,"7","","","","","",NA,NA,NA,NA,NA,"","",NA,"","",NA,NA,NA,NA,NA,NA,"","",NA,"","",NA,NA,NA,NA,NA,NA,NA,16000,"3",4,NA,NA,NA,NA,NA,NA,NA,"NRP","NRP","NRP","NRP","2009","NRP","NRP","1975","NRP","","","","Motorcycle"
"286",1232,5545,"215",1,0,5,"","",NA,NA,NA,0,5,"","","",NA,NA,0,5,"","",NA,"",NA,0,3,"","",NA,NA,NA,0,4,"","","","","",0,2,"","","",NA,NA,0,4,"",NA,NA,NA,NA,0,5,"","","",NA,NA,0,5,"","","","","",0,3,"","","","","",0,4,"","","","","",0,2,"","",NA,NA,NA,0,6,"","","",NA,NA,0,2,"","",NA,NA,NA,1,1,1,"1980","","","","","Seichamps","","","","","En 125, en agglomération et en fin d'aprés midi, voulant rentrer dans une station service, je me suis arrété sur l'axe médian en mettant mon clignotant à gauche.Une voiture type monospace s'est arrété pour me laisser passer, je me suis alors fait percuter par une voiture plus basse (citroen DS21) qui à doublé le monospace par la droite au moment ou je m'engageais en direction de la station service. Heureusement, la DS m'a percuté latéralement au niveau de la fourche avant, m'envoyant voler sur le capot puis retomber sur le sol. Bilan : un voyage en fourgon de pompier et seulement un genou douloureux et quelques courbatures le lendemain.","","","","",0,0,5,4,34,1,71,"15",1980,"Seichamps","1980","Autre(s) type(s) d'accident(s).","1","","",NA,"",NA,"","J'avais 17 ans, j'étais sur ma 125,il était 17h en mai il me semble, je devais tourner à gauche et couper 2 voies de circulation avant un feu pour rentrer dans une station service. Une voiture s'arrêta pour me laisser passer, mais en redémarrant, je ne vis pas la voiture plus basse qui passait sur sa droite. La 2éme voiture (une Citroën DS19)percuta ma moto au niveau de la fourche avant, je fût projeté sur le capot puis à terre. Emmené par les pompiers à l'hôpital pour radios de contrôle, RAS sauf douleurs aux genoux et un peu chiffonné pendant quelques jours  J'avais un blouson Furygan en cuir, des gants cuir,jeans et bottine en cuir . J'ai eu beaucoup de chance de ne pas avoir été percuté au niveau de la jambe droite.","Moi, en redémarrant, je ne pensais pas qu'une 2éme voiture pouvais passer à droite de la 1ére (manque d'expérience). la première voiture en s'arrêtant et en me faisant signe de passer n'a pas vu qu'une voiture passait sur sa droite. La 2éme voiture passant à droite n'a pas trouvé suspect qu'une voiture s'arrête largement avant le feu.","A la hauteur du capot de la 1ére voiture,lorsque j'ai vu la 2éme voiture arriver, j'ai du freiné et la 2éme voiture à obliqué sur sa droite. Je devais rouler à 20km/h(je redémarrais) et la DS, malgré son freinage à du me percuter entre 30 et 40km/h.","NRP","0","","","J'étais engagé, avec une certaine vitesse, il n'y avais plus rien à faire!.","2","1","1","1","Il était trop prés de moi pour pouvoir s'arrêter avant l'impact.","2","La voiture à freiné en se déportant sur sa droite ce qui à permis de ne  percuter que l'avant de ma moto.","3","","",NA,NA,"","","",NA,1,NA,NA,"",NA,"Je ne pensais pas qu'un autre véhicule pouvais passer à droite du 1er.","3","3","","","1","1","3","3","NSP","1","1","3",1,3,4,4,4,5,NA,NA,NA,NA,NA,NA,NA,NA,1,"1","","","",NA,NA,NA,NA,2,2,NA,2,2,3,1,80,20,0,0,0,"1","AUT|il y a 30 ans, il n'y avais aucune formation pour le permis 125 .","","",NA,NA,"1","1","","",NA,1,NA,NA,NA,NA,NA,NA,NA,NA,NA,NA,3,"1","3",NA,0,20,1,10,2,4,NA,NA,NA,NA,"",NA,"4","4","4","4","4","4","SUZUKI","125","GT","ROADSTER","2","1","1",1,1,1,"1",1,1,1,"1","2000","12","2","1","MOTOBECANE","50","881M","ROADSTER","2","4","4","10FEB1963","7","1","3",2,6,4,4,"NRP","","","",2,2,0,3,0,3,"HONDA",650,"FMX SM","TRAIL / SUPERMOTARD","2","2006","28",2,2,1500,"7","SUZUKI","1100","GSX1100ESD","Routière / GT","2","1984","37",3,1,1000,"7","SUZUKI","350","T350","ROADSTER","2",1972,41,4,1,0,"7","",NA,"","",NA,NA,NA,NA,NA,NA,"","",NA,"","",NA,NA,NA,NA,NA,NA,NA,2500,"2",3,4,NA,NA,NA,NA,NA,NA,"NRP","NRP","NRP","1979","1982","NRP","NRP","1981","NRP","","","","Motorcycle"
"287",514,5549,"195",1,0,6,"","",NA,NA,NA,0,5,"","","",NA,NA,0,5,"","",NA,"",NA,0,5,"","",NA,NA,NA,1,6,"2011","","","","",0,4,"","","",NA,NA,0,4,"",NA,NA,NA,NA,0,3,"","","",NA,NA,0,5,"","","","","",0,2,"","","","","",0,4,"","","","","",0,2,"","",NA,NA,NA,0,4,"","","",NA,NA,0,4,"","",NA,NA,NA,1,1,2,"2010","","","","","Lille","","","","","Moto percutée à l'arrêt au stop par la voiture arrivant derrière.","","","","",0,0,0,0,5,1,21,"5",2011,"","2011","Vous circuliez sur un axe prioritaire. Un véhicule venant dun axe non prioritaire vous a coupé la route.","2","4","",NA,"",NA,"","Je circulais sur une route prioritaire en plein jour par beau temps. Un automobiliste était arrêté à un stop à ma gauche.  Je l'ai vu regarder dans ma direction. Je suis donc passé devant sa voiture (à faible allure). Au moment précis où je suis passé, il a démarré brutalement et m'a percuté sur le flanc gauche de la moto. J'ai eu le pied écrasé par son pare-choc (contre la moto). J'ai rebondi sur le capot, puis le toit de voiture pour atterrir sur la route derrière la voiture. La moto a été projetée dans la voiture arrêtée au stop d'en face. Bilan: fracture du pied gauche et contusions multiples (surtout la hanche gauche). Ma botte était démolie, mais elle a sauvé mon pied. Heureusement, je portais (et je porte toujours) un bon équipement. Le chauffard m'a donné comme explication que, cherchant du regard un véhicule du gabarit d'une voiture, il ne m'avait pas ""vu"", alors même qu'il regardait vers moi et que j'étais à 20 m de lui. Choquant, non?","C'est le plus choquant: la seule cause de cet accident est l'inattention de certains automobilistes vis-à-vis des motos. On ne peut même pas incriminer le défaut de visibilité de la moto: en plein jour, un carrefour à angle droit à faible vitesse et dans une circulation fluide. Il n'a même pas grillé le stop: il s'est arrêté, puis a démarré alors que je passais!  J'ai eu l'impression d'être transparent.","La seule réaction que j'aie eu le temps d'avoir est de tenter un évitement vers la droite. C'était inutile car je ne roulais pas assez vite. De plus, ma manuvre a été ""paralysée"" par le fait qu'il y avait un autre véhicule arrêté au stop à ma droite!","NRP","0","","","J'avais priorité, il était arrêté, il regardait vers moi. Je devais passer.  Je n'avais pas de raison de faire autre chose car rien ne présageait qu'il allait agir de la sorte.","2","1","2","","Il a put être gêné dans sa visibilité à sa gauche (voitures garées sur le trottoir). Il était peut-être très concentré sur les éventuels véhicules arrivant de sa gauche et n'a pas pris en compte le petit véhicule arrivant de droite...","1","Il était en tort","3","6","",NA,NA,"","","",NA,1,NA,NA,"2",NA,"Je ne comprenais pas pourquoi le pare-choc de cette voiture que j'avais vue arrêtée à son stop se mettait à avancer vers moi.","4","3","","","1","2","4","4","1","1","2","2",4,2,4,4,4,10,NA,NA,NA,NA,NA,NA,NA,NA,1,"2","AUT|possibilité de se garer sur le trottoir, bien que ce soit interdit","","",NA,NA,NA,NA,2,2,NA,2,1,1,1,0,98,0,2,0,"1","3","","",NA,NA,"2","1","","",NA,2,1,6,7,NA,NA,NA,NA,NA,1,0,1,"1","1",2,0,20,1,10,2,3,4,7,NA,NA,"",NA,"4","4","4","4","4","3","TRIUMPH","675","DAYTONA","SPORTIVE","2","1","1",1,1,1,"1",1,1,1,"1","6000","12","2","1","SUZUKI","650","SV-S","SPORTIVE","2","4","4","01NOV1981","5","1","3",2,2,3,NA,"NRP","","","",2,0,0,3,0,3,"TRIUMPH",675,"DAYTONA","SPORTIVE","2","2011","37",1,2,15000,"7","TRIUMPH","1050","SPRINT GT","Routière / GT","2","2011","28",3,1,5000,"7","SUZUKI","650","SV-S","Routière / GT","2",2007,37,3,1,4000,"7","",NA,"","",NA,NA,NA,NA,NA,NA,"","",NA,"","",NA,NA,NA,NA,NA,NA,NA,24000,"3",4,NA,NA,NA,NA,NA,NA,NA,"NRP","NRP","NRP","NRP","2010","NRP","NRP","1999","NRP","","","","Motorcycle"