"","Ligne","Ligne.Q.qualif","Ligne.approfondissement.Accident","ACCIDENT","NBACC1","ACCFREQUENCE1","ANNEEACC1_1","ANNEEACC1_2","ANNEEACC1_3","ANNEEACC1_4","ANNEEACC1_5","NBACC2","ACCFREQUENCE2","ANNEEACC2_1","ANNEEACC2_2","ANNEEACC2_3","ANNEEACC2_4","ANNEEACC2_5","NBACC3","ACCFREQUENCE3","ANNEEACC3_1","ANNEEACC3_2","ANNEEACC3_3","ANNEEACC3_4","ANNEEACC3_5","NBACC4","ACCFREQUENCE4","ANNEEACC4_1","ANNEEACC4_2","ANNEEACC4_3","ANNEEACC4_4","ANNEEACC4_5","NBACC5","ACCFREQUENCE5","ANNEEACC5_1","ANNEEACC5_2","ANNEEACC5_3","ANNEEACC5_4","ANNEEACC5_5","NBACC6","ACCFREQUENCE6","ANNEEACC6_1","ANNEEACC6_2","ANNEEACC6_3","ANNEEACC6_4","ANNEEACC6_5","NBACC7","ACCFREQUENCE7","ANNEEACC7_1","ANNEEACC7_2","ANNEEACC7_3","ANNEEACC7_4","ANNEEACC7_5","NBACC8","ACCFREQUENCE8","ANNEEACC8_1","ANNEEACC8_2","ANNEEACC8_3","ANNEEACC8_4","ANNEEACC8_5","NBACC9","ACCFREQUENCE9","ANNEEACC9_1","ANNEEACC9_2","ANNEEACC9_3","ANNEEACC9_4","ANNEEACC9_5","NBACC10","ACCFREQUENCE10","ANNEEACC10_1","ANNEEACC10_2","ANNEEACC10_3","ANNEEACC10_4","ANNEEACC10_5","NBACC11","ACCFREQUENCE11","ANNEEACC11_1","ANNEEACC11_2","ANNEEACC11_3","ANNEEACC11_4","ANNEEACC11_5","NBACC12","ACCFREQUENCE12","ANNEEACC12_1","ANNEEACC12_2","ANNEEACC12_3","ANNEEACC12_4","ANNEEACC12_5","NBACC13","ACCFREQUENCE13","ANNEEACC13_1","ANNEEACC13_2","ANNEEACC13_3","ANNEEACC13_4","ANNEEACC13_5","NBACC14","ACCFREQUENCE14","ANNEEACC14_1","ANNEEACC14_2","ANNEEACC14_3","ANNEEACC14_4","ANNEEACC14_5","AUTRESACC","NBAUTRESACC","TOTAL_AC","ANNEEAUTREACC1","ANNEEAUTREACC2","ANNEEAUTREACC3","ANNEEAUTREACC4","ANNEEAUTREACC5","LIEUAUTREACC1","LIEUAUTREACC2","LIEUAUTREACC3","LIEUAUTREACC4","LIEUAUTREACC5","DESCRIPTIONAUTRESACC1","DESCRIPTIONAUTRESACC2","DESCRIPTIONAUTRESACC3","DESCRIPTIONAUTRESACC4","DESCRIPTIONAUTRESACC5","NBAUTRESACCCIRCUIT","NBAUTRESTOUTTERRAIN","EXPCYCLO","EXP125","EXPSUP125","ACCORDNEXTQ","CHOIXACC","RGPMTACC","RECUPANNEE","RECUPLIEU","RECUPANNE","RGPMTAC","CHOIX1","CHOIX2","CHOIX3","CHOIX4","CHOIX5","CHOIX6","CHOIX7","DESCRIPTION","RUPTURE","FAITS","ABS_REACTION","AUTRE_REACTION","PRECISIONREACTIONOUI","RECUL","PRECISIONREACTIONNON","IMPACTCOMPORTEMENT","AUTREUSAGER","REACTIONAUTREUSAGER","CONNAISSANCEREACTIONUSAGER","DIFFICULTES","AGGRAVATION","DIFFICULTES2","EMOTIONS1","EMOTIONS2","EMOTIONS3","EMOTIONS4","EMOTIONS5","EMOTIONS6","AUTRESENTIMENT","CLASSEMENTEMOTIONS1","CLASSEMENTEMOTIONS","CLASSEMENTEMOTIONS5","CLASSEMENTEMOTIONS6","CLASSEMENTEMOTIONS7","CLASSEMENTEMOTIONS8","CLASSEMENTEMOTIONS9","EXPLICATIONRESSENTI","BIENEQUIPE","ALLURE","ALLUREVITEDETAIL","ALLURELENTEDETAIL","SITUATIONPRESSE","SITUATIONDISTRAIT","SITUATIONCONFIANT","SITUATIONCONTROLE","SITUATIONLUDIQUE","SITUATIONPERF","SITUATIONSTRESS","SITUATIONFATIGUE","HUMEURNEUTRE","HUMEURGAI","HUMEURMECONTENT","HUMEURTRISTE","HUMEURCOLERE","CONTRIBUTION1","CONTRIBUTION2","CONTRIBUTION3","CONTRIBUTION4","CONTRIBUTION5","CONTRIBUTION6","CONTRIBUTION7","CONTRIBUTION8","CONTRIBUTION9","ROLEINFRA","ELEMENTINFRA1","ELEMENTINFRA2","ELEMENTINFRA3","ELEMENTINFRA4","ELEMENTINFRA5","ELEMENTINFRA6","ELEMENTINFRA7","ELEMENTINFRA8","ELEMENTINFRA9","ALCOOL","TXALCOOL","STUP","SEMAINE","MOMENTJOURNEE","TEMPS","CAUSEACC1","CAUSEACC2","CAUSEACC3","CAUSEACC4","CAUSEACC5","FORMATIONCAUSE","FORMATION1","FORMATION2","FORMATION3","FORMATION4","FORMATION5","TRAFIC","CHAUSSEE1","CHAUSSEE2","CHAUSSEE3","CHAUSSEE4","TYPEACC","BLESSURE","TETE","COU","THORAX","MEMBRESSUP","COLONNE","BASSIN","MEMBRESINF","HOPITAL","PLUS24H","TRAJET","TYPEROUTE","MOTIF","SENSTRAJET","PASSAGER","VITESSE","DESCEQ1","DESCEQ2","DESCEQ3","DESCEQ4","DESCEQ5","DESCEQ6","DESCEQ7","DESCEQ8","DESCEQ9","DESCEQ10","VEHICULEETE","VEHICULEAUTOMNE","VEHICULEPRINTEMPS","VEHICULEHIVER","VEHICULESEMAINE","VEHICULEWE","VEHMARQUE","VEHCYLINDREE","VEHMODELE","VEHSEGMENT","VEHSIDE","EQ2RMABS","EQ2RMCBS","EQ2RMABSCBS","EQ2RMREGULATEUR","EQ2RMLIMITEUR","EQ2RMPHARESDIRECT","EQ2RMCOUPURE","EQ2RMANTIPATINAGE","EQ2RMANTIXHEELING","EQ2RMSTABILILTE","VEHKM","POINTS","DUREE","AUTRE2RM","VEHPRECMARQUE","VEHPRECCYLINDREE","VEHPRECMODELE","VEHPRECSEGMENT","VEHPRECSIDE","TEMPS2RMPREC","FREQVEHPREC","DATE_NAISS","CSP","SOCIETAIRE","SALARIE","SECTEUR2RM","NBPERSFOYER","SITFAM","NBENF","TRNBENF1","TRNBENF2","TRNBENF3","TRNBENF4","NBAUTOFOYER","NBCYCLOFOYER","NBSCOOTFOYER","NBMOTOFOYER","NBTRIKEFOYER","NB2RMCONDUIT","MARQUE1","CYLINDREE1","MODELE1","SEGMENT1","SIDE1","ANMISECIRCU1","ASS1","FREQ1","USAGE1","NBKM1","GARAGE1","MARQUE2","CYLINDREE2","MODELE2","SEGMENT2","SIDE2","ANMISECIRCU2","ASS2","FREQ2","USAGE2","NBKM2","GARAGE2","MARQUE3","CYLINDREE3","MODELE3","SEGMENT3","SIDE3","ANMISECIRCU3","ASS3","FREQ3","USAGE3","NBKM3","GARAGE3","MARQUE4","CYLINDREE4","MODELE4","SEGMENT4","SIDE4","ANMISECIRCU4","ASS4","FREQ4","USAGE4","NBKM4","GARAGE4","MARQUE5","CYLINDREE5","MODELE5","SEGMENT5","SIDE5","ANMISECIRCU5","ASS5","FREQ5","USAGE5","NBKM5","GARAGE5","NBKMTOT","PERMIS1","PERMIS2","PERMIS3","PERMIS4","PERMIS5","PERMIS6","PERMIS7","PERMIS8","PERMIS9","ANPERMIS1","ANPERMIS6","ANPERMIS7","ANPERMIS2","ANPERMIS3","ANPERMIS8","ANPERMIS9","ANPERMIS4","ANPERMIS5","X","X.1","X.2","isScooter"
"288",625,5563,"353",1,0,3,"","",NA,NA,NA,0,5,"","","",NA,NA,0,4,"","",NA,"",NA,0,4,"","",NA,NA,NA,3,5,"1980","2000","2007","","",0,3,"","","",NA,NA,0,3,"",NA,NA,NA,NA,0,4,"","","",NA,NA,0,3,"","","","","",1,3,"1991","","","","",0,4,"","","","","",0,2,"","",NA,NA,NA,0,4,"","","",NA,NA,0,2,"","",NA,NA,NA,1,3,7,"1992","1997","2011","","","pierre benite","orlienas","St Laurent agn","","","chute sur une 2 voies en hiver frloé le frein avant sur une plaque de verglas : chute inévitable","chute sur departementale hiver perdu l'avant en entrant dans le village virage à droite la moto n'a pas traversé ma voie de circulation. verglas invisible.","Chute seul dans un rond point en hiver, choc sur la tête pas de souvenir du ce qu'il s'est passé. Je suppose un gros gravier lève la roue arrière et la moto part en high side.","","",0,1,2,2,32,1,22,"5",2000,"","2000","Vous circuliez sur un axe prioritaire. Un véhicule venant dun axe non prioritaire vous a coupé la route.","4","","",NA,"",NA,"","En rentrant du travail sur la route départementale, une personne est sortie de chez elle sans me voir. Ceci est arrivé car la vus à la sortie de sa villa etait obturée pas un mur. J'ai tenu à éviquer cet accident car des les campagnes à proximité des agglomération les sorties d'habitation non signalées et ne présentant ni espace ni visibilité suffisante se multiplient de manière significative. Finalement la personne appercevant la moto venir s'est arretée au milieu de la route. Les gendarmes ayant fait l'enquette n'ont rien retenu contre moi, ni vitesse ni position sur la route et m'ont assuré que mes chances d'évitemznt étaient nules. Le constat a été fait à l'amiable suivant les indications de la gendarmerie. La perssonne qui avait provoqué l'accident à finalement monté un mirroir en fac de sa sortie de villa. C'est là le point qu'il me semble important de soulever, des éléments permettant aux personnes concernées de sortir sans riquer de provoquer un accident ainsi qu'une borne caractéristique devraient être obligatoire pour baliser ces zones à haut risque. J'étais en moto et j'ai percuté une voiture mais si la personne était sortie devant un poids lourd les domages auraient pu être dramatiques.","Abscence de visibilité du véhicule sortant de chez lui. Pas de balisage de la zone à risque. Chaussée étroite. Peur du conducteur qui l'a fait stopper au milieu de la route.","J'ai d'abord vu le nez d'une voiture sortir et marquer un temps d'arret. J'avais coupé les gaz et pris légèrement le frein avant. Voyant la voiture à l'arret j'ai relaché les freins. Puis la voiture est sortie. J'étais alors dans une légère courbure à gauche de la route quand j'ai du freiner à pleinne puissance. cela a eu pour effet de lever la roue arrière. J'ai du relacher et reprendre les freins. Mais la voiture était arretée au milieu de la route. Le conducteur étant paralisé par la surprise. J'ai ""accompagné"" la moto au plus près de l'impact et j'ai ""sauté"" de la moto. J'ai fait un roulé boulé qui m'a amené sur le bord droit de la chaussée au niveau de la sortie de la villa. La moto a été stoppée par la voiture.","NRP","1","J'ai appris de cette accident deux choses importantes. Premèrement à porter plus d'attention aux signes indiquant une sortie d'ahbitation privée. Deuxièmement au moindre mouvement suspect à l'abbord de ce type d'endroit, je freinne de sorte que ma vitesse soit minimale si quelque chose apparait. J'utilise aussi le klaxon si je doute.","J'ai mal évalué la situation quand j'ai vu la voiture marquer un temps d'arrêt j'ai supposé qu'elle m'avait vu or j'aurai du n'en tenir aucun compte car la vitre avant du chauffeur était cachée par le mur de cloture de la maison.","","2","1","2","","le conducteur voyant arriver mo véhicule a été paralysé par la surprise","1","NSP","2","4","",NA,NA,"","","",1,NA,2,NA,"",NA,"Alarme ! la voiture sort ! Freiner !","4","3","","","2","2","4","4","2","1","2","2",3,3,4,4,4,5,6,NA,NA,NA,NA,NA,NA,NA,1,"2","AUT|aménagement de la villa mur trop haut pour permettre de voir le trafic","","",NA,NA,NA,NA,2,2,NA,2,1,1,1,10,60,0,30,0,"2","","","",NA,NA,"1","1","","",NA,2,1,3,4,7,NA,NA,NA,NA,1,1,1,"2","1",2,0,65,1,10,2,5,NA,NA,NA,NA,"",NA,"4","4","4","2","4","4","SUZUKI","1200","BANDIT-S","ROADSTER","1","1","1",1,1,1,"1",1,1,1,"1","25000","12","3","1","HONDA","600","CBR 600F","SPORTIVE","2","4","4","11JAN1965","7","1","3",2,4,4,2,"NRP","","","",2,0,0,2,0,2,"SUZUKI",1200,"BANDIT-N","ROADSTER","2","2007","37",3,1,7000,"7","SUZUKI","650","SV-N","ROADSTER","2","2001","37",3,1,5000,"7","","","","","",NA,NA,NA,NA,NA,"","",NA,"","",NA,NA,NA,NA,NA,NA,"","",NA,"","",NA,NA,NA,NA,NA,NA,NA,12000,"2",3,4,NA,NA,NA,NA,NA,NA,"NRP","NRP","NRP","1981","1983","NRP","NRP","1983","NRP","","","","Motorcycle"
"289",494,5568,"57",1,0,3,"","",NA,NA,NA,1,4,"2009","","",NA,NA,0,4,"","",NA,"",NA,0,2,"","",NA,NA,NA,0,3,"","","","","",0,2,"","","",NA,NA,0,2,"",NA,NA,NA,NA,0,2,"","","",NA,NA,0,1,"","","","","",0,4,"","","","","",0,6,"","","","","",0,2,"","",NA,NA,NA,0,2,"","","",NA,NA,0,2,"","",NA,NA,NA,0,NA,1,"","","","","","","","","","","","","","","",NA,NA,2,8,0,1,6,"2",2009,"","2009","Vous circuliez derrière un véhicule. Ce véhicule a ralenti. Vous avez entrepris de dépasser ce véhicule par la gauche et celui-ci vous a coupé la route en tournant à gauche (ou en effectuant un œ tour","1","","",NA,"",NA,"","Je remontais une file de voiture à allure modérée. les automobiles étaient àl'arrêt. Lorsque un véhicule qui était devant moi, a tourné pour rejoindre une zone commerciale sans prévenir de son intention. Pas de feux de direction. L'écart que j'ai fait n'a pas été suffisant pour l'éviter et j'ai fini en glissade. . Le plus important, le delta de vitesse était peu important,le conducteur de véhicule n'a pas affiché son intention de changer de direction.","le véhicule a tourné devant moi sans prévenir. Il n'y avait aucun véhicule qui arrivait en face, elle n'a pas regardé derrière.","J'ai essayé de l'éviter et j'ai essayé de freiner et elle a plantée son véhicule lorsqu'elle m'a vu au niveau de sa porte. J'ai touché le rétro et l'angle que j'avais déjà pris m'a fait terminé en glissade de deux metres. Elle ne m'avait pas vu et considérait que je roulais vite. Mon scooter chinois a eu le cadre qui s'est voilé. J'ai troué la manche de la veste  que je portais. Je me suis relevé immédiatement, et sorti mon scooter de la chaussée pour éviter le suraccident. je n'ai pas fait de commentaires particuliers. La conductrice avait ses enfants en bas age derrière et était déjà assez secoués. Nous avons rempli le constat et chacun est rentré chez soi avec son véhicule.","NRP","1","Je surveille beaucoup plus les conducteurs des véhicules que je remonte. Je regarde si ils peuvent avoir quelques choses qui les distraient. Enfants, téléphone,discussion avec les autres passagers etc...","je conduisais le scooter depuis un an et n'avais encore eu aucune alerte sérieuse.","","2","1","1","1","la conductrice parlait avec ses enfants et a décidé d'acheter de la viande en passant devant la boucherie. Les véhicules étaient à l'arrêt, elle a tourné sans regarder derrière elle pour rejoindre le centre commercial","1","Elle n'a pas pense qu'il pouvait avoir d'autres usagers que des voitures sur la route. Et donc qu'un deux roues pouvait remonté la file","6","","",NA,NA,"","","",NA,NA,NA,NA,"1",NA,"si je freinais je ne pouvais pas m'arreter,de même si j'accélérais. Je n'étais plus maitre de la situation je devais toucher ou finir en glissade","2","3","","","1","1","3","3","1","1","2","1",1,4,4,4,4,5,NA,NA,NA,NA,NA,NA,NA,NA,2,"","","","",NA,NA,NA,NA,2,2,NA,2,1,1,1,25,75,0,0,0,"2","","","",NA,NA,"4","1","","",NA,1,NA,NA,NA,NA,NA,NA,NA,NA,NA,NA,1,"1","1",2,0,25,1,2,5,NA,NA,NA,NA,NA,"",NA,"4","4","4","4","4","3","JONWAY","125","SCOOTER","SCOOTER","2","1","1",1,1,1,"1",1,1,1,"1","10000","11","2","0","","","","","","","","09JUL1962","6","2","3",2,4,4,2,"NRP","","","",2,0,1,0,0,1,"DAELIM",125,"S2 FREEWING","SCOOTER","2","2006","16",1,2,8000,"4","","","","","","","",NA,NA,NA,"","","","","","",NA,NA,NA,NA,NA,"","",NA,"","",NA,NA,NA,NA,NA,NA,"","",NA,"","",NA,NA,NA,NA,NA,NA,NA,8000,"4",2,NA,NA,NA,NA,NA,NA,NA,"NRP","NRP","NRP","1980","NRP","NRP","NRP","1980","NRP","","","","Motorcycle"
"290",339,5611,"408",1,0,3,"","",NA,NA,NA,0,4,"","","",NA,NA,0,4,"","",NA,"",NA,0,4,"","",NA,NA,NA,0,4,"","","","","",0,3,"","","",NA,NA,0,1,"",NA,NA,NA,NA,0,1,"","","",NA,NA,0,1,"","","","","",0,5,"","","","","",0,5,"","","","","",0,2,"","",NA,NA,NA,0,4,"","","",NA,NA,0,5,"","",NA,NA,NA,1,1,1,"2014","","","","","A3","","","","","Remontee de file sur autoroute. Une voiture mets son clignotant pour déboîter. Je freine pour la laisser passer. Le motard qui était derrière moi me rentre dedans. Pas de blessure, peu de dégâts.","","","","",0,0,0,0,7,1,71,"15",2014,"A3","2014","Autre(s) type(s) d'accident(s).","1","","",NA,"",NA,"","De retour d'un voyage professionnel sur A3 en provenance de Roissy (où j'ai atterri vers 7 ou 8h su matin). J'étais donc fatigué. C'était un vendredi de départ en vacances, beaucoup de monde, circulation des voitures très lente, beaucoup de voitures belges et de hollandaises qui ne se poussaient pas voire cherchaient à bloquer les motos en inter-file.  J'avais derrière moi depuis plusieurs km une autre moto qui me suivait sans pression à distance correcte.  Une voiture a mis son clignotant et a commencé à se décaller. Je pense que je pouvais passer sans risque mais, j'ai préféré la laisser passer, car les voitures restent prioritaires quand on remonte une file.  Je m'arrete, le motard qui était derrière moi, me rentre dedans, enfin plus précisément dans une des valises latérales qui se détache et est projetée 3 ou 4 mètres plus loin sur la voie de gauche.  Toutes les voitures étaient arrétées, j'avance un peu pour me mettre sur la file de gauche et me garer à coté de ma valise. Je béquille, je descende de la moto, et là ... boum la moto parterre, je n'avais pas mis ou mal mis la béquille latérale :( Je relève la moto, remets la valise et décide avec l'autre motard de prendre a prochaine sortie pour faire un constat.  Ni lui ni moi n'avons de constat, nous nous arrangeons à l'amiable.  dégats matériels : valise gauche à changer, part carter éraflé, pot rayé sans gravité dégat corporels : aucun  voilà !","je pense que ma description précédente permet de répondre à cette question. Mais je pense que la moto qui me suivait me collait de trop près et que je n'ai pas vérifié derrière correctement.","NRP","3","1","vérifier la distance avec la moto derrière moi. ça aurait évité le choc","fatigue et densité de la circulation","","2","1","1","1","surprise => freinage","1","NRP","2","","",NA,NA,"","","",1,NA,NA,NA,"",NA,"je pensais faire ma ""BA"" en laissant la voiture psser, et j'ai vu ma valise me doubler, plus senti un choc.","3","4","","","2","3","3","3","NSP","1","3","3",5,4,4,4,4,4,NA,NA,NA,NA,NA,NA,NA,NA,2,"","","","",NA,NA,NA,NA,2,2,NA,2,1,1,1,40,60,0,0,0,"2","","","",NA,NA,"4","1","","",NA,1,NA,NA,NA,NA,NA,NA,NA,NA,NA,NA,2,"3","2",NA,0,0,1,2,3,4,6,9,NA,NA,"",NA,"3","3","3","3","3","3","BMW","1200","R1200ST ABS","Routière / GT","2","0","0",0,1,1,"1",1,1,1,"1","50000","12","1","1","SUZUKI","600","BANDIT","ROADSTER","2","4","3","07MAY1980","5","2","3",2,2,3,NA,"NRP","","","",1,0,0,1,0,1,"SUZUKI",600,"BANDIT-N","ROADSTER","2","2004","28",2,1,6000,"6","","","","","","","",NA,NA,NA,"","","","","","",NA,NA,NA,NA,NA,"","",NA,"","",NA,NA,NA,NA,NA,NA,"","",NA,"","",NA,NA,NA,NA,NA,NA,NA,6000,"4",3,NA,NA,NA,NA,NA,NA,NA,"NRP","NRP","NRP","NRP","2007","NRP","NRP","1998","NRP","","","","Motorcycle"
"291",328,5651,"438",1,0,3,"","",NA,NA,NA,0,5,"","","",NA,NA,0,6,"","",NA,"",NA,0,1,"","",NA,NA,NA,0,4,"","","","","",1,4,"1994","","",NA,NA,0,1,"",NA,NA,NA,NA,0,1,"","","",NA,NA,0,1,"","","","","",0,1,"","","","","",0,4,"","","","","",0,1,"","",NA,NA,NA,0,4,"","","",NA,NA,0,3,"","",NA,NA,NA,0,NA,1,"","","","","","","","","","","","","","","",NA,NA,5,0,25,1,26,"6",1994,"","1994","Vous remontiez une file de véhicules par la gauche. Un véhicule de la file a laissé passer un autre véhicule venant dun autre axe non prioritaire. Ce dernier vous a coupé la route.","1","","",NA,"",NA,"","Je remontais une file de voitures ininterrompues sur la route d'avron à paris (double sens). Je roulais à environ 20 km/h. une voiture est sortie d'un garage et a coupé la file perpendiculairement au moment où j'arrivais. j'ai évité partiellement en me décalant à gauche et aussi en percutant le capot avec la main. je me suis arrêté sur une camionnette qui arrivait en sens inverse sans impact ce qui m'a empêché de chuter. je n'ai rien eu ni la moto, la voiture avec un bosse dans le capot","j'ai vu la voiture au dernier moment elle a coupé la file droit devant heureusement ni elle ni moi n'allions vite","surprise tentative d'évitement  freinage repousse de la voiture avec la main (réflexe non réflexion !)  la voiture a freiné immédiatement","3","0","","","pas assez de temps pour réagir malgré la faible vitesse","2","1","1","1","NSP","2","freinage immédiat des 2 parties","9","","",NA,NA,"","action réflexe","",NA,NA,NA,NA,"",1,"NRP","3","3","","","2","1","NSP","4","1","1","NSP","NSP",5,5,5,5,5,10,NA,NA,NA,NA,NA,NA,NA,NA,2,"","","","",NA,NA,NA,NA,2,2,NA,2,1,1,1,50,50,0,0,0,"2","","","",NA,NA,"3","1","","",NA,1,NA,NA,NA,NA,NA,NA,NA,NA,NA,NA,2,"1","3",NA,0,20,1,10,2,3,5,NA,NA,NA,"",NA,"4","4","4","3","4","4","HONDA","600","TRANSALP +35KW","TRAIL / SUPERMOTARD","2","1","1",1,1,1,"1",1,1,1,"1","50000","12","4","1","YAMAHA","250","TDR","Routière / GT","2","3","3","12APR1962","5","1","3",2,3,4,1,"NRP","","","",0,0,0,1,0,1,"YAMAHA",850,"TDM","ROADSTER","2","2000","37",3,1,3000,"5","","","","","","","",NA,NA,NA,"","","","","","",NA,NA,NA,NA,NA,"","",NA,"","",NA,NA,NA,NA,NA,NA,"","",NA,"","",NA,NA,NA,NA,NA,NA,NA,3000,"3",4,NA,NA,NA,NA,NA,NA,NA,"NRP","NRP","NRP","NRP","1990","NRP","NRP","1980","NRP","","","","Motorcycle"
"292",863,5654,"430",1,0,5,"","",NA,NA,NA,0,3,"","","",NA,NA,0,2,"","",NA,"",NA,0,2,"","",NA,NA,NA,0,5,"","","","","",0,2,"","","",NA,NA,0,2,"",NA,NA,NA,NA,1,4,"1999","","",NA,NA,0,2,"","","","","",0,2,"","","","","",0,2,"","","","","",0,1,"","",NA,NA,NA,0,2,"","","",NA,NA,0,2,"","",NA,NA,NA,1,2,3,"1994","2000","","","","chasse / rhone","brignais","","","","une autre moto (qui a elle aussi chuté), qui me doublait dans une bretelle d'acces d'autoroute a 1 voie, ma entrainé dans sa chute en me dépassant dans un virage a droite.","lors d'un dépassement sur une départementale,le véhicule que je doublais a fait un écart et ma touché, ce qui a entrainé ma chute.","","","",0,1,4,0,21,1,36,"8",1999,"","1999","Vous avez fait une sortie de route, une perte de contrôle ou une glissade puis avez percuté un obstacle fixe (panneau, arbre poteau ).","5","","",NA,"",NA,"","c'était lors d'une sortie avec 2 collègues. on étaient hors agglomération sur une départementale, entre la terrasse en dorlay et l'auberge du pavezin, dans le parc du pilat(42). j'était devant le groupe, lorsque arrivant dans une courbe à droite, je me suis retrouvé dans le virage avec de la terre de partout sur la chaussée et je n'ai rien pu faire. la moto a dérapé et j'ai glissé en traversant la chaussée, me retrouvant en contre bas à 2 mètres en dessous de la route. Heureusement mes collègues ont pu s'arreté en voyant un nuage de poussière et Heureusement que personne n'arrivait en face. Je n'ai aussi pas touché d'arbres qui jonchaient le bas coté. J'était équipé correctement et n'ai rien eu. La moto a frotté sur les 2 cotés et l'assurance n'a pas voulu engagé de recours envers la DDE. résultat, cela a tout été pour moi et j'avais assuré la moto en tous risque, donc pas trop de perte d'argent. Voila tous ce que je peu dire sur cette mésaventure.","virage qui se referme et terre en sortie pas signalé.","j'ai laissé faire.","1","0","","","NRP","2","0","","","","","","8","","",NA,NA,"","","",NA,NA,NA,NA,"",NA,"","3","3","","","1","1","3","3","2","1","1","1",3,3,4,4,4,10,NA,NA,NA,NA,NA,NA,NA,NA,1,"5","7","","",NA,NA,NA,NA,2,2,NA,2,1,1,1,0,0,0,100,0,"2","","","",NA,NA,"1","1","AUT|terre","",NA,1,NA,NA,NA,NA,NA,NA,NA,NA,NA,NA,2,"2","3",NA,0,75,1,10,2,3,4,NA,NA,NA,"",NA,"4","4","4","4","4","4","SUZUKI","600","GSX-R","SPORTIVE","2","1","1",1,1,1,"1",1,1,1,"1","8000","12","3","1","SUZUKI","750","GSX-R","SPORTIVE","2","4","3","11JUL1971","8","1","3",2,3,4,1,"NRP","","","",2,0,0,3,0,3,"SUZUKI",600,"GSX-R","SPORTIVE","2","2006","37",2,1,4000,"7","BMW","650","F650 FUNDURO","TRAIL / SUPERMOTARD","2","1998","37",2,2,6000,"7","DAELIM","125","VT EVOLUTION","CUSTOM","2",1997,37,4,1,1500,"7","",NA,"","",NA,NA,NA,NA,NA,NA,"","",NA,"","",NA,NA,NA,NA,NA,NA,NA,11500,"3",4,NA,NA,NA,NA,NA,NA,NA,"NRP","NRP","NRP","NRP","1994","NRP","NRP","1990","NRP","","","","Motorcycle"
"293",1199,5664,"107",1,0,4,"","",NA,NA,NA,1,4,"2006","","",NA,NA,0,5,"","",NA,"",NA,0,4,"","",NA,NA,NA,0,4,"","","","","",0,3,"","","",NA,NA,0,4,"",NA,NA,NA,NA,0,5,"","","",NA,NA,1,4,"2006","","","","",2,5,"2001","2006","","","",0,4,"","","","","",0,4,"","",NA,NA,NA,0,4,"","","",NA,NA,0,4,"","",NA,NA,NA,1,3,7,"2001","2006","2006","","","Poitiers","Cahors","Chatellerault","","","une voiture m'a coupée la route en grillant un feu rouge alors que je redémarrais au feu vert","j'ai perdu le contrôle à 50 km/h en perdant l'adhérence de la roue avant dans une légère courbe alors qu'il commençait à pleuvoir et qu'il y avait du gasoil au sol","j'ai dépassé trois voiture en agglomération qui roulaient doucement à l'approche d'un carrefour avec une rue à gauche et la 2ème voiture que je dépassais à tournée à gauche sans clignotant lorsque je me suis trouvé à ça hauteur","","",0,2,0,0,19,1,6,"2",2006,"","2006","Vous circuliez derrière un véhicule. Ce véhicule a ralenti. Vous avez entrepris de dépasser ce véhicule par la gauche et celui-ci vous a coupé la route en tournant à gauche (ou en effectuant un œ tour","3","5","6",NA,"",NA,"","Je sortais d'une agglomération (Chatellerault (86))et j'ai entrepris d dépasser par la gauche (en aillant mis mon clignotant) les 3 voitures qui étaient devant moi. Il y avait de pointillé serrés et un rue à gauche que je n'ai vu qu'au dernier moment lorsque qu'arrivé à la hauteur de la 2eme voiture cette dernière à pris la rue de gauche sans mettre son clignotant. je me suis retrouver à faire un évitement par la gauche en passant devant la voiture (que je n'ai pas touché d'ailleurs) mais lorsque je me suis déporté je ne suis retrouver dans l'alignement du trottoir de gauche juste en face de moi (je me suis mis debout sur la moto pour passer la bordure et lorsque la moto est monté sur le trottoir je me suis fait éjecté (coup de raquette quand la roue arrière à passée la bordure du trottoir). j'ai été propulsé dans la clôture à 2m de haut et ai fait un  vol plané (les pieds en l'air de 12m de long) avant de retomber à terre. je me suis relevé, l'automobiliste à pris la fuite et je n'ai pu le rattraper même en courant après la voiture. Conclusion: 100% de responsabilité pour non maitrise de mon véhicule.  De cette expérience je me dit que l'automobiliste ne m'a pas forcement vu même si il a fait une faute ne signalant pas son changement de direction. je déplore sa fuite mais moi je n'avais pas à doubler là. Aujourd'hui, j'anticipe plus mes dépassement, les intersection et le regarde des autres conducteurs dans leurs rétroviseurs.","Lorsque j'ai apercu la masse de la voiture se rabattre sur moi alors que j'étais à la hauteur de sa portière. un réflexe d'évitement mais il était trop tard.","Un réflexe d'évitement, me mettre debout sur la moto et tirer sur le guidon pour franchir le trottoir. Le conducteur de la voiture n'a fait aucune manoeuvre, il ne m'a pas vu.","NRP","1","j'aurai pu prendre la route de gauche au  leu de faire un évitement et ne pas avoir été éjecté en montant sur le trottoir","Avoir été surpris par la manoeuvre du conducteur de la voiture","","2","1","NSP","","je ne sais pas car il m'a vu courir derrière sa voiture, i la ralenti et est parti","NSP","NSP","1","9","",NA,NA,"","réagir toute de suite et prendre la meilleur décision pour m'en sortir","1",NA,NA,NA,NA,"",2,"la peur de percuter la voiture et de mourir","4","3","","","2","2","3","1","1","1","1","2",1,1,4,4,4,10,NA,NA,NA,NA,NA,NA,NA,NA,1,"1","4","","",NA,NA,NA,NA,2,2,NA,2,2,1,1,40,40,0,20,0,"2","","","",NA,NA,"3","1","","",NA,2,1,4,NA,NA,NA,NA,NA,NA,1,0,2,"1","3",NA,0,40,1,2,3,4,7,9,NA,NA,"",NA,"3","3","3","2","2","3","YAMAHA","900","TDM","ROADSTER","2","1","1",1,1,1,"1",1,1,1,"1","20000","12","4","1","YAMAHA","900","TDM","ROADSTER","2","4","1","06APR1970","5","1","3",2,5,4,3,"NRP","","","",2,0,0,3,0,3,"YAMAHA",900,"TDM","ROADSTER","2","2003","34",3,1,7000,"7","YAMAHA","600","XJ6 DIVERSION","ROADSTER","2","2009","37",3,1,5000,"7","KTM","520","EXC RACING","TOUT TERRAIN (TRIAL, ENDURO, CROSS)","2",2001,37,4,1,1000,"7","",NA,"","",NA,NA,NA,NA,NA,NA,"","",NA,"","",NA,NA,NA,NA,NA,NA,NA,13000,"3",4,NA,NA,NA,NA,NA,NA,NA,"NRP","NRP","NRP","NRP","1996","NRP","NRP","1990","NRP","","","","Motorcycle"