"","Ligne","Ligne.Q.qualif","Ligne.approfondissement.Accident","ACCIDENT","NBACC1","ACCFREQUENCE1","ANNEEACC1_1","ANNEEACC1_2","ANNEEACC1_3","ANNEEACC1_4","ANNEEACC1_5","NBACC2","ACCFREQUENCE2","ANNEEACC2_1","ANNEEACC2_2","ANNEEACC2_3","ANNEEACC2_4","ANNEEACC2_5","NBACC3","ACCFREQUENCE3","ANNEEACC3_1","ANNEEACC3_2","ANNEEACC3_3","ANNEEACC3_4","ANNEEACC3_5","NBACC4","ACCFREQUENCE4","ANNEEACC4_1","ANNEEACC4_2","ANNEEACC4_3","ANNEEACC4_4","ANNEEACC4_5","NBACC5","ACCFREQUENCE5","ANNEEACC5_1","ANNEEACC5_2","ANNEEACC5_3","ANNEEACC5_4","ANNEEACC5_5","NBACC6","ACCFREQUENCE6","ANNEEACC6_1","ANNEEACC6_2","ANNEEACC6_3","ANNEEACC6_4","ANNEEACC6_5","NBACC7","ACCFREQUENCE7","ANNEEACC7_1","ANNEEACC7_2","ANNEEACC7_3","ANNEEACC7_4","ANNEEACC7_5","NBACC8","ACCFREQUENCE8","ANNEEACC8_1","ANNEEACC8_2","ANNEEACC8_3","ANNEEACC8_4","ANNEEACC8_5","NBACC9","ACCFREQUENCE9","ANNEEACC9_1","ANNEEACC9_2","ANNEEACC9_3","ANNEEACC9_4","ANNEEACC9_5","NBACC10","ACCFREQUENCE10","ANNEEACC10_1","ANNEEACC10_2","ANNEEACC10_3","ANNEEACC10_4","ANNEEACC10_5","NBACC11","ACCFREQUENCE11","ANNEEACC11_1","ANNEEACC11_2","ANNEEACC11_3","ANNEEACC11_4","ANNEEACC11_5","NBACC12","ACCFREQUENCE12","ANNEEACC12_1","ANNEEACC12_2","ANNEEACC12_3","ANNEEACC12_4","ANNEEACC12_5","NBACC13","ACCFREQUENCE13","ANNEEACC13_1","ANNEEACC13_2","ANNEEACC13_3","ANNEEACC13_4","ANNEEACC13_5","NBACC14","ACCFREQUENCE14","ANNEEACC14_1","ANNEEACC14_2","ANNEEACC14_3","ANNEEACC14_4","ANNEEACC14_5","AUTRESACC","NBAUTRESACC","TOTAL_AC","ANNEEAUTREACC1","ANNEEAUTREACC2","ANNEEAUTREACC3","ANNEEAUTREACC4","ANNEEAUTREACC5","LIEUAUTREACC1","LIEUAUTREACC2","LIEUAUTREACC3","LIEUAUTREACC4","LIEUAUTREACC5","DESCRIPTIONAUTRESACC1","DESCRIPTIONAUTRESACC2","DESCRIPTIONAUTRESACC3","DESCRIPTIONAUTRESACC4","DESCRIPTIONAUTRESACC5","NBAUTRESACCCIRCUIT","NBAUTRESTOUTTERRAIN","EXPCYCLO","EXP125","EXPSUP125","ACCORDNEXTQ","CHOIXACC","RGPMTACC","RECUPANNEE","RECUPLIEU","RECUPANNE","RGPMTAC","CHOIX1","CHOIX2","CHOIX3","CHOIX4","CHOIX5","CHOIX6","CHOIX7","DESCRIPTION","RUPTURE","FAITS","ABS_REACTION","AUTRE_REACTION","PRECISIONREACTIONOUI","RECUL","PRECISIONREACTIONNON","IMPACTCOMPORTEMENT","AUTREUSAGER","REACTIONAUTREUSAGER","CONNAISSANCEREACTIONUSAGER","DIFFICULTES","AGGRAVATION","DIFFICULTES2","EMOTIONS1","EMOTIONS2","EMOTIONS3","EMOTIONS4","EMOTIONS5","EMOTIONS6","AUTRESENTIMENT","CLASSEMENTEMOTIONS1","CLASSEMENTEMOTIONS","CLASSEMENTEMOTIONS5","CLASSEMENTEMOTIONS6","CLASSEMENTEMOTIONS7","CLASSEMENTEMOTIONS8","CLASSEMENTEMOTIONS9","EXPLICATIONRESSENTI","BIENEQUIPE","ALLURE","ALLUREVITEDETAIL","ALLURELENTEDETAIL","SITUATIONPRESSE","SITUATIONDISTRAIT","SITUATIONCONFIANT","SITUATIONCONTROLE","SITUATIONLUDIQUE","SITUATIONPERF","SITUATIONSTRESS","SITUATIONFATIGUE","HUMEURNEUTRE","HUMEURGAI","HUMEURMECONTENT","HUMEURTRISTE","HUMEURCOLERE","CONTRIBUTION1","CONTRIBUTION2","CONTRIBUTION3","CONTRIBUTION4","CONTRIBUTION5","CONTRIBUTION6","CONTRIBUTION7","CONTRIBUTION8","CONTRIBUTION9","ROLEINFRA","ELEMENTINFRA1","ELEMENTINFRA2","ELEMENTINFRA3","ELEMENTINFRA4","ELEMENTINFRA5","ELEMENTINFRA6","ELEMENTINFRA7","ELEMENTINFRA8","ELEMENTINFRA9","ALCOOL","TXALCOOL","STUP","SEMAINE","MOMENTJOURNEE","TEMPS","CAUSEACC1","CAUSEACC2","CAUSEACC3","CAUSEACC4","CAUSEACC5","FORMATIONCAUSE","FORMATION1","FORMATION2","FORMATION3","FORMATION4","FORMATION5","TRAFIC","CHAUSSEE1","CHAUSSEE2","CHAUSSEE3","CHAUSSEE4","TYPEACC","BLESSURE","TETE","COU","THORAX","MEMBRESSUP","COLONNE","BASSIN","MEMBRESINF","HOPITAL","PLUS24H","TRAJET","TYPEROUTE","MOTIF","SENSTRAJET","PASSAGER","VITESSE","DESCEQ1","DESCEQ2","DESCEQ3","DESCEQ4","DESCEQ5","DESCEQ6","DESCEQ7","DESCEQ8","DESCEQ9","DESCEQ10","VEHICULEETE","VEHICULEAUTOMNE","VEHICULEPRINTEMPS","VEHICULEHIVER","VEHICULESEMAINE","VEHICULEWE","VEHMARQUE","VEHCYLINDREE","VEHMODELE","VEHSEGMENT","VEHSIDE","EQ2RMABS","EQ2RMCBS","EQ2RMABSCBS","EQ2RMREGULATEUR","EQ2RMLIMITEUR","EQ2RMPHARESDIRECT","EQ2RMCOUPURE","EQ2RMANTIPATINAGE","EQ2RMANTIXHEELING","EQ2RMSTABILILTE","VEHKM","POINTS","DUREE","AUTRE2RM","VEHPRECMARQUE","VEHPRECCYLINDREE","VEHPRECMODELE","VEHPRECSEGMENT","VEHPRECSIDE","TEMPS2RMPREC","FREQVEHPREC","DATE_NAISS","CSP","SOCIETAIRE","SALARIE","SECTEUR2RM","NBPERSFOYER","SITFAM","NBENF","TRNBENF1","TRNBENF2","TRNBENF3","TRNBENF4","NBAUTOFOYER","NBCYCLOFOYER","NBSCOOTFOYER","NBMOTOFOYER","NBTRIKEFOYER","NB2RMCONDUIT","MARQUE1","CYLINDREE1","MODELE1","SEGMENT1","SIDE1","ANMISECIRCU1","ASS1","FREQ1","USAGE1","NBKM1","GARAGE1","MARQUE2","CYLINDREE2","MODELE2","SEGMENT2","SIDE2","ANMISECIRCU2","ASS2","FREQ2","USAGE2","NBKM2","GARAGE2","MARQUE3","CYLINDREE3","MODELE3","SEGMENT3","SIDE3","ANMISECIRCU3","ASS3","FREQ3","USAGE3","NBKM3","GARAGE3","MARQUE4","CYLINDREE4","MODELE4","SEGMENT4","SIDE4","ANMISECIRCU4","ASS4","FREQ4","USAGE4","NBKM4","GARAGE4","MARQUE5","CYLINDREE5","MODELE5","SEGMENT5","SIDE5","ANMISECIRCU5","ASS5","FREQ5","USAGE5","NBKM5","GARAGE5","NBKMTOT","PERMIS1","PERMIS2","PERMIS3","PERMIS4","PERMIS5","PERMIS6","PERMIS7","PERMIS8","PERMIS9","ANPERMIS1","ANPERMIS6","ANPERMIS7","ANPERMIS2","ANPERMIS3","ANPERMIS8","ANPERMIS9","ANPERMIS4","ANPERMIS5","X","X.1","X.2","isScooter"
"294",200,5669,"401",1,1,5,"1968","",NA,NA,NA,0,5,"","","",NA,NA,0,4,"","",NA,"",NA,0,4,"","",NA,NA,NA,0,4,"","","","","",0,4,"","","",NA,NA,0,3,"",NA,NA,NA,NA,0,4,"","","",NA,NA,2,4,"NSP","NSP","","","",0,4,"","","","","",0,4,"","","","","",0,4,"","",NA,NA,NA,0,4,"","","",NA,NA,0,5,"","",NA,NA,NA,0,NA,3,"","","","","","","","","","","","","","","",NA,NA,10,6,24,1,1,"1",1968,"","1968","Vous circuliez sur un axe prioritaire. Un autre véhicule arrivant sur le même axe en sens opposé vous a coupé la route en tournant à gauche.","4","","",NA,"",NA,"","Le temps passe si vite, cet accident a eu lieu il y a 47 ans. Bien que nombre de détails restent encore dans ma mémoire, je n'ai pas envie de dire l'accident, banal comme la plupart des accidents, ni l'ambulance, puis l'hopital, la réa., le pretre qui vient pour un autre jeune qui a eu moins de chance et que j'ai entendu agoniser, le couchage tete en bas pendant 3 semaines, et l'absence au lycée pendant 45 jours alors que l'année était cruciale pour mon avenir. Non, ce que je garde de cet accident, plus que les séquelles qui m'ont ennuyé pendant un temps, c'est l'environnement, les questions des policiers, des assureurs qui vous font peu à peu glisser dans votre esprit l'idée que vous etes coupable de ce qui vous arrive. On vous dit que vous etes jeune, que vous rouliez trop vite, que vous n'avez pas respecté les feux...Malgré mes démentis incessants, cette idée s'est peu à peu emparée de moi et celle aussi de notre impuissance devant la quasi étatisation d'un monde obscur, qui vous broie, qui vous fait peur avec l'intention de vous faire peur, peut-etre pour mieux vous éduquer, pour vous éviter de recommencer. N'ayant pas connu semblable situation depuis, je me plais à penser que les choses ont un peu changé depuis mais quand je lis certaine presse, j'ai des doutes...","Un accident, j'en ai acquis la conviction depuis ce temps-là, n'arrive jamais par hasard. C'est la conjonction de plusieurs évènements, professionnels ou privés, qui font que cela arrive. Un déménagement, la perte de certains repères, une vie personnelle bouleversée, un environnement modifié , d'un village à celui d'une ville en ce qui me concerne, le sentiment, faux, de ne pas etre à l'heure, vouloir ""rattraper le temps perdu"", le leitmotiv de tous ceux qui foncent le matin pour aller travailler...Avec la retraite, cette habitude-là, je ne l'ai plus, heureusement !","NRP","AUT|j'étais en état de choc, le casque n'était pas obligatoire, les propos étaient assez discordants d'après ce qui m'a été rapporté","1","L'envie de rattraper le prétendu retard: J'ai souvent réfléchi à la question depuis et ma conclusion est la suivante: j'avais 10-12 minutes d'avance avant que les grilles du lycée ne ferment et un temps de trajet de 5 minutes seulement. Aujourd'hui, j'agirais différemment.","NRP","","2","1","2","","Véhicule venant en face, tournant à gauche, empiétant sur la voie opposée, ma voie, immobile, attendant mon passage mais obstruant en partie mon couloir de circulation","1","Réponse pécédente","2","","",NA,NA,"","","",1,NA,NA,NA,"",NA,"NRP","1","3","","","3","1","3","3","1","1","2","2",1,2,4,3,4,10,NA,NA,NA,NA,NA,NA,NA,NA,2,"","","","",NA,NA,NA,NA,2,2,NA,2,1,1,1,10,90,0,0,0,"NSP","","","",NA,NA,"3","1","","",NA,2,1,1,NA,NA,NA,NA,NA,NA,1,1,1,"1","1",1,0,30,11,NA,NA,NA,NA,NA,NA,NA,"",NA,"4","4","4","4","4","4","MOBYLETTE","50","MOBYMATIC STANDARD","ROADSTER","2","1","1",1,1,1,"1",1,1,1,"1","NSP","NSP","4","0","","","","","","","","18OCT1950","9","1","3",2,1,1,NA,"NRP","","","",1,0,0,1,0,1,"YAMAHA",600,"XJ6 DIVERSION ABS","ROADSTER","2","2010","37",3,1,5000,"7","","","","","","","",NA,NA,NA,"","","","","","",NA,NA,NA,NA,NA,"","",NA,"","",NA,NA,NA,NA,NA,NA,"","",NA,"","",NA,NA,NA,NA,NA,NA,NA,5000,"3",4,NA,NA,NA,NA,NA,NA,NA,"NRP","NRP","NRP","NRP","1991","NRP","NRP","1970","NRP","","","","Motorcycle"
"295",535,5680,"112",1,0,3,"","",NA,NA,NA,0,2,"","","",NA,NA,0,3,"","",NA,"",NA,0,1,"","",NA,NA,NA,0,3,"","","","","",0,4,"","","",NA,NA,0,4,"",NA,NA,NA,NA,0,3,"","","",NA,NA,5,5,"2011","2012","2013","2013","2014",1,3,"2009","","","","",0,1,"","","","","",0,3,"","",NA,NA,NA,0,1,"","","",NA,NA,0,1,"","",NA,NA,NA,0,NA,6,"","","","","","","","","","","","","","","",NA,NA,1,2,4,1,41,"9",2011,"","2011","Vous avez fait une sortie de route, une perte de contrôle ou une glissade sans rien percuter.","6","","",NA,"",NA,"","Je rouler tranquillement avec ma copine quand en sortant du rond point la moto a chassé de l'arrière sans aucune raison apparente. En regardant l'état de la route suite à l'accident j'ai effectivement glissé sur les fameuse ""bandes de goudrons liquides noires"" qui était à la sorti du rond point par chance il n'y avait aucune voiture qui arrivait en face car ma copine elle a glissé sur l'autre voie de circulation dans une zone non éclairé.","perte d'adhérence du pneu arrière a basse vitesse à cause des bandes de goudrons liquides.","Je n'ai rien pu faire à cause du manque de vitesse  et du poids apporté en plus sur l'arrière de la moto à cause de la passagère Si javais roulé ""normalement"" c'est à dire à une vitesse non recommandé par le code de la route la moto aurait légérement glissé mais je ne serai pas tombé","NRP","1","Rouler plus vite","Je ne voulais pas perdre de point sur mon permis et j'avais envie de rouler tranquille","","2","0","","","","","","9","","",NA,NA,"","J'ai fait en sorte de limiter les dégâts corporel vu que c'était une chute ""lente"" environ 50km/h","",NA,NA,NA,NA,"",1,"J'ai compris que je glissé et que j'allais tomber j'ai gardé mon sang froid et tout fait pour eviter le sur accident et porter secours a ma copine qui elle était en état de choque figé, allongé sur la route","4","2","","2","1","1","2","4","4","1","1","1",1,3,4,4,4,1,NA,NA,NA,NA,NA,NA,NA,NA,1,"3","5","","",NA,NA,NA,NA,2,2,NA,2,2,3,1,20,0,0,80,0,"2","","","",NA,NA,"1","1","7","",NA,2,0,NA,NA,NA,NA,NA,NA,NA,NA,NA,1,"2","3",NA,1,50,1,10,2,3,4,NA,NA,NA,"",NA,"4","4","4","4","4","4","KAWASAKI","800","Z800  ABS","ROADSTER","2","0","1",1,1,1,"1",0,1,1,"1","12000","4","4","1","SUZUKI","650","SV-S","SPORTIVE","2","2","4","12NOV1991","10","1","3",2,3,5,0,"NRP","","","",0,0,1,2,0,1,"KAWASAKI",800,"Z800  ABS","ROADSTER","2","2013","37",1,2,20000,"7","","","","","","","",NA,NA,NA,"","","","","","",NA,NA,NA,NA,NA,"","",NA,"","",NA,NA,NA,NA,NA,NA,"","",NA,"","",NA,NA,NA,NA,NA,NA,NA,20000,"1",2,3,4,NA,NA,NA,NA,NA,"2009","NRP","NRP","2010","2012","NRP","NRP","2012","NRP","","","","Motorcycle"
"296",701,5686,"456",1,0,4,"","",NA,NA,NA,0,4,"","","",NA,NA,0,4,"","",NA,"",NA,0,5,"","",NA,NA,NA,0,4,"","","","","",1,4,"1983","","",NA,NA,0,3,"",NA,NA,NA,NA,0,4,"","","",NA,NA,0,3,"","","","","",0,4,"","","","","",0,5,"","","","","",0,3,"","",NA,NA,NA,2,4,"1983","2008","",NA,NA,0,4,"","",NA,NA,NA,1,1,4,"2008","","","","","St Arnoult Yvel","","","","","Je me suis arrêté à un ""cedez le passage"" car un véhicule arrivait de ma gauche, la voiture qui me suivait ne s'est pas arrêtée et m'a percutée !!!!!","","","","",3,5,2,0,35,1,71,"15",2008,"St Arnoult Yvel","2008","Autre(s) type(s) d'accident(s).","3","5","",NA,"",NA,"","Je m'arrête à un stop, des véhicules arrivent de ma gauche à vive allure. J'attend. La voiture qui me suivait depuis au moins 5 minutes ne s'arrête pas et me percute. Ma passagère et moi sommes éjectés, la valise côté choc initial de la R1200RT et le top case sont arrachés. Heureusement la valise a protegé la jambe de ma passagère, sinon cela aurait été dramatique.","Le conducteur du VL qui m'a parcuté ne faisait manifestement pas attention, (route quotidienne) et il regardait à gauche les véhicule qui arrivaient et pensait qu'il avait le temps de passer, alors que moi devant je m'était arrêter au stop!","je me suis porté au secours de ma passagère, fortement choquée. mis en PLS et attente qu'elle reprenne ses esprits. Puis l'automobiliste m'a aider à redresser la moto. ensuite, rempli le constat puis emmener ma passagère à l'hôpital pour contrôle de sa jambe dont elle se plaignait.","NRP","0","","","je ne vois pas ce que j'aurai pu faire de plus","2","0","","","","","","2","3","",NA,NA,"","","",1,2,NA,NA,"",NA,"Ben se faire rentrer derrière à un stop n'est quand même pas courant","3","4","","","1","3","3","4","1","1","1","1",4,3,4,4,4,10,NA,NA,NA,NA,NA,NA,NA,NA,2,"","","","",NA,NA,NA,NA,2,2,NA,2,1,2,1,0,100,0,0,0,"2","","","",NA,NA,"2","1","","",NA,2,0,NA,NA,NA,NA,NA,NA,NA,NA,NA,2,"2","3",NA,1,0,1,2,3,4,7,NA,NA,NA,"",NA,"NRP","4","4","4","4","4","BMW","1200","R1200RT","Routière / GT","2","0","0",0,1,1,"1",1,1,1,"1","30000","12","4","1","BMW","1150","R1150RT","Routière / GT","2","4","4","02MAR1958","5","1","3",2,2,3,NA,"NRP","","","",2,0,0,4,0,4,"BMW",1200,"R1200GS","TRAIL / SUPERMOTARD","2","2010","37",1,2,20000,"7","KAWASAKI","250","KDX","TOUT TERRAIN (TRIAL, ENDURO, CROSS)","2","1992","37",3,1,1000,"7","HONDA","650","DOMINATOR","TRAIL / SUPERMOTARD","2",1989,37,3,1,15000,"7","SUZUKI",250,"RGV GAMMA","SPORTIVE",2,1989,37,3,1,1000,"7","",NA,"","",NA,NA,NA,NA,NA,NA,NA,37000,"3",4,NA,NA,NA,NA,NA,NA,NA,"NRP","NRP","NRP","NRP","1979","NRP","NRP","1979","NRP","","","","Motorcycle"
"297",1191,5706,"265",1,0,5,"","",NA,NA,NA,0,4,"","","",NA,NA,0,4,"","",NA,"",NA,0,2,"","",NA,NA,NA,0,5,"","","","","",0,4,"","","",NA,NA,0,3,"",NA,NA,NA,NA,1,4,"1976","","",NA,NA,4,5,"1978","1993","2004","2001","",0,3,"","","","","",1,3,"1994","","","","",1,3,"1999","",NA,NA,NA,1,4,"1979","","",NA,NA,0,4,"","",NA,NA,NA,1,1,9,"NSP","","","","","Poitiers","","","","","Arrêté à un feu, un véhicule n'a pas freiné et a percuté l'arrière de ma moto.","","","","",0,0,2,2,36,1,44,"9",2001,"","2001","Vous avez fait une sortie de route, une perte de contrôle ou une glissade sans rien percuter.","AUT|le plus banal","","",NA,"",NA,"","Sol glissant sur une petite partie très localisée de la chaussée dans la phase d'accélération d'une bretelle d'autoroute en courbe.  L'arrière de la moto se dérobe sans raccrocher.  Incompréhension, la moto n'a rien de puissante (50 ch).  Le sol semble correcte, on y regardant de plus près à pied, je découvre une trace de gaz oil quasi invisible sur le goudron.   Quelques années auparavant, c'est un léger freinage sur une plaque de goudron mou qui me met au tapis. La encore, les conséquences de l'accident ne sont pas très grave, mais aurait pu l'être.","sol glissant sur une zone très localisée","Ben, une fois par terre, je me suis relevé.","3","1","ralacher les gaz plus vite","La tête un peu ailleurs, j'ai du perdre une micro seconde dans ma réaction.","","2","0","","","","","","2","","",NA,NA,"","","",1,NA,NA,NA,"",NA,"je me sentais en confiance, je roulais cool","4","3","","","1","2","4","3","2","1","1","2",5,5,5,5,5,5,NA,NA,NA,NA,NA,NA,NA,NA,1,"3","","","",NA,NA,NA,NA,2,2,NA,2,1,2,1,20,0,0,80,0,"2","","","",NA,NA,"1","6","","",NA,1,NA,NA,NA,NA,NA,NA,NA,NA,NA,NA,1,"1","1",2,0,20,1,10,2,3,5,NA,NA,NA,"",NA,"4","4","4","4","4","4","TRIUMPH","800","BONNEVILLE T100","ROADSTER","2","1","1",1,1,1,"1",1,1,1,"1","30000","12","4","1","KAWASAKI","1000","TOMCAT (ZX10)","Routière / GT","2","4","4","27AUG1960","5","1","3",1,6,4,4,"NRP","","","",1,0,0,2,0,2,"BMW",500,"R50/5","ROADSTER","2","1972","37",1,2,15000,"7","BMW","900","R90S","Routière / GT","2","1975","41",4,1,0,"7","","","","","",NA,NA,NA,NA,NA,"","",NA,"","",NA,NA,NA,NA,NA,NA,"","",NA,"","",NA,NA,NA,NA,NA,NA,NA,15000,"2",3,4,NA,NA,NA,NA,NA,NA,"NRP","NRP","NRP","1976","1978","NRP","NRP","1978","NRP","","","","Motorcycle"
"298",1065,5713,"364",1,0,5,"","",NA,NA,NA,0,2,"","","",NA,NA,1,5,"1981","",NA,"",NA,0,4,"","",NA,NA,NA,0,3,"","","","","",0,4,"","","",NA,NA,0,2,"",NA,NA,NA,NA,0,4,"","","",NA,NA,1,4,"2013","","","","",0,5,"","","","","",0,2,"","","","","",0,1,"","",NA,NA,NA,0,4,"","","",NA,NA,0,4,"","",NA,NA,NA,0,NA,2,"","","","","","","","","","","","","","","",NA,NA,35,35,4,1,41,"9",2013,"","2013","Vous avez fait une sortie de route, une perte de contrôle ou une glissade sans rien percuter.","3","","",NA,"",NA,"","Glissade sur une plaque de gaz oil dans un rond point en agglomération. Hormis le fait de rouler à 2 km/h dans les ronds points, pas grand chose à faire pour éviter le chute.","Présence du plaque de gaz oil","La moto s'est couchée sur son coté gauche et j'ai effectué une glissade de plusieurs mètres avec elle la jambe gauche coincée sous la moto. Pas d'action sur les commandes de la moto si ce n'est l'emballement du moteur pendant la glissade. Je n'ai percuté ni été percuté par un autre véhicule.","AUT|je n'ai pas su pourquoi j'étais tombé","1","NRP","NRP","","2","0","","","","","","2","3","6",NA,NA,"","","",1,2,NA,NA,"3",NA,"Je n'ai pas vu la plaque au sol","4","3","","","1","1","3","3","3","1","1","1",1,4,4,4,4,1,5,7,NA,NA,NA,NA,NA,NA,1,"5","","","",NA,NA,NA,NA,2,2,NA,2,1,1,1,50,0,0,50,0,"2","","","",NA,NA,"2","1","6","",NA,2,1,4,6,7,NA,NA,NA,NA,0,NA,1,"1","1",1,0,30,1,10,2,3,4,NA,NA,NA,"",NA,"4","4","4","4","4","2","YAMAHA","660","MT03","ROADSTER","2","1","1",1,1,1,"1",1,1,1,"1","10000","12","3","1","HONDA","125","XL-S","TRAIL / SUPERMOTARD","2","4","2","25NOV1953","5","2","3",2,4,4,2,"NRP","","","",2,0,0,2,0,2,"YAMAHA",660,"MT03","ROADSTER","2","2011","31",1,2,5000,"5","HONDA","125","XL-S","TRAIL / SUPERMOTARD","2","1982","31",4,1,750,"7","","","","","",NA,NA,NA,NA,NA,"","",NA,"","",NA,NA,NA,NA,NA,NA,"","",NA,"","",NA,NA,NA,NA,NA,NA,NA,5750,"2",3,4,NA,NA,NA,NA,NA,NA,"NRP","NRP","NRP","1972","2011","NRP","NRP","1972","NRP","","","","Motorcycle"
"299",1013,5716,"245",1,0,5,"","",NA,NA,NA,0,5,"","","",NA,NA,0,5,"","",NA,"",NA,0,1,"","",NA,NA,NA,1,4,"1984","","","","",0,4,"","","",NA,NA,0,4,"",NA,NA,NA,NA,1,5,"NSP","","",NA,NA,0,1,"","","","","",0,3,"","","","","",0,6,"","","","","",0,1,"","",NA,NA,NA,0,4,"","","",NA,NA,0,2,"","",NA,NA,NA,1,2,4,"1994","2013","","","","ST XANDRE","BANYULS S/MER","","","","Dans un virage à droite le revêtement de la chaussée était gondolé sur plusieurs mètres. Ma moto HONDA 900CBR s'est mise à guidonner de l'avant de plus en plus violement jusqu'au moment ou j'ai du lâcher le guidon. La moto est partie en tonneau et moi aussi. J'ai eu beaucoup de chance car la moto ne m'a pas heurtée et j'aurais pu percuter en plus la voiture qui arrivait en face et qui m'a porté secours ! Aucun panneau n'annonçait le défaut du revêtement de la route !!!","Dans un virage à gauche, la roue av de ma moto DUCATI 996 S4R a glissé sur un corps gras répandu sur la chaussée (gaz-oil, huile...) Il s'agit d'une route touristique en bords de mer (corniche) très fréquentée par tous les véhicules mais non vérifiée.","","","",1,1,2,1,30,1,71,"15",1994,"ST XANDRE","1994","Autre(s) type(s) d'accident(s).","5","6","",NA,"",NA,"","LA MOTO S'EST MISE A GUIDONNER A L'ENTREE ET PENDANT LE PASSAGE D'UNE COURBE A DROITE SUR UNE ROUTE COMMUNALE.  J'AI PERDU LE CONTRÔLE ALORS QUE MON 900cc ETAIT EQUIPEE D'UN AMORTISSEUR DE DIRECTION D'ORIGNE PARTICULIEREMENT EFFICACE.   LA MOTO A FAIT PLUSIEURS TONNEAU ET A ETE DECLAREE EPAVE ALORS QU'ELLE AVAIT TOUT JUSTE 1 AN !!!  JE M'EN SUIS MIRACULEUSEMENT SORTIE AVEC UNE TRES GROSSE FRAYEURE, UN PETIT DOIGT CASSE ET DES EMMATAUMES ET BRULURES UN PEUT PARTOUT.  JE SUIS PASSEE APRES L'ACCIDENT POUR COMPRENDRE CE QUI S'ETAIT PASSE : LE GOUDRON ETAIT COMPLETEMENT GONDOLE (EN ACORDEON) A LA CORDE, DU DEBUT A LA FIN DU VIRAGE !!! PAS GENANT POUR LES VEHICULES A 4 ROUES MAIS PARTICULIEREMENT DANGEREUX POUR TOUS LES 2 ROUES !!!  SURTOUT QUE S'EST UN DEFAUT DIFFICILEMENT VISIBLE... ET QU'IL S'AGISSAIT D'UNE ROUTE EN BON ETAT GENERAL SUR LAQUELLE ON NE S'ATTEND DONC PAS DU TOUT A SE GENRE DE DIFFICULTE !","DEJA DECRIT DANS REPONSE PRECEDENTE (TROP FORT GUIDONNAGE DU A LA DETERIORATION DU MACADAM)","QUAND J'AI COMPRIS QUE JE NE PARVIENDRAI PAS MAITRISER MA MOTO, J'AI TOUT LACHE POUR ETRE EJECTEE ET M'EN ELOIGNER LE PLUS POSSIBLE. JE VOULAIS A TOUT PRIS EVITER QU'ELLE NE ME RETOMBE DESSUS.  J'AI ROULE BOULE PENDANT QUE MA BECANE FAISAIT PLUSIEURS TONNEAUX. JE N'AI ""RESPIRE"" QUE LORSQUE QU'ELLE A FINI SA COURSE DANS LE CHAMPS D'EN FACE A 10M DE MOI. J'AI EU LA CHANCE QUE LA VOITURE QUI ARRIVAIT EN FACE AIT LARGEMENT EU LE TEMPS DE COMPRENDRE LA SITUATION, SE SOIT ARRETEE EN ATTENDANT LA FIN DE L'ACCIDENT ET QU'IL N'Y AIT PAS EU DE RAILS DE SECURITE A CET ENDROIT !!!  LE CONDUCTEUR A IMMEDIATEMENT PREVENU LES SECOURS ET TOUT EST ALLE TRES VITE. JE SUIS RESTEE SONNEE, ALLONGEE PAR TERRE AVEC MON CASQUE SUR LA TETE JUSQU'A LEUR ARRIVEE. ILS M'ONT TRANSPORTEE COUCHEE A L'HOPITAL.  EN PLUS DE MON CASQUE, JE PORTAIS DES GANTS DE MOTO D'ETE, UN JEAN, UN BLOUSON DE MOTO D'ETE ET UNE PAIRE DE TENNIS. TOUT ETAIT FOUTU : RAPES.  MOI J'AI EU QUELQUES BRULURES SUPERFICIELLES AUX GENOUX ET CHEVILES, ET 2 PLUS PROFONDES (TOUJOURS VISIBLES) A UNE CLAVICULE ET UN COUDE. MON BLOUSON D'ETE N'ETAIT PAS COQUE AUX EPAULES NI AUX COUDES (A L'EPOQUE, CE N'ETAIT PAS COURANT)...","1","0","","","LA SEULE CHOSE QUE J'AURAI PU CHANGER, C'EST METTRE DES BOTTES DE MOTO AU LIEU DE SIMPLES TENNIS. POUR LE RESTE, AVEC LE SOLEIL DANS LES YEUX, JE N'AURAI RIEN PU CHANGER... LE BITUME GONDOLE NE SE DISTINGUAIT PAS DU RESTE DE LA CHAUSSEE. IL AURAIT FALLU QUE CE SOIT SIGNALE !","2","0","","","","","","2","3","6",NA,NA,"","","",2,3,NA,NA,"1",NA,"PARCE QUE JE NE POUVAIS REIN FAIRE POUR EVITER LA CHUTE","3","3","","","2","1","3","3","2","2","1","1",3,1,4,4,4,6,NA,NA,NA,NA,NA,NA,NA,NA,1,"3","AUT|ASENCE DE SIGNALISATION DU DANGER","","",NA,NA,NA,NA,2,1,1,2,2,1,1,20,0,0,80,0,"2","","","",NA,NA,"2","1","7","",NA,2,1,4,7,NA,NA,NA,NA,NA,1,1,2,"2","3",NA,0,100,1,10,2,5,NA,NA,NA,NA,"",NA,"4","3","3","1","2","4","HONDA","900","CBR-RR FIREBLADE","SPORTIVE","2","1","2",1,1,1,"1",1,1,1,"0","15000","12","2","1","SUZUKI","1100","GSX-R","SPORTIVE","2","3","3","20JUN1963","12","2","3",2,3,2,2,"NRP","","","",2,0,0,1,0,1,"DUCATI",996,"MONSTER S4R","ROADSTER","2","2003","29",3,1,3000,"7","","","","","","","",NA,NA,NA,"","","","","","",NA,NA,NA,NA,NA,"","",NA,"","",NA,NA,NA,NA,NA,NA,"","",NA,"","",NA,NA,NA,NA,NA,NA,NA,3000,"2",3,4,8,9,NA,NA,NA,NA,"NRP","NRP","NRP","1980","1983","1983","1983","1981","NRP","","","","Motorcycle"