"","Ligne","Ligne.Q.qualif","Ligne.approfondissement.Accident","ACCIDENT","NBACC1","ACCFREQUENCE1","ANNEEACC1_1","ANNEEACC1_2","ANNEEACC1_3","ANNEEACC1_4","ANNEEACC1_5","NBACC2","ACCFREQUENCE2","ANNEEACC2_1","ANNEEACC2_2","ANNEEACC2_3","ANNEEACC2_4","ANNEEACC2_5","NBACC3","ACCFREQUENCE3","ANNEEACC3_1","ANNEEACC3_2","ANNEEACC3_3","ANNEEACC3_4","ANNEEACC3_5","NBACC4","ACCFREQUENCE4","ANNEEACC4_1","ANNEEACC4_2","ANNEEACC4_3","ANNEEACC4_4","ANNEEACC4_5","NBACC5","ACCFREQUENCE5","ANNEEACC5_1","ANNEEACC5_2","ANNEEACC5_3","ANNEEACC5_4","ANNEEACC5_5","NBACC6","ACCFREQUENCE6","ANNEEACC6_1","ANNEEACC6_2","ANNEEACC6_3","ANNEEACC6_4","ANNEEACC6_5","NBACC7","ACCFREQUENCE7","ANNEEACC7_1","ANNEEACC7_2","ANNEEACC7_3","ANNEEACC7_4","ANNEEACC7_5","NBACC8","ACCFREQUENCE8","ANNEEACC8_1","ANNEEACC8_2","ANNEEACC8_3","ANNEEACC8_4","ANNEEACC8_5","NBACC9","ACCFREQUENCE9","ANNEEACC9_1","ANNEEACC9_2","ANNEEACC9_3","ANNEEACC9_4","ANNEEACC9_5","NBACC10","ACCFREQUENCE10","ANNEEACC10_1","ANNEEACC10_2","ANNEEACC10_3","ANNEEACC10_4","ANNEEACC10_5","NBACC11","ACCFREQUENCE11","ANNEEACC11_1","ANNEEACC11_2","ANNEEACC11_3","ANNEEACC11_4","ANNEEACC11_5","NBACC12","ACCFREQUENCE12","ANNEEACC12_1","ANNEEACC12_2","ANNEEACC12_3","ANNEEACC12_4","ANNEEACC12_5","NBACC13","ACCFREQUENCE13","ANNEEACC13_1","ANNEEACC13_2","ANNEEACC13_3","ANNEEACC13_4","ANNEEACC13_5","NBACC14","ACCFREQUENCE14","ANNEEACC14_1","ANNEEACC14_2","ANNEEACC14_3","ANNEEACC14_4","ANNEEACC14_5","AUTRESACC","NBAUTRESACC","TOTAL_AC","ANNEEAUTREACC1","ANNEEAUTREACC2","ANNEEAUTREACC3","ANNEEAUTREACC4","ANNEEAUTREACC5","LIEUAUTREACC1","LIEUAUTREACC2","LIEUAUTREACC3","LIEUAUTREACC4","LIEUAUTREACC5","DESCRIPTIONAUTRESACC1","DESCRIPTIONAUTRESACC2","DESCRIPTIONAUTRESACC3","DESCRIPTIONAUTRESACC4","DESCRIPTIONAUTRESACC5","NBAUTRESACCCIRCUIT","NBAUTRESTOUTTERRAIN","EXPCYCLO","EXP125","EXPSUP125","ACCORDNEXTQ","CHOIXACC","RGPMTACC","RECUPANNEE","RECUPLIEU","RECUPANNE","RGPMTAC","CHOIX1","CHOIX2","CHOIX3","CHOIX4","CHOIX5","CHOIX6","CHOIX7","DESCRIPTION","RUPTURE","FAITS","ABS_REACTION","AUTRE_REACTION","PRECISIONREACTIONOUI","RECUL","PRECISIONREACTIONNON","IMPACTCOMPORTEMENT","AUTREUSAGER","REACTIONAUTREUSAGER","CONNAISSANCEREACTIONUSAGER","DIFFICULTES","AGGRAVATION","DIFFICULTES2","EMOTIONS1","EMOTIONS2","EMOTIONS3","EMOTIONS4","EMOTIONS5","EMOTIONS6","AUTRESENTIMENT","CLASSEMENTEMOTIONS1","CLASSEMENTEMOTIONS","CLASSEMENTEMOTIONS5","CLASSEMENTEMOTIONS6","CLASSEMENTEMOTIONS7","CLASSEMENTEMOTIONS8","CLASSEMENTEMOTIONS9","EXPLICATIONRESSENTI","BIENEQUIPE","ALLURE","ALLUREVITEDETAIL","ALLURELENTEDETAIL","SITUATIONPRESSE","SITUATIONDISTRAIT","SITUATIONCONFIANT","SITUATIONCONTROLE","SITUATIONLUDIQUE","SITUATIONPERF","SITUATIONSTRESS","SITUATIONFATIGUE","HUMEURNEUTRE","HUMEURGAI","HUMEURMECONTENT","HUMEURTRISTE","HUMEURCOLERE","CONTRIBUTION1","CONTRIBUTION2","CONTRIBUTION3","CONTRIBUTION4","CONTRIBUTION5","CONTRIBUTION6","CONTRIBUTION7","CONTRIBUTION8","CONTRIBUTION9","ROLEINFRA","ELEMENTINFRA1","ELEMENTINFRA2","ELEMENTINFRA3","ELEMENTINFRA4","ELEMENTINFRA5","ELEMENTINFRA6","ELEMENTINFRA7","ELEMENTINFRA8","ELEMENTINFRA9","ALCOOL","TXALCOOL","STUP","SEMAINE","MOMENTJOURNEE","TEMPS","CAUSEACC1","CAUSEACC2","CAUSEACC3","CAUSEACC4","CAUSEACC5","FORMATIONCAUSE","FORMATION1","FORMATION2","FORMATION3","FORMATION4","FORMATION5","TRAFIC","CHAUSSEE1","CHAUSSEE2","CHAUSSEE3","CHAUSSEE4","TYPEACC","BLESSURE","TETE","COU","THORAX","MEMBRESSUP","COLONNE","BASSIN","MEMBRESINF","HOPITAL","PLUS24H","TRAJET","TYPEROUTE","MOTIF","SENSTRAJET","PASSAGER","VITESSE","DESCEQ1","DESCEQ2","DESCEQ3","DESCEQ4","DESCEQ5","DESCEQ6","DESCEQ7","DESCEQ8","DESCEQ9","DESCEQ10","VEHICULEETE","VEHICULEAUTOMNE","VEHICULEPRINTEMPS","VEHICULEHIVER","VEHICULESEMAINE","VEHICULEWE","VEHMARQUE","VEHCYLINDREE","VEHMODELE","VEHSEGMENT","VEHSIDE","EQ2RMABS","EQ2RMCBS","EQ2RMABSCBS","EQ2RMREGULATEUR","EQ2RMLIMITEUR","EQ2RMPHARESDIRECT","EQ2RMCOUPURE","EQ2RMANTIPATINAGE","EQ2RMANTIXHEELING","EQ2RMSTABILILTE","VEHKM","POINTS","DUREE","AUTRE2RM","VEHPRECMARQUE","VEHPRECCYLINDREE","VEHPRECMODELE","VEHPRECSEGMENT","VEHPRECSIDE","TEMPS2RMPREC","FREQVEHPREC","DATE_NAISS","CSP","SOCIETAIRE","SALARIE","SECTEUR2RM","NBPERSFOYER","SITFAM","NBENF","TRNBENF1","TRNBENF2","TRNBENF3","TRNBENF4","NBAUTOFOYER","NBCYCLOFOYER","NBSCOOTFOYER","NBMOTOFOYER","NBTRIKEFOYER","NB2RMCONDUIT","MARQUE1","CYLINDREE1","MODELE1","SEGMENT1","SIDE1","ANMISECIRCU1","ASS1","FREQ1","USAGE1","NBKM1","GARAGE1","MARQUE2","CYLINDREE2","MODELE2","SEGMENT2","SIDE2","ANMISECIRCU2","ASS2","FREQ2","USAGE2","NBKM2","GARAGE2","MARQUE3","CYLINDREE3","MODELE3","SEGMENT3","SIDE3","ANMISECIRCU3","ASS3","FREQ3","USAGE3","NBKM3","GARAGE3","MARQUE4","CYLINDREE4","MODELE4","SEGMENT4","SIDE4","ANMISECIRCU4","ASS4","FREQ4","USAGE4","NBKM4","GARAGE4","MARQUE5","CYLINDREE5","MODELE5","SEGMENT5","SIDE5","ANMISECIRCU5","ASS5","FREQ5","USAGE5","NBKM5","GARAGE5","NBKMTOT","PERMIS1","PERMIS2","PERMIS3","PERMIS4","PERMIS5","PERMIS6","PERMIS7","PERMIS8","PERMIS9","ANPERMIS1","ANPERMIS6","ANPERMIS7","ANPERMIS2","ANPERMIS3","ANPERMIS8","ANPERMIS9","ANPERMIS4","ANPERMIS5","X","X.1","X.2","isScooter"
"306",245,5791,"211",1,2,6,"2006","2011",NA,NA,NA,0,4,"","","",NA,NA,0,4,"","",NA,"",NA,0,3,"","",NA,NA,NA,0,5,"","","","","",0,5,"","","",NA,NA,0,4,"",NA,NA,NA,NA,0,4,"","","",NA,NA,0,4,"","","","","",0,5,"","","","","",0,3,"","","","","",0,2,"","",NA,NA,NA,0,2,"","","",NA,NA,0,3,"","",NA,NA,NA,0,NA,2,"","","","","","","","","","","","","","","",NA,NA,0,3,8,1,2,"1",2011,"","2011","Vous circuliez sur un axe prioritaire. Un autre véhicule arrivant sur le même axe en sens opposé vous a coupé la route en tournant à gauche.","6","AUT|celui qui m'a empêché de marcher le plus longtemps","",NA,"",NA,"","La personne s'est retrouvé devant moi alors que j'étais seulement à 30 km/h mais (et c'est là le problème) j'étais en pleine accélération en 1ere. C'est le pire cas lorsqu'il faut s'arrêter. Bref, ça a tapé, et hop : un an et demi sans marcher. Une fois de plus, le danger de la moto n'est pas la moto elle-même, mais tout ce qu'il y a autour.","Je me suis retrouvé en phase d'accélération, face à une voiture qui tournait à gauche (rejoignant donc ma file, dans mon sens). J'ai planté les freins, et comme ça n'a pas changé grand chose, j'ai tenté un évitement, mais j'étais déjà sur la voiture. J'ai clairement été surpris dans mon départ (j'étais arrêté à un feu rouge à la base).","La femme en voiture s'est avancée sans visibilité, et a pilé lorsqu'elle m'a vu. Bien sûr, elle a pilé juste devant moi. Lors que j'ai freiné, l'accélération a fait perdre immédiatement l'adhérence à la moto. J'ai dû relâcher les freins pour essayer un évitement, mais c'était déjà trop tard. Je me rappelle d'ailleurs avoir vu deux motard qui criaient en mettant leurs mains sur la tête avant de voler par dessus la voiture. Ma jambe a brisé la vitre passager de la conductrice dans un fracas énorme. Je me rappelle qu'elle était en état de choc dans sa voiture. Ensuite, Marseille oblige, tous les gros cons à 4 roues ont forcé le passage en klaxonnant, passant pour certains à quelques cm de ma tête. Vous comprenez, un motard qui se roule par terre à 08h30 du matin, ça va mettre tout le monde en retard...","NRP","1","J'aurais peut être pu ne pas freiner et tenter un évitement directement.","La réaction normale lorsqu'un danger se présente, est de tenter de freiner. Avec l'expérience, on arrive à faire autre chose que freiner directement. D'ailleurs, je n'ai pas envie de rencontrer une autre voiture pour voir si j'ai raison ou non.","","2","1","1","1","La personne s'est avancée relativement prudemment entre deux voitures arrêtées à un feu rouge. Elle n'avait aucune visibilité. Une fois devant moi, elle a eu le (mauvais) réflexe de s'arrêter.","1","1 - Si elle avait attendu d'avoir la visibilité, ça ne serait pas arrivé 2 - même sans visibilité, si elle avait accéléré fort j'aurais eu moins d'obstacle devant moi (une voiture vue de dos aurait été plus simple à éviter qu'une voiture en travers).","2","6","9",NA,NA,"","j'ai pensé très fort : ""putain ! cette fois ça tape""","",1,NA,NA,NA,"2",3,"Un véhicule qui surgit d""un parking est une surprise. Ni plus, ni moins.","4","3","","","1","2","4","3","3","1","1","2",4,4,2,4,2,10,NA,NA,NA,NA,NA,NA,NA,NA,2,"","","","",NA,NA,NA,NA,2,2,NA,2,1,1,1,1,99,0,0,0,"2","","","",NA,NA,"2","1","","",NA,2,1,2,7,NA,NA,NA,NA,NA,1,1,1,"1","1",2,0,30,1,10,2,3,4,7,NA,NA,"",NA,"4","4","4","4","NRP","4","SUZUKI","500","GS-E CARENEE","ROADSTER","2","2","2",2,2,2,"2",2,2,2,"2","6000","12","2","1","DAELIM","100","ALTINO ""A.S""","ROADSTER","2","4","1","26DEC1984","7","1","3",2,2,3,NA,"NRP","","","",1,0,0,1,0,1,"DUCATI",796,"HYPERMOTARD","TRAIL / SUPERMOTARD","2","2012","37",1,2,12000,"6","","","","","","","",NA,NA,NA,"","","","","","",NA,NA,NA,NA,NA,"","",NA,"","",NA,NA,NA,NA,NA,NA,"","",NA,"","",NA,NA,NA,NA,NA,NA,NA,12000,"3",4,NA,NA,NA,NA,NA,NA,NA,"NRP","NRP","NRP","NRP","2006","NRP","NRP","2003","NRP","","","","Motorcycle"
"307",1188,5807,"414",1,0,3,"","",NA,NA,NA,0,5,"","","",NA,NA,0,4,"","",NA,"",NA,0,5,"","",NA,NA,NA,2,5,"1996","1997","","","",0,4,"","","",NA,NA,0,2,"",NA,NA,NA,NA,0,5,"","","",NA,NA,0,2,"","","","","",3,5,"1996","1997","2006","","",0,4,"","","","","",0,2,"","",NA,NA,NA,0,5,"","","",NA,NA,0,3,"","",NA,NA,NA,1,1,6,"2006","","","","","Bourges","","","","","sur une 2X2 voies en ville, une automobiliste a quittée une place de parking dans mon sens de circulation, a coupé les 2 voies de circulation en voulant faire un demi tour interdit (bande blanche) et m'a percuté à l'arrière droit","","","","",0,0,2,0,20,1,71,"15",2006,"Bourges","2006","Autre(s) type(s) d'accident(s).","3","AUT|erreur automobiliste","",NA,"",NA,"","sur une route dans Bourges, 2 fois 2 voies, une automobiliste met son clignotant et démarre d'un parking sur la droite de la chaussée, je me décale sur la deuxième voie à gauche pour lui faciliter son insertion dans le trafic, au moment ou j'arrive à sa hauteur, la voiture me coupe la route pour faire un demi tour sur une bande continue après un petit terre plein central, je klaxon et la voiture contre braque mais je ne voulais pas passer sur les voies en contre sens donc impact sur l'aile avant gauche et l'arrière de ma moto, je ne tombe pas mais de justesse, la personne me dit : je sais que je n'ai pas le droit de faire cette manoeuvre mais je le fais souvent :-(","une automobiliste a voulu faire un demi tour sur une ligne blanche continue sur une 2 fois 2 voies sans regarder suffisamment dans ses rétroviseurs","quand j'ai vu la voiture se déporter sur ma voie de circulation, un coup de klaxon, je me suis déporter sur la gauche de ma voie de circulation tout en veillant à ne pas traverser l'axe central de circulation en freinant pour tenter de m'arreter mais je n'ai pas réussi à stopper la moto avant le choc. L'automobiliste a entendu mon klaxon et à stopper sa manoeuvre de demi tour mais était déjà en travers de ma voir de circulation","NRP","0","","","comment peut-on penser qu'un automobiliste qui sort d'un parking à droite de la chaussée va couper les 2 fois 2 voies avec terre plein central et ligne continue","2","1","1","1","n'avoir pas vu ma moto arrivée dans ses retroviseurs","1","l'automobiliste savait que sa manoeuvre était interdite et dangeureuse","1","2","3",6,NA,"","","1",2,3,NA,NA,"",NA,"la peur de tomber et de me faire mal","4","3","","","1","1","4","4","1","1","1","1",4,1,4,4,4,10,NA,NA,NA,NA,NA,NA,NA,NA,2,"","","","",NA,NA,NA,NA,2,2,NA,2,1,1,1,0,100,0,0,0,"2","","","",NA,NA,"1","1","","",NA,1,NA,NA,NA,NA,NA,NA,NA,NA,NA,NA,2,"1","3",NA,0,50,1,10,2,3,4,NA,NA,NA,"",NA,"3","3","3","2","3","3","YAMAHA","600","FZ6-S FAZER","ROADSTER","2","1","1",1,1,1,"1",1,1,1,"1","5000","12","4","1","KAWASAKI","500","GPZ-S","Routière / GT","null","4","3","16JAN1971","5","1","3",2,2,2,1,"NRP","","","",2,0,0,1,0,1,"YAMAHA",600,"FZ6-S FAZER","ROADSTER","2","2004","37",2,2,8000,"7","","","","","","","",NA,NA,NA,"","","","","","",NA,NA,NA,NA,NA,"","",NA,"","",NA,NA,NA,NA,NA,NA,"","",NA,"","",NA,NA,NA,NA,NA,NA,NA,8000,"3",4,NA,NA,NA,NA,NA,NA,NA,"NRP","NRP","NRP","NRP","1993","NRP","NRP","1989","NRP","","","","Motorcycle"
"308",531,5818,"451",1,0,2,"","",NA,NA,NA,0,6,"","","",NA,NA,0,5,"","",NA,"",NA,0,5,"","",NA,NA,NA,0,3,"","","","","",0,6,"","","",NA,NA,0,2,"",NA,NA,NA,NA,0,2,"","","",NA,NA,0,4,"","","","","",0,4,"","","","","",0,4,"","","","","",0,2,"","",NA,NA,NA,0,4,"","","",NA,NA,0,2,"","",NA,NA,NA,1,2,2,"2005","2009","","","","A12","Chatillon","","","","Remonte file trop rapide sur A12 bouchée. Une voiture déboite violement de voie 3  à 2, sans raison apparante le trou dans la file de droite étais trop limite pour s'y attendre, moi trop vite aussi, doncinévitable. Choc lateral Droit et gauche sur 2 voitures, pas de chute, et jambes protegé par le moteur flat de ma BMW","En deboitant par la droite pour remonter une file de voiture via la voie de bus, au moment ou je deboite le boudin au sol (non signalé) qui délimité la voie de bus debute, ma roue avant se prend dans le boudin, chute. Vitesse lente, sans grativté.","","","",0,0,16,5,11,1,71,"15",2005,"A12","2005","Autre(s) type(s) d'accident(s).","4","AUT|Le plus interressant","",NA,"",NA,"","La remontée de file n'est pas dangereuse en soit, il faut juste savoir anticiper tout les mouvement potentiels, et toujours avoir prevus une echapatoire de sauvegarde. Ceci passe par une vitesse interfile contenue, une experience de lecture de la circulation.  Il reste une part d'aléatoire, ca coup ci le deboitement à été trop violent, pas de chance d'etre la au mauvais moment.  Ma vitesse interfile ce jour la était aussi trop rapide.  La partie interressante a aussi été la protection des jambes grace a l'architecture moteur. Merci le flat BMW, jamais je ne te quiterais.","Ca fait très longtemps que je n'avais pas eu de frayeurs, ces frayeurs qu'on ne devrait jamais avoir parceque si on en a c'est qu'on a pas su lire la circulation.   Frayeurs = remise en cause de sa conduite.   Ces cas de frayeur sons en général sans frais grace aux marges de sécurité que l'on prevois pour gérer l'imprévu.   Ce jour là, roulage interfile un peu rapide car temps sec, préssé et esprit occupé, mauvaise lecture de la circulation (j'ai pas vu le petit trou de file) et déboitement inhabituellement violent d'une voiture (des voiture pleine de jeunes excités).  La violence inhabituelle du déboitement fait que la marge de sécurité prévue ne suffit pas, inévitablement ca touche, l'avertissement n'est donc pas sans frais, mais frais materiels uniquements.  Marge de sécurité trop limite + le caractere inhabituelle d'un deboitement voiture violent = ca touche.  En 20 ans de conduite 2roues je n'ai jamais rencontré un autre déboitement aussi violent.  Sans marge de sécurité le carton aurait put etre bcp plus grave, mais la probabilité de tomber sur un deboitement aussi violent etre tres rare.","Roulage interfile un peu rapide car temps sec.  Je prevois ma marge de sécurité habituelle avec laquelle je n'ai habituellement pas de probleme a gerer l'imprevus.  Un deboitement de voiture imprevus arrive par la gauche, je ne l'avait pas detecté, mauvaise lecture, ici se trouve mon erreur mageure.  Temps sec c'est bon, je freine et je tente l'evitement, mais le deboitement est trop violent, malgres ma marge de sécurité prévue je touche quand meme l'avant de la voiture.  Je suis desequilibré et projeté sur une voiture de la file de droite.  Ce deuxieme choc sur la deuxiemme voiture me reéquilibre par miracle, je fini alors l'arret, sur ma moto, guidon bien en main, et j'ai rien !!! Entre le choc et l'arret je pense qu'il y a meme pas 10 metres.  Dans l'histoire seul la moto à touché les voitures, merci le moteur flat BMW, et les 2 valises ont sauté.","NRP","0","","","Ici c'était inevitable, j'ai réagis au mieux. Ce qui est en cause c'est mon erreur de lecture de la circulation et la violence du deboitement.","2","1","NSP","","Pas sur que le coupable du déboitement ai vu quoique ce soit avant le choc.","1","Le coupable du déboitement aurait déboité de maniere fluide comme tout le monde il n'y aurait pas eu de choc.","1","2","",NA,NA,"","","2",1,NA,NA,NA,"",NA,"Caractere inhabituel de la violence du déboitement.","3","1","3","","4","3","3","4","1","1","1","1",1,4,4,4,4,3,NA,NA,NA,NA,NA,NA,NA,NA,2,"","","","",NA,NA,NA,NA,2,2,NA,2,1,1,1,40,60,0,0,0,"2","","","",NA,NA,"3","1","","",NA,1,NA,NA,NA,NA,NA,NA,NA,NA,NA,NA,1,"3","1",2,0,45,1,10,2,4,NA,NA,NA,NA,"",NA,"4","4","4","4","4","4","BMW","1150","R1150RT","Routière / GT","2","0","0",0,1,1,"1",1,1,1,"1","80000","12","4","1","BMW","850","R850RT","Routière / GT","2","4","4","25NOV1974","5","2","3",2,1,1,NA,"NRP","","","",1,0,0,1,0,1,"BMW",1150,"R1150RT","Routière / GT","2","2003","28",1,2,15000,"4","","","","","","","",NA,NA,NA,"","","","","","",NA,NA,NA,NA,NA,"","",NA,"","",NA,NA,NA,NA,NA,NA,"","",NA,"","",NA,NA,NA,NA,NA,NA,NA,15000,"2",3,4,NA,NA,NA,NA,NA,NA,"NRP","NRP","NRP","2002","2002","NRP","NRP","1997","NRP","","","","Motorcycle"
"309",357,5867,"26",1,0,2,"","",NA,NA,NA,0,3,"","","",NA,NA,0,4,"","",NA,"",NA,0,3,"","",NA,NA,NA,0,2,"","","","","",0,4,"","","",NA,NA,0,2,"",NA,NA,NA,NA,0,2,"","","",NA,NA,1,2,"2011","","","","",0,2,"","","","","",0,2,"","","","","",0,2,"","",NA,NA,NA,2,2,"2010","2011","",NA,NA,0,3,"","",NA,NA,NA,0,NA,3,"","","","","","","","","","","","","","","",NA,NA,5,0,5,1,41,"9",2011,"","2011","Vous avez fait une sortie de route, une perte de contrôle ou une glissade sans rien percuter.","1","","",NA,"",NA,"","Dans un virage, l'avant de la moto a commencé à glisser pour finalement reprendre de l'adhérence. En sortie de virage la moto a guidonnée et j'ai été éjecté.","La perte d'adhésion de l'avant est à l'origine de cet accident. Encore aujourd'hui je ne sais pas ce qui a provoqué cette perdre de contrôle.  Précision, je respectait la limitation de vitesse.","Lorsque j'ai senti l'avant partir je me suis préparé (si c'est possible) au choc. A la reprise d'adhérence je me suis alors dit que finalement j'ai de la chance. Par contre quand le guidonnage a commencé j'ai eu le réflexe de sérer le réservoir et m'accrocher au guidon tout en maintenant l'allure.  Les véhicules qui me suivaient se sont tout de suite arrêté pour me porter secours. J'ai vu assez rapidement plusieurs personne venir m'aider spontanément : - Redresser la moto et la dégager de la voie - M'apporter mes papiers, mon téléphone ... - Appeler les secours - Tendre au dessus de moi une couverture de survie pour ma protéger du soleil  Certaines personnes ont même été jusqu'à venir prendre de mes nouvelles à l'hôpital.","NRP","0","","","Après m'être renseigné, je sais désormais que lors d'un guidonnage il faut accélérer. Mais je ne suis pas persuadé que c'est le réflexe que j'aurais si la situation se représente. Ce n'est pas naturel.","2","0","","","","","","2","3","6",NA,NA,"","","",2,1,NA,NA,"3",NA,"Qu'est ce que j'ai mal fait ?","4","3","","","2","4","3","4","2","1","1","1",4,3,4,4,4,5,7,NA,NA,NA,NA,NA,NA,NA,1,"1","","","",NA,NA,NA,NA,2,2,NA,2,1,1,1,80,0,0,10,10,"2","","","",NA,NA,"2","1","AUT|Il fausait très chaud. Goudron fondu ?","",NA,2,1,3,4,NA,NA,NA,NA,NA,1,1,3,"2","3",NA,0,80,1,2,3,4,7,9,NA,NA,"",NA,"4","3","3","2","3","3","KAWASAKI","650","ER-6N","ROADSTER","2","1","1",1,1,1,"1",1,1,1,"1","20000","12","4","0","","","","","","","","05APR1983","7","2","3",2,1,1,NA,"NRP","","","",1,0,0,1,0,1,"KAWASAKI",650,"ER-6  N","ROADSTER","2","2009","28",2,2,7000,"4","","","","","","","",NA,NA,NA,"","","","","","",NA,NA,NA,NA,NA,"","",NA,"","",NA,NA,NA,NA,NA,NA,"","",NA,"","",NA,NA,NA,NA,NA,NA,NA,7000,"3",4,NA,NA,NA,NA,NA,NA,NA,"NRP","NRP","NRP","NRP","2008","NRP","NRP","2001","NRP","","","","Motorcycle"
"310",857,5868,"420",1,1,4,"NSP","",NA,NA,NA,0,6,"","","",NA,NA,0,4,"","",NA,"",NA,1,6,"NSP","",NA,NA,NA,1,4,"NSP","","","","",2,6,"NSP","NSP","",NA,NA,0,2,"",NA,NA,NA,NA,0,4,"","","",NA,NA,0,6,"","","","","",0,3,"","","","","",0,3,"","","","","",0,4,"","",NA,NA,NA,0,4,"","","",NA,NA,0,3,"","",NA,NA,NA,1,3,8,"NSP","2012","2011","","","Bretagne","Millau","Bordeaux","","","Rond point, refus de priorité","Rond point, refus de priorité","Une voiture de face, trop large dans un virage","","",0,0,0,0,22,1,21,"5",0,"","-1","Vous circuliez sur un axe prioritaire. Un véhicule venant dun axe non prioritaire vous a coupé la route.","6","","",NA,"",NA,"","Je circulais a la vitesse du trafic, quand sortant d'une petite rue, une voiture a tourné et me percutant violement sur la droite. J'ai été propulsé avec ma moto, sur la voie en sens inverse pour finir sur le trottoir. J'ai eu d'autres accident, mais celui là a été le plus intense parce que je n'ai rien vu venir, rien pu anticiper, ou me préparer.","La surprise","Je n'ai pas eu le temps de réagir. Je me suis retrouver par terre ejecté de la moto. Une passant m'a dis de ne pas m'inquiéter, qu'elle avait tout vue et qu'elle avait la plaque d'immatriculation de la voiture. Je lui ai repondu que moi aussi je l'avais, arraché par le choc, le pare-choc de la mercedes était à côté de moi avec la plaque dessus. Le conducteur et sa passagère se sont arrété un peu plus loin afin de ne pas géner la circulation. Même si j'étais le bléssé, j'ai du calmer et rassurer les passager de la mercedes.","3","0","","","Parce qu'il m'était peu voir pas possible de voir la voiture d'ou elle arrivait","3","1","2","","Les autres personnes sont les passager de la dite mercedes, et il n'avait pas regardé vers la gauche si quelqu'un arrivait","1","Parce qu'ils n'ont pas fait attention!","7","","",NA,NA,"","","",NA,NA,NA,NA,"",NA,"","4","3","","","1","1","3","3","1","1","1","1",1,4,4,4,4,10,NA,NA,NA,NA,NA,NA,NA,NA,2,"","","","",NA,NA,NA,NA,2,2,NA,2,1,1,1,0,100,0,0,0,"2","","","",NA,NA,"3","1","","",NA,2,1,7,NA,NA,NA,NA,NA,NA,1,0,1,"1","1",2,0,26,1,10,2,3,4,7,NA,NA,"",NA,"4","4","4","4","4","4","CAGIVA","1000","RAPTOR","ROADSTER","2","1","1",1,1,1,"1",0,0,1,"1","26000","12","4","1","SUZUKI","750","GSX-R","SPORTIVE","2","3","4","19OCT1972","4","1","3",2,1,1,NA,"NRP","","","",3,1,0,1,0,1,"SUZUKI",1000,"GSX-R IE","SPORTIVE","2","2006","37",1,2,18000,"4","","","","","","","",NA,NA,NA,"","","","","","",NA,NA,NA,NA,NA,"","",NA,"","",NA,NA,NA,NA,NA,NA,"","",NA,"","",NA,NA,NA,NA,NA,NA,NA,18000,"3",4,NA,NA,NA,NA,NA,NA,NA,"NRP","NRP","NRP","NRP","1992","NRP","NRP","1990","NRP","","","","Motorcycle"
"311",1294,5874,"485",1,0,6,"","",NA,NA,NA,1,6,"1981","","",NA,NA,1,6,"1978","",NA,"",NA,0,6,"","",NA,NA,NA,0,6,"","","","","",0,6,"","","",NA,NA,0,4,"",NA,NA,NA,NA,0,6,"","","",NA,NA,1,6,"1977","","","","",0,6,"","","","","",0,6,"","","","","",0,2,"","",NA,NA,NA,1,3,"2003","","",NA,NA,0,3,"","",NA,NA,NA,0,NA,4,"","","","","","","","","","","","","","","",NA,NA,4,6,37,1,6,"2",1981,"","1981","Vous circuliez derrière un véhicule. Ce véhicule a ralenti. Vous avez entrepris de dépasser ce véhicule par la gauche et celui-ci vous a coupé la route en tournant à gauche (ou en effectuant un œ tour","6","","",NA,"",NA,"","Route de Lyon a BOURG en BRESSE sortie du pont direction LYON je double un pas presse a la reprise sortie du virage,je me trouve seul sur un boulevard large avec des voitures en stationnement de chaque cote je casse la vitesse cause carburant sur la reserve une lancia sort de la file en stationnement a ma droite pour un demi tour sans clignotant sur les chapeaux de roue trop tard pour freiner je tente un evitement sur la file de gauche l'avant de la moto passe le moteur aussi la voitue qui ne c'est toujours pas arretee me percute la cheville droite la commande reculee casse la moto glisse sous moi je suis acule contre le dosseret de selle bras tendu impossible de prendre les freins avant meme du bout des doigts la moto finie sa course dans une renault 6 blue en stationnement a ma gauche je suis ejecte je verrai toujours les pieds en l'air la tete en bas le phare de ma moto exploser sur le capot de la R6 je retombe sur le trotoir sur le dos a part une cheville en vrac rien de casse","une voiture en travers de ma voie de circulation la rapidite inutile de la manoeuvre de l'automobiliste","j'ai eu l'impression que l'automobiliste m'attendait pour entreprendre son demi tour.Pas eu le temps d'avoir peur coup de guidon reflexe.Pas de reaction chez l'automobiliste qui a fini sa manoeuvre comme si de rien n'etait","NRP","0","","","la soudainetee la rapidite de la manoeuvre ne m'a laisse aucune chance.A savoir la majorite de mes accidents etaient evitable","2","1","2","","2 voitures etaient implique mais une en stationnement","1","Demi tour execute sans tenir compte des autres usages le resultat aurai ete le meme avec un cycliste","9","","",NA,NA,"","Pas un sentiment pas eu le temps d'eprouve je pense plutot a l'instin de survie agir pour s'en sortir","",NA,NA,NA,NA,"",1,"Je pense que pour avoir peur il faut deja avoir une aprehention.Exemple on aprehende de perdre l'avant en moto a la moindre glisse le premier reflexe c'est la peur.Dans une situation inconnue soudaine rapide et brutal le premier reflexe c'est l'insting de survie agir pour s'en sortir","3","3","","","1","2","2","3","3","1","1","1",1,1,4,4,4,10,NA,NA,NA,NA,NA,NA,NA,NA,2,"","","","",NA,NA,NA,NA,2,2,NA,2,1,1,1,0,100,0,0,0,"2","","","",NA,NA,"2","1","","",NA,2,1,7,NA,NA,NA,NA,NA,NA,1,0,2,"1","3",NA,0,60,1,5,NA,NA,NA,NA,NA,NA,"",NA,"4","4","4","4","4","4","HONDA","1000","CBX","ROADSTER","2","1","1",1,1,1,"1",1,1,1,"1","NSP","12","3","1","HONDA","400","CB-F1 ""SUPERSPORT""","ROADSTER","2","3","4","09JUL1958","7","1","3",2,4,4,2,"NRP","","","",2,1,0,5,0,6,"VOXAN",1000,"CAFE RACER V2","Routière / GT","2","2004","37",2,1,10000,"7","HONDA","1000","CBX","ROADSTER","2","1981","37",3,1,2000,"7","MV AGUSTA","1000","F4-R","SPORTIVE","2",2008,37,2,1,5000,"7","HONDA",1000,"CBX","ROADSTER",2,1982,41,4,1,0,"7","YAMAHA",535,"XV VIRAGO","CUSTOM",2,1999,37,2,2,3000,7,20000,"2",3,4,NA,NA,NA,NA,NA,NA,"NRP","NRP","NRP","1976","1977","NRP","NRP","1977","NRP","","","","Motorcycle"