"","Ligne","Ligne.Q.qualif","Ligne.approfondissement.Accident","ACCIDENT","NBACC1","ACCFREQUENCE1","ANNEEACC1_1","ANNEEACC1_2","ANNEEACC1_3","ANNEEACC1_4","ANNEEACC1_5","NBACC2","ACCFREQUENCE2","ANNEEACC2_1","ANNEEACC2_2","ANNEEACC2_3","ANNEEACC2_4","ANNEEACC2_5","NBACC3","ACCFREQUENCE3","ANNEEACC3_1","ANNEEACC3_2","ANNEEACC3_3","ANNEEACC3_4","ANNEEACC3_5","NBACC4","ACCFREQUENCE4","ANNEEACC4_1","ANNEEACC4_2","ANNEEACC4_3","ANNEEACC4_4","ANNEEACC4_5","NBACC5","ACCFREQUENCE5","ANNEEACC5_1","ANNEEACC5_2","ANNEEACC5_3","ANNEEACC5_4","ANNEEACC5_5","NBACC6","ACCFREQUENCE6","ANNEEACC6_1","ANNEEACC6_2","ANNEEACC6_3","ANNEEACC6_4","ANNEEACC6_5","NBACC7","ACCFREQUENCE7","ANNEEACC7_1","ANNEEACC7_2","ANNEEACC7_3","ANNEEACC7_4","ANNEEACC7_5","NBACC8","ACCFREQUENCE8","ANNEEACC8_1","ANNEEACC8_2","ANNEEACC8_3","ANNEEACC8_4","ANNEEACC8_5","NBACC9","ACCFREQUENCE9","ANNEEACC9_1","ANNEEACC9_2","ANNEEACC9_3","ANNEEACC9_4","ANNEEACC9_5","NBACC10","ACCFREQUENCE10","ANNEEACC10_1","ANNEEACC10_2","ANNEEACC10_3","ANNEEACC10_4","ANNEEACC10_5","NBACC11","ACCFREQUENCE11","ANNEEACC11_1","ANNEEACC11_2","ANNEEACC11_3","ANNEEACC11_4","ANNEEACC11_5","NBACC12","ACCFREQUENCE12","ANNEEACC12_1","ANNEEACC12_2","ANNEEACC12_3","ANNEEACC12_4","ANNEEACC12_5","NBACC13","ACCFREQUENCE13","ANNEEACC13_1","ANNEEACC13_2","ANNEEACC13_3","ANNEEACC13_4","ANNEEACC13_5","NBACC14","ACCFREQUENCE14","ANNEEACC14_1","ANNEEACC14_2","ANNEEACC14_3","ANNEEACC14_4","ANNEEACC14_5","AUTRESACC","NBAUTRESACC","TOTAL_AC","ANNEEAUTREACC1","ANNEEAUTREACC2","ANNEEAUTREACC3","ANNEEAUTREACC4","ANNEEAUTREACC5","LIEUAUTREACC1","LIEUAUTREACC2","LIEUAUTREACC3","LIEUAUTREACC4","LIEUAUTREACC5","DESCRIPTIONAUTRESACC1","DESCRIPTIONAUTRESACC2","DESCRIPTIONAUTRESACC3","DESCRIPTIONAUTRESACC4","DESCRIPTIONAUTRESACC5","NBAUTRESACCCIRCUIT","NBAUTRESTOUTTERRAIN","EXPCYCLO","EXP125","EXPSUP125","ACCORDNEXTQ","CHOIXACC","RGPMTACC","RECUPANNEE","RECUPLIEU","RECUPANNE","RGPMTAC","CHOIX1","CHOIX2","CHOIX3","CHOIX4","CHOIX5","CHOIX6","CHOIX7","DESCRIPTION","RUPTURE","FAITS","ABS_REACTION","AUTRE_REACTION","PRECISIONREACTIONOUI","RECUL","PRECISIONREACTIONNON","IMPACTCOMPORTEMENT","AUTREUSAGER","REACTIONAUTREUSAGER","CONNAISSANCEREACTIONUSAGER","DIFFICULTES","AGGRAVATION","DIFFICULTES2","EMOTIONS1","EMOTIONS2","EMOTIONS3","EMOTIONS4","EMOTIONS5","EMOTIONS6","AUTRESENTIMENT","CLASSEMENTEMOTIONS1","CLASSEMENTEMOTIONS","CLASSEMENTEMOTIONS5","CLASSEMENTEMOTIONS6","CLASSEMENTEMOTIONS7","CLASSEMENTEMOTIONS8","CLASSEMENTEMOTIONS9","EXPLICATIONRESSENTI","BIENEQUIPE","ALLURE","ALLUREVITEDETAIL","ALLURELENTEDETAIL","SITUATIONPRESSE","SITUATIONDISTRAIT","SITUATIONCONFIANT","SITUATIONCONTROLE","SITUATIONLUDIQUE","SITUATIONPERF","SITUATIONSTRESS","SITUATIONFATIGUE","HUMEURNEUTRE","HUMEURGAI","HUMEURMECONTENT","HUMEURTRISTE","HUMEURCOLERE","CONTRIBUTION1","CONTRIBUTION2","CONTRIBUTION3","CONTRIBUTION4","CONTRIBUTION5","CONTRIBUTION6","CONTRIBUTION7","CONTRIBUTION8","CONTRIBUTION9","ROLEINFRA","ELEMENTINFRA1","ELEMENTINFRA2","ELEMENTINFRA3","ELEMENTINFRA4","ELEMENTINFRA5","ELEMENTINFRA6","ELEMENTINFRA7","ELEMENTINFRA8","ELEMENTINFRA9","ALCOOL","TXALCOOL","STUP","SEMAINE","MOMENTJOURNEE","TEMPS","CAUSEACC1","CAUSEACC2","CAUSEACC3","CAUSEACC4","CAUSEACC5","FORMATIONCAUSE","FORMATION1","FORMATION2","FORMATION3","FORMATION4","FORMATION5","TRAFIC","CHAUSSEE1","CHAUSSEE2","CHAUSSEE3","CHAUSSEE4","TYPEACC","BLESSURE","TETE","COU","THORAX","MEMBRESSUP","COLONNE","BASSIN","MEMBRESINF","HOPITAL","PLUS24H","TRAJET","TYPEROUTE","MOTIF","SENSTRAJET","PASSAGER","VITESSE","DESCEQ1","DESCEQ2","DESCEQ3","DESCEQ4","DESCEQ5","DESCEQ6","DESCEQ7","DESCEQ8","DESCEQ9","DESCEQ10","VEHICULEETE","VEHICULEAUTOMNE","VEHICULEPRINTEMPS","VEHICULEHIVER","VEHICULESEMAINE","VEHICULEWE","VEHMARQUE","VEHCYLINDREE","VEHMODELE","VEHSEGMENT","VEHSIDE","EQ2RMABS","EQ2RMCBS","EQ2RMABSCBS","EQ2RMREGULATEUR","EQ2RMLIMITEUR","EQ2RMPHARESDIRECT","EQ2RMCOUPURE","EQ2RMANTIPATINAGE","EQ2RMANTIXHEELING","EQ2RMSTABILILTE","VEHKM","POINTS","DUREE","AUTRE2RM","VEHPRECMARQUE","VEHPRECCYLINDREE","VEHPRECMODELE","VEHPRECSEGMENT","VEHPRECSIDE","TEMPS2RMPREC","FREQVEHPREC","DATE_NAISS","CSP","SOCIETAIRE","SALARIE","SECTEUR2RM","NBPERSFOYER","SITFAM","NBENF","TRNBENF1","TRNBENF2","TRNBENF3","TRNBENF4","NBAUTOFOYER","NBCYCLOFOYER","NBSCOOTFOYER","NBMOTOFOYER","NBTRIKEFOYER","NB2RMCONDUIT","MARQUE1","CYLINDREE1","MODELE1","SEGMENT1","SIDE1","ANMISECIRCU1","ASS1","FREQ1","USAGE1","NBKM1","GARAGE1","MARQUE2","CYLINDREE2","MODELE2","SEGMENT2","SIDE2","ANMISECIRCU2","ASS2","FREQ2","USAGE2","NBKM2","GARAGE2","MARQUE3","CYLINDREE3","MODELE3","SEGMENT3","SIDE3","ANMISECIRCU3","ASS3","FREQ3","USAGE3","NBKM3","GARAGE3","MARQUE4","CYLINDREE4","MODELE4","SEGMENT4","SIDE4","ANMISECIRCU4","ASS4","FREQ4","USAGE4","NBKM4","GARAGE4","MARQUE5","CYLINDREE5","MODELE5","SEGMENT5","SIDE5","ANMISECIRCU5","ASS5","FREQ5","USAGE5","NBKM5","GARAGE5","NBKMTOT","PERMIS1","PERMIS2","PERMIS3","PERMIS4","PERMIS5","PERMIS6","PERMIS7","PERMIS8","PERMIS9","ANPERMIS1","ANPERMIS6","ANPERMIS7","ANPERMIS2","ANPERMIS3","ANPERMIS8","ANPERMIS9","ANPERMIS4","ANPERMIS5","X","X.1","X.2","isScooter"
"312",907,5877,"332",1,0,3,"","",NA,NA,NA,0,3,"","","",NA,NA,0,3,"","",NA,"",NA,0,2,"","",NA,NA,NA,1,5,"2014","","","","",0,3,"","","",NA,NA,0,2,"",NA,NA,NA,NA,0,5,"","","",NA,NA,0,5,"","","","","",0,4,"","","","","",0,6,"","","","","",0,5,"","",NA,NA,NA,0,5,"","","",NA,NA,0,2,"","",NA,NA,NA,0,NA,1,"","","","","","","","","","","","","","","",NA,NA,0,0,4,1,21,"5",2014,"","2014","Vous circuliez sur un axe prioritaire. Un véhicule venant dun axe non prioritaire vous a coupé la route.","3","5","",NA,"",NA,"","Je circulais sur une route départementale prioritaire en agglomération. Un tracteur arrive d'une route venant de la droite. Il laisse passer le véhicule me précédant mais redémarre tout de suite après sans regarder s'il n'y a pas un autre véhicule qui arrive. Freinage d'urgence, tentative d'évitement, accrochage avec la sacoche latérale, guidonnage, pose de la moto par terre. Pas de blessé. Le conducteur du tracteur a reconnu ses torts. Si j'avais eu un pot d'échappement faisant plus de bruit, il m'aurait peut-être entendu. Si j'avais roulé plus vite, je n'aurais certainement pas pu éviter le choc frontal. Si l'autre conducteur avait respecté le code de la route, il n'y aurait jamais eu d'accident. Si on interdisait la conduite de véhicules à certaines personnes notamment celles qui sont trop âgés (vue, ouïe, réflexes en baisses) il n'y aurait pas eu d'accident.","Non respect du code la route de l'autre conducteur.","Je circule à 50km/h en agglomération sur une route prioritaire.  Je respecte les distances de sécurité avec la voiture me précédant. Un tracteur arrive de la droite et s'arrête au pointillé du cédez le passage mais en plein milieu de sa voie. Je regarde le conducteur, s'est un homme âgé (plus de 75-80 ans) J'ai un mauvais pressentiment. Je décélère pour réduire ma vitesse. Il laisse passer la voiture. Il ne tourne pas la tête vers moi. Il avance. Freinage d'urgence de ma part. Je vois le tracteur devant moi et le choc frontal arriver. Le véhicule venant en fasse est suffisamment loin pour tenter l'évitement. Je plonge sur la gauche pour tenter l'évitement. Je vois l'avant du tracteur passer très près de ma jambe. Choc. Ca a presque arrêté la moto. Ca guidonne très fort. Je préfère poser la moto presque à l'arrêt plutôt que tenter de gérer et finir par perdre le contrôle. L'avant du tracteur a accroché la sacoche latérale droite ; passant à quelques centimètres de la jambe de ma compagne.","NRP","0","","","je respectais la vitesse et les distances de sécurité dans un flot de circulation sans problème. Tenter de passer par la droite et je me serai pris le mur en pierre. Rester sur mon freinage d'urgence et je percutais le tracteur au niveau du conducteur. Mieux gérer mon évitement ? On peut toujours faire mieux mais vu la situation et mon expérience, je n'ai pas de regret dans mes actions.","1","1","2","","Il a juste arrêté son tracteur quand il m'a vu tenter l'évitement.","1","s'il avait respecté le code de la route et s'il avait entendu quand j'ai freiné fort et surtout si réagit tout de suite et très fortement sur ses freins l'avant du tracteur n'aurait jamais accroché la valise latérale. Ca serait passé de peu mais ça serait passé","1","","",NA,NA,"","","1",NA,NA,NA,NA,"",NA,"J'ai eu peur pour ma compagne, SDS et moi et des conséquences physiques de l'accident si pas éviter. Peur pour l'avenir si j'avais percuté le conducteur de plein fouet même si à une vitesse réduite. Peur que ma compagne ne veuille plus remonter en moto","4","3","","","1","1","3","4","1","1","1","2",4,1,4,4,4,10,NA,NA,NA,NA,NA,NA,NA,NA,2,"","","","",NA,NA,NA,NA,2,2,NA,2,2,1,1,0,100,0,0,0,"2","","","",NA,NA,"1","1","","",NA,1,NA,NA,NA,NA,NA,NA,NA,NA,NA,NA,2,"1","3",NA,1,20,1,2,3,4,7,9,NA,NA,"",NA,"4","3","4","1","3","3","KAWASAKI","650","ER-6N","ROADSTER","2","1","1",1,1,1,"1",0,1,1,"1","46200","12","1","0","","","","","","","","11SEP1976","7","1","3",2,2,3,NA,"NRP","","","",2,0,0,1,0,1,"KAWASAKI",650,"ER-6  N","ROADSTER","2","2010","37",3,1,15000,"4","","","","","","","",NA,NA,NA,"","","","","","",NA,NA,NA,NA,NA,"","",NA,"","",NA,NA,NA,NA,NA,NA,"","",NA,"","",NA,NA,NA,NA,NA,NA,NA,15000,"3",4,NA,NA,NA,NA,NA,NA,NA,"NRP","NRP","NRP","NRP","1998","NRP","NRP","1996","NRP","","","","Motorcycle"
"313",716,5884,"366",1,0,4,"","",NA,NA,NA,0,3,"","","",NA,NA,0,4,"","",NA,"",NA,0,3,"","",NA,NA,NA,0,5,"","","","","",0,2,"","","",NA,NA,0,4,"",NA,NA,NA,NA,1,5,"2009","","",NA,NA,2,6,"2012","2014","","","",0,5,"","","","","",0,4,"","","","","",0,1,"","",NA,NA,NA,0,4,"","","",NA,NA,0,2,"","",NA,NA,NA,0,NA,3,"","","","","","","","","","","","","","","",NA,NA,0,0,6,1,41,"9",2012,"","2012","Vous avez fait une sortie de route, une perte de contrôle ou une glissade sans rien percuter.","6","","",NA,"",NA,"","C'était le 11 novembre 2012 comme il pleuvait j'arrivai doucement (25 km/h)sur les rond point d'un échangeur d'autoroute ce qui ne m'a pas empéché de perdre l'adhérence de la roue avant de ma moto et de glissé sur les fesse sur un bon quart du carrefour giratoire. Par chance je ne me suis pas bléssé sauf dans mon amour propre et la moto était seulement rayé. Après quelques minutes je me suis rendu compte que ce qu'y m'avait fait tombé était une plaque de diesel sur le rond point. Comme quoi l'adhérence d'une moto ne tiens pas à grand chose.","pour mon cas rien de dangereux quand je suis rentré sur le carrefour puis la seconde d'après sur les fesses à coté de la moto entrain de glissé. Sur le coup, je ne réalisé pas ce qui venait de ce passé.","NRP","1","0","","","Car ce danger est invisible et que même a très faible vitesse cela n'a rien changé.","2","0","","","","","","3","6","",NA,NA,"","","",NA,1,NA,NA,"2",NA,"ne rien avoir vu","3","3","","","1","2","3","4","1","1","3","2",1,4,2,4,4,10,NA,NA,NA,NA,NA,NA,NA,NA,1,"3","","","",NA,NA,NA,NA,2,2,NA,2,2,1,2,1,0,0,80,19,"NSP","","","",NA,NA,"1","2","6","",NA,1,NA,NA,NA,NA,NA,NA,NA,NA,NA,NA,2,"4","3",NA,0,25,1,2,3,4,7,9,NA,NA,"",NA,"4","4","4","2","4","4","BMW","1000","S1000RR","SPORTIVE","2","0","2",2,1,1,"1",0,0,0,"2","18000","12","3","1","KAWASAKI","650","ER-6F ABS","SPORTIVE","2","4","3","04APR1988","7","1","3",2,1,1,NA,"NRP","","","",1,0,0,1,0,1,"BMW",1000,"S-RR","SPORTIVE","2","2011","29",2,1,10000,"7","","","","","","","",NA,NA,NA,"","","","","","",NA,NA,NA,NA,NA,"","",NA,"","",NA,NA,NA,NA,NA,NA,"","",NA,"","",NA,NA,NA,NA,NA,NA,NA,10000,"4",3,NA,NA,NA,NA,NA,NA,NA,"NRP","NRP","NRP","NRP","2009","NRP","NRP","2006","NRP","","","","Motorcycle"
"314",1140,5886,"390",1,0,3,"","",NA,NA,NA,0,2,"","","",NA,NA,0,4,"","",NA,"",NA,0,1,"","",NA,NA,NA,0,2,"","","","","",0,3,"","","",NA,NA,0,3,"",NA,NA,NA,NA,0,6,"","","",NA,NA,1,5,"2013","","","","",0,2,"","","","","",0,2,"","","","","",0,2,"","",NA,NA,NA,0,5,"","","",NA,NA,1,4,"2012","",NA,NA,NA,0,NA,2,"","","","","","","","","","","","","","","",NA,NA,0,0,3,1,41,"9",2013,"","2013","Vous avez fait une sortie de route, une perte de contrôle ou une glissade sans rien percuter.","2","4","",NA,"",NA,"","L'accident a eu lieu, dans un rond-point verglacé. La perte d'adhérence (de l'avant) à été immédiate lors du passage sur l'angle du pneu. Résultat: - la moto a percuté la bordure extérieure du rond point (grosse réparation : remplacement du cadre) - une clavicule cassée à cause du contact du sol - mon casque a tapé le sol sur le côté  Heureusement que j'étais équipé complètement: casque, gants, blouson de moto ""textile"" (maintenant remplacé par un cuir renforcé au niveau des clavicules) et bottes.","Météo compliquée: Tempête de neige, sol verglacé, température négative.   Perte de concentration au moment de prendre le rond point","Je me suis relevé immédiatement, en faisant signe aux véhicules qui s'engageait sur le rond-point de s'arrêter car ma moto bloquait une sortie du rond point.   Une fois les véhicules arrêtés, je me suis dirigé vers ma moto pour la relevé.   C'est à cet instant, que je me suis rendu compte de ma blessure à la clavicule.   Un automobiliste m'a aidé à la relevé, et la béquiller.   Il a ensuite appelé les secours, pour que je sois examiné.","NRP","0","","","NRP","2","0","","","","","","7","","",NA,NA,"","","",NA,NA,NA,NA,"",NA,"","4","1","1","","1","1","1","1","1","1","1","3",1,4,1,4,4,1,4,NA,NA,NA,NA,NA,NA,NA,2,"","","","",NA,NA,NA,NA,2,2,NA,2,2,1,3,30,0,0,0,70,"2","","","",NA,NA,"2","3","6","",NA,2,1,4,NA,NA,NA,NA,NA,NA,1,0,1,"2","3",NA,0,40,1,10,2,3,4,7,NA,NA,"",NA,"1","1","1","2","1","2","SUZUKI","750","GSR","ROADSTER","2","1","1",1,1,1,"1",1,1,1,"1","700","12","1","1","SUZUKI","650","SV-S","SPORTIVE","2","3","4","26SEP1988","7","1","3",2,1,1,NA,"NRP","","","",1,0,0,2,0,2,"SUZUKI",650,"SV-S","Routière / GT","2","2002","37",1,2,25000,"5","SUZUKI","750","GSR","ROADSTER","2","2013","37",1,2,25000,"5","","","","","",NA,NA,NA,NA,NA,"","",NA,"","",NA,NA,NA,NA,NA,NA,"","",NA,"","",NA,NA,NA,NA,NA,NA,NA,50000,"1",3,4,NA,NA,NA,NA,NA,NA,"2002","NRP","NRP","NRP","2010","NRP","NRP","2007","NRP","","","","Motorcycle"
"315",366,5898,"362",1,0,4,"","",NA,NA,NA,0,5,"","","",NA,NA,0,6,"","",NA,"",NA,0,2,"","",NA,NA,NA,0,5,"","","","","",0,4,"","","",NA,NA,0,5,"",NA,NA,NA,NA,0,5,"","","",NA,NA,1,5,"2014","","","","",0,5,"","","","","",0,6,"","","","","",0,5,"","",NA,NA,NA,0,5,"","","",NA,NA,0,6,"","",NA,NA,NA,1,2,3,"2012","2014","","","","Paris","Noisy le sec","","","","Je laiser passer un piéton sur un passage piéton san feu alor qu il s'était engage . Je m arreter et la un scooter arrive trop vite tombe et je reçois le véhicule dans l arrière de la moto la faisant tomber l accident par tem de pluie","J'était arreter depuis 30 secondes au feu rouge et un voiture n a pas vu et m'a percuter par l arrière envoyant la moto a 3 mètre en glissage et ma passagère brûler au 2 eme degré a la jambe sur le pot","","","",0,0,11,2,6,1,72,"15",2014,"Noisy le sec","2014","Autre(s) type(s) d'accident(s).","1","4","5",6,"",NA,"","arreter a un feu tricolore depuis au moins 30 secondes quand une voiture nous a percuter en chutant ma femme bruler au molet au 2eme degre . a 10 secondes pret je passer avec ma femme sousun tramway . le feu donner a 3 mettre avant les rail et la moto a fini sur les rails. depuis ma feme a peur en moto et je regarde constament derrier moi au feu","je ne l'ai pas vu venir vu que j'etai les 2pied au sol arreter depuis plus de 30 secondes un feu rouges. je me sui rendu compte un fois percuter. le conducteur ne regarder pas la route","aucune action vu que je regarde devant je tenai le guidon est etai au point mort sur le plat.","3","0","","","vu le temps depuis le feu etai au rouge et vu le degagement de la routre jusqu au feu on le voi de loin","2","1","2","","ma femme etai bloquer sous la moto","2","NRP","1","2","3",6,8,"","","",1,2,NA,NA,"3",NA,"comment ne pas voir un vehicule avec le feu arrier allumer ne pas bouger et comment ne pas voir un feu rouge de lloin","4","3","","","1","1","4","4","4","1","1","1",1,1,4,4,4,5,7,NA,NA,NA,NA,NA,NA,NA,2,"","","","",NA,NA,NA,NA,2,2,NA,2,1,3,2,0,100,0,0,0,"2","","","",NA,NA,"1","2","","",NA,2,0,NA,NA,NA,NA,NA,NA,NA,NA,NA,2,"1","3",NA,1,0,1,2,3,4,NA,NA,NA,NA,"",NA,"4","4","4","4","4","4","SUZUKI","1250","BANDIT-S","ROADSTER","2","1","1",1,1,1,"1",1,1,1,"1","39000","12","4","1","SUZUKI","650","BANDIT-S","ROADSTER","2","3","4","25MAY1987","7","2","3",2,2,3,NA,"NRP","","","",1,0,0,1,0,1,"SUZUKI",1250,"BANDIT-S","ROADSTER","2","2008","28",1,2,12500,"4","","","","","","","",NA,NA,NA,"","","","","","",NA,NA,NA,NA,NA,"","",NA,"","",NA,NA,NA,NA,NA,NA,"","",NA,"","",NA,NA,NA,NA,NA,NA,NA,12500,"2",3,4,NA,NA,NA,NA,NA,NA,"NRP","NRP","NRP","2009","2009","NRP","NRP","2005","NRP","","","","Motorcycle"
"316",922,5901,"236",1,0,2,"","",NA,NA,NA,0,5,"","","",NA,NA,0,5,"","",NA,"",NA,0,2,"","",NA,NA,NA,1,3,"1999","","","","",0,5,"","","",NA,NA,0,3,"",NA,NA,NA,NA,0,4,"","","",NA,NA,4,3,"1999","2001","2002","2005","",0,4,"","","","","",0,4,"","","","","",0,1,"","",NA,NA,NA,0,2,"","","",NA,NA,0,2,"","",NA,NA,NA,1,1,6,"2003","","","","","saint etienne","","","","","me suis fait couper la route par un cycliste. Evitement et chute","","","","",2,0,0,0,15,1,44,"9",2005,"","2005","Vous avez fait une sortie de route, une perte de contrôle ou une glissade sans rien percuter.","3","6","",NA,"",NA,"","perte de contrôle (glisse de la roue avant sur l'angle) dans une bretelle de bouclage du périphérique toulousain.  Ma vitesse était un peu excessive en regard de la signalisation et de la chauffe de mes pneus, pas en regard de la courbure de la route.  La moto a glissé sur la bretelle puis traversé les 3 voies de circulation du périphérique avant de heurter la file de rails des glissières en TPC. Elle s'est immobilisée sur la voir rapide.  J'ai glissé sensiblement de même mais me suis arrêté sur la voie médiane de l'autoroute.  Par chance la circulation était très peu dense et les automobilistes ont pu m'éviter ainsi que la moto.","perte instantanée sans élément d'alerte","NRP","2","1","mon comportement","un peu trop d'euphorie (et l'oubli de l'indispensable chauffe des pneumatiques).","","2","0","","","","","","1","6","",NA,NA,"","","2",NA,NA,NA,NA,"1",NA,"J'ai ""pédalé"" avec la main droite pour essayer de diriger ma glissade tandis que j'agitais le bras gauche le plus haut possible pour essayer de me faire voir des automobilistes.  Cela a fonctionné puisque personne ne m'a heurté ou n'a heurté la moto.","4","1","1","","1","1","4","4","3","1","1","3",4,1,4,4,4,1,5,NA,NA,NA,NA,NA,NA,NA,1,"AUT|chaussée rocade = chaussée grasse","","","",NA,NA,NA,NA,2,2,NA,2,2,1,1,90,0,0,10,0,"1","AUT|formation a allure modérée n'apprend pas la montée progressive à adopter","","",NA,NA,"1","6","","",NA,2,1,4,NA,NA,NA,NA,NA,NA,0,NA,2,"4","3",NA,0,110,1,2,3,4,7,9,NA,NA,"",NA,"3","3","3","2","2","3","APRILIA","1000","RS-V MILLE","SPORTIVE","2","1","1",1,1,1,"1",1,1,1,"1","20000","12","1","1","SUZUKI","600","GSX-R","SPORTIVE","2","4","4","19AUG1978","5","1","3",2,3,4,1,"NRP","","","",1,0,0,1,0,1,"APRILIA",1000,"RS-V MILLE","SPORTIVE","2","2000","37",3,1,6000,"7","","","","","","","",NA,NA,NA,"","","","","","",NA,NA,NA,NA,NA,"","",NA,"","",NA,NA,NA,NA,NA,NA,"","",NA,"","",NA,NA,NA,NA,NA,NA,NA,6000,"3",4,NA,NA,NA,NA,NA,NA,NA,"NRP","NRP","NRP","NRP","1998","NRP","NRP","1996","NRP","","","","Motorcycle"
"317",1153,5917,"358",1,0,4,"","",NA,NA,NA,0,4,"","","",NA,NA,1,5,"1999","",NA,"",NA,0,1,"","",NA,NA,NA,1,5,"2001","","","","",0,3,"","","",NA,NA,1,3,"1997",NA,NA,NA,NA,0,5,"","","",NA,NA,0,5,"","","","","",0,5,"","","","","",0,5,"","","","","",0,1,"","",NA,NA,NA,0,3,"","","",NA,NA,0,1,"","",NA,NA,NA,1,1,4,"1995","","","","","AMIENS","","","","","Arrivé trop vite dans une courbe. Manque d'expérience. Pas pu maîtriser le ralentissement, perte de la roue avant => chute.","","","","",1,0,4,0,19,1,21,"5",2001,"","2001","Vous circuliez sur un axe prioritaire. Un véhicule venant dun axe non prioritaire vous a coupé la route.","4","6","",NA,"",NA,"","Circulant en zone urbaine où la limitation de vitesse est de  50 km/h, j'emprunte un axe prioritaires à deux sens séparés par un terre-plein central. A un croisement, une voiture est ""en attente"" dans une zone où le terre-plein est interrompu. Ayant vu ce véhicule, je ralentis et à une vingtaine de mètres de celui-ci, qui n'a pas avancé (donc m'ayant vu), je reprends mon allure réglementaire. A une dizaine de mètres de celui-ci, le véhicule avance promptement et je suis dans l'impossibilité de l'éviter et le percute donc en freinant. La moto s'encastre derrière la roue avant droite, je passe par-dessus la voiture, mon casque touche le pare-brise et j'atterris sur le bitume à quelques mètres de la voiture.","Dans le rapport de police, le conducteur du véhicule ayant causé mon accident déclare : ""J'ai regardé à droite puis à gauche, j'ai passé la première et il était sur mon capot"". Les forces de l'ordre m'ont précisé qu'entre le moment où le conducteur a regardé à droite et le moment où il s'est avancé, il a du se passer plusieurs secondes. Le conducteur est né en 1917 et a des réflexes pour le moins ""diminués"".","La voiture a avancé, j'ai empoigné les freins sachant que le choc ne pouvait pas être évité.","NRP","1","Avec le recul, dans une situation similaire (je suis prioritaire et un véhicule attend mon passage), je vérifie le regard de l'autre véhicule, fais un appel de phare ou klaxonne le cas échéant.","NRP","","2","1","2","","Manque de réflexe dû à son âge.","1","Il n'aurait pas avancer...","3","6","",NA,NA,"","","",NA,2,NA,NA,"1",NA,"Je n'ai pu éviter le choc ""inéluctable"".","3","3","","","1","1","4","4","1","1","1","1",1,3,4,4,4,10,NA,NA,NA,NA,NA,NA,NA,NA,2,"","","","",NA,NA,NA,NA,2,2,NA,2,1,1,1,0,100,0,0,0,"2","","","",NA,NA,"1","1","","",NA,2,1,4,7,NA,NA,NA,NA,NA,1,0,2,"1","3",NA,0,50,1,10,2,5,NA,NA,NA,NA,"",NA,"4","4","4","4","4","4","KAWASAKI","750","ZEPHYR","ROADSTER","2","1","1",1,1,1,"1",1,1,1,"1","10001","12","3","1","HONDA","650","DOMINATOR","TRAIL / SUPERMOTARD","2","4","1","26MAR1976","8","1","3",2,5,4,3,"NRP","","","",1,1,0,2,0,2,"VELOSOLEX",50,"2200","ROADSTER","2","1963","37",3,1,150,"AUT|grange attenante","SUZUKI","1000","SV-N EDITION SPECIALE","ROADSTER","2","2003","37",1,2,15000,"AUT|Grange attenante","","","","","",NA,NA,NA,NA,NA,"","",NA,"","",NA,NA,NA,NA,NA,NA,"","",NA,"","",NA,NA,NA,NA,NA,NA,NA,15150,"3",4,NA,NA,NA,NA,NA,NA,NA,"NRP","NRP","NRP","NRP","1995","NRP","NRP","1997","NRP","","","","Scooter"