"","Ligne","Ligne.Q.qualif","Ligne.approfondissement.Accident","ACCIDENT","NBACC1","ACCFREQUENCE1","ANNEEACC1_1","ANNEEACC1_2","ANNEEACC1_3","ANNEEACC1_4","ANNEEACC1_5","NBACC2","ACCFREQUENCE2","ANNEEACC2_1","ANNEEACC2_2","ANNEEACC2_3","ANNEEACC2_4","ANNEEACC2_5","NBACC3","ACCFREQUENCE3","ANNEEACC3_1","ANNEEACC3_2","ANNEEACC3_3","ANNEEACC3_4","ANNEEACC3_5","NBACC4","ACCFREQUENCE4","ANNEEACC4_1","ANNEEACC4_2","ANNEEACC4_3","ANNEEACC4_4","ANNEEACC4_5","NBACC5","ACCFREQUENCE5","ANNEEACC5_1","ANNEEACC5_2","ANNEEACC5_3","ANNEEACC5_4","ANNEEACC5_5","NBACC6","ACCFREQUENCE6","ANNEEACC6_1","ANNEEACC6_2","ANNEEACC6_3","ANNEEACC6_4","ANNEEACC6_5","NBACC7","ACCFREQUENCE7","ANNEEACC7_1","ANNEEACC7_2","ANNEEACC7_3","ANNEEACC7_4","ANNEEACC7_5","NBACC8","ACCFREQUENCE8","ANNEEACC8_1","ANNEEACC8_2","ANNEEACC8_3","ANNEEACC8_4","ANNEEACC8_5","NBACC9","ACCFREQUENCE9","ANNEEACC9_1","ANNEEACC9_2","ANNEEACC9_3","ANNEEACC9_4","ANNEEACC9_5","NBACC10","ACCFREQUENCE10","ANNEEACC10_1","ANNEEACC10_2","ANNEEACC10_3","ANNEEACC10_4","ANNEEACC10_5","NBACC11","ACCFREQUENCE11","ANNEEACC11_1","ANNEEACC11_2","ANNEEACC11_3","ANNEEACC11_4","ANNEEACC11_5","NBACC12","ACCFREQUENCE12","ANNEEACC12_1","ANNEEACC12_2","ANNEEACC12_3","ANNEEACC12_4","ANNEEACC12_5","NBACC13","ACCFREQUENCE13","ANNEEACC13_1","ANNEEACC13_2","ANNEEACC13_3","ANNEEACC13_4","ANNEEACC13_5","NBACC14","ACCFREQUENCE14","ANNEEACC14_1","ANNEEACC14_2","ANNEEACC14_3","ANNEEACC14_4","ANNEEACC14_5","AUTRESACC","NBAUTRESACC","TOTAL_AC","ANNEEAUTREACC1","ANNEEAUTREACC2","ANNEEAUTREACC3","ANNEEAUTREACC4","ANNEEAUTREACC5","LIEUAUTREACC1","LIEUAUTREACC2","LIEUAUTREACC3","LIEUAUTREACC4","LIEUAUTREACC5","DESCRIPTIONAUTRESACC1","DESCRIPTIONAUTRESACC2","DESCRIPTIONAUTRESACC3","DESCRIPTIONAUTRESACC4","DESCRIPTIONAUTRESACC5","NBAUTRESACCCIRCUIT","NBAUTRESTOUTTERRAIN","EXPCYCLO","EXP125","EXPSUP125","ACCORDNEXTQ","CHOIXACC","RGPMTACC","RECUPANNEE","RECUPLIEU","RECUPANNE","RGPMTAC","CHOIX1","CHOIX2","CHOIX3","CHOIX4","CHOIX5","CHOIX6","CHOIX7","DESCRIPTION","RUPTURE","FAITS","ABS_REACTION","AUTRE_REACTION","PRECISIONREACTIONOUI","RECUL","PRECISIONREACTIONNON","IMPACTCOMPORTEMENT","AUTREUSAGER","REACTIONAUTREUSAGER","CONNAISSANCEREACTIONUSAGER","DIFFICULTES","AGGRAVATION","DIFFICULTES2","EMOTIONS1","EMOTIONS2","EMOTIONS3","EMOTIONS4","EMOTIONS5","EMOTIONS6","AUTRESENTIMENT","CLASSEMENTEMOTIONS1","CLASSEMENTEMOTIONS","CLASSEMENTEMOTIONS5","CLASSEMENTEMOTIONS6","CLASSEMENTEMOTIONS7","CLASSEMENTEMOTIONS8","CLASSEMENTEMOTIONS9","EXPLICATIONRESSENTI","BIENEQUIPE","ALLURE","ALLUREVITEDETAIL","ALLURELENTEDETAIL","SITUATIONPRESSE","SITUATIONDISTRAIT","SITUATIONCONFIANT","SITUATIONCONTROLE","SITUATIONLUDIQUE","SITUATIONPERF","SITUATIONSTRESS","SITUATIONFATIGUE","HUMEURNEUTRE","HUMEURGAI","HUMEURMECONTENT","HUMEURTRISTE","HUMEURCOLERE","CONTRIBUTION1","CONTRIBUTION2","CONTRIBUTION3","CONTRIBUTION4","CONTRIBUTION5","CONTRIBUTION6","CONTRIBUTION7","CONTRIBUTION8","CONTRIBUTION9","ROLEINFRA","ELEMENTINFRA1","ELEMENTINFRA2","ELEMENTINFRA3","ELEMENTINFRA4","ELEMENTINFRA5","ELEMENTINFRA6","ELEMENTINFRA7","ELEMENTINFRA8","ELEMENTINFRA9","ALCOOL","TXALCOOL","STUP","SEMAINE","MOMENTJOURNEE","TEMPS","CAUSEACC1","CAUSEACC2","CAUSEACC3","CAUSEACC4","CAUSEACC5","FORMATIONCAUSE","FORMATION1","FORMATION2","FORMATION3","FORMATION4","FORMATION5","TRAFIC","CHAUSSEE1","CHAUSSEE2","CHAUSSEE3","CHAUSSEE4","TYPEACC","BLESSURE","TETE","COU","THORAX","MEMBRESSUP","COLONNE","BASSIN","MEMBRESINF","HOPITAL","PLUS24H","TRAJET","TYPEROUTE","MOTIF","SENSTRAJET","PASSAGER","VITESSE","DESCEQ1","DESCEQ2","DESCEQ3","DESCEQ4","DESCEQ5","DESCEQ6","DESCEQ7","DESCEQ8","DESCEQ9","DESCEQ10","VEHICULEETE","VEHICULEAUTOMNE","VEHICULEPRINTEMPS","VEHICULEHIVER","VEHICULESEMAINE","VEHICULEWE","VEHMARQUE","VEHCYLINDREE","VEHMODELE","VEHSEGMENT","VEHSIDE","EQ2RMABS","EQ2RMCBS","EQ2RMABSCBS","EQ2RMREGULATEUR","EQ2RMLIMITEUR","EQ2RMPHARESDIRECT","EQ2RMCOUPURE","EQ2RMANTIPATINAGE","EQ2RMANTIXHEELING","EQ2RMSTABILILTE","VEHKM","POINTS","DUREE","AUTRE2RM","VEHPRECMARQUE","VEHPRECCYLINDREE","VEHPRECMODELE","VEHPRECSEGMENT","VEHPRECSIDE","TEMPS2RMPREC","FREQVEHPREC","DATE_NAISS","CSP","SOCIETAIRE","SALARIE","SECTEUR2RM","NBPERSFOYER","SITFAM","NBENF","TRNBENF1","TRNBENF2","TRNBENF3","TRNBENF4","NBAUTOFOYER","NBCYCLOFOYER","NBSCOOTFOYER","NBMOTOFOYER","NBTRIKEFOYER","NB2RMCONDUIT","MARQUE1","CYLINDREE1","MODELE1","SEGMENT1","SIDE1","ANMISECIRCU1","ASS1","FREQ1","USAGE1","NBKM1","GARAGE1","MARQUE2","CYLINDREE2","MODELE2","SEGMENT2","SIDE2","ANMISECIRCU2","ASS2","FREQ2","USAGE2","NBKM2","GARAGE2","MARQUE3","CYLINDREE3","MODELE3","SEGMENT3","SIDE3","ANMISECIRCU3","ASS3","FREQ3","USAGE3","NBKM3","GARAGE3","MARQUE4","CYLINDREE4","MODELE4","SEGMENT4","SIDE4","ANMISECIRCU4","ASS4","FREQ4","USAGE4","NBKM4","GARAGE4","MARQUE5","CYLINDREE5","MODELE5","SEGMENT5","SIDE5","ANMISECIRCU5","ASS5","FREQ5","USAGE5","NBKM5","GARAGE5","NBKMTOT","PERMIS1","PERMIS2","PERMIS3","PERMIS4","PERMIS5","PERMIS6","PERMIS7","PERMIS8","PERMIS9","ANPERMIS1","ANPERMIS6","ANPERMIS7","ANPERMIS2","ANPERMIS3","ANPERMIS8","ANPERMIS9","ANPERMIS4","ANPERMIS5","X","X.1","X.2","isScooter"
"325",421,5970,"136",1,0,5,"","",NA,NA,NA,0,6,"","","",NA,NA,0,4,"","",NA,"",NA,0,1,"","",NA,NA,NA,0,5,"","","","","",0,4,"","","",NA,NA,0,4,"",NA,NA,NA,NA,0,4,"","","",NA,NA,2,4,"2000","2012","","","",0,3,"","","","","",0,4,"","","","","",0,2,"","",NA,NA,NA,0,5,"","","",NA,NA,0,2,"","",NA,NA,NA,0,NA,2,"","","","","","","","","","","","","","","",NA,NA,4,0,22,1,42,"9",2012,"","2012","Vous avez fait une sortie de route, une perte de contrôle ou une glissade sans rien percuter.","3","6","",NA,"",NA,"","j'arrive dans un rond point, je perds l'avant et traverse le rond-point en question en glissade la jambe gauche coincée sous la moto. La cause : du gazole certainement perdu par un camion. pourquoi les bouchons anti-refoulement ne sont-ils pas obligatoires ?","gazole dans le rond point","aucune action sur les commandes n'a été possible car cela s'est passé très rapidement et brutalement. pas d'autre usager impliqué","2","0","","","c'est un droit acquis pour les camions de pouvoir dégueuler leur trop plein de gazole sur les routes et le gazole en question est indétectable si la chaussée est humide","2","0","","","","","","7","","",NA,NA,"","","",NA,NA,NA,NA,"",NA,"","3","3","","","1","1","3","3","2","1","1","1",3,4,4,4,4,1,5,NA,NA,NA,NA,NA,NA,NA,1,"5","AUT|gazole répandu","","",NA,NA,NA,NA,2,2,NA,2,2,1,2,0,50,0,50,0,"2","","","",NA,NA,"2","2","6","",NA,2,1,7,NA,NA,NA,NA,NA,NA,0,NA,1,"2","3",NA,0,30,1,10,2,3,4,7,NA,NA,"",NA,"4","4","4","2","3","4","HONDA","600","XL-LM ""PARIS DAKAR""","TRAIL / SUPERMOTARD","2","1","1",1,1,1,"1",1,1,1,"1","57000","12","4","1","DUCATI","944","ST2 (SPORT-TOURING2)","Routière / GT","2","4","3","02NOV1968","5","2","3",2,4,4,2,"NRP","","","",2,2,0,2,0,1,"DUCATI",944,"ST2 (SPORT-TOURING2)","Routière / GT","2","2001","29",2,1,6000,"7","","","","","","","",NA,NA,NA,"","","","","","",NA,NA,NA,NA,NA,"","",NA,"","",NA,NA,NA,NA,NA,NA,"","",NA,"","",NA,NA,NA,NA,NA,NA,NA,6000,"4",3,NA,NA,NA,NA,NA,NA,NA,"NRP","NRP","NRP","NRP","1992","NRP","NRP","1986","NRP","","","","Motorcycle"
"326",858,5979,"183",1,0,4,"","",NA,NA,NA,0,5,"","","",NA,NA,0,4,"","",NA,"",NA,0,4,"","",NA,NA,NA,0,5,"","","","","",0,5,"","","",NA,NA,0,4,"",NA,NA,NA,NA,0,5,"","","",NA,NA,2,5,"2006","2014","","","",0,4,"","","","","",1,4,"1996","","","","",0,6,"","",NA,NA,NA,0,4,"","","",NA,NA,0,4,"","",NA,NA,NA,0,NA,3,"","","","","","","","","","","","","","","",NA,NA,4,0,20,1,51,"11",1996,"","1996","Vous circuliez sur un axe constitué dau moins "" 2 X 2 voies "" (en urbain, périph, autoroute, RN ). Un véhicule vous a coupé la route en changeant de voie pour se placer sur celle de gauche.","4","5","",NA,"",NA,"","En fait ce n'était pas une 2x2 voies mais une 3 voies avec une voie centrale à double circulation. Le conducteur, âgé, c'est arrêté sur la voie centrale alors que je dépassais une file de voiture à la sortie d'un village. je roulais à la vitesse de 100 km/h (vieux trail poussif). j'ai essayé de l'éviter mais c'est pas facile lorsque l'on dépasse en même temps. j'ai réussi à, éviter la lunette arrière mais pas le pare choc, j'ai fait une sacrée cabriole en l'air. Comme je n'ai pas fermé les yeux, j'ai pu amortir ma chute en arrivant sur le sol. Le conducteur, hébété, ne comprenait pas ce qu'il lui arrivait ou ce qu'il s'était passé. Cela faisait des années qu'il faisait cette manoeuvre sur cette Nationale (17) pour aller faire sa promenade en forêt. Il n'y avait qu'une route forestière à prendre, donc interdit de s'arrêter en plein milieu de la chaussée pour tourner. Résultat, du verre dans la paume et une cheville luxée (ouf!). La moto était mal en point mais réparable. le plus regrettable, c'est que les forces de l'ordre ne sont pas intervenus.","Comme je l'ai précisé auparavant, lorsque la voiture était immobilisé sur la voie du milieu lorsque je dépassais.","La première chose, j'ai freiné, puis j'ai regardé à droite si le véhicule que je dépassais avait vu la situation et ralentissait, voyant sa réaction, j'ai regardé l'endroit ""où"" je pouvais éventuellement passé.Un coup de guidon à droite, j'ai évité la lunette arrière mais pas le pare choc.","NRP","0","","","Car à ce moment précis c'était la seule solution et que la voiture arrêtée arrivait vite.","2","1","2","","NSP","1","NSP","2","3","",NA,NA,"","","",1,2,NA,NA,"",NA,"Jamais on ne s'attend à voir une voiture qui vous précède s'arrêter en plein milieu de la chaussée pour tourner à gauche, alors qu'il n'y avait aucun carrefour.","2","3","","","2","1","3","4","2","1","1","1",1,3,4,4,4,10,NA,NA,NA,NA,NA,NA,NA,NA,1,"1","4","","",NA,NA,NA,NA,2,2,NA,2,1,1,1,0,90,0,10,0,"NSP","","","",NA,NA,"1","1","","",NA,2,1,7,NA,NA,NA,NA,NA,NA,1,0,1,"2","1",2,0,100,1,10,2,5,NA,NA,NA,NA,"",NA,"4","4","4","4","4","4","HONDA","600","XL-R","TRAIL / SUPERMOTARD","2","1","1",1,1,1,"1",1,1,1,"1","40000","12","2","0","","","","","","","","05FEB1964","7","1","3",2,5,4,3,"NRP","","","",2,0,0,3,0,3,"VOXAN",1000,"ROADSTER V2","ROADSTER","2","2005","37",1,1,10000,"7","HONDA","1000","VARADERO IE C-ABS","TRAIL / SUPERMOTARD","2","2007","37",1,2,10000,"7","VOXAN","1000","SCRAMBLER VOYAGER","ROADSTER","2",2004,37,3,1,5000,"7","",NA,"","",NA,NA,NA,NA,NA,NA,"","",NA,"","",NA,NA,NA,NA,NA,NA,NA,25000,"3",4,NA,NA,NA,NA,NA,NA,NA,"NRP","NRP","NRP","NRP","1988","NRP","NRP","1982","NRP","","","","Motorcycle"
"327",889,5981,"464",1,0,4,"","",NA,NA,NA,0,5,"","","",NA,NA,0,3,"","",NA,"",NA,0,2,"","",NA,NA,NA,0,4,"","","","","",0,2,"","","",NA,NA,0,2,"",NA,NA,NA,NA,1,4,"1977","","",NA,NA,1,2,"1976","","","","",0,1,"","","","","",0,5,"","","","","",0,2,"","",NA,NA,NA,0,4,"","","",NA,NA,0,3,"","",NA,NA,NA,0,NA,2,"","","","","","","","","","","","","","","",NA,NA,2,2,38,1,41,"9",1976,"","1976","Vous avez fait une sortie de route, une perte de contrôle ou une glissade sans rien percuter.","2","","",NA,"",NA,"","jeune novice sur 125 cc et chargé avec bagages, sortie un peu trop prononcée dans une tête d'épingle, j'ai mordu l'accotement d'ou chute. Pas rapide mais cela à suffit, par contre avec le recul et l'expérience actuelle heureusement qu'il n'y avait pas de glissière de sécurité, j' ai juste fini dans le talus.","Peut-être peur de pencher plus et donc élargissement de la trajectoire et l'on s'aperçoit que l'on va inéluctablement vers le bord du macadam.","L'événement c'est déroulé seul. j'ai ralenti au maximun mais je me voyais partir inéxorablement vers le bord de la route. PAS D'OSTACLES HEUREUSEMENT. (poignée d'embrayage cassée, finie sans pendant 30 km..)","AUT|comme figé, sans savoir comment réagir.","1","avec l'expérience actuelle, je sais qu'il est possible d'accentuer son angle, même à faible vitesse.surtout avec les pneumatiques de nos jours, et qu'il serait facilement possible au permis de connaître les limites, j'ai essayé de transmettre ceci à mon fils, ce qui ne l'a pas empêché de les chercher, mais il a eu le réflexe de coucher la moto avant les glissières, un petit peu de ""dégât"" rien de grave, mais je pense qu'il réagira différemment la prochaine fois.","FORMATION, comment réagir par rapport à une situation et école de la route.","","2","0","","","","","","6","8","",NA,NA,"","","",NA,NA,NA,NA,"1",NA,"NE pas savoir comment réagir par rapport à cette situation.","3","2","","3","1","1","3","2","2","1","1","1",1,1,4,4,4,6,7,8,NA,NA,NA,NA,NA,NA,2,"","","","",NA,NA,NA,NA,2,2,NA,2,1,1,1,100,0,0,0,0,"1","1","3","4",NA,NA,"1","1","","",NA,1,NA,NA,NA,NA,NA,NA,NA,NA,NA,NA,3,"2","3",NA,0,30,1,10,2,3,5,NA,NA,NA,"",NA,"4","4","4","4","4","4","HONDA","125","CB-JX","ROADSTER","2","1","1",1,1,1,"1",1,1,1,"1","NSP","12","1","1","MOBYLETTE","50","MOBYMATIC STANDARD","ROADSTER","2","3","3","06AUG1959","7","1","3",2,2,3,NA,"NRP","","","",1,0,0,1,0,1,"DUCATI",1000,"ST2","Routière / GT","2","2003","37",3,1,5000,"7","","","","","","","",NA,NA,NA,"","","","","","",NA,NA,NA,NA,NA,"","",NA,"","",NA,NA,NA,NA,NA,NA,"","",NA,"","",NA,NA,NA,NA,NA,NA,NA,5000,"2",3,4,NA,NA,NA,NA,NA,NA,"NRP","NRP","NRP","1975","1977","NRP","NRP","1977","NRP","","","","Motorcycle"
"328",1067,5989,"80",1,0,2,"","",NA,NA,NA,0,2,"","","",NA,NA,0,3,"","",NA,"",NA,0,3,"","",NA,NA,NA,0,2,"","","","","",0,2,"","","",NA,NA,0,3,"",NA,NA,NA,NA,0,3,"","","",NA,NA,1,3,"2008","","","","",0,3,"","","","","",0,2,"","","","","",0,2,"","",NA,NA,NA,0,3,"","","",NA,NA,0,2,"","",NA,NA,NA,1,2,3,"2008","2001","","","","Migennes","Paris","","","","perte d adherence dans un virage   qques degats materiels pas de tiers","perte d adherence sur bouche d egout glissade et percussion tiers par l arriere qques degats materiels","","","",0,0,0,0,17,1,72,"15",2001,"Paris","2001","Autre(s) type(s) d'accident(s).","6","","",NA,"",NA,"","freinage sur plaque d egout, perte d adherence de la roue avant, chute au sol legere. Juste qques carenages abimés, mais la moto, dans sa course, a finit par percuter tres legerement la roue arriere d un vehicule. Le proprietaire, par crainte inconsiderée de dégats sur son vehicule, a refusé un arrangement, j ai dut declarer cet accident cet accident à mon assurance et subir un malus. Rageant !!!","plaque d egout (glissante par definition) sur la chaussée","ralentissement devant moi freinage sur plaque d egout perte d adherence roue avant chute au sol et courte glissade colision avc vehicule devant moi en fin de course au sol refus d arrangement malgres le caractere manifestement bénin des degats materiels","NRP","1","eviter les plaques d egouts ou toute autre surface glissante sur ma rajectoire, pr la cas où un freinage serait à faire","manque d experience","","2","0","","","","","","6","","",NA,NA,"","","",NA,NA,NA,NA,"1",NA,"une moto de 200kg qui se couche en glissade n est pas controlable","3","3","","","2","2","2","2","1","1","2","1",5,5,5,5,5,10,NA,NA,NA,NA,NA,NA,NA,NA,1,"3","","","",NA,NA,NA,NA,2,2,NA,2,1,1,2,20,0,0,60,20,"2","","","",NA,NA,"3","2","6","",NA,1,NA,NA,NA,NA,NA,NA,NA,NA,NA,NA,3,"2","1",1,0,30,1,10,2,3,4,NA,NA,NA,"",NA,"4","4","4","4","4","4","HONDA","750","VFR-F ""CARAT""","Routière / GT","2","1","1",1,1,1,"1",1,1,1,"1","70000","12","4","1","KAWASAKI","600","ZZR","Routière / GT","2","3","4","05NOV1975","7","2","3",2,1,1,NA,"NRP","","","",1,0,0,1,0,1,"HONDA",1000,"VTR  FIRESTORM","SPORTIVE","2","2003","10",1,1,10000,"7","","","","","","","",NA,NA,NA,"","","","","","",NA,NA,NA,NA,NA,"","",NA,"","",NA,NA,NA,NA,NA,NA,"","",NA,"","",NA,NA,NA,NA,NA,NA,NA,10000,"2",3,4,NA,NA,NA,NA,NA,NA,"NRP","NRP","NRP","1994","1996","NRP","NRP","1994","NRP","","","","Motorcycle"
"329",939,5990,"427",1,1,6,"1975","",NA,NA,NA,0,5,"","","",NA,NA,0,6,"","",NA,"",NA,0,4,"","",NA,NA,NA,1,6,"1975","","","","",0,5,"","","",NA,NA,0,4,"",NA,NA,NA,NA,0,5,"","","",NA,NA,0,4,"","","","","",2,6,"1975","1977","","","",0,4,"","","","","",0,4,"","",NA,NA,NA,1,5,"1977","","",NA,NA,0,3,"","",NA,NA,NA,0,NA,5,"","","","","","","","","","","","","","","",NA,NA,2,3,43,1,61,"13",1977,"","1977","Vous circuliez derrière un véhicule. Ce véhicule a freiné ou a ralenti et vous lavez percuté par larrière.","2","3","4",6,"",NA,"","j etais arrive la veille a PARIS apres avoir fait 800kms  Le lendemain c est en allant porte de VERSAILLES en empruntant le peripherique que j ai heurte le vehicule me precedent suite a un ralentissement et a une faute d inattention","INATTENTION DE MA PART ET MECONNAISSANCE DES RALENTISSEMENTS FREQUENTS SUR LE PERIPHERIQUE PARISIEN","JE SUIS TOMBE ET JE NE ME SUIS PAS RELEVE   UNE INFIRMIERE QUI CIRCULAIT SUR UNE AUTRE VOIE A PREVENU LES SECOURS","3","0","","","RAPIDITE DE L ACCIDENT","2","1","2","","FAIRE RALENTIR LES AUTRES USAGERS","2","LE PERIPHERIQUE ETAIT EMBOUTEILLE","7","","",NA,NA,"","","",NA,NA,NA,NA,"",NA,"","4","3","","","2","4","4","4","4","1","1","2",1,3,4,4,4,4,5,8,NA,NA,NA,NA,NA,NA,1,"AUT|CHANGEMENT DE VIES CREANT DES RALENTISSEMENTS","","","",NA,NA,NA,NA,2,2,NA,2,2,1,1,100,0,0,0,0,"1","AUT|MECONNAISSANCE DES CONDITIOS DE CIRCULATION SUR LE PERIPHERIQUE","","",NA,NA,"4","1","","",NA,2,1,3,NA,NA,NA,NA,NA,NA,1,1,3,"4","3",NA,1,50,1,10,2,3,4,NA,NA,NA,"",NA,"4","4","4","4","4","4","HONDA","400","CB-F1 ""SUPERSPORT""","ROADSTER","2","1","1",1,1,1,"1",1,1,1,"1","30000","12","3","1","HONDA","125","CB-S","ROADSTER","2","3","4","19OCT1954","7","1","2",2,2,3,NA,"NRP","","","",2,2,1,7,0,5,"HONDA",1000,"CB-F C-ABS","ROADSTER","2","2011","37",1,1,10000,"7","HONDA","70","DAX","ROADSTER","2","1995","37",1,2,1500,"7","HONDA","50","MONKEY","ROADSTER","2",1972,37,3,1,50,"7","TERROT",125,"BASIQUE","ROADSTER",2,1952,37,4,1,50,"7","PIAGGIO",125,"VESPA PX","SCOOTER",2,1993,37,2,1,2000,7,13600,"2",3,4,NA,NA,NA,NA,NA,NA,"NRP","NRP","NRP","1972","1972","NRP","NRP","1974","NRP","","","","Motorcycle"
"330",611,6011,"32",1,0,4,"","",NA,NA,NA,0,4,"","","",NA,NA,0,5,"","",NA,"",NA,0,4,"","",NA,NA,NA,0,4,"","","","","",0,3,"","","",NA,NA,0,3,"",NA,NA,NA,NA,0,4,"","","",NA,NA,0,3,"","","","","",0,4,"","","","","",0,3,"","","","","",0,5,"","",NA,NA,NA,0,3,"","","",NA,NA,0,3,"","",NA,NA,NA,1,2,2,"1995","2013","","","","BISCARROSSE","BORDEAUX","","","","A l'arrêt à un carrefour, le véhicule placé devant moi à reculé pour changer de direction. Le conducteur, n'ayant pas regardé son rétroviseur, a renversé ma moto.","A l'arrêt à un feu rouge, le véhicule de type fourgon placé devant moi à reculé car il ne m'avait pas vu. Il a percuté la fourche avant de ma moto.","","","",0,0,4,0,17,1,72,"15",2013,"BORDEAUX","2013","Autre(s) type(s) d'accident(s).","1","","",NA,"",NA,"","En fait, c'est un banal accrochage qui m'a provoqué plus de peur que de mal. Je me trouvais derrière le fourgon d'une entreprise, lui-même à l'arrêt à un feu rouge. Le conducteur s'est mis à reculer je ne sais pourquoi. Il est venu percuter ma moto sans que j'aie eu le temps de réagir. J'ai trouvé stupide de pouvoir subir un accident (même très léger) dans de telles conditions. Depuis je redouble de prudence.","Le fait de ne pas avoir le temps de réagir, vu la surprise provoquée par un comportement inattendu de la part du conducteur du fourgon.","J'ai juste eu le temps de klaxonner !","1","1","Laisser plus de distance entre le fourgon et ma moto. J'aurais pu me dégager d'un coup de guidon à droite et en partant en marche avant.","Car je ne pensais pas que ce genre de chose pouvait m'arriver.","","2","1","2","","Mauvaise visibilité de son environnement immédiat.","1","Avec une bonne visibilité ou en ayant conscience qu'il n'avait pas une visibilité des abords immédiats de son fourgon, le conducteur n'aurait pas manuvré comme il a fait.","6","","",NA,NA,"","","",NA,NA,NA,NA,"1",NA,"Pas le temps ni l'espace pour réagir et j'ai vu arriver le choc.","4","4","","","1","1","4","4","4","1","1","1",3,4,4,4,4,5,6,NA,NA,NA,NA,NA,NA,NA,2,"","","","",NA,NA,NA,NA,2,2,NA,2,1,1,1,20,80,0,0,0,"NSP","","","",NA,NA,"4","1","","",NA,1,NA,NA,NA,NA,NA,NA,NA,NA,NA,NA,2,"1","3",NA,0,0,1,2,3,4,9,NA,NA,NA,"",NA,"3","3","3","2","3","3","YAMAHA","600","XTE","TRAIL / SUPERMOTARD","2","1","1",1,1,1,"2",1,1,1,"1","30000","12","4","0","","","","","","","","21MAR1960","11","1","3",2,1,1,NA,"NRP","","","",1,0,0,1,0,1,"YAMAHA",600,"XTE","TRAIL / SUPERMOTARD","2","2000","37",3,1,2000,"4","","","","","","","",NA,NA,NA,"","","","","","",NA,NA,NA,NA,NA,"","",NA,"","",NA,NA,NA,NA,NA,NA,"","",NA,"","",NA,NA,NA,NA,NA,NA,NA,2000,"3",4,NA,NA,NA,NA,NA,NA,NA,"NRP","NRP","NRP","NRP","1996","NRP","NRP","1980","NRP","","","","Motorcycle"
"331",130,6026,"11",1,1,4,"1990","",NA,NA,NA,0,4,"","","",NA,NA,0,4,"","",NA,"",NA,0,2,"","",NA,NA,NA,0,6,"","","","","",0,4,"","","",NA,NA,0,4,"",NA,NA,NA,NA,1,4,"1995","","",NA,NA,1,3,"NSP","","","","",0,4,"","","","","",0,4,"","","","","",0,5,"","",NA,NA,NA,0,5,"","","",NA,NA,0,5,"","",NA,NA,NA,1,1,4,"NSP","","","","","Garches","","","","","Je me suis arrêté à un STOP, mais le véhicule qui me suivait ne s'est pas arrêté.","","","","",0,0,19,0,19,1,1,"1",1990,"","1990","Vous circuliez sur un axe prioritaire. Un autre véhicule arrivant sur le même axe en sens opposé vous a coupé la route en tournant à gauche.","4","","",NA,"",NA,"","Je roulais en deux roues sur une grande avenue à double sens. Au passage d'un carrefour ou le feu était vert, un véhicule arrivait en face et semblait aller tout droit. Au dernier moment, le véhicule à brusquement tourné à gauche et m'a coupé la route. Je me suis encastré dans le véhicule et j'ai été projeté à l'autre bout du carrefour. Cet accident a été suivi d'une blessure grave à la cheville qui m'a laissé des séquelles dont je souffre encore aujourd'hui, plus de 20 ans après.","Le changement brutal de direction du véhicule sans éléments permettant d'anticiper cette situation.","Je n'ai pas eu le temps de réagir. J'ai vu le véhicule tourné juste devant moi. Le véhicule s'est ensuite garé plus loin alors que je me relevais doucement. La conductrice qui m'a coupé la route m'a ensuite emmené à l'hopital à proximité.","2","0","","","Le changement de direction de l'autre véhicule s'est fait au dernier moment.","2","0","","","","","","2","9","",NA,NA,"","NRP","",1,NA,NA,NA,"",2,"Je n'ai rien vu venir, je n'ai rien pu faire.","1","3","","","1","1","4","4","1","1","1","1",1,4,4,4,4,10,NA,NA,NA,NA,NA,NA,NA,NA,2,"","","","",NA,NA,NA,NA,2,2,NA,2,1,1,1,0,100,0,0,0,"2","","","",NA,NA,"1","1","","",NA,2,1,7,NA,NA,NA,NA,NA,NA,1,1,1,"1","1",1,0,45,1,10,2,5,NA,NA,NA,NA,"",NA,"4","4","4","4","4","4","PEUGEOT","50","103","ROADSTER","2","1","1",1,1,1,"1",1,1,1,"1","NSP","NSP","3","0","","","","","","","","18NOV1973","5","1","3",2,1,1,NA,"NRP","","","",1,1,0,1,0,1,"BMW",1150,"R1150RT","Routière / GT","2","2003","37",3,1,4000,"7","","","","","","","",NA,NA,NA,"","","","","","",NA,NA,NA,NA,NA,"","",NA,"","",NA,NA,NA,NA,NA,NA,"","",NA,"","",NA,NA,NA,NA,NA,NA,NA,4000,"3",4,NA,NA,NA,NA,NA,NA,NA,"NRP","NRP","NRP","NRP","1995","NRP","NRP","1992","NRP","","","","Motorcycle"
"332",191,6028,"274",1,0,3,"","",NA,NA,NA,1,5,"1988","","",NA,NA,0,6,"","",NA,"",NA,0,1,"","",NA,NA,NA,0,6,"","","","","",0,4,"","","",NA,NA,0,2,"",NA,NA,NA,NA,0,5,"","","",NA,NA,1,6,"2010","","","","",0,1,"","","","","",0,6,"","","","","",0,2,"","",NA,NA,NA,0,4,"","","",NA,NA,0,3,"","",NA,NA,NA,0,NA,2,"","","","","","","","","","","","","","","",NA,NA,1,2,28,1,6,"2",1988,"","1988","Vous circuliez derrière un véhicule. Ce véhicule a ralenti. Vous avez entrepris de dépasser ce véhicule par la gauche et celui-ci vous a coupé la route en tournant à gauche (ou en effectuant un œ tour","2","","",NA,"",NA,"","Dans une rue à double sens je suivais 2 voitures qui ont ralenti, j'ai vérifié à droite et à gauche sans voir pourquoi, me suis décalé vers la gauche vérifié les clignotants (qui étaient éteints) puis doublé. Arrivé à hauteur de l'arrière de la 1 er le clignotant gauche s'allume et la voiture tourne à gauche me coupant la route. .... Un gros manque d'expérience de ma part.","Le manque d'expérience de ma part. La non verification du conducteur avant de tourner.","Del part de l'autre usager: aucune reaction, il ne m'a pas vu ! Personellement j'ai juste eu le temp de me décaler vers la gauche en esperant qu'il stoppe.","NRP","1","J'aurais du etre pret a stopper.","Manque d'experience j'avais moins d'un an de permis.","","2","1","2","","Il n'a pas verifier son angle mort. Ni envisagé la depassement a cet endroit.","2","NRP","1","3","6",NA,NA,"","","2",NA,3,NA,NA,"1",NA,"... Trop tard je ne peux plus rien faire  ....","3","3","","","3","1","3","3","1","1","2","1",4,3,4,4,4,5,7,NA,NA,NA,NA,NA,NA,NA,2,"","","","",NA,NA,NA,NA,2,2,NA,2,2,1,1,50,50,0,0,0,"1","AUT|Manque d'experience","","",NA,NA,"1","1","","",NA,2,1,3,7,NA,NA,NA,NA,NA,0,NA,2,"1","3",NA,1,50,1,10,2,NA,NA,NA,NA,NA,"",NA,"4","4","4","4","4","4","HONDA","125","CB-F","ROADSTER","2","1","1",1,1,1,"1",1,1,1,"1","NSP","NSP","2","0","","","","","","","","14OCT1966","7","1","3",2,4,4,2,"NRP","","","",1,0,0,4,0,2,"TRIUMPH",800,"TIGER","ROADSTER","2","2011","37",1,2,10000,"4","YAMAHA","500","XT","TRAIL / SUPERMOTARD","2","1987","37",4,1,1000,"4","","","","","",NA,NA,NA,NA,NA,"","",NA,"","",NA,NA,NA,NA,NA,NA,"","",NA,"","",NA,NA,NA,NA,NA,NA,NA,11000,"3",NA,NA,NA,NA,NA,NA,NA,NA,"NRP","NRP","NRP","NRP","1987","NRP","NRP","NRP","NRP","","","","Motorcycle"