"","Ligne","Ligne.Q.qualif","Ligne.approfondissement.Accident","ACCIDENT","NBACC1","ACCFREQUENCE1","ANNEEACC1_1","ANNEEACC1_2","ANNEEACC1_3","ANNEEACC1_4","ANNEEACC1_5","NBACC2","ACCFREQUENCE2","ANNEEACC2_1","ANNEEACC2_2","ANNEEACC2_3","ANNEEACC2_4","ANNEEACC2_5","NBACC3","ACCFREQUENCE3","ANNEEACC3_1","ANNEEACC3_2","ANNEEACC3_3","ANNEEACC3_4","ANNEEACC3_5","NBACC4","ACCFREQUENCE4","ANNEEACC4_1","ANNEEACC4_2","ANNEEACC4_3","ANNEEACC4_4","ANNEEACC4_5","NBACC5","ACCFREQUENCE5","ANNEEACC5_1","ANNEEACC5_2","ANNEEACC5_3","ANNEEACC5_4","ANNEEACC5_5","NBACC6","ACCFREQUENCE6","ANNEEACC6_1","ANNEEACC6_2","ANNEEACC6_3","ANNEEACC6_4","ANNEEACC6_5","NBACC7","ACCFREQUENCE7","ANNEEACC7_1","ANNEEACC7_2","ANNEEACC7_3","ANNEEACC7_4","ANNEEACC7_5","NBACC8","ACCFREQUENCE8","ANNEEACC8_1","ANNEEACC8_2","ANNEEACC8_3","ANNEEACC8_4","ANNEEACC8_5","NBACC9","ACCFREQUENCE9","ANNEEACC9_1","ANNEEACC9_2","ANNEEACC9_3","ANNEEACC9_4","ANNEEACC9_5","NBACC10","ACCFREQUENCE10","ANNEEACC10_1","ANNEEACC10_2","ANNEEACC10_3","ANNEEACC10_4","ANNEEACC10_5","NBACC11","ACCFREQUENCE11","ANNEEACC11_1","ANNEEACC11_2","ANNEEACC11_3","ANNEEACC11_4","ANNEEACC11_5","NBACC12","ACCFREQUENCE12","ANNEEACC12_1","ANNEEACC12_2","ANNEEACC12_3","ANNEEACC12_4","ANNEEACC12_5","NBACC13","ACCFREQUENCE13","ANNEEACC13_1","ANNEEACC13_2","ANNEEACC13_3","ANNEEACC13_4","ANNEEACC13_5","NBACC14","ACCFREQUENCE14","ANNEEACC14_1","ANNEEACC14_2","ANNEEACC14_3","ANNEEACC14_4","ANNEEACC14_5","AUTRESACC","NBAUTRESACC","TOTAL_AC","ANNEEAUTREACC1","ANNEEAUTREACC2","ANNEEAUTREACC3","ANNEEAUTREACC4","ANNEEAUTREACC5","LIEUAUTREACC1","LIEUAUTREACC2","LIEUAUTREACC3","LIEUAUTREACC4","LIEUAUTREACC5","DESCRIPTIONAUTRESACC1","DESCRIPTIONAUTRESACC2","DESCRIPTIONAUTRESACC3","DESCRIPTIONAUTRESACC4","DESCRIPTIONAUTRESACC5","NBAUTRESACCCIRCUIT","NBAUTRESTOUTTERRAIN","EXPCYCLO","EXP125","EXPSUP125","ACCORDNEXTQ","CHOIXACC","RGPMTACC","RECUPANNEE","RECUPLIEU","RECUPANNE","RGPMTAC","CHOIX1","CHOIX2","CHOIX3","CHOIX4","CHOIX5","CHOIX6","CHOIX7","DESCRIPTION","RUPTURE","FAITS","ABS_REACTION","AUTRE_REACTION","PRECISIONREACTIONOUI","RECUL","PRECISIONREACTIONNON","IMPACTCOMPORTEMENT","AUTREUSAGER","REACTIONAUTREUSAGER","CONNAISSANCEREACTIONUSAGER","DIFFICULTES","AGGRAVATION","DIFFICULTES2","EMOTIONS1","EMOTIONS2","EMOTIONS3","EMOTIONS4","EMOTIONS5","EMOTIONS6","AUTRESENTIMENT","CLASSEMENTEMOTIONS1","CLASSEMENTEMOTIONS","CLASSEMENTEMOTIONS5","CLASSEMENTEMOTIONS6","CLASSEMENTEMOTIONS7","CLASSEMENTEMOTIONS8","CLASSEMENTEMOTIONS9","EXPLICATIONRESSENTI","BIENEQUIPE","ALLURE","ALLUREVITEDETAIL","ALLURELENTEDETAIL","SITUATIONPRESSE","SITUATIONDISTRAIT","SITUATIONCONFIANT","SITUATIONCONTROLE","SITUATIONLUDIQUE","SITUATIONPERF","SITUATIONSTRESS","SITUATIONFATIGUE","HUMEURNEUTRE","HUMEURGAI","HUMEURMECONTENT","HUMEURTRISTE","HUMEURCOLERE","CONTRIBUTION1","CONTRIBUTION2","CONTRIBUTION3","CONTRIBUTION4","CONTRIBUTION5","CONTRIBUTION6","CONTRIBUTION7","CONTRIBUTION8","CONTRIBUTION9","ROLEINFRA","ELEMENTINFRA1","ELEMENTINFRA2","ELEMENTINFRA3","ELEMENTINFRA4","ELEMENTINFRA5","ELEMENTINFRA6","ELEMENTINFRA7","ELEMENTINFRA8","ELEMENTINFRA9","ALCOOL","TXALCOOL","STUP","SEMAINE","MOMENTJOURNEE","TEMPS","CAUSEACC1","CAUSEACC2","CAUSEACC3","CAUSEACC4","CAUSEACC5","FORMATIONCAUSE","FORMATION1","FORMATION2","FORMATION3","FORMATION4","FORMATION5","TRAFIC","CHAUSSEE1","CHAUSSEE2","CHAUSSEE3","CHAUSSEE4","TYPEACC","BLESSURE","TETE","COU","THORAX","MEMBRESSUP","COLONNE","BASSIN","MEMBRESINF","HOPITAL","PLUS24H","TRAJET","TYPEROUTE","MOTIF","SENSTRAJET","PASSAGER","VITESSE","DESCEQ1","DESCEQ2","DESCEQ3","DESCEQ4","DESCEQ5","DESCEQ6","DESCEQ7","DESCEQ8","DESCEQ9","DESCEQ10","VEHICULEETE","VEHICULEAUTOMNE","VEHICULEPRINTEMPS","VEHICULEHIVER","VEHICULESEMAINE","VEHICULEWE","VEHMARQUE","VEHCYLINDREE","VEHMODELE","VEHSEGMENT","VEHSIDE","EQ2RMABS","EQ2RMCBS","EQ2RMABSCBS","EQ2RMREGULATEUR","EQ2RMLIMITEUR","EQ2RMPHARESDIRECT","EQ2RMCOUPURE","EQ2RMANTIPATINAGE","EQ2RMANTIXHEELING","EQ2RMSTABILILTE","VEHKM","POINTS","DUREE","AUTRE2RM","VEHPRECMARQUE","VEHPRECCYLINDREE","VEHPRECMODELE","VEHPRECSEGMENT","VEHPRECSIDE","TEMPS2RMPREC","FREQVEHPREC","DATE_NAISS","CSP","SOCIETAIRE","SALARIE","SECTEUR2RM","NBPERSFOYER","SITFAM","NBENF","TRNBENF1","TRNBENF2","TRNBENF3","TRNBENF4","NBAUTOFOYER","NBCYCLOFOYER","NBSCOOTFOYER","NBMOTOFOYER","NBTRIKEFOYER","NB2RMCONDUIT","MARQUE1","CYLINDREE1","MODELE1","SEGMENT1","SIDE1","ANMISECIRCU1","ASS1","FREQ1","USAGE1","NBKM1","GARAGE1","MARQUE2","CYLINDREE2","MODELE2","SEGMENT2","SIDE2","ANMISECIRCU2","ASS2","FREQ2","USAGE2","NBKM2","GARAGE2","MARQUE3","CYLINDREE3","MODELE3","SEGMENT3","SIDE3","ANMISECIRCU3","ASS3","FREQ3","USAGE3","NBKM3","GARAGE3","MARQUE4","CYLINDREE4","MODELE4","SEGMENT4","SIDE4","ANMISECIRCU4","ASS4","FREQ4","USAGE4","NBKM4","GARAGE4","MARQUE5","CYLINDREE5","MODELE5","SEGMENT5","SIDE5","ANMISECIRCU5","ASS5","FREQ5","USAGE5","NBKM5","GARAGE5","NBKMTOT","PERMIS1","PERMIS2","PERMIS3","PERMIS4","PERMIS5","PERMIS6","PERMIS7","PERMIS8","PERMIS9","ANPERMIS1","ANPERMIS6","ANPERMIS7","ANPERMIS2","ANPERMIS3","ANPERMIS8","ANPERMIS9","ANPERMIS4","ANPERMIS5","X","X.1","X.2","isScooter"
"333",852,6034,"94",1,0,3,"","",NA,NA,NA,0,2,"","","",NA,NA,0,4,"","",NA,"",NA,0,1,"","",NA,NA,NA,0,3,"","","","","",0,5,"","","",NA,NA,0,2,"",NA,NA,NA,NA,0,3,"","","",NA,NA,0,3,"","","","","",0,4,"","","","","",0,4,"","","","","",1,4,"2014","",NA,NA,NA,1,4,"2014","","",NA,NA,0,4,"","",NA,NA,NA,1,1,3,"2014","","","","","Vallières","","","","","Dans une courbe, le véhicule venant en face a franchi la ligne blanche et s'est déporté sur ma voie.","","","","",0,0,4,2,2,1,71,"15",2014,"Vallières","2014","Autre(s) type(s) d'accident(s).","2","","",NA,"",NA,"","Dans une courbe à gauche, la voiture qui venait en face a franchi la ligne blanche et s'est déportée sur ma voie.  J'ai modifié ma trajectoire pour l'éviter mais l'extrémité de mon guidon a heurté le rétroviseur de la voiture.   J'ai pu m'arrêter sur le bas-côté sans perdre le contrôle de ma moto. Le conducteur du véhicule est venu me voir. Comme je souffrais d'un gros hématome et d'une coupure sur les doigts malgré la protection des gants, il m'a suivi jusque chez moi.   Les dégats m'étant pas trop importants (un rétro + la vitre conducteur brisée pour la voiture, rien pour la moto) nous avons échangé nos coordonnées mais pas établi de constat.","Difficulté à redresser rapidement la moto pour reprendre l'extérieur de la courbe.","Première pensée : - Le con ! Il me vient droit dessus !  - Décélérer, redresser  - Ouf, je suis passé.  - Blamm! Merde j'ai touché son rétro !","NRP","0","","","J'aurai pu réagir peut-être plus rapidement...","2","1","2","","Distrait, il n'a pas vu qu'il se déportait sur ma voie.","1","J'étais sur le milieu de ma voie. Le véhicule venat en face a franche la ligne blanche.","2","","",NA,NA,"","","",1,NA,NA,NA,"",NA,"J'ai eu l'impression que le conducteur du véhicule venant en face ne regardait pas ou il allait.","4","3","","","1","1","4","4","2","1","1","1",3,3,4,4,4,1,5,NA,NA,NA,NA,NA,NA,NA,2,"","","","",NA,NA,NA,NA,2,2,NA,2,2,1,1,5,95,0,0,0,"2","","","",NA,NA,"1","1","","",NA,2,1,4,NA,NA,NA,NA,NA,NA,0,NA,2,"2","3",NA,0,70,1,2,3,4,NA,NA,NA,NA,"",NA,"4","4","4","2","4","4","YAMAHA","600","XJ6 DIVERSION-F","ROADSTER","2","1","1",1,1,1,"1",1,1,1,"1","18000","9","4","1","YAMAHA","125","DT","TRAIL / SUPERMOTARD","2","4","4","02FEB1957","5","1","3",2,2,3,NA,"NRP","","","",2,0,0,1,0,1,"YAMAHA",600,"XJ","ROADSTER","2","2010","37",1,2,12000,"7","","","","","","","",NA,NA,NA,"","","","","","",NA,NA,NA,NA,NA,"","",NA,"","",NA,NA,NA,NA,NA,NA,"","",NA,"","",NA,NA,NA,NA,NA,NA,NA,12000,"2",3,4,7,NA,NA,NA,NA,NA,"NRP","NRP","1975","1975","2012","NRP","NRP","1975","NRP","","","","Motorcycle"
"334",166,6043,"4",1,0,3,"","",NA,NA,NA,0,3,"","","",NA,NA,0,3,"","",NA,"",NA,0,3,"","",NA,NA,NA,0,3,"","","","","",0,3,"","","",NA,NA,0,3,"",NA,NA,NA,NA,1,3,"1972","","",NA,NA,0,3,"","","","","",0,3,"","","","","",0,3,"","","","","",0,3,"","",NA,NA,NA,0,3,"","","",NA,NA,0,3,"","",NA,NA,NA,0,NA,1,"","","","","","","","","","","","","","","",NA,NA,2,0,42,1,36,"8",1972,"","1972","Vous avez fait une sortie de route, une perte de contrôle ou une glissade puis avez percuté un obstacle fixe (panneau, arbre poteau ).","4","6","",NA,"",NA,"","Marquant","Aucun souvenir. Le choc a effacé ma mémoire","Aucun souvenir des 15 minutes qui précèdent l'accident ni de l'accident lui même. Le choc a tout effacé de ma mémoire","AUT|Le choc a effacé ma mémoire","0","","","Je n'ai aucun souvenir des causes de l'accident ni de l'accident lui même","3","0","","","","","","7","","",NA,NA,"","","",NA,NA,NA,NA,"",NA,"","4","5","","","1","NSP","NSP","NSP","NSP","NSP","1","1",3,3,4,4,4,10,NA,NA,NA,NA,NA,NA,NA,NA,1,"2","3","5","",NA,NA,NA,NA,2,2,NA,2,1,1,1,0,50,0,50,0,"2","","","",NA,NA,"1","1","","",NA,2,1,4,7,NA,NA,NA,NA,NA,1,1,1,"1","3",NA,1,0,1,2,5,9,NA,NA,NA,NA,"",NA,"4","4","4","4","4","4","NORTON","500","ES2","ROADSTER","2","1","1",1,1,1,"1",1,1,1,"1","50000","12","3","1","BMW","600","R60","ROADSTER","2","3","4","11APR1954","5","1","3",2,3,4,1,"NRP","","","",2,1,0,1,0,2,"MOBYLETTE",50,"MOBIMATIC","ROADSTER","2","1970","29",4,1,200,"7","BMW","1200","R1200RT","Routière / GT","2","2010","37",2,1,15000,"7","","","","","",NA,NA,NA,NA,NA,"","",NA,"","",NA,NA,NA,NA,NA,NA,"","",NA,"","",NA,NA,NA,NA,NA,NA,NA,15200,"3",4,NA,NA,NA,NA,NA,NA,NA,"NRP","NRP","NRP","NRP","1971","NRP","NRP","1974","NRP","","","","Scooter"
"335",944,6053,"228",1,0,5,"","",NA,NA,NA,0,5,"","","",NA,NA,0,4,"","",NA,"",NA,0,4,"","",NA,NA,NA,0,5,"","","","","",0,5,"","","",NA,NA,0,3,"",NA,NA,NA,NA,0,3,"","","",NA,NA,1,3,"1977","","","","",0,3,"","","","","",0,3,"","","","","",0,2,"","",NA,NA,NA,0,3,"","","",NA,NA,0,3,"","",NA,NA,NA,0,NA,1,"","","","","","","","","","","","","","","",NA,NA,4,0,39,1,41,"9",1977,"","1977","Vous avez fait une sortie de route, une perte de contrôle ou une glissade sans rien percuter.","1","","",NA,"",NA,"","Chute avec sortie de route suite à une crevaison mal réparée avec une bombe de mousse.  Cette chute ne se serait sans doute pas produite actuellement avec les pneus sans chambre.  Le pneu arrière s'est à l'époque brutalement dégonflé après que j'ai utilisé une bombe anti crevaison (arrachage de la valve. Nous étions deux sur la moto chargée. J'ai essayé de contrôler les embardées sans succès et nous avons atterri dans le fossé, côté gauche de la chaussée (petite route à la sortie de Limogne en Quercy vers Cahors). Heureusement, pas de véhicule en face !  Bilan : une bonne entorse du gros orteil pour le pilote. Passager indemne. Pour la moto : fourche pliée, butées tordues et 3 mois d'immobilisation (c'était en juillet !!!).","Mauvais fonctionnement de la bombe anti crevaison ou défaut de vérification lors de l'utilisation suite à une crevaison détectée.","Je roulais doucement, environ 60km/h pour rejoindre le garage le plus proche. Quand le pneu AR s'est dégonflé brutalement, j'ai du faire face à des travers de plus en plus violents (je me souviens encore avoir le guidon en butée !!!). Je n'ai pas pu éviter la chute car le pneu était quasiment déjanté !!! Heureusement la route était déserte et pas de blessure grave : nous avons donc sécurisé nous même le lieu.","1","1","Je n'utiliserai plus jamais de bombe anti crevaison ! Fort de cet malheureuse expérience, j'aurais fait en sorte de faire réparer la crevaison initiale, même par un mécanicien voiture non spécialisé.","Trop confiant dans l'efficacité de la technique de réparation !","","2","0","","","","","","1","3","6",NA,NA,"","","2",NA,1,NA,NA,"3",NA,"Nous avions déjà parcourus quelques kilomètres après la réparation, je commençais à prendre confiance. J'ai été très surpris par la brutalité des réactions de la moto.","3","3","","","1","1","2","3","1","1","NSP","1",4,4,1,4,4,5,NA,NA,NA,NA,NA,NA,NA,NA,2,"","","","",NA,NA,NA,NA,2,2,NA,2,1,1,1,100,0,0,0,0,"NSP","","","",NA,NA,"1","1","","",NA,2,1,7,NA,NA,NA,NA,NA,NA,0,NA,3,"2","3",NA,1,60,1,2,3,5,NA,NA,NA,NA,"",NA,"3","3","3","3","3","3","DUCATI","500","500 BS","ROADSTER","2","1","1",1,1,1,"1",1,1,1,"1","30000","12","3","1","SUZUKI","250","T250","ROADSTER","2","3","4","11AUG1957","5","2","3",2,3,4,1,"NRP","","","",2,1,0,1,0,1,"MOTO GUZZI",1200,"NORGE GT 8V","Routière / GT","2","2010","29",2,2,12000,"7","","","","","","","",NA,NA,NA,"","","","","","",NA,NA,NA,NA,NA,"","",NA,"","",NA,NA,NA,NA,NA,NA,"","",NA,"","",NA,NA,NA,NA,NA,NA,NA,12000,"4",3,NA,NA,NA,NA,NA,NA,NA,"NRP","NRP","NRP","NRP","1976","NRP","NRP","1978","NRP","","","","Motorcycle"
"336",968,6057,"170",1,0,2,"","",NA,NA,NA,0,2,"","","",NA,NA,1,4,"1970","",NA,"",NA,0,2,"","",NA,NA,NA,0,3,"","","","","",0,3,"","","",NA,NA,0,2,"",NA,NA,NA,NA,0,3,"","","",NA,NA,0,3,"","","","","",0,2,"","","","","",0,3,"","","","","",0,1,"","",NA,NA,NA,0,2,"","","",NA,NA,0,3,"","",NA,NA,NA,1,2,3,"1971","2004","","","","paris","St jean de veda","","","","Voiture qui a grillée un feu rouge Port de Chatillon","Voiture qui m'a fait une queue de poisson pour sortir du Rond point par la droite avec délit de fuite de la voiture, non retrouvée malgré les témoins","","","",0,0,2,2,42,1,72,"15",2004,"St jean de veda","2004","Autre(s) type(s) d'accident(s).","4","","",NA,"",NA,"","je circulais à vitesse raisonnable sur la voie de droite et changement de direction brutale d'une voiture dans le rond point d'entrée de l'autoroute à St Jean de Vedas, elle m'a coupée la route et m'a fait chuté en me touchant très légèrement, fuite de la voiture, les témoins n'ont pas réussi à prendre le n° d'immatriculation en totalité, et la gendarmerie n'a pas réussi à retrouvé l'auteur du délit de fuite. résultat: mon scooter pas de casse sauf le rétro gauche. moi: tête radiale bras gauche éclatée opération + 10 jours d'hôpital 152 séances de reéducation(+ de 1 an) handicap 10% du bras gauche.","pas de possibilité d'appréhender, c'est la voiture qui a fait une manoeuvre sur moi de façon brutale","je suis tombé, j'ai senti lr craquement dans mon bras. allant relativement doucement peu de glissade au sol,   les automobilistes qui suivaient se sont arrêtés pour me porter assistance, m'ont aidé à me relever, a mettre mon véhicule sur le côté du rond point et m'ont donné le peu de renseignements de ce  qu'ils ont vu","3","0","","","impossible d'anticiper la réaction du véhicule qui me double et me coupe la route brusquement pour sortir du rond point","2","1","2","","NSP","1","conduite dangereuse de la part de l'usager + délit de fuite","3","7","",NA,NA,"","","",NA,1,NA,NA,"",NA,"au sol sans rien comprendre","3","3","","","2","2","3","3","2","1","1","1",3,4,4,4,4,10,NA,NA,NA,NA,NA,NA,NA,NA,2,"","","","",NA,NA,NA,NA,2,2,NA,2,1,1,1,0,100,0,0,0,"2","","","",NA,NA,"2","1","","",NA,2,1,4,NA,NA,NA,NA,NA,NA,1,1,1,"1","1",2,0,30,1,10,2,3,4,NA,NA,NA,"",NA,"4","4","4","2","4","2","APRILIA","125","SCARABEO","SCOOTER","2","1","1",1,1,1,"1",1,1,1,"1","25000","12","4","1","BMW","1150","R1150RT","Routière / GT","2","4","3","07NOV1952","9","1","3",2,2,3,NA,"NRP","","","",4,0,1,2,0,3,"BMW",1200,"R1200RT","Routière / GT","2","2012","37",2,1,10000,"7","BMW","750","K75C","ROADSTER","2","1987","37",3,1,2000,"7","APRILIA","125","SCARABEO","SCOOTER","2",2000,37,2,1,1500,"7","",NA,"","",NA,NA,NA,NA,NA,NA,"","",NA,"","",NA,NA,NA,NA,NA,NA,NA,13500,"2",3,4,7,NA,NA,NA,NA,NA,"NRP","NRP","1969","1969","1970","NRP","NRP","1971","NRP","","","","Motorcycle"
"337",50,6062,"279",1,1,6,"2001","",NA,NA,NA,0,6,"","","",NA,NA,0,6,"","",NA,"",NA,0,3,"","",NA,NA,NA,0,5,"","","","","",0,4,"","","",NA,NA,0,3,"",NA,NA,NA,NA,0,6,"","","",NA,NA,1,5,"1993","","","","",0,3,"","","","","",0,4,"","","","","",0,2,"","",NA,NA,NA,0,4,"","","",NA,NA,0,3,"","",NA,NA,NA,0,NA,2,"","","","","","","","","","","","","","","",NA,NA,5,0,27,1,1,"1",2001,"","2001","Vous circuliez sur un axe prioritaire. Un autre véhicule arrivant sur le même axe en sens opposé vous a coupé la route en tournant à gauche.","1","","",NA,"",NA,"","Contexte : Un matin à 8h30 en semaine sur le trajet du travail. J'y allais tous les jours à moto pour un trajet de 15 km. Deux semaines avant, je venais justement de m'acheter une seconde moto ""sage"" pour cela, un Suzuki 650 Freewind, au lieu de mon ZZR1100 débridé qui me semblait un peu dangereux pour aller travailler.  Localisation de l'accident : En ville, à moins d'un kilomètre de chez moi,la circulation était dense à un petit carrefour perpendiculaire de deux rues à double sens avec feu tricolore. Circulation très dense et ralenti par un feu tricolore.   Description de l'accident : Au feu vert, la circulation était bloquée sur ma voie à cause d'une camionnette qui voulait tourner à gauche. J'ai alors remonté la file de voitures arrêtées par la droite à vitesse raisonnable. Et lorsque j'ai débouché sur le carrefour, la voiture d'en-face qui voulait elle aussi tourner à gauche m'a coupé la route. J'ai bloqué la roue avant et je suis tombé à faible vitesse. Il n'y a pas eu de choc avec la voiture.  Mon équipement au moment de l'accident : veste 3/4 de moto en cuir sans protection à l'intérieur, Casque intégral, gant hiver moto en cuir, botte de route moto, pantalon de ville (sic !)  Blessure : Juste un genou légèrement rapé (pantalon de ville).  Explication complémentaire : En fait, la conductrice était effondrée par son erreur. J'ai compris ensuite qu'elle ne m'avait pas vu car ma remontée de file lui avait été masquée par la camionnette. J'ai pu rentrer seul chez moi et changer de moto pour aller travailler.","Lorsque la voiture a démarré pour tourner devant moi, une camionnette me cachait à sa vue. J'ai débouché dans le carrefour sans m'assurer que tout les véhicules m'avait bien repéré.  Lorsque la situation d'accident a fait jour, la distance entre la voiture et moi était bien trop courte pour me permettre de m'arrêter, cela même si ma moto avait été équipée d'un ABS.","Nous nous sommes aperçus en même temps.  La conductrice a eu peur et à piler, elle s'est arrêtée sur ma voie de circulation.  Dès que j'ai aperçu la voiture, j'ai freiné très rapidement (j'ai toujours deux doigts sur le frein avant en ville) et la roue avant a bloqué.","NRP","1","Je n'ai pas anticipé le fait que ma remontée de file était masquée par un véhicule volumineux et opaque (camionnette de livraison).  J'aurais dû déboucher dans le carrefour plus lentement pour permettre aux autres conducteurs de me repérer.","Je n'ai pas perçu ce danger car je venais de partir de chez au petit matin, peut-être un peu en retard. Je n'étais pas encore à 100% dans la conduite de ma moto.","","3","1","1","1","Surprise de me voir apparaître, la conductrice n'a pas pu analyser la situation et réagir correctement.","2","Dans cette situation, il aurait été préférable que la conductrice continue son chemin au lieu de freiner et rester sur ma voie, mais je serais de toute manière tombé.","2","","",NA,NA,"","","",1,NA,NA,NA,"",NA,"Tout est allé très vite","3","1","1","","3","2","4","4","3","1","3","1",3,4,2,4,4,1,3,4,NA,NA,NA,NA,NA,NA,2,"","","","",NA,NA,NA,NA,2,2,NA,2,1,1,1,70,30,0,0,0,"2","","","",NA,NA,"4","1","","",NA,2,1,7,NA,NA,NA,NA,NA,NA,0,NA,1,"1","1",1,0,30,1,2,3,5,NA,NA,NA,NA,"",NA,"4","4","4","4","4","3","SUZUKI","650","FREEWIND (XF)","ROADSTER","2","1","1",1,1,1,"1",1,1,1,"1","NSP","12","1","1","KAWASAKI","1100","ZZR","Routière / GT","2","4","4","26FEB1966","5","2","3",2,1,1,NA,"NRP","","","",2,0,0,2,0,2,"SUZUKI",1300,"GSX-R  HAYABUSA","Routière / GT","2","2006","24",3,1,15000,"7","KAWASAKI","1100","ZZR","Routière / GT","2","1999","29",3,1,5000,"7","","","","","",NA,NA,NA,NA,NA,"","",NA,"","",NA,NA,NA,NA,NA,NA,"","",NA,"","",NA,NA,NA,NA,NA,NA,NA,20000,"3",4,NA,NA,NA,NA,NA,NA,NA,"NRP","NRP","NRP","NRP","1987","NRP","NRP","1984","NRP","","","","Motorcycle"
"338",638,6072,"313",1,0,2,"","",NA,NA,NA,0,3,"","","",NA,NA,0,3,"","",NA,"",NA,0,4,"","",NA,NA,NA,1,2,"1972","","","","",0,3,"","","",NA,NA,0,2,"",NA,NA,NA,NA,0,2,"","","",NA,NA,0,2,"","","","","",0,4,"","","","","",0,5,"","","","","",0,2,"","",NA,NA,NA,0,3,"","","",NA,NA,1,4,"1976","",NA,NA,NA,0,NA,2,"","","","","","","","","","","","","","","",NA,NA,3,2,41,1,66,"14",1976,"","1976","Alors que vous étiez en train de rouler, un piéton a traversé devant vous.","3","","",NA,"",NA,"","Un piéton a traversé rapidement la rue sans vraiment regarder pour prendre son bus qui arrivait. Très surpris j'ai freiné brutalement, bloquage de la roue AV (pas d'ABS à l'époque) la moto s'est couchée et j'ai fauché le piéton sur la chaussée.","Ce jour là un 31 décembre la chaussée était humide et de plus vraiment surpris par ce piéton qui a surgi entre deux véhicule en stationnement.","Comme précisé avant devant l'effet de surprise j'ai freiné brutalement.","NRP","1","Se servir du klaxon mais je pense qu'il étai déjà trot tard.","Trop surpris et laps de temps trop court","","2","0","","","","","","2","5","6",NA,NA,"","","",1,NA,NA,3,"2",NA,"Tout simplement en n'ayant pas pu anticiper","3","3","","","2","3","3","3","3","1","1","1",2,4,4,4,4,5,NA,NA,NA,NA,NA,NA,NA,NA,2,"","","","",NA,NA,NA,NA,2,2,NA,2,1,1,2,20,60,0,0,20,"2","","","",NA,NA,"2","2","","",NA,2,0,NA,NA,NA,NA,NA,NA,NA,NA,NA,1,"1","1",1,0,30,1,10,2,5,NA,NA,NA,NA,"",NA,"4","4","4","4","4","4","HONDA","750","CB ""F1""","ROADSTER","2","1","1",1,1,1,"1",1,1,1,"1","25000","12","3","1","HONDA","450","CB450S","ROADSTER","2","4","4","17FEB1900","7","1","3",2,3,4,1,"NRP","","","",3,0,0,2,0,2,"SUZUKI",1250,"BANDIT-S ABS","ROADSTER","2","2011","37",3,1,5000,"7","YAMAHA","600","XJ","ROADSTER","2","2011","16",3,1,5000,"7","","","","","",NA,NA,NA,NA,NA,"","",NA,"","",NA,NA,NA,NA,NA,NA,"","",NA,"","",NA,NA,NA,NA,NA,NA,NA,10000,"3",4,NA,NA,NA,NA,NA,NA,NA,"NRP","NRP","NRP","NRP","1973","NRP","NRP","1972","NRP","","","","Motorcycle"
"339",41,6084,"225",1,1,5,"1984","",NA,NA,NA,0,5,"","","",NA,NA,1,6,"1980","",NA,"",NA,0,2,"","",NA,NA,NA,0,5,"","","","","",0,4,"","","",NA,NA,0,4,"",NA,NA,NA,NA,0,5,"","","",NA,NA,0,5,"","","","","",0,2,"","","","","",0,5,"","","","","",0,4,"","",NA,NA,NA,0,4,"","","",NA,NA,0,2,"","",NA,NA,NA,0,NA,2,"","","","","","","","","","","","","","","",NA,NA,2,0,35,1,1,"1",1984,"","1984","Vous circuliez sur un axe prioritaire. Un autre véhicule arrivant sur le même axe en sens opposé vous a coupé la route en tournant à gauche.","1","","",NA,"",NA,"","je roulais suer l'axe principal à vitesse normal 90 km/h .un vehicule sur ma gauche qui sortait d'un champ m'a coupé la route et m'a percuté","le véhicule qui m'a coupé la route a marqué une pose avant de redémarrer et je croyais qu'il m'avait vu , mais ce n'était pas le cas","comme je croyais qu'il m'avait vu , j'ai réagi trop tardivement en essayant de freiner et de l'eviter l'autre usagé etait une personne agé au volant d'une 2 cv il était autant choqué que moi","NRP","0","","","je croyais qu'il m'avait vu","2","0","","","","","","1","2","6",NA,NA,"","","3",1,NA,NA,NA,"2",NA,"je croyais qu'il m'avait vu","4","3","","","3","1","4","4","2","1","2","1",3,3,4,4,4,5,NA,NA,NA,NA,NA,NA,NA,NA,2,"","","","",NA,NA,NA,NA,2,2,NA,2,2,1,1,5,95,0,0,0,"2","","","",NA,NA,"1","1","","",NA,2,1,4,NA,NA,NA,NA,NA,NA,1,0,2,"2","3",NA,1,90,1,2,5,NA,NA,NA,NA,NA,"",NA,"4","4","4","4","4","4","BMW","1000","R100RT","Routière / GT","2","1","1",1,1,1,"1",1,1,1,"1","NSP","12","4","1","BMW","600","R60/6","ROADSTER","2","4","4","06MAY1961","6","1","3",2,2,3,NA,"NRP","","","",2,1,0,1,0,1,"BMW",750,"K75RT","Routière / GT","2","1994","37",3,1,3000,"7","","","","","","","",NA,NA,NA,"","","","","","",NA,NA,NA,NA,NA,"","",NA,"","",NA,NA,NA,NA,NA,NA,"","",NA,"","",NA,NA,NA,NA,NA,NA,NA,3000,"3",4,NA,NA,NA,NA,NA,NA,NA,"NRP","NRP","NRP","NRP","1979","NRP","NRP","1984","NRP","","","","Motorcycle"