"","Ligne","Ligne.Q.qualif","Ligne.approfondissement.Accident","ACCIDENT","NBACC1","ACCFREQUENCE1","ANNEEACC1_1","ANNEEACC1_2","ANNEEACC1_3","ANNEEACC1_4","ANNEEACC1_5","NBACC2","ACCFREQUENCE2","ANNEEACC2_1","ANNEEACC2_2","ANNEEACC2_3","ANNEEACC2_4","ANNEEACC2_5","NBACC3","ACCFREQUENCE3","ANNEEACC3_1","ANNEEACC3_2","ANNEEACC3_3","ANNEEACC3_4","ANNEEACC3_5","NBACC4","ACCFREQUENCE4","ANNEEACC4_1","ANNEEACC4_2","ANNEEACC4_3","ANNEEACC4_4","ANNEEACC4_5","NBACC5","ACCFREQUENCE5","ANNEEACC5_1","ANNEEACC5_2","ANNEEACC5_3","ANNEEACC5_4","ANNEEACC5_5","NBACC6","ACCFREQUENCE6","ANNEEACC6_1","ANNEEACC6_2","ANNEEACC6_3","ANNEEACC6_4","ANNEEACC6_5","NBACC7","ACCFREQUENCE7","ANNEEACC7_1","ANNEEACC7_2","ANNEEACC7_3","ANNEEACC7_4","ANNEEACC7_5","NBACC8","ACCFREQUENCE8","ANNEEACC8_1","ANNEEACC8_2","ANNEEACC8_3","ANNEEACC8_4","ANNEEACC8_5","NBACC9","ACCFREQUENCE9","ANNEEACC9_1","ANNEEACC9_2","ANNEEACC9_3","ANNEEACC9_4","ANNEEACC9_5","NBACC10","ACCFREQUENCE10","ANNEEACC10_1","ANNEEACC10_2","ANNEEACC10_3","ANNEEACC10_4","ANNEEACC10_5","NBACC11","ACCFREQUENCE11","ANNEEACC11_1","ANNEEACC11_2","ANNEEACC11_3","ANNEEACC11_4","ANNEEACC11_5","NBACC12","ACCFREQUENCE12","ANNEEACC12_1","ANNEEACC12_2","ANNEEACC12_3","ANNEEACC12_4","ANNEEACC12_5","NBACC13","ACCFREQUENCE13","ANNEEACC13_1","ANNEEACC13_2","ANNEEACC13_3","ANNEEACC13_4","ANNEEACC13_5","NBACC14","ACCFREQUENCE14","ANNEEACC14_1","ANNEEACC14_2","ANNEEACC14_3","ANNEEACC14_4","ANNEEACC14_5","AUTRESACC","NBAUTRESACC","TOTAL_AC","ANNEEAUTREACC1","ANNEEAUTREACC2","ANNEEAUTREACC3","ANNEEAUTREACC4","ANNEEAUTREACC5","LIEUAUTREACC1","LIEUAUTREACC2","LIEUAUTREACC3","LIEUAUTREACC4","LIEUAUTREACC5","DESCRIPTIONAUTRESACC1","DESCRIPTIONAUTRESACC2","DESCRIPTIONAUTRESACC3","DESCRIPTIONAUTRESACC4","DESCRIPTIONAUTRESACC5","NBAUTRESACCCIRCUIT","NBAUTRESTOUTTERRAIN","EXPCYCLO","EXP125","EXPSUP125","ACCORDNEXTQ","CHOIXACC","RGPMTACC","RECUPANNEE","RECUPLIEU","RECUPANNE","RGPMTAC","CHOIX1","CHOIX2","CHOIX3","CHOIX4","CHOIX5","CHOIX6","CHOIX7","DESCRIPTION","RUPTURE","FAITS","ABS_REACTION","AUTRE_REACTION","PRECISIONREACTIONOUI","RECUL","PRECISIONREACTIONNON","IMPACTCOMPORTEMENT","AUTREUSAGER","REACTIONAUTREUSAGER","CONNAISSANCEREACTIONUSAGER","DIFFICULTES","AGGRAVATION","DIFFICULTES2","EMOTIONS1","EMOTIONS2","EMOTIONS3","EMOTIONS4","EMOTIONS5","EMOTIONS6","AUTRESENTIMENT","CLASSEMENTEMOTIONS1","CLASSEMENTEMOTIONS","CLASSEMENTEMOTIONS5","CLASSEMENTEMOTIONS6","CLASSEMENTEMOTIONS7","CLASSEMENTEMOTIONS8","CLASSEMENTEMOTIONS9","EXPLICATIONRESSENTI","BIENEQUIPE","ALLURE","ALLUREVITEDETAIL","ALLURELENTEDETAIL","SITUATIONPRESSE","SITUATIONDISTRAIT","SITUATIONCONFIANT","SITUATIONCONTROLE","SITUATIONLUDIQUE","SITUATIONPERF","SITUATIONSTRESS","SITUATIONFATIGUE","HUMEURNEUTRE","HUMEURGAI","HUMEURMECONTENT","HUMEURTRISTE","HUMEURCOLERE","CONTRIBUTION1","CONTRIBUTION2","CONTRIBUTION3","CONTRIBUTION4","CONTRIBUTION5","CONTRIBUTION6","CONTRIBUTION7","CONTRIBUTION8","CONTRIBUTION9","ROLEINFRA","ELEMENTINFRA1","ELEMENTINFRA2","ELEMENTINFRA3","ELEMENTINFRA4","ELEMENTINFRA5","ELEMENTINFRA6","ELEMENTINFRA7","ELEMENTINFRA8","ELEMENTINFRA9","ALCOOL","TXALCOOL","STUP","SEMAINE","MOMENTJOURNEE","TEMPS","CAUSEACC1","CAUSEACC2","CAUSEACC3","CAUSEACC4","CAUSEACC5","FORMATIONCAUSE","FORMATION1","FORMATION2","FORMATION3","FORMATION4","FORMATION5","TRAFIC","CHAUSSEE1","CHAUSSEE2","CHAUSSEE3","CHAUSSEE4","TYPEACC","BLESSURE","TETE","COU","THORAX","MEMBRESSUP","COLONNE","BASSIN","MEMBRESINF","HOPITAL","PLUS24H","TRAJET","TYPEROUTE","MOTIF","SENSTRAJET","PASSAGER","VITESSE","DESCEQ1","DESCEQ2","DESCEQ3","DESCEQ4","DESCEQ5","DESCEQ6","DESCEQ7","DESCEQ8","DESCEQ9","DESCEQ10","VEHICULEETE","VEHICULEAUTOMNE","VEHICULEPRINTEMPS","VEHICULEHIVER","VEHICULESEMAINE","VEHICULEWE","VEHMARQUE","VEHCYLINDREE","VEHMODELE","VEHSEGMENT","VEHSIDE","EQ2RMABS","EQ2RMCBS","EQ2RMABSCBS","EQ2RMREGULATEUR","EQ2RMLIMITEUR","EQ2RMPHARESDIRECT","EQ2RMCOUPURE","EQ2RMANTIPATINAGE","EQ2RMANTIXHEELING","EQ2RMSTABILILTE","VEHKM","POINTS","DUREE","AUTRE2RM","VEHPRECMARQUE","VEHPRECCYLINDREE","VEHPRECMODELE","VEHPRECSEGMENT","VEHPRECSIDE","TEMPS2RMPREC","FREQVEHPREC","DATE_NAISS","CSP","SOCIETAIRE","SALARIE","SECTEUR2RM","NBPERSFOYER","SITFAM","NBENF","TRNBENF1","TRNBENF2","TRNBENF3","TRNBENF4","NBAUTOFOYER","NBCYCLOFOYER","NBSCOOTFOYER","NBMOTOFOYER","NBTRIKEFOYER","NB2RMCONDUIT","MARQUE1","CYLINDREE1","MODELE1","SEGMENT1","SIDE1","ANMISECIRCU1","ASS1","FREQ1","USAGE1","NBKM1","GARAGE1","MARQUE2","CYLINDREE2","MODELE2","SEGMENT2","SIDE2","ANMISECIRCU2","ASS2","FREQ2","USAGE2","NBKM2","GARAGE2","MARQUE3","CYLINDREE3","MODELE3","SEGMENT3","SIDE3","ANMISECIRCU3","ASS3","FREQ3","USAGE3","NBKM3","GARAGE3","MARQUE4","CYLINDREE4","MODELE4","SEGMENT4","SIDE4","ANMISECIRCU4","ASS4","FREQ4","USAGE4","NBKM4","GARAGE4","MARQUE5","CYLINDREE5","MODELE5","SEGMENT5","SIDE5","ANMISECIRCU5","ASS5","FREQ5","USAGE5","NBKM5","GARAGE5","NBKMTOT","PERMIS1","PERMIS2","PERMIS3","PERMIS4","PERMIS5","PERMIS6","PERMIS7","PERMIS8","PERMIS9","ANPERMIS1","ANPERMIS6","ANPERMIS7","ANPERMIS2","ANPERMIS3","ANPERMIS8","ANPERMIS9","ANPERMIS4","ANPERMIS5","X","X.1","X.2","isScooter"
"340",137,6117,"377",1,0,4,"","",NA,NA,NA,2,5,"1998","2000","",NA,NA,0,5,"","",NA,"",NA,0,3,"","",NA,NA,NA,0,5,"","","","","",0,5,"","","",NA,NA,0,4,"",NA,NA,NA,NA,0,5,"","","",NA,NA,1,4,"2000","","","","",0,5,"","","","","",1,6,"1998","","","","",0,3,"","",NA,NA,NA,0,4,"","","",NA,NA,0,3,"","",NA,NA,NA,0,NA,4,"","","","","","","","","","","","","","","",NA,NA,3,0,19,1,51,"11",1998,"","1998","Vous circuliez sur un axe constitué dau moins "" 2 X 2 voies "" (en urbain, périph, autoroute, RN ). Un véhicule vous a coupé la route en changeant de voie pour se placer sur celle de gauche.","3","","",NA,"",NA,"","chaussée humide 40 kmh ,un 50 cm3 me double par la gauche et me coupe la route pour tourner a droite immediatement ...blocage de roue avant, chute pas de bobos graves pour moi , 5000  de réparation la chance assuré tout-risque mais la haine aprés cet ado inconcient","l'instinct du freinage fort et oui, maintenant j'ai l'ABS","j' ai relevé ma bullgog tout seul, les ados a l'arrêt de bus me regardaient bêtement mais personne n'a bougé quand a celui qui a provoqué ma chute a disparu dans le collège","1","1","j'airai freiné moins fort","l'instinct","","3","0","","","","","","2","6","",NA,NA,"","","",1,NA,NA,NA,"2",NA,"on vous coupe la route vous faites quoi vous ?","4","3","","","1","1","3","2","1","1","1","1",1,5,5,5,5,10,NA,NA,NA,NA,NA,NA,NA,NA,1,"3","AUT|coussin berlinois","","",NA,NA,NA,NA,2,2,NA,2,1,1,2,0,85,0,10,5,"2","","","",NA,NA,"1","2","","",NA,1,NA,NA,NA,NA,NA,NA,NA,NA,NA,NA,2,"1","3",NA,0,40,1,10,2,3,4,7,NA,NA,"",NA,"4","4","4","4","4","4","YAMAHA","1100","BULLDOG (BT)","ROADSTER","2","1","1",1,1,1,"1",1,1,1,"1","30000","12","3","1","SUZUKI","800","VX CARENEE","ROADSTER","2","3","4","26MAY1957","6","2","3",2,2,3,NA,"NRP","","","",1,0,0,1,0,1,"YAMAHA",1300,"FJR ABS  AS","Routière / GT","2","2006","40",1,2,15000,"4","","","","","","","",NA,NA,NA,"","","","","","",NA,NA,NA,NA,NA,"","",NA,"","",NA,NA,NA,NA,NA,NA,"","",NA,"","",NA,NA,NA,NA,NA,NA,NA,15000,"4",3,NA,NA,NA,NA,NA,NA,NA,"NRP","NRP","NRP","NRP","1994","NRP","NRP","1978","NRP","","","","Motorcycle"
"341",661,6128,"203",1,0,4,"","",NA,NA,NA,0,6,"","","",NA,NA,0,5,"","",NA,"",NA,0,1,"","",NA,NA,NA,0,5,"","","","","",0,4,"","","",NA,NA,0,1,"",NA,NA,NA,NA,0,2,"","","",NA,NA,1,3,"1980","","","","",0,5,"","","","","",0,5,"","","","","",0,2,"","",NA,NA,NA,0,2,"","","",NA,NA,0,6,"","",NA,NA,NA,0,NA,1,"","","","","","","","","","","","","","","",NA,NA,2,0,46,1,41,"9",1980,"","1980","Vous avez fait une sortie de route, une perte de contrôle ou une glissade sans rien percuter.","2","","",NA,"",NA,"","Glissade sur du gravillon non signalé, de nuit par beau temps.L'épaisseur de gravillons était très importante et je me suis retrouver sur cette épaisseur d'où la glissade.","Le gravillon","Je suis parti en glisse d'un coté,j'ai contrebraqué la moto est repartie de l'autre coté,aprés un autre contrebraquage elle est repartie de l'autre coté et c'est couchée pour une longue glissade.","NRP","0","","","La surprise","3","0","","","","","","4","6","",NA,NA,"","","",NA,NA,1,NA,"2",NA,"Le fait d'avoir essayé de récuperer la moto avec les différents contrebraquages","4","3","","","1","1","4","4","4","1","1","1",3,1,4,4,4,10,NA,NA,NA,NA,NA,NA,NA,NA,1,"AUT|GRAVILLONS NON SIGNALES","","","",NA,NA,NA,NA,2,2,NA,2,2,2,1,0,0,0,100,0,"2","","","",NA,NA,"1","4","","",NA,2,0,NA,NA,NA,NA,NA,NA,NA,NA,NA,2,"2","3",NA,1,100,1,2,3,4,7,9,NA,NA,"",NA,"4","4","4","4","4","4","KAWASAKI","650","W650","ROADSTER","2","1","1",1,1,1,"1",1,1,1,"1","35000","12","3","1","HONDA","750","CB ""K1""","ROADSTER","2","4","4","31JUL1952","5","2","3",2,2,5,0,"NRP","","","",2,0,0,1,0,1,"BMW",1200,"R1200GS","TRAIL / SUPERMOTARD","2","2012","29",1,1,30000,"7","","","","","","","",NA,NA,NA,"","","","","","",NA,NA,NA,NA,NA,"","",NA,"","",NA,NA,NA,NA,NA,NA,"","",NA,"","",NA,NA,NA,NA,NA,NA,NA,30000,"4",3,NA,NA,NA,NA,NA,NA,NA,"NRP","NRP","NRP","NRP","1968","NRP","NRP","1970","NRP","","","","Motorcycle"
"342",1057,6135,"395",1,0,4,"","",NA,NA,NA,0,4,"","","",NA,NA,0,3,"","",NA,"",NA,0,4,"","",NA,NA,NA,0,5,"","","","","",0,4,"","","",NA,NA,0,3,"",NA,NA,NA,NA,0,3,"","","",NA,NA,0,3,"","","","","",0,4,"","","","","",0,4,"","","","","",0,3,"","",NA,NA,NA,0,3,"","","",NA,NA,0,3,"","",NA,NA,NA,1,1,1,"2010","","","","","vailly","","","","","Collision avec du gibier en plein virage.","","","","",0,0,4,0,6,1,71,"15",2010,"vailly","2010","Autre(s) type(s) d'accident(s).","1","","",NA,"",NA,"","Rencontre avec un animal, en l'occurrence un blaireau un matin en me rendant à mon travail. Départ à 4 h du matin dans un virage l'animal surgit de ma gauche rien le tempps de faire si ce n'est d'accélérer, je l'ai percuté au niveau de son flanc, la moto s'est cabrée puis retombé et j'ai continué ma route, je me suis arrêté sous le premier réverbère que j'ai trouvé pour contrôler la moto : rien et moi : rien si ce n'est une grosse frayeur ...","Je roulais à environ 100 km / h, prise d'angle pour le virage, l'animal surgit pas grand chose à faire","Ma seule réaction a été de mettre un coup de gaz, je n'ai pas tenté de freiner, je pense que si je l'avais fais au vue de l'angle j'aurais chuté ... L'animal à eu moins de chance il est mort ...","NRP","0","","","Freiner c'était la chute ... Un évitement pas évident vue la prise d'angle ...","2","0","","","","","","2","","",NA,NA,"","","",1,NA,NA,NA,"",NA,"Voir un animal débouler sur sa gauche dans un virage cela surprend, la peur est venue après quand je me suis garé pour vérifier ma moto ...","4","3","","","1","1","3","4","1","1","1","1",1,4,4,4,4,10,NA,NA,NA,NA,NA,NA,NA,NA,2,"","","","",NA,NA,NA,NA,2,2,NA,2,1,2,1,0,0,100,0,0,"2","","","",NA,NA,"1","1","","",NA,1,NA,NA,NA,NA,NA,NA,NA,NA,NA,NA,1,"2","1",1,0,100,1,2,3,4,7,9,NA,NA,"",NA,"4","4","4","4","4","4","KAWASAKI","650","ER-6F","SPORTIVE","2","1","1",1,1,1,"1",1,1,1,"1","20000","12","2","0","","","","","","","","15MAY1969","8","2","3",2,4,4,2,"NRP","","","",2,1,0,1,0,2,"HONDA",1000,"CB-F ABS","ROADSTER","2","2011","28",2,2,13000,"7","DERBI","50","SENDA R X-TREM","TRAIL / SUPERMOTARD","2","2002","28",3,1,1000,"7","","","","","",NA,NA,NA,NA,NA,"","",NA,"","",NA,NA,NA,NA,NA,NA,"","",NA,"","",NA,NA,NA,NA,NA,NA,NA,14000,"2",3,4,7,NA,NA,NA,NA,NA,"NRP","NRP","1989","1989","2010","NRP","NRP","1989","NRP","","","","Motorcycle"
"343",75,6139,"208",1,1,4,"NSP","",NA,NA,NA,0,5,"","","",NA,NA,1,5,"2005","",NA,"",NA,0,2,"","",NA,NA,NA,0,4,"","","","","",0,3,"","","",NA,NA,0,2,"",NA,NA,NA,NA,0,2,"","","",NA,NA,5,5,"NSP","NSP","NSP","NSP","NSP",0,2,"","","","","",0,3,"","","","","",0,2,"","",NA,NA,NA,0,1,"","","",NA,NA,0,3,"","",NA,NA,NA,0,NA,7,"","","","","","","","","","","","","","","",NA,NA,7,0,22,1,11,"3",2005,"","2005","Vous remontiez une file de véhicules (à larrêt ou au ralenti) par la gauche. Un véhicule de cette file vous a coupé la route en tournant à gauche.","3","4","",NA,"",NA,"","Soir d'hiver humide , je décide de dépasser par la gauche un bus de la ville déposant des passagers .  Un riverain stationné à gauche sur cette rue à double-sens , profite de l'immobilisation de la file pour démarrer doucement . Constatant qu'aucun véhicule n'arrive de face , je décide de le dépasser ""dans l'élan"" bien qu'à faible vitesse , prévoyant une éventuelle traversée de piéton devant le bus arrêté . Au moment où j""aborde"" par la gauche le pare-choc arrière du riverain , celui-ci met son clignotant gauche en tournant en même-temps pour accéder à son garage . J'ai tenté d""accompagner"" cette manuvre sur la chaussée humide mais je me suis ""appuyé"" brutalement , flanc droit contre son côté gauche de l'automobile.","Le stationnement interdit du riverain (à gauche sur une route à double-sens de circulations) ne lui permettait pas d'avoir une bonne vision de la situation ; du coup , sa position au milieu de la route pour changer le sens de sa manuvre (partir à droite pour revenir à gauche) , demandait trop de contrôles qu'il n'a pas effectués . le mauvaise usage du clignotant (simultanément à la manuvre) ne m'a pas permis de prévoir le changement de direction .","Comme la route été humide , que je ne roulais pas très vite (en accélération à 30km/h environ) j'ai tenté de passer quand même au lieu de risquer de bloquer les roues au freinage et m'encastrer dans le véhicule . Mais mon adversaire , bien qu'il me voyait (il me l'a dit après-coup) a continué sa manuvre , me fermant ""la porte"" . Je n'ai pas eu le temps d'agir sur les freins que je m'appuyais brutalement contre les portières gauche du véhicule .","AUT|je voyais une possibilité de passer","0","","","J'abordais le pare-choc arrière lorsque mon adversaire a amorcé son changement de direction en y mettant ""en même temps"" son clignotant","3","1","2","","Sa position sur la route lui imposait de nombreux contrôles et , probablement par habitude , il ne s'en pas inquiété","1","Dans cette rue où la circulation est parfois dense et comme le stipule avec bon-sens le code de la route , le stationnement à gauche peut entrainer des risques à des usagers vulnérables ; j'en fais souvent part lors de conversations et j'en suis victime","2","6","",NA,NA,"","","",1,NA,NA,NA,"2",NA,"Constatant la traversée de la chaussée de la gauche vers la droite , je fus surpris par le retour vers la gauche du véhicule de mon adversaire","2","3","","","1","1","3","3","2","1","1","1",1,1,4,4,4,5,8,NA,NA,NA,NA,NA,NA,NA,2,"","","","",NA,NA,NA,NA,2,2,NA,2,1,3,2,20,70,0,0,10,"2","","","",NA,NA,"4","2","","",NA,2,1,1,4,6,7,NA,NA,NA,1,1,2,"1","3",NA,0,30,1,10,2,5,NA,NA,NA,NA,"",NA,"4","4","4","4","4","4","HONDA","800","PACIFIC COAST (PC800)","Routière / GT","2","1","1",1,1,1,"1",1,1,1,"1","120000","NSP","4","1","HONDA","650","CX650E","ROADSTER","2","3","3","07JAN1961","7","2","3",2,1,1,NA,"NRP","","","",1,0,0,1,0,1,"HONDA",700,"DEAUVILLE ABS","Routière / GT","2","2008","18",3,1,7500,"7","","","","","","","",NA,NA,NA,"","","","","","",NA,NA,NA,NA,NA,"","",NA,"","",NA,NA,NA,NA,NA,NA,"","",NA,"","",NA,NA,NA,NA,NA,NA,NA,7500,"2",4,NA,NA,NA,NA,NA,NA,NA,"NRP","NRP","NRP","1992","NRP","NRP","NRP","1980","NRP","","","","Motorcycle"
"344",844,6152,"458",1,0,3,"","",NA,NA,NA,0,4,"","","",NA,NA,0,4,"","",NA,"",NA,0,4,"","",NA,NA,NA,0,5,"","","","","",0,3,"","","",NA,NA,0,5,"",NA,NA,NA,NA,0,5,"","","",NA,NA,3,5,"2010","2012","2012","","",1,5,"2012","","","","",0,3,"","","","","",0,2,"","",NA,NA,NA,0,3,"","","",NA,NA,0,2,"","",NA,NA,NA,0,NA,4,"","","","","","","","","","","","","","","",NA,NA,0,0,10,1,46,"10",2012,"","2012","Vous circuliez sur un axe constitué dau moins "" 2 X 2 voies "" (en urbain, périphérique, autoroute, RN ). Un véhicule vous a coupé la route en changeant de voie pour se placer sur celle de droite.","4","","",NA,"",NA,"","Le conducteur de la voiture a effectué un changement de file par reflexe pour éviter un accident dans sa file. Il a changé de voie au dernier moment, me faisant une queue de poisson.  Malgrès un gros freinage je l'ai percuté, mais cela a permis de réduire la vitesse lors de l'impact.","Le changement de file intempestif, la distance pour freiner est devenue trop courte.  L'évitement n'était pas possible puisqu'un poids lourd se trouvait sur la file de droite.","changement de file de l'automobiliste qui vient s'arrêter juste devant moi.  Freinage avant + arrière, probable blocage de la roue arrière.  Lorque j'ai vu que cela ne serait pas suffisant, j'ai relaché les freins pour tenter un évitement par la gauche.  L'autombiliste en même temps m'a vu dans le retro est s'est déplacé sur la gauche également, me ""fermant"" la porte de sortie, d'ou le choc.","NRP","1","freiner jusqu'au bout aurais pu permettre de m'arrêter juste a temps, voir de réduire encore plus la vitesse au moment de l'impact","Eviter la voiture semblait plus évident, si l'automobiliste n'avait pas redécalé a gauche cela aurait été possible.","","2","1","1","3","il a eu un reflexe pour éviter la voiture devant lui. Il n'a probablement pas eu le temps de me voir dans son retroviseur de gauche.","1","sa première action de se déporter sur la file de droite m'a coupé la route.  Puis sa deuxième réaction quand il m'a vu n'a pas permis d'éviter l'accident.","1","2","9",NA,NA,"","ça y est c'est pour ma gueule :/","2",1,NA,NA,NA,"",3,"la situation a changé en quelques secondes sans l'avoir prévu.","4","3","","","3","3","4","3","1","1","2","3",1,4,4,4,4,10,NA,NA,NA,NA,NA,NA,NA,NA,2,"","","","",NA,NA,NA,NA,2,2,NA,2,1,1,1,30,70,0,0,0,"2","","","",NA,NA,"3","1","","",NA,1,NA,NA,NA,NA,NA,NA,NA,NA,NA,NA,1,"4","1",1,0,70,1,2,3,4,7,9,NA,NA,"",NA,"4","4","4","4","4","4","HONDA","800","VFR-F","Routière / GT","2","1","0",1,1,1,"1",0,1,1,"1","110000","12","4","1","HONDA","500","CB ""PC32A"" MTT1","ROADSTER","2","4","4","15NOV1981","5","1","3",2,1,1,NA,"NRP","","","",1,0,0,2,0,2,"TRIUMPH",1050,"SPEED TRIPLE","ROADSTER","2","2007","24",2,1,15000,"4","HONDA","500","CB500F","ROADSTER","2","2001","37",1,2,15000,"4","","","","","",NA,NA,NA,NA,NA,"","",NA,"","",NA,NA,NA,NA,NA,NA,"","",NA,"","",NA,NA,NA,NA,NA,NA,NA,30000,"3",4,NA,NA,NA,NA,NA,NA,NA,"NRP","NRP","NRP","NRP","2004","NRP","NRP","1999","NRP","","","","Motorcycle"
"345",142,6167,"382",1,0,5,"","",NA,NA,NA,0,4,"","","",NA,NA,1,5,"2005","",NA,"",NA,0,5,"","",NA,NA,NA,1,5,"2010","","","","",0,4,"","","",NA,NA,0,2,"",NA,NA,NA,NA,0,4,"","","",NA,NA,2,5,"2007","2012","","","",0,4,"","","","","",0,4,"","","","","",0,2,"","",NA,NA,NA,0,4,"","","",NA,NA,1,5,"2008","",NA,NA,NA,1,1,6,"2009","","","","","Bordeaux","","","","","Au rouge la voiture devant moi est partie en marche arrière, et je n'ai pu l'éviter","","","","",0,0,0,10,8,1,66,"14",2008,"","2008","Alors que vous étiez en train de rouler, un piéton a traversé devant vous.","5","","",NA,"",NA,"","je remontati une file de voiture et de bus par la gauche, a faible vitesse. Juste après avoir doublé un bus j'ai été percuté (à hauteur du top case)par un piéton qui traversait en courant devant le bus (ce n'était pas un passage protégé). Nous nous sommes trouvés tous les deux au sol entre les voitures. Pas de grosse blessure mais beaucoup de peur, en raison du traffic et de l'effet surprise. Remarque: depuis j'apprécie quand les bus collent le véhicule de devant à l'arrêt, et rallenti plus fortement lorsque je passe un véhicule snas visibilité sur l'avant de celui-ci (bus, camion, camionnette, ...)même si cela n'aurait probablement rien changé.","Le manque de visibilité qui ne permet pas d'anticiper.","Au cas d'espèce complètemetn passif.","3","0","","","Pas possible de voir le danger arriver","2","1","2","","A mon avis a du se trouver surpris d'arrive sur une moto","1","On ne traverse pas en courant entre des voitures / bus, surtout sans avoir de visibilité","7","","",NA,NA,"","","",NA,NA,NA,NA,"",NA,"","4","3","","","1","1","3","4","1","1","1","1",2,2,4,4,4,10,NA,NA,NA,NA,NA,NA,NA,NA,2,"","","","",NA,NA,NA,NA,2,2,NA,2,1,1,1,10,90,0,0,0,"2","","","",NA,NA,"4","1","","",NA,2,0,NA,NA,NA,NA,NA,NA,NA,NA,NA,1,"1","1",1,0,20,1,10,2,3,4,7,NA,NA,"",NA,"4","4","4","4","4","3","KTM","990","ADVENTURE S","TRAIL / SUPERMOTARD","2","0","1",1,1,1,"1",1,1,1,"1","42000","12","4","1","KTM","990","ADVENTURE ABS","TRAIL / SUPERMOTARD","2","4","4","01JUL1961","5","2","3",2,5,4,3,"NRP","","","",2,0,0,2,0,2,"KTM",990,"ADVENTURE ABS","TRAIL / SUPERMOTARD","2","2009","25",1,2,10000,"4","DUCATI","696","MONSTER","ROADSTER","2","2008","37",3,2,1200,"4","","","","","",NA,NA,NA,NA,NA,"","",NA,"","",NA,NA,NA,NA,NA,NA,"","",NA,"","",NA,NA,NA,NA,NA,NA,NA,11200,"4",3,2,NA,NA,NA,NA,NA,NA,"NRP","NRP","NRP","1979","2008","NRP","NRP","1979","NRP","","","","Motorcycle"
"346",598,6184,"18",1,0,5,"","",NA,NA,NA,0,3,"","","",NA,NA,0,4,"","",NA,"",NA,0,3,"","",NA,NA,NA,0,3,"","","","","",0,5,"","","",NA,NA,0,3,"",NA,NA,NA,NA,0,3,"","","",NA,NA,0,3,"","","","","",0,6,"","","","","",0,6,"","","","","",0,3,"","",NA,NA,NA,0,3,"","","",NA,NA,0,3,"","",NA,NA,NA,1,1,1,"2000","","","","","antibes","","","","","Percuter un camion sur le coté qui sortait d'une entreprise à la sortie d'un virage en coupant la ligne blanche pour gagner quelques minutes","","","","",0,0,4,0,25,1,71,"15",2000,"antibes","2000","Autre(s) type(s) d'accident(s).","4","","",NA,"",NA,"","Un camion sort d'un parking, pour gagner 3 minutes coupe les deux voies de circulation allant dans le même sens et s'immobilise en attentent de pouvoir s'insérer dans les voies de circulation de l'autre coté le tout juste à la sortie d'un virage. L'ayant vu trop tard la moto est partie en glisse, après plusieurs dizaines de mètres de glissage je rentre en contact avec le camion. Grace à une dorsale, des coudières, des épaulières , des gants et un casque haut de gamme je suis cassé de partout mais complet et en vie... Ensuite c'est plusieurs heures sur la route avec les pompiers avant d'être évacué. 3 opérations 10 semaines d'hopital 1 ans de centre de rééduction sans rentrer chez moi... Mal partout et tout le temps depuis, mais la vie continue...","Virage et camion qui ne devrait pas être la","La moto etait sur l'angle, j'ai freiné, elle c'est couché, je ne pense pas que le chauffeur du camion m'est vu arrivé, il devait regarder de l'autre coté pour attendre le bon moment pour avancer.","NRP","1","Redresser la moto et freiner ensuite, mais je pense que j'aurais quand meme fini encastré dans le camion mais plus vite","J'ai fais le bon choix (quoique...)","","2","1","2","","Aucune","2","Il n'a pas respecté la signalisation c'est tout, ça n'a rien aggravé","9","","",NA,NA,"","Un sentiment de fatalité à l'instant ou j'ai vu le camion","",NA,NA,NA,NA,"",1,"L'issue était inévitable c'etait une évidence","4","3","","","1","4","4","4","3","1","1","1",4,3,4,4,4,10,NA,NA,NA,NA,NA,NA,NA,NA,2,"","","","",NA,NA,NA,NA,2,2,NA,2,1,1,1,0,100,0,0,0,"2","","","",NA,NA,"2","1","","",NA,2,1,1,4,7,NA,NA,NA,NA,1,1,1,"1","3",NA,0,50,1,10,2,3,4,7,NA,NA,"",NA,"4","4","4","4","4","4","SUZUKI","650","SV-N","ROADSTER","2","1","1",1,1,1,"1",1,1,1,"1","10000","12","4","1","SUZUKI","1100","GSX-R","SPORTIVE","null","4","4","20OCT1969","2","2","3",1,3,4,1,"NRP","","","",1,2,1,0,0,1,"YAMAHA",500,"T-MAX","SCOOTER","2","2007","2",1,3,10000,"7","","","","","","","",NA,NA,NA,"","","","","","",NA,NA,NA,NA,NA,"","",NA,"","",NA,NA,NA,NA,NA,NA,"","",NA,"","",NA,NA,NA,NA,NA,NA,NA,10000,"2",3,4,NA,NA,NA,NA,NA,NA,"NRP","NRP","NRP","1989","1993","NRP","NRP","1989","NRP","","","","Motorcycle"