"","Ligne","Ligne.Q.qualif","Ligne.approfondissement.Accident","ACCIDENT","NBACC1","ACCFREQUENCE1","ANNEEACC1_1","ANNEEACC1_2","ANNEEACC1_3","ANNEEACC1_4","ANNEEACC1_5","NBACC2","ACCFREQUENCE2","ANNEEACC2_1","ANNEEACC2_2","ANNEEACC2_3","ANNEEACC2_4","ANNEEACC2_5","NBACC3","ACCFREQUENCE3","ANNEEACC3_1","ANNEEACC3_2","ANNEEACC3_3","ANNEEACC3_4","ANNEEACC3_5","NBACC4","ACCFREQUENCE4","ANNEEACC4_1","ANNEEACC4_2","ANNEEACC4_3","ANNEEACC4_4","ANNEEACC4_5","NBACC5","ACCFREQUENCE5","ANNEEACC5_1","ANNEEACC5_2","ANNEEACC5_3","ANNEEACC5_4","ANNEEACC5_5","NBACC6","ACCFREQUENCE6","ANNEEACC6_1","ANNEEACC6_2","ANNEEACC6_3","ANNEEACC6_4","ANNEEACC6_5","NBACC7","ACCFREQUENCE7","ANNEEACC7_1","ANNEEACC7_2","ANNEEACC7_3","ANNEEACC7_4","ANNEEACC7_5","NBACC8","ACCFREQUENCE8","ANNEEACC8_1","ANNEEACC8_2","ANNEEACC8_3","ANNEEACC8_4","ANNEEACC8_5","NBACC9","ACCFREQUENCE9","ANNEEACC9_1","ANNEEACC9_2","ANNEEACC9_3","ANNEEACC9_4","ANNEEACC9_5","NBACC10","ACCFREQUENCE10","ANNEEACC10_1","ANNEEACC10_2","ANNEEACC10_3","ANNEEACC10_4","ANNEEACC10_5","NBACC11","ACCFREQUENCE11","ANNEEACC11_1","ANNEEACC11_2","ANNEEACC11_3","ANNEEACC11_4","ANNEEACC11_5","NBACC12","ACCFREQUENCE12","ANNEEACC12_1","ANNEEACC12_2","ANNEEACC12_3","ANNEEACC12_4","ANNEEACC12_5","NBACC13","ACCFREQUENCE13","ANNEEACC13_1","ANNEEACC13_2","ANNEEACC13_3","ANNEEACC13_4","ANNEEACC13_5","NBACC14","ACCFREQUENCE14","ANNEEACC14_1","ANNEEACC14_2","ANNEEACC14_3","ANNEEACC14_4","ANNEEACC14_5","AUTRESACC","NBAUTRESACC","TOTAL_AC","ANNEEAUTREACC1","ANNEEAUTREACC2","ANNEEAUTREACC3","ANNEEAUTREACC4","ANNEEAUTREACC5","LIEUAUTREACC1","LIEUAUTREACC2","LIEUAUTREACC3","LIEUAUTREACC4","LIEUAUTREACC5","DESCRIPTIONAUTRESACC1","DESCRIPTIONAUTRESACC2","DESCRIPTIONAUTRESACC3","DESCRIPTIONAUTRESACC4","DESCRIPTIONAUTRESACC5","NBAUTRESACCCIRCUIT","NBAUTRESTOUTTERRAIN","EXPCYCLO","EXP125","EXPSUP125","ACCORDNEXTQ","CHOIXACC","RGPMTACC","RECUPANNEE","RECUPLIEU","RECUPANNE","RGPMTAC","CHOIX1","CHOIX2","CHOIX3","CHOIX4","CHOIX5","CHOIX6","CHOIX7","DESCRIPTION","RUPTURE","FAITS","ABS_REACTION","AUTRE_REACTION","PRECISIONREACTIONOUI","RECUL","PRECISIONREACTIONNON","IMPACTCOMPORTEMENT","AUTREUSAGER","REACTIONAUTREUSAGER","CONNAISSANCEREACTIONUSAGER","DIFFICULTES","AGGRAVATION","DIFFICULTES2","EMOTIONS1","EMOTIONS2","EMOTIONS3","EMOTIONS4","EMOTIONS5","EMOTIONS6","AUTRESENTIMENT","CLASSEMENTEMOTIONS1","CLASSEMENTEMOTIONS","CLASSEMENTEMOTIONS5","CLASSEMENTEMOTIONS6","CLASSEMENTEMOTIONS7","CLASSEMENTEMOTIONS8","CLASSEMENTEMOTIONS9","EXPLICATIONRESSENTI","BIENEQUIPE","ALLURE","ALLUREVITEDETAIL","ALLURELENTEDETAIL","SITUATIONPRESSE","SITUATIONDISTRAIT","SITUATIONCONFIANT","SITUATIONCONTROLE","SITUATIONLUDIQUE","SITUATIONPERF","SITUATIONSTRESS","SITUATIONFATIGUE","HUMEURNEUTRE","HUMEURGAI","HUMEURMECONTENT","HUMEURTRISTE","HUMEURCOLERE","CONTRIBUTION1","CONTRIBUTION2","CONTRIBUTION3","CONTRIBUTION4","CONTRIBUTION5","CONTRIBUTION6","CONTRIBUTION7","CONTRIBUTION8","CONTRIBUTION9","ROLEINFRA","ELEMENTINFRA1","ELEMENTINFRA2","ELEMENTINFRA3","ELEMENTINFRA4","ELEMENTINFRA5","ELEMENTINFRA6","ELEMENTINFRA7","ELEMENTINFRA8","ELEMENTINFRA9","ALCOOL","TXALCOOL","STUP","SEMAINE","MOMENTJOURNEE","TEMPS","CAUSEACC1","CAUSEACC2","CAUSEACC3","CAUSEACC4","CAUSEACC5","FORMATIONCAUSE","FORMATION1","FORMATION2","FORMATION3","FORMATION4","FORMATION5","TRAFIC","CHAUSSEE1","CHAUSSEE2","CHAUSSEE3","CHAUSSEE4","TYPEACC","BLESSURE","TETE","COU","THORAX","MEMBRESSUP","COLONNE","BASSIN","MEMBRESINF","HOPITAL","PLUS24H","TRAJET","TYPEROUTE","MOTIF","SENSTRAJET","PASSAGER","VITESSE","DESCEQ1","DESCEQ2","DESCEQ3","DESCEQ4","DESCEQ5","DESCEQ6","DESCEQ7","DESCEQ8","DESCEQ9","DESCEQ10","VEHICULEETE","VEHICULEAUTOMNE","VEHICULEPRINTEMPS","VEHICULEHIVER","VEHICULESEMAINE","VEHICULEWE","VEHMARQUE","VEHCYLINDREE","VEHMODELE","VEHSEGMENT","VEHSIDE","EQ2RMABS","EQ2RMCBS","EQ2RMABSCBS","EQ2RMREGULATEUR","EQ2RMLIMITEUR","EQ2RMPHARESDIRECT","EQ2RMCOUPURE","EQ2RMANTIPATINAGE","EQ2RMANTIXHEELING","EQ2RMSTABILILTE","VEHKM","POINTS","DUREE","AUTRE2RM","VEHPRECMARQUE","VEHPRECCYLINDREE","VEHPRECMODELE","VEHPRECSEGMENT","VEHPRECSIDE","TEMPS2RMPREC","FREQVEHPREC","DATE_NAISS","CSP","SOCIETAIRE","SALARIE","SECTEUR2RM","NBPERSFOYER","SITFAM","NBENF","TRNBENF1","TRNBENF2","TRNBENF3","TRNBENF4","NBAUTOFOYER","NBCYCLOFOYER","NBSCOOTFOYER","NBMOTOFOYER","NBTRIKEFOYER","NB2RMCONDUIT","MARQUE1","CYLINDREE1","MODELE1","SEGMENT1","SIDE1","ANMISECIRCU1","ASS1","FREQ1","USAGE1","NBKM1","GARAGE1","MARQUE2","CYLINDREE2","MODELE2","SEGMENT2","SIDE2","ANMISECIRCU2","ASS2","FREQ2","USAGE2","NBKM2","GARAGE2","MARQUE3","CYLINDREE3","MODELE3","SEGMENT3","SIDE3","ANMISECIRCU3","ASS3","FREQ3","USAGE3","NBKM3","GARAGE3","MARQUE4","CYLINDREE4","MODELE4","SEGMENT4","SIDE4","ANMISECIRCU4","ASS4","FREQ4","USAGE4","NBKM4","GARAGE4","MARQUE5","CYLINDREE5","MODELE5","SEGMENT5","SIDE5","ANMISECIRCU5","ASS5","FREQ5","USAGE5","NBKM5","GARAGE5","NBKMTOT","PERMIS1","PERMIS2","PERMIS3","PERMIS4","PERMIS5","PERMIS6","PERMIS7","PERMIS8","PERMIS9","ANPERMIS1","ANPERMIS6","ANPERMIS7","ANPERMIS2","ANPERMIS3","ANPERMIS8","ANPERMIS9","ANPERMIS4","ANPERMIS5","X","X.1","X.2","isScooter"
"347",1100,6191,"191",1,0,3,"","",NA,NA,NA,0,3,"","","",NA,NA,3,5,"1997","1998",1999,"",NA,0,3,"","",NA,NA,NA,0,5,"","","","","",0,5,"","","",NA,NA,0,3,"",NA,NA,NA,NA,1,4,"1999","","",NA,NA,1,2,"2013","","","","",0,6,"","","","","",0,5,"","","","","",0,2,"","",NA,NA,NA,0,5,"","","",NA,NA,0,5,"","",NA,NA,NA,0,NA,5,"","","","","","","","","","","","","","","",NA,NA,4,3,9,1,13,"3",1999,"","1999","Vous remontiez une file de véhicules (à larrêt ou au ralenti) par la gauche. Un véhicule de cette file vous a coupé la route en tournant à gauche.","4","","",NA,"",NA,"","j'étais très fatiguée ce jour là et donc beaucoup moins alerte. Quand la voiture m'a coupé la route, j'ai ""pilé"" avec le frein arrière au lieu de faire un évitement et je suis allée au tapis.","pas assez alerte pour avoir le bon réflexe","répondu à cela dans les questions précédentes","NRP","1","si j'avais fait un évitement, je pense que j'aurais pu éviter l'accident","trop fatiguée pour réagir correctement et aussi manque d'exercices périodiques de pilotage pour entretenir les réflexes corrects en situation de stress","","2","1","1","3","il n'a pas regardé dans son rétroviseur et a mis son clignotant en même temps qu'il a commencé à changer de file","1","NRP","2","6","",NA,NA,"","","",1,NA,NA,NA,"2",NA,"que ce conducteur change de file était inattendu","4","3","","","3","2","3","3","1","1","3","4",4,4,2,2,4,4,7,NA,NA,NA,NA,NA,NA,NA,2,"","","","",NA,NA,NA,NA,2,2,NA,2,1,1,1,30,70,0,0,0,"1","AUT|manque de post  formation","","",NA,NA,"3","1","","",NA,2,1,4,NA,NA,NA,NA,NA,NA,1,1,1,"4","1",1,1,60,1,10,2,3,5,NA,NA,NA,"",NA,"4","4","4","4","4","4","SUZUKI","500","GS-E 34CV","ROADSTER","2","1","1",1,1,1,"1",1,1,1,"1","80000","12","2","1","YAMAHA","125","SR","CUSTOM","2","2","4","14MAR1960","4","2","3",2,2,3,NA,"NRP","","","",0,0,0,2,0,2,"KAWASAKI",250,"NINJA 250R  ZX2-R","Routière / GT","2","2008","16",3,1,2000,"1","HONDA","750","VFR-F","Routière / GT","2","1992","20",4,1,100,"1","","","","","",NA,NA,NA,NA,NA,"","",NA,"","",NA,NA,NA,NA,NA,NA,"","",NA,"","",NA,NA,NA,NA,NA,NA,NA,2100,"2",3,4,NA,NA,NA,NA,NA,NA,"NRP","NRP","NRP","1986","1986","NRP","NRP","1978","NRP","","","","Motorcycle"
"348",367,6199,"172",1,0,5,"","",NA,NA,NA,0,3,"","","",NA,NA,0,3,"","",NA,"",NA,0,2,"","",NA,NA,NA,0,5,"","","","","",0,4,"","","",NA,NA,0,4,"",NA,NA,NA,NA,1,4,"2013","","",NA,NA,5,6,"1992","1993","1994","1995","1996",0,4,"","","","","",0,3,"","","","","",0,4,"","",NA,NA,NA,0,4,"","","",NA,NA,0,2,"","",NA,NA,NA,1,1,7,"2013","","","","","Toulon","","","","","Percuté a l'arrière par un autre 2 roues ,ma moto est partie et a tapé le trottoir d'en face","","","","",0,0,0,7,15,1,71,"15",2013,"Toulon","2013","Autre(s) type(s) d'accident(s).","3","","",NA,"",NA,"","j'étais au guidon de ma moto , près a déboiter ,et un 50 CM3 est arrivé derrière, en ayant un défaut de freinage , il m'a percuté ,sous le choc j'ai lâché l'embrayage de la moto ,ce qui a eut pour effet de faire traverser la route opposée aux 2 deux roues ,ma moto a tapé le trottoir d'en face . elle s'est couchée sur le flan gauche ,entrainant la même chose pour le 50 cm3. je n'ai rien vu venir ,je me suis retrouvé debout sans ma moto ,ne comprenant pas ce qu'il s'est passé  et après en regardant j'ai compris","le défaut de maitrise du véhicule qui m'a percuté .","j'ai été voir l'état des 2 passagères car elles étaient sur la chaussé ,surprise et légèrement choquée , pas de grosse blessures ,de la bobologies","NRP","1","appeler les pompiers et les forces de l'ordres ,cela n'aurais rien changé a l'accident proprement dit , mais les suites (fausse assurance et fausse plaque ) aurait été différente","un léger état de choc pour moi ,et la peur des forces de l'ordres pour les jeunes filles (j'ai compris après pourquoi )","","3","1","2","","NSP","1","non maitrise du vehicule","7","","",NA,NA,"","","",NA,NA,NA,NA,"",NA,"","4","4","","","1","1","4","4","4","1","4","1",1,4,4,4,4,10,NA,NA,NA,NA,NA,NA,NA,NA,2,"","","","",NA,NA,NA,NA,2,2,NA,2,1,1,1,0,100,0,0,0,"2","","","",NA,NA,"4","1","","",NA,2,1,6,7,NA,NA,NA,NA,NA,1,0,1,"1","1",2,0,0,1,2,3,4,9,NA,NA,NA,"",NA,"4","4","4","4","4","4","BMW","1100","R1100RT ""75""","Routière / GT","2","0","1",1,1,1,"1",1,1,1,"1","100000","12","1","1","MOTO GUZZI","1100","V11 LE MANS","Routière / GT","2","3","4","19JAN1973","8","1","3",2,3,4,1,"NRP","","","",1,0,0,3,0,4,"TRIUMPH",900,"BONNEVILLE","ROADSTER","2","2010","37",1,2,3000,"3","APRILIA","1000","RS-T FUTURA","Routière / GT","2","2001","37",4,1,200,"7","HONDA","650","CB650","ROADSTER","2",1979,37,3,1,2000,"7","MOTO GUZZI",1000,"CALIFORNIA III","Routière / GT",1,1989,37,3,1,2000,"7","",NA,"","",NA,NA,NA,NA,NA,NA,NA,7200,"3",4,NA,NA,NA,NA,NA,NA,NA,"NRP","NRP","NRP","NRP","1999","NRP","NRP","1997","NRP","","","","Motorcycle"
"349",1104,6210,"423",1,0,3,"","",NA,NA,NA,1,5,"2013","","",NA,NA,0,5,"","",NA,"",NA,0,4,"","",NA,NA,NA,0,5,"","","","","",0,4,"","","",NA,NA,0,4,"",NA,NA,NA,NA,0,4,"","","",NA,NA,1,5,"2011","","","","",0,3,"","","","","",0,4,"","","","","",0,3,"","",NA,NA,NA,0,2,"","","",NA,NA,0,3,"","",NA,NA,NA,0,NA,2,"","","","","","","","","","","","","","","",NA,NA,0,1,4,1,6,"2",2013,"","2013","Vous circuliez derrière un véhicule. Ce véhicule a ralenti. Vous avez entrepris de dépasser ce véhicule par la gauche et celui-ci vous a coupé la route en tournant à gauche (ou en effectuant un œ tour","1","","",NA,"",NA,"","Dépassement d'un camionnette qui roulait à basse allure, une voiture arrivant de la droite lui a coupé la route, la camionnette a brusquement fait demi-tour pour ""poursuivre"" la voiture, et m'a renversé.","brusque demi-tour du véhicule dépassé","Esquive à gauche pour m'écarter du véhicule doublé qui s'est mis à déboiter. La jambe de ma passagère s'est retrouvée coincée un court moment entre le véhicule et la moto. Puis stabilisation de la moto, freinage, et arrêt sur le bord gauche de la route (à contre-sens).  Très mal au genou pour ma passagère (béquilles pendant quelques semaines, et séances de ré-éducation), aucun dommage pour moi, top-case abîmé par le choc.  La moto n'est pas tombée, juste un peu poussée par le véhicule déboitant.","NRP","0","","","NRP","3","1","NSP","","L'autre ne m'a pas vu doubler, il était focalisé sur une voiture qui lui avait coupé la route et essayait de la ""poursuivre"" en faisant demi-tour","NSP","NSP","3","6","",NA,NA,"","","",NA,1,NA,NA,"2",NA,"Ne pas comprendre pourquoi l'autre déboite sur une route vide","3","1","1","","2","2","3","3","1","1","1","2",3,1,4,4,4,1,4,NA,NA,NA,NA,NA,NA,NA,2,"","","","",NA,NA,NA,NA,2,2,NA,2,1,2,1,40,60,0,0,0,"2","","","",NA,NA,"1","1","","",NA,2,0,NA,NA,NA,NA,NA,NA,NA,NA,NA,2,"1","3",NA,1,45,1,2,3,4,7,9,NA,NA,"",NA,"4","4","4","3","4","3","YAMAHA","660","MT03","ROADSTER","2","1","1",1,1,1,"1",1,1,1,"1","8000","NSP","3","0","","","","","","","","02JUL1988","4","1","3",2,2,5,0,"NRP","","","",2,0,0,2,0,2,"YAMAHA",660,"MT03","ROADSTER","2","2006","37",2,2,10000,"5","SUZUKI","125","GN125D","CUSTOM","2","1999","29",4,1,300,"5","","","","","",NA,NA,NA,NA,NA,"","",NA,"","",NA,NA,NA,NA,NA,NA,"","",NA,"","",NA,NA,NA,NA,NA,NA,NA,10300,"3",4,NA,NA,NA,NA,NA,NA,NA,"NRP","NRP","NRP","NRP","2011","NRP","NRP","2008","NRP","","","","Motorcycle"
"350",1234,6250,"257",1,0,3,"","",NA,NA,NA,0,3,"","","",NA,NA,0,4,"","",NA,"",NA,0,4,"","",NA,NA,NA,1,5,"2000","","","","",0,4,"","","",NA,NA,0,4,"",NA,NA,NA,NA,0,5,"","","",NA,NA,1,5,"2008","","","","",0,4,"","","","","",0,5,"","","","","",0,2,"","",NA,NA,NA,1,5,"2005","","",NA,NA,0,5,"","",NA,NA,NA,0,NA,3,"","","","","","","","","","","","","","","",NA,NA,3,0,11,1,61,"13",2005,"","2005","Vous circuliez derrière un véhicule. Ce véhicule a freiné ou a ralenti et vous lavez percuté par larrière.","2","","",NA,"",NA,"","Cet accident a eut lieu en ville sur mon trajet domicile-travail. Je suivais un fourgon quand celui-ci a pilé de manière soudaine pour éviter un enfant qui lui a surgit devant le pare-choc en courant. J'ai alors pris le frein avant ce qui a eut pour effet que mon guidon se mette en buté. J'ai alors tout de suite relaché les freins et de nouveau freiné. Le guidon a de nouveau recommencé à partir en buté, j'ai alors regardé la distance me séparant du vehicule et pris la décision de freiner le + fort possible pour ralentir mon vehicule avant l'impact.","la distance de sécurité et la surprise","cf page 1","NRP","0","","","pas suffisamment de place et de temps pour éviter l'obstacle","2","1","1","1","le fait que l'enfant était a l'arret au passage piéton et est parti en courant juste au moment ou la voiture arrivait à son niveau.","2","car il a évité le choc avec l'enfant et de mon coté j'ai limité au maximum le choc avec le vehicule","4","6","",NA,NA,"","","",NA,NA,2,NA,"1",NA,"parce que j'étais conscient que le choc était inévitable","2","3","","","1","1","3","4","NSP","1","1","1",1,4,4,4,4,10,NA,NA,NA,NA,NA,NA,NA,NA,1,"2","4","","",NA,NA,NA,NA,2,2,NA,2,1,1,1,0,100,0,0,0,"2","","","",NA,NA,"1","1","","",NA,1,NA,NA,NA,NA,NA,NA,NA,NA,NA,NA,1,"1","1",1,0,50,1,2,4,NA,NA,NA,NA,NA,"",NA,"4","4","4","4","4","3","KAWASAKI","500","ER-5 BRIDEE 34CV","ROADSTER","2","1","1",1,1,1,"1",1,1,1,"1","NSP","12","2","0","","","","","","","","29AUG1985","7","1","3",2,3,5,0,"NRP","","","",1,0,0,1,0,1,"HONDA",600,"CBR","Routière / GT","2","2003","37",2,2,6000,"7","","","","","","","",NA,NA,NA,"","","","","","",NA,NA,NA,NA,NA,"","",NA,"","",NA,NA,NA,NA,NA,NA,"","",NA,"","",NA,NA,NA,NA,NA,NA,NA,6000,"3",4,NA,NA,NA,NA,NA,NA,NA,"NRP","NRP","NRP","NRP","2004","NRP","NRP","2004","NRP","","","","Motorcycle"
"351",1237,6270,"326",1,0,4,"","",NA,NA,NA,0,4,"","","",NA,NA,0,4,"","",NA,"",NA,0,4,"","",NA,NA,NA,0,5,"","","","","",1,4,"2011","","",NA,NA,0,5,"",NA,NA,NA,NA,0,5,"","","",NA,NA,1,4,"2012","","","","",0,2,"","","","","",0,5,"","","","","",0,3,"","",NA,NA,NA,1,5,"2006","","",NA,NA,0,3,"","",NA,NA,NA,0,NA,3,"","","","","","","","","","","","","","","",NA,NA,6,5,9,1,41,"9",2012,"","2012","Vous avez fait une sortie de route, une perte de contrôle ou une glissade sans rien percuter.","1","","",NA,"",NA,"","Accident causé par : - Allure légèrement trop rapide, - Mauvaise anticipation du comportement du véhicule précédent, - Freinage et évitement entraînant la chute.","Allure trop élevée","- Freinage rapide, - Evitement du véhicule qui s'arrêtait au feu devant moi, - Passage sur une bouche d'égout, - Passage sur un enfoncement de la chaussée, - Bascule du 2 roues sur le côté, tout en continuant de freiner.","NRP","1","Ne pas anticiper la décision du véhicule précédent qui s'est arrêté au feu orange, alors que je pensais qu'il traverserait le carrefour. J'aurais dû freiner dès le début de la mise en orange du feu et rouler 5 à 10 km/h moins vite (en ville).","Je me sentais pressé d'avancer.","","2","0","","","","","","2","3","6",NA,NA,"","","",2,1,NA,NA,"3",NA,"Je n'arrivais pas arrêter mon 2 roues lors du freinage.","4","1","1","","3","3","2","3","1","1","2","1",4,4,3,4,4,1,2,3,NA,NA,NA,NA,NA,NA,1,"3","","","",NA,NA,NA,NA,2,2,NA,2,1,1,1,80,0,0,20,0,"2","","","",NA,NA,"2","7","","",NA,2,1,7,NA,NA,NA,NA,NA,NA,0,NA,2,"1","3",NA,0,50,1,10,2,3,4,7,NA,NA,"",NA,"4","4","4","4","4","4","PIAGGIO","350","BEVERLY SPORT TOURING","SCOOTER","2","1","1",1,1,1,"1",1,1,1,"1","8000","12","2","1","YAMAHA","1100","BULLDOG (BT)","ROADSTER","2","3","4","19JAN1957","5","1","3",2,2,3,NA,"NRP","","","",1,0,1,0,0,1,"PIAGGIO",350,"BEVERLY SPORT TOURING","SCOOTER","2","2012","37",1,2,6500,"7","","","","","","","",NA,NA,NA,"","","","","","",NA,NA,NA,NA,NA,"","",NA,"","",NA,NA,NA,NA,NA,NA,"","",NA,"","",NA,NA,NA,NA,NA,NA,NA,6500,"3",4,NA,NA,NA,NA,NA,NA,NA,"NRP","NRP","NRP","NRP","2006","NRP","NRP","1978","NRP","","","","Motorcycle"
"352",1073,6301,"347",1,0,4,"","",NA,NA,NA,0,6,"","","",NA,NA,0,5,"","",NA,"",NA,0,5,"","",NA,NA,NA,0,6,"","","","","",0,6,"","","",NA,NA,0,4,"",NA,NA,NA,NA,0,4,"","","",NA,NA,0,5,"","","","","",0,5,"","","","","",0,5,"","","","","",0,2,"","",NA,NA,NA,0,2,"","","",NA,NA,0,4,"","",NA,NA,NA,1,1,1,"2000","","","","","Nîmes","","","","","Une voiture a fait demi tour devant moi sur une avenue 2x2 voies. je l'ai percutée sur l'arrière en tentant un évitement par la droite ( la voiture s'est rabattue sur la file de droite devant moi)","","","","",0,0,10,10,15,1,71,"15",2000,"Nîmes","2000","Autre(s) type(s) d'accident(s).","1","","",NA,"",NA,"","j'étais sur le boulevard périphérique à Nîmes, à hauteur du ""marché gare"". Je venais de démarrer d'un feu rouge quand une voiture venant en sens inverse a fait demi-tour devant moi, coupant la ligne médiane pour repartir juste devant moi, dans le même sens que moi. J'étais sur la voie la plus à gauche dans mon sens de circulation : freinage d'urgence avec un évitement par la droite. Malheureusement,  le conducteur a dù me voir dans son rétroviseur et a sérré à droite.... boum! Commotions diverses, dermabrasions et 3000 de dégats sur une moto qui avait 3 mois. Cerise sur le gâteau, la voiture est partie (délit de fuite) pendant que nous étions à terre, mon fils et moi.","la voiture a fait brusquement demi-tour devant moi. C'était le soir, le conducteur n'a pas dù pouvoir apprécier ma vitesse. Pour moi, ce fut la surprise de voir cette voiture s'engager devant moi.","- démmarrage du feu tricolore au vert - 1ere, 2nde, 3eme... - je vois la voiture... - freinage d'urgence bras tendus, je pompe, je relâche plusieurs fois, je débraye en même temps... - je tente un évidement par la droite - la voiture serre à droite en mêm","NRP","0","","","la voiture m'a complètement surpris. Je pense avoir eu les meilleurs reflexes","2","1","2","","c'était mon fils en passager","2","il me ceinturait pour se tenir et il est resté bien en place. Il ne m'a pas déséquilibré","1","2","6",9,NA,"","de la colère!!! (encore aujourd'hui)","2",1,NA,NA,NA,"3",NA,"La voiture m'a coupé la route en faisant 1/2 tour à un endroit interdit","2","1","1","","1","2","3","4","3","3","1","1",4,1,4,4,4,10,NA,NA,NA,NA,NA,NA,NA,NA,2,"","","","",NA,NA,NA,NA,2,2,NA,2,2,3,1,2,98,0,0,0,"2","","","",NA,NA,"2","1","","",NA,2,1,3,4,7,NA,NA,NA,NA,1,0,1,"1","3",NA,1,70,1,10,2,3,5,NA,NA,NA,"",NA,"4","4","4","2","4","4","YAMAHA","600","FZS FAZER","ROADSTER","2","1","1",1,1,1,"1",1,1,1,"1","2000","12","1","1","HONDA","125","CB-F","ROADSTER","null","4","4","30APR1957","5","1","3",2,3,4,1,"NRP","","","",4,1,0,2,0,2,"YAMAHA",600,"FZS FAZER","ROADSTER","2","2000","37",2,1,10000,"7","HONDA","125","CBR","Routière / GT","2","2003","37",3,1,5000,"7","","","","","",NA,NA,NA,NA,NA,"","",NA,"","",NA,NA,NA,NA,NA,NA,"","",NA,"","",NA,NA,NA,NA,NA,NA,NA,15000,"3",4,NA,NA,NA,NA,NA,NA,NA,"NRP","NRP","NRP","NRP","2000","NRP","NRP","1976","NRP","","","","Motorcycle"
"353",1069,6302,"348",1,0,4,"","",NA,NA,NA,0,6,"","","",NA,NA,0,6,"","",NA,"",NA,0,2,"","",NA,NA,NA,0,6,"","","","","",0,5,"","","",NA,NA,0,3,"",NA,NA,NA,NA,0,4,"","","",NA,NA,1,5,"2012","","","","",0,4,"","","","","",0,4,"","","","","",0,2,"","",NA,NA,NA,0,1,"","","",NA,NA,0,2,"","",NA,NA,NA,0,NA,1,"","","","","","","","","","","","","","","",NA,NA,5,5,0,1,41,"9",2012,"","2012","Vous avez fait une sortie de route, une perte de contrôle ou une glissade sans rien percuter.","4","","",NA,"",NA,"","j'ai chuté dans un rond point, par temps de pluie","la route était glissante, il venait de pleuvoir, je rentrais d'une grande virée, j'étais fatiguée","je me suis engagée dans le rond point et en sortie, ma roue avant a glissé et je suis tombée.","3","0","","","je roulais très doucement","2","0","","","","","","1","2","9",NA,NA,"","l'instinct de survie. J'ai roulé sur le bas côté pour me sortir de la route","2",1,NA,NA,NA,"",3,"j'ai senti ma moto partir et je n'ai pas compris sur le moment","4","3","","","1","1","2","3","NSP","1","4","4",1,4,4,4,4,7,NA,NA,NA,NA,NA,NA,NA,NA,1,"3","","","",NA,NA,NA,NA,2,2,NA,2,2,3,2,5,0,0,50,45,"2","","","",NA,NA,"2","2","6","7",NA,2,1,1,2,4,NA,NA,NA,NA,1,0,2,"2","3",NA,0,50,1,2,3,4,7,9,NA,NA,"",NA,"3","3","3","1","2","3","HONDA","125","CBR","Routière / GT","2","1","1",1,1,1,"1",1,1,1,"1","1000","12","2","0","","","","","","","","01NOV1957","5","1","3",2,3,4,1,"NRP","","","",4,1,0,2,0,1,"HONDA",125,"CBR","Routière / GT","2","2003","37",3,1,5000,"7","","","","","","","",NA,NA,NA,"","","","","","",NA,NA,NA,NA,NA,"","",NA,"","",NA,NA,NA,NA,NA,NA,"","",NA,"","",NA,NA,NA,NA,NA,NA,NA,5000,"4",NA,NA,NA,NA,NA,NA,NA,NA,"NRP","NRP","NRP","NRP","NRP","NRP","NRP","1976","NRP","","","","Motorcycle"
"354",1096,6310,"425",1,1,6,"NSP","",NA,NA,NA,1,6,"NSP","","",NA,NA,0,5,"","",NA,"",NA,0,3,"","",NA,NA,NA,0,6,"","","","","",0,5,"","","",NA,NA,0,2,"",NA,NA,NA,NA,0,3,"","","",NA,NA,0,2,"","","","","",0,5,"","","","","",0,6,"","","","","",0,2,"","",NA,NA,NA,0,5,"","","",NA,NA,0,4,"","",NA,NA,NA,0,NA,2,"","","","","","","","","","","","","","","",NA,NA,0,4,56,1,6,"2",0,"","-1","Vous circuliez derrière un véhicule. Ce véhicule a ralenti. Vous avez entrepris de dépasser ce véhicule par la gauche et celui-ci vous a coupé la route en tournant à gauche (ou en effectuant un œ tour","1","","",NA,"",NA,"","NRP","NRP","NRP","NRP","1","NRP","NRP","","2","1","NSP","","NSP","NSP","NSP","6","","",NA,NA,"","","",NA,NA,NA,NA,"1",NA,"NRP","3","3","","","1","2","4","1","1","1","1","1",3,5,5,5,5,4,5,NA,NA,NA,NA,NA,NA,NA,1,"3","","","",NA,NA,NA,NA,2,2,NA,2,1,3,1,50,30,0,20,0,"2","","","",NA,NA,"2","1","","",NA,1,NA,NA,NA,NA,NA,NA,NA,NA,NA,NA,2,"1","3",NA,1,30,1,2,4,7,9,NA,NA,NA,"",NA,"4","4","4","4","4","1","HONDA","800","VFR-F","Routière / GT","2","1","0",1,1,1,"1",0,1,1,"1","20","12","4","1","KAWASAKI","750","GPZ (Z750GP)","ROADSTER","2","4","4","18JUN1937","9","2","3",2,2,3,NA,"NRP","","","",1,0,0,1,0,1,"HONDA",800,"VFR-F","Routière / GT","2","2002","40",2,1,5000,"2","","","","","","","",NA,NA,NA,"","","","","","",NA,NA,NA,NA,NA,"","",NA,"","",NA,NA,NA,NA,NA,NA,"","",NA,"","",NA,NA,NA,NA,NA,NA,NA,5000,"3",NA,NA,NA,NA,NA,NA,NA,NA,"NRP","NRP","NRP","NRP","1956","NRP","NRP","NRP","NRP","","","","Motorcycle"