"","Ligne","Ligne.Q.qualif","Ligne.approfondissement.Accident","ACCIDENT","NBACC1","ACCFREQUENCE1","ANNEEACC1_1","ANNEEACC1_2","ANNEEACC1_3","ANNEEACC1_4","ANNEEACC1_5","NBACC2","ACCFREQUENCE2","ANNEEACC2_1","ANNEEACC2_2","ANNEEACC2_3","ANNEEACC2_4","ANNEEACC2_5","NBACC3","ACCFREQUENCE3","ANNEEACC3_1","ANNEEACC3_2","ANNEEACC3_3","ANNEEACC3_4","ANNEEACC3_5","NBACC4","ACCFREQUENCE4","ANNEEACC4_1","ANNEEACC4_2","ANNEEACC4_3","ANNEEACC4_4","ANNEEACC4_5","NBACC5","ACCFREQUENCE5","ANNEEACC5_1","ANNEEACC5_2","ANNEEACC5_3","ANNEEACC5_4","ANNEEACC5_5","NBACC6","ACCFREQUENCE6","ANNEEACC6_1","ANNEEACC6_2","ANNEEACC6_3","ANNEEACC6_4","ANNEEACC6_5","NBACC7","ACCFREQUENCE7","ANNEEACC7_1","ANNEEACC7_2","ANNEEACC7_3","ANNEEACC7_4","ANNEEACC7_5","NBACC8","ACCFREQUENCE8","ANNEEACC8_1","ANNEEACC8_2","ANNEEACC8_3","ANNEEACC8_4","ANNEEACC8_5","NBACC9","ACCFREQUENCE9","ANNEEACC9_1","ANNEEACC9_2","ANNEEACC9_3","ANNEEACC9_4","ANNEEACC9_5","NBACC10","ACCFREQUENCE10","ANNEEACC10_1","ANNEEACC10_2","ANNEEACC10_3","ANNEEACC10_4","ANNEEACC10_5","NBACC11","ACCFREQUENCE11","ANNEEACC11_1","ANNEEACC11_2","ANNEEACC11_3","ANNEEACC11_4","ANNEEACC11_5","NBACC12","ACCFREQUENCE12","ANNEEACC12_1","ANNEEACC12_2","ANNEEACC12_3","ANNEEACC12_4","ANNEEACC12_5","NBACC13","ACCFREQUENCE13","ANNEEACC13_1","ANNEEACC13_2","ANNEEACC13_3","ANNEEACC13_4","ANNEEACC13_5","NBACC14","ACCFREQUENCE14","ANNEEACC14_1","ANNEEACC14_2","ANNEEACC14_3","ANNEEACC14_4","ANNEEACC14_5","AUTRESACC","NBAUTRESACC","TOTAL_AC","ANNEEAUTREACC1","ANNEEAUTREACC2","ANNEEAUTREACC3","ANNEEAUTREACC4","ANNEEAUTREACC5","LIEUAUTREACC1","LIEUAUTREACC2","LIEUAUTREACC3","LIEUAUTREACC4","LIEUAUTREACC5","DESCRIPTIONAUTRESACC1","DESCRIPTIONAUTRESACC2","DESCRIPTIONAUTRESACC3","DESCRIPTIONAUTRESACC4","DESCRIPTIONAUTRESACC5","NBAUTRESACCCIRCUIT","NBAUTRESTOUTTERRAIN","EXPCYCLO","EXP125","EXPSUP125","ACCORDNEXTQ","CHOIXACC","RGPMTACC","RECUPANNEE","RECUPLIEU","RECUPANNE","RGPMTAC","CHOIX1","CHOIX2","CHOIX3","CHOIX4","CHOIX5","CHOIX6","CHOIX7","DESCRIPTION","RUPTURE","FAITS","ABS_REACTION","AUTRE_REACTION","PRECISIONREACTIONOUI","RECUL","PRECISIONREACTIONNON","IMPACTCOMPORTEMENT","AUTREUSAGER","REACTIONAUTREUSAGER","CONNAISSANCEREACTIONUSAGER","DIFFICULTES","AGGRAVATION","DIFFICULTES2","EMOTIONS1","EMOTIONS2","EMOTIONS3","EMOTIONS4","EMOTIONS5","EMOTIONS6","AUTRESENTIMENT","CLASSEMENTEMOTIONS1","CLASSEMENTEMOTIONS","CLASSEMENTEMOTIONS5","CLASSEMENTEMOTIONS6","CLASSEMENTEMOTIONS7","CLASSEMENTEMOTIONS8","CLASSEMENTEMOTIONS9","EXPLICATIONRESSENTI","BIENEQUIPE","ALLURE","ALLUREVITEDETAIL","ALLURELENTEDETAIL","SITUATIONPRESSE","SITUATIONDISTRAIT","SITUATIONCONFIANT","SITUATIONCONTROLE","SITUATIONLUDIQUE","SITUATIONPERF","SITUATIONSTRESS","SITUATIONFATIGUE","HUMEURNEUTRE","HUMEURGAI","HUMEURMECONTENT","HUMEURTRISTE","HUMEURCOLERE","CONTRIBUTION1","CONTRIBUTION2","CONTRIBUTION3","CONTRIBUTION4","CONTRIBUTION5","CONTRIBUTION6","CONTRIBUTION7","CONTRIBUTION8","CONTRIBUTION9","ROLEINFRA","ELEMENTINFRA1","ELEMENTINFRA2","ELEMENTINFRA3","ELEMENTINFRA4","ELEMENTINFRA5","ELEMENTINFRA6","ELEMENTINFRA7","ELEMENTINFRA8","ELEMENTINFRA9","ALCOOL","TXALCOOL","STUP","SEMAINE","MOMENTJOURNEE","TEMPS","CAUSEACC1","CAUSEACC2","CAUSEACC3","CAUSEACC4","CAUSEACC5","FORMATIONCAUSE","FORMATION1","FORMATION2","FORMATION3","FORMATION4","FORMATION5","TRAFIC","CHAUSSEE1","CHAUSSEE2","CHAUSSEE3","CHAUSSEE4","TYPEACC","BLESSURE","TETE","COU","THORAX","MEMBRESSUP","COLONNE","BASSIN","MEMBRESINF","HOPITAL","PLUS24H","TRAJET","TYPEROUTE","MOTIF","SENSTRAJET","PASSAGER","VITESSE","DESCEQ1","DESCEQ2","DESCEQ3","DESCEQ4","DESCEQ5","DESCEQ6","DESCEQ7","DESCEQ8","DESCEQ9","DESCEQ10","VEHICULEETE","VEHICULEAUTOMNE","VEHICULEPRINTEMPS","VEHICULEHIVER","VEHICULESEMAINE","VEHICULEWE","VEHMARQUE","VEHCYLINDREE","VEHMODELE","VEHSEGMENT","VEHSIDE","EQ2RMABS","EQ2RMCBS","EQ2RMABSCBS","EQ2RMREGULATEUR","EQ2RMLIMITEUR","EQ2RMPHARESDIRECT","EQ2RMCOUPURE","EQ2RMANTIPATINAGE","EQ2RMANTIXHEELING","EQ2RMSTABILILTE","VEHKM","POINTS","DUREE","AUTRE2RM","VEHPRECMARQUE","VEHPRECCYLINDREE","VEHPRECMODELE","VEHPRECSEGMENT","VEHPRECSIDE","TEMPS2RMPREC","FREQVEHPREC","DATE_NAISS","CSP","SOCIETAIRE","SALARIE","SECTEUR2RM","NBPERSFOYER","SITFAM","NBENF","TRNBENF1","TRNBENF2","TRNBENF3","TRNBENF4","NBAUTOFOYER","NBCYCLOFOYER","NBSCOOTFOYER","NBMOTOFOYER","NBTRIKEFOYER","NB2RMCONDUIT","MARQUE1","CYLINDREE1","MODELE1","SEGMENT1","SIDE1","ANMISECIRCU1","ASS1","FREQ1","USAGE1","NBKM1","GARAGE1","MARQUE2","CYLINDREE2","MODELE2","SEGMENT2","SIDE2","ANMISECIRCU2","ASS2","FREQ2","USAGE2","NBKM2","GARAGE2","MARQUE3","CYLINDREE3","MODELE3","SEGMENT3","SIDE3","ANMISECIRCU3","ASS3","FREQ3","USAGE3","NBKM3","GARAGE3","MARQUE4","CYLINDREE4","MODELE4","SEGMENT4","SIDE4","ANMISECIRCU4","ASS4","FREQ4","USAGE4","NBKM4","GARAGE4","MARQUE5","CYLINDREE5","MODELE5","SEGMENT5","SIDE5","ANMISECIRCU5","ASS5","FREQ5","USAGE5","NBKM5","GARAGE5","NBKMTOT","PERMIS1","PERMIS2","PERMIS3","PERMIS4","PERMIS5","PERMIS6","PERMIS7","PERMIS8","PERMIS9","ANPERMIS1","ANPERMIS6","ANPERMIS7","ANPERMIS2","ANPERMIS3","ANPERMIS8","ANPERMIS9","ANPERMIS4","ANPERMIS5","X","X.1","X.2","isScooter"
"355",280,6329,"97",1,2,5,"1981","NSP",NA,NA,NA,1,5,"NSP","","",NA,NA,5,5,"1975","1976",1977,"1978",1993,2,5,"NSP","NSP",NA,NA,NA,1,2,"NSP","","","","",0,3,"","","",NA,NA,0,1,"",NA,NA,NA,NA,1,3,"1980","","",NA,NA,3,2,"1980","1990","NSP","","",0,2,"","","","","",0,4,"","","","","",0,1,"","",NA,NA,NA,0,1,"","","",NA,NA,1,4,"NSP","",NA,NA,NA,0,NA,16,"","","","","","","","","","","","","","","",NA,NA,2,1,36,1,66,"14",0,"","-1","Alors que vous étiez en train de rouler, un piéton a traversé devant vous.","AUT|convoqué chez les flics","","",NA,"",NA,"","j'allais bosser et c'était une avenue à sens unique avec plusieurs voies. je passais entre deux files quand le piéton a surgi, je n'ai pu l'éviter et l'ai renversé. Il traversait à une trentaine de mètres du passage piéton et sans regarder. Il se plaignait du dos, mais le choc n'a pas été violent. Le soir même j'ai été chez lui prendre des nouvelles. Sa femme m'a engueulé à travers l'interphone "" vous les motards vous roulez trop vite"". Je lui ai dit quand on est un adulte responsable on traverse dans les clous ou à défaut on regarde sur le coté avant de traverser. Le piéton avait un part de responsabilité (victime non hyper protégée) et j'ai eu un malus mais la mutuelle n'a pas payé de pension d'invalidité ou autre. Lorsque je dépasse un bus je ralentis toujours pour éviter de percuter un piéton qui déboiterait de derrière. Je me suis fait percuter par l'arrière plusieurs fois car je cédais le passage aux piétons. Les voitures ne connaissent pas la priorité aux piétons. Je m'en aperçois tous les jours en RP, ou si c'est le cas s'est que je suis à Brest. Là bas les voitures cèdent le passage aux piétons","le piéton a surgi sans précaution. J'allais pas très vite, mon garde boue de trail s'est plié et l'a déséquilibré","j'ai été prendre de ses nouvelles il avait mal au dos. Les autres voitures ont continué leur route j'ai freiné mais il me manquait peut être 30 cm pour éviter le choc","NRP","1","en roulant un poil moins vite, j'étais peut être à 10 ou 15 kmh les boitures étaient à l'arrêt","j'allais au travail comme d'hab. j'étais pressé mais concentré","","1","0","","","","","","6","","",NA,NA,"","","",NA,NA,NA,NA,"1",NA,"il a surgi entre deux véhicules il regardait ailleurs. Il m'arrive de traverser hors des clous mai je suis très vigilant par rapport aux 2 roues","2","3","","","4","2","4","4","1","1","1","1",1,4,4,4,4,1,3,5,7,NA,NA,NA,NA,NA,2,"","","","",NA,NA,NA,NA,2,2,NA,2,1,1,1,5,95,0,0,0,"2","","","",NA,NA,"4","1","","",NA,2,0,NA,NA,NA,NA,NA,NA,NA,NA,NA,1,"1","1",1,0,12,1,2,5,NA,NA,NA,NA,NA,"",NA,"4","4","4","4","4","4","SUZUKI","400","DR","TRAIL / SUPERMOTARD","2","1","1",1,1,1,"1",1,1,1,"1","30000","NSP","4","1","YAMAHA","500","XT","TRAIL / SUPERMOTARD","null","3","4","03DEC1957","7","1","3",2,2,3,NA,"NRP","","","",1,0,0,2,0,2,"HARLEY-DAVIDSON",1584,"DYNA STREET BOB","CUSTOM","2","2011","37",2,1,4500,"4","YAMAHA","600","FZS FAZER","ROADSTER","2","2001","10",3,1,2500,"4","","","","","",NA,NA,NA,NA,NA,"","",NA,"","",NA,NA,NA,NA,NA,NA,"","",NA,"","",NA,NA,NA,NA,NA,NA,NA,7000,"4",3,2,NA,NA,NA,NA,NA,NA,"NRP","NRP","NRP","1975","1977","NRP","NRP","1982","NRP","","","","Motorcycle"
"356",369,6338,"254",1,0,3,"","",NA,NA,NA,0,4,"","","",NA,NA,0,6,"","",NA,"",NA,0,3,"","",NA,NA,NA,0,5,"","","","","",0,2,"","","",NA,NA,0,2,"",NA,NA,NA,NA,0,5,"","","",NA,NA,2,6,"2013","2014","","","",0,3,"","","","","",0,5,"","","","","",0,3,"","",NA,NA,NA,0,4,"","","",NA,NA,0,2,"","",NA,NA,NA,0,NA,2,"","","","","","","","","","","","","","","",NA,NA,2,0,2,1,42,"9",2014,"","2014","Vous avez fait une sortie de route, une perte de contrôle ou une glissade sans rien percuter.","2","","",NA,"",NA,"","Petit village. Plaque d'huile dans un virage serré sans visibilité. La roue arrière est partie. Heureusement personne en face.","Plaque d'huile.","Aucune action, tout se passait bien jusqu'à ce que la roue arrière glisse sur l'huile. Chute directe sans possibilité de rattraper.","3","0","","","Glissade imprévisible","3","0","","","","","","2","3","6",NA,NA,"","","",3,1,NA,NA,"2",NA,"On ne s''attend pas a glisser sur plaque d'huile","3","3","","","2","3","4","4","NSP","1","1","1",4,3,4,4,4,10,NA,NA,NA,NA,NA,NA,NA,NA,1,"3","","","",NA,NA,NA,NA,2,2,NA,2,1,1,1,0,0,0,100,0,"2","","","",NA,NA,"1","1","6","",NA,1,NA,NA,NA,NA,NA,NA,NA,NA,NA,NA,1,"1","1",1,0,20,1,10,2,3,4,NA,NA,NA,"",NA,"4","4","4","4","4","4","HONDA","500","CB-F ABS","ROADSTER","2","0","1",1,1,1,"1",1,1,1,"1","5000","12","1","1","KYMCO","50","AGILITY","SCOOTER","2","3","4","31AUG1992","10","2","3",2,1,1,NA,"NRP","","","",1,0,0,1,0,1,"SUZUKI",500,"GS 25KW","ROADSTER","2","2002","28",2,2,10000,"7","","","","","","","",NA,NA,NA,"","","","","","",NA,NA,NA,NA,NA,"","",NA,"","",NA,NA,NA,NA,NA,NA,"","",NA,"","",NA,NA,NA,NA,NA,NA,NA,10000,"1",4,6,8,NA,NA,NA,NA,NA,"2008","2008","NRP","NRP","NRP","2013","NRP","2011","NRP","","","","Motorcycle"
"357",400,6354,"105",1,0,3,"","",NA,NA,NA,1,3,"1975","","",NA,NA,0,2,"","",NA,"",NA,0,2,"","",NA,NA,NA,2,4,"1977","2007","","","",0,2,"","","",NA,NA,0,2,"",NA,NA,NA,NA,1,4,"2007","","",NA,NA,1,3,"1975","","","","",0,2,"","","","","",0,4,"","","","","",0,1,"","",NA,NA,NA,0,2,"","","",NA,NA,0,2,"","",NA,NA,NA,1,1,6,"1975","","","","","POISSY","","","","","virage à droite qui descend , en bas d'un pont. Il fait nuit. Plaque de verglas... Heureusement, chute à vitesse peu élevée.","","","","",0,0,4,19,22,1,22,"5",2007,"","2007","Vous circuliez sur un axe prioritaire. Un véhicule venant dun axe non prioritaire vous a coupé la route.","AUT|évitable","","",NA,"",NA,"","Dimanche matin, fin juillet 2007 vers 11h30.  Personne sur la route , il fait très beau, beaucoup de lumière, visibilité optimale. C'est une départementale qui traversent des champs moissonnés, donc visibilité totale.  J'ai la banane, je reviens d'une concentre moto, j'ai encore 50 km à faire.  Soudain au loin, sur ma droite je vois un véhicule qui arrive sur ma droite, route avec une balise.  Ce conducteur roule lentement.  Je continue d'avancer pensant qu'il va s'arrêter. Je le vois très bien, pas de raison qu'il ne me voit pas sur cette axe dégagé. Mais... Il continue d'avancer, je relâche un peu les gaz, incrédule. Je suis persuadé qu'il va s'arrêter, qu'il fait ça pour me faire peur, qu'il va s'arrêter au dernier moment comme certains font sur Paris. Mais non ... Il me coupe la route. Eh m....! Je freine fort, je perds l'arrière (pas d'ABS), et boum, la moto en plein milieu de la voiture. En fait, il y avait un seul arbre, un if situé sur la droite de ce conducteur, comme il ne voyait rien, il s'avançait doucement , regardant sur sa droite et n'a pas regardé vers moi. Il m'a coupé la route, détruisant ma Ducati ST2 et m'envoyant au tapis ( 15 ou 18 jours d'arrêt).   Je m'en suis voulu car je fais des milliers de km à moto. Et là j'ai pensé à la place de 'l'autre', pensé qu'il allait s'arrêter. J'ai eu tord. En voyant ce véhicule , j'aurais du faire plus que rendre les gaz. Trop confiant...   La personne était une personne âgée. Sa vue ???   Voilà. Trop de confiance peut vous tuer.","Erreur d'appréciation.  Je pensais que le conducteur m'avait vu.   Cela ne devait pas se produire.  :-(","J'ai rendu les gaz puis plus loin j'ai freiné fort avant et arrière j'ai relâché un peu,  puis quand 'j'ai vu que j'étais dedans'  j'ai eu un freinage réflexe, j'ai freiné un grand coup de l'arrière et la roue s'est bloquée, déstabilisant la moto. La moto a commencé à se coucher, m'éjectant vers la droite et allant s'écraser au milieu de la voiture qui coupait la route.  Le vieux monsieur était abasourdi, il ne m'avait pas vu car je venais de sa gauche et que lui regardait seulement sur sa droite à cause d'un if situé au croisement qui masquait sa visibilité sur sa droite.  Lui ne m'a pas vu Moi, excès de confiance car je circulais sur une route prioritaire dégagée.","NRP","1","J'aurais pu penser que c'était un vieux qui ne voyait rien, il y en a beaucoup par ici ( Gers ).  J'aurais du ralentir encore d'avantage.","J'ai pensé à la place de l'autre ' il m'a vu, il veut jouer, il va s'arrêter'.","","1","1","2","","manque de visibilité, un if à un croisement","1","c'est bien de regarder à droite mais il faut aussi regarder à gauche !","2","6","",NA,NA,"","","",1,NA,NA,NA,"2",NA,"je pensais que le conducteur m'avait vu","4","3","","","1","1","4","4","2","1","1","1",1,1,4,4,4,1,2,5,NA,NA,NA,NA,NA,NA,1,"AUT|un seul arbre à la ronde situé au croisement gênant la visibilité","","","",NA,NA,NA,NA,2,2,NA,2,2,1,1,0,100,0,0,0,"2","","","",NA,NA,"1","1","","",NA,2,1,2,4,7,NA,NA,NA,NA,1,0,2,"2","3",NA,0,50,1,2,3,4,7,9,NA,NA,"",NA,"4","4","4","4","2","4","DUCATI","944","ST2 (SPORT-TOURING2)","Routière / GT","2","1","1",1,1,1,"1",1,1,1,"1","39750","12","4","1","SUZUKI","650","SV-S","SPORTIVE","2","4","3","01JUN1957","5","2","3",2,3,4,1,"NRP","","","",3,0,1,1,0,2,"JONWAY ITALIA",125,"SCOOTER","SCOOTER","2","2007","29",1,2,1300,"7","DUCATI","996","ST4-S","Routière / GT","2","2002","29",3,1,5000,"7","","","","","",NA,NA,NA,NA,NA,"","",NA,"","",NA,NA,NA,NA,NA,NA,"","",NA,"","",NA,NA,NA,NA,NA,NA,NA,6300,"2",3,4,NA,NA,NA,NA,NA,NA,"NRP","NRP","NRP","1975","1979","NRP","NRP","1981","NRP","","","","Motorcycle"
"358",467,6378,"268",1,0,5,"","",NA,NA,NA,0,6,"","","",NA,NA,0,5,"","",NA,"",NA,0,5,"","",NA,NA,NA,1,5,"2002","","","","",0,4,"","","",NA,NA,0,3,"",NA,NA,NA,NA,0,5,"","","",NA,NA,1,4,"2004","","","","",0,6,"","","","","",0,6,"","","","","",0,2,"","",NA,NA,NA,1,2,"2003","","",NA,NA,0,3,"","",NA,NA,NA,0,NA,3,"","","","","","","","","","","","","","","",NA,NA,4,17,0,1,21,"5",2002,"","2002","Vous circuliez sur un axe prioritaire. Un véhicule venant dun axe non prioritaire vous a coupé la route.","2","","",NA,"",NA,"","Voiture venant de ma gauche , grille le carrefour, me conduit à chuter pour éviter la collision,  la conductrice s'arrête finalement après la sortie du carrefour, regarde si sa voiture a quelque chose et repart sans s'occuper de moi. Ce sont des témoins passant qui m'aident à me relever et me communiquent son immatriculation. Plainte est portée, voiture visiblement achetée à une personne âgée, pas réimmatriculée depuis et conductrice certainement sans assurance ni permis d'après le commissariat. Quelques égratignures personnelles, et rayures / rétro cassé mais rien de grave si ce n'est cette frayeur de voir quelqu'un qui conduisait sans se soucier des autres, ni des conséquences de sa conduite. Je suis maintenant à près de 80 000 km de conduite dans Paris et périphérie. Plusieurs ""presque"" accidents mais rien de grave. Les conducteurs automobiles me semblent avoir mieux pris en compte les 2 roues, notamment en interfile, et avoir retrouvé l'usage de leur clignotant. Par contre, lors qu'on conducteur auto ""déconne"" c'est souvent plusieurs phénomènes conjugués : sandwich d'une main, tel de l'autre ; en train de ragrder qq chose sur une grosse tablette, les SMS de plus en plus nombreux (le fait de téléphoner me parait maintenant mineur à côté), bref ""dans leur bulle"".","le véhicule surgissant de ma gauche alors qu'on démarrait au feu vert, et sans l'avoir anticipé. D'où un freinage brutal sur sol moyennement adhérent, avec glissade.","Comme dit plus avant : le changement de trajectoire n'étant pas adapté pour éviter la collision dans le carrefour, freinage brutal peu maitrisé. ET en même temps peur que les véhicules qui me suivaient me passent dessus.","NRP","1","Meilleure anticipation latérale depuis en carrefour, pour imaginer une reproduction même improbable de ces évènements. Meilleur apprentissage du freinage, et reprise en trajectoire du scooter commençant à se pencher avant de glisser.","Expérience insuffisante de cas ""extrêmes""","","2","1","2","","Fuite, non assurée et conductrice ayant une conduite inadaptée au fort trafic parisien","1","Cause de l'accident","2","6","9",NA,NA,"","peur d'être écrasé par les voitures qui suivaient","",1,NA,NA,NA,"3",2,"NE pas avoir anticipé l'attitude de l'autre conductrice","2","1","1","","2","1","3","4","1","1","1","2",1,3,4,4,4,1,4,7,NA,NA,NA,NA,NA,NA,2,"","","","",NA,NA,NA,NA,2,2,NA,2,1,1,1,20,80,0,0,0,"1","1","AUT|pas eu de formation","",NA,NA,"3","2","","",NA,1,NA,NA,NA,NA,NA,NA,NA,NA,NA,NA,1,"1","1",2,0,35,1,10,NA,NA,NA,NA,NA,NA,"",NA,"4","4","4","4","4","3","KYMCO","125","GRAND DINK","SCOOTER","2","1","1",1,1,1,"1",1,1,1,"1","20000","12","4","0","","","","","","","","05MAR1962","5","1","3",2,4,4,2,"NRP","","","",3,0,0,1,0,1,"KYMCO",125,"GRAND DINK","SCOOTER","2","2008","37",1,2,10000,"6","","","","","","","",NA,NA,NA,"","","","","","",NA,NA,NA,NA,NA,"","",NA,"","",NA,NA,NA,NA,NA,NA,"","",NA,"","",NA,NA,NA,NA,NA,NA,NA,10000,"4",NA,NA,NA,NA,NA,NA,NA,NA,"NRP","NRP","NRP","NRP","NRP","NRP","NRP","1980","NRP","","","","Motorcycle"
"359",1160,6414,"484",1,0,4,"","",NA,NA,NA,0,4,"","","",NA,NA,0,5,"","",NA,"",NA,1,6,"2014","",NA,NA,NA,0,3,"","","","","",0,6,"","","",NA,NA,0,5,"",NA,NA,NA,NA,0,5,"","","",NA,NA,0,5,"","","","","",1,4,"2011","","","","",0,5,"","","","","",0,3,"","",NA,NA,NA,0,3,"","","",NA,NA,0,5,"","",NA,NA,NA,0,NA,2,"","","","","","","","","","","","","","","",NA,NA,5,0,9,1,16,"4",2014,"","2014","Vous circuliez derrière un véhicule. Vous avez entrepris de dépasser ce véhicule par la droite et celui-ci vous a coupé la route en tournant à droite.","3","","",NA,"",NA,"","La voiture s'est déportée sur la gauche.  Je pensais qu'elle tournait à gauche. Elle s'est rabattue a droite sans clignotant. Après analyse du constat, l'assurance a déclaré la voiture en tort a 100%","Absence de clignotant de la voiture","J'ai freiné, mais je n'ai pas pu éviter le choc. le choc a eu lieu au niveau de la portière passager avant. Pas de chute","NRP","0","","","c'était la seule chose a faire","2","1","2","","Il ne m'a pas vu","NSP","NRP","1","6","",NA,NA,"","","1",NA,NA,NA,NA,"2",NA,"Peur de tomber et d'être blessé","4","3","","","1","2","4","4","1","1","2","2",2,4,4,4,4,5,NA,NA,NA,NA,NA,NA,NA,NA,2,"","","","",NA,NA,NA,NA,2,2,NA,2,1,2,1,0,100,0,0,0,"2","","","",NA,NA,"3","1","2","",NA,1,NA,NA,NA,NA,NA,NA,NA,NA,NA,NA,1,"1","1",2,0,30,1,2,3,4,7,9,NA,NA,"",NA,"4","4","4","4","4","4","HONDA","1000","CBF C-ABS TRAVEL EDITION","ROADSTER","2","0","0",0,1,1,"1",1,1,1,"1","70000","12","4","1","SUZUKI","1200","BANDIT-S","ROADSTER","2","4","4","21OCT1983","5","1","3",2,2,3,NA,"NRP","","","",1,1,0,1,0,1,"HONDA",1000,"CB-F C-ABS TRAVEL EDITION","ROADSTER","2","2008","37",1,2,15000,"1","","","","","","","",NA,NA,NA,"","","","","","",NA,NA,NA,NA,NA,"","",NA,"","",NA,NA,NA,NA,NA,NA,"","",NA,"","",NA,NA,NA,NA,NA,NA,NA,15000,"2",3,4,7,NA,NA,NA,NA,NA,"NRP","NRP","2003","2003","2006","NRP","NRP","2003","NRP","","","","Motorcycle"
"360",994,6431,"100",1,1,4,"NSP","",NA,NA,NA,0,5,"","","",NA,NA,0,5,"","",NA,"",NA,0,3,"","",NA,NA,NA,0,3,"","","","","",0,4,"","","",NA,NA,0,4,"",NA,NA,NA,NA,0,3,"","","",NA,NA,0,2,"","","","","",1,4,"2007","","","","",0,3,"","","","","",0,3,"","",NA,NA,NA,0,3,"","","",NA,NA,0,4,"","",NA,NA,NA,0,NA,2,"","","","","","","","","","","","","","","",NA,NA,3,1,33,1,1,"1",0,"","-1","Vous circuliez sur un axe prioritaire. Un autre véhicule arrivant sur le même axe en sens opposé vous a coupé la route en tournant à gauche.","3","","",NA,"",NA,"","je circule sur un axe à deux voies dans les deux sens et un véhicule me coupe la priorité car il s'engage sans visibilité mais à chaque intersection je suis en décélération avec la main sur le frein avant ce qui a fait que l'impact à été très faible avec peu de dégâts matériels et pas de blessures physiques mais une belle frayeur (de plus)du à l'inattention.","la survenue brutale de ce véhicule caché par les autres et la distance très courte qui me restait pour m'arrêter.","la conductrice à paniquer quant elle a vu la moto arriver sur elle et elle a tout pillé ce qui fait que son véhicule était au milieu de la route en travers et obstruait le passage alors que si elle avait accéléré peu être...... quant à moi j'ai freiné le plus fort possible jusqu'à l'impact car il n'y avait aucun moyen d'évitement","NRP","0","","","vu la configuration j'étais coincé des voitures d'un coté et le trottoir de l'autre","3","1","2","","la peur, elle était comme tétanisée avec un regard que je n'ai pas oublié","1","peut être quand accélérant pour dégager sa voiture de la route j'aurai pu faire une manoeuvre d'évitement","2","9","",NA,NA,"","de l'énervement","",1,NA,NA,NA,"",2,"le véhicule a surgit","3","3","","","2","1","3","4","3","1","1","2",3,3,4,4,4,10,NA,NA,NA,NA,NA,NA,NA,NA,1,"2","AUT|manque un feu tricolore","","",NA,NA,NA,NA,2,2,NA,2,1,1,1,10,80,0,10,0,"2","","","",NA,NA,"3","1","","",NA,1,NA,NA,NA,NA,NA,NA,NA,NA,NA,NA,2,"1","3",NA,0,50,1,2,3,4,7,9,NA,NA,"",NA,"4","4","4","4","4","4","KAWASAKI","500","ER-5","ROADSTER","2","1","1",1,1,1,"1",1,1,1,"1","54000","12","4","1","YAMAHA","1300","FJR","Routière / GT","2","4","3","16AUG1964","8","2","3",2,1,1,NA,"NRP","","","",1,0,0,2,0,2,"KAWASAKI",500,"ER-5","ROADSTER","2","1999","29",1,2,10000,"4","YAMAHA","1300","FJR (SANS VALISE)","Routière / GT","2","2001","29",4,1,6500,"4","","","","","",NA,NA,NA,NA,NA,"","",NA,"","",NA,NA,NA,NA,NA,NA,"","",NA,"","",NA,NA,NA,NA,NA,NA,NA,16500,"3",4,9,NA,NA,NA,NA,NA,NA,"NRP","NRP","NRP","NRP","1983","NRP","1983","1982","NRP","","","","Motorcycle"
"361",1126,6432,"410",1,0,3,"","",NA,NA,NA,0,4,"","","",NA,NA,0,5,"","",NA,"",NA,1,5,"1984","",NA,NA,NA,0,6,"","","","","",0,5,"","","",NA,NA,0,5,"",NA,NA,NA,NA,0,6,"","","",NA,NA,2,5,"1983","1985","","","",0,4,"","","","","",0,3,"","","","","",0,2,"","",NA,NA,NA,0,1,"","","",NA,NA,0,4,"","",NA,NA,NA,0,NA,3,"","","","","","","","","","","","","","","",NA,NA,2,0,32,1,16,"4",1984,"","1984","Vous circuliez derrière un véhicule. Vous avez entrepris de dépasser ce véhicule par la droite et celui-ci vous a coupé la route en tournant à droite.","2","","",NA,"",NA,"","circulation sur la voie normale, le véhicule de devant met son clignotant pour se décaler sur la voie de gauche. Je reste sur ma file et le double donc par la droite. Le conducteur aperçois une place de parking à droite et change subitement de direction en coupant la route à droite. Le choc est inévitable","comportement imprévisible du conducteur de la voiture de devant","Freinage, évitement, puis j'ai sauté en l'air pour que mes jambes ne soient coincées par a voiture","NRP","1","j'aurai pu mieux regarder le comportement du conducteur !","manque d'expérience","","2","0","","","","","","4","","",NA,NA,"","","",NA,NA,1,NA,"",NA,"étant Marins-pompiers, j'étais entrainé aux situations difficiles","4","3","","","2","2","4","4","3","1","1","1",1,3,4,4,4,10,NA,NA,NA,NA,NA,NA,NA,NA,1,"1","","","",NA,NA,NA,NA,2,2,NA,2,1,1,1,0,100,0,0,0,"2","","","",NA,NA,"2","1","","",NA,2,1,7,NA,NA,NA,NA,NA,NA,0,NA,2,"1","3",NA,0,30,1,10,2,3,4,NA,NA,NA,"",NA,"4","4","4","4","4","4","HONDA","750","CB ""F2""","ROADSTER","2","1","1",1,1,1,"1",1,1,1,"1","NSP","NSP","3","0","","","","","","","","09SEP1964","4","1","3",2,3,4,1,"NRP","","","",3,0,1,0,0,1,"MBK",125,"SKYCRUISER","SCOOTER","2","2008","37",1,2,5000,"7","","","","","","","",NA,NA,NA,"","","","","","",NA,NA,NA,NA,NA,"","",NA,"","",NA,NA,NA,NA,NA,NA,"","",NA,"","",NA,NA,NA,NA,NA,NA,NA,5000,"4",9,NA,NA,NA,NA,NA,NA,NA,"NRP","NRP","NRP","NRP","NRP","NRP","1982","1983","NRP","","","","Motorcycle"