"","Ligne","Ligne.Q.qualif","Ligne.approfondissement.Accident","ACCIDENT","NBACC1","ACCFREQUENCE1","ANNEEACC1_1","ANNEEACC1_2","ANNEEACC1_3","ANNEEACC1_4","ANNEEACC1_5","NBACC2","ACCFREQUENCE2","ANNEEACC2_1","ANNEEACC2_2","ANNEEACC2_3","ANNEEACC2_4","ANNEEACC2_5","NBACC3","ACCFREQUENCE3","ANNEEACC3_1","ANNEEACC3_2","ANNEEACC3_3","ANNEEACC3_4","ANNEEACC3_5","NBACC4","ACCFREQUENCE4","ANNEEACC4_1","ANNEEACC4_2","ANNEEACC4_3","ANNEEACC4_4","ANNEEACC4_5","NBACC5","ACCFREQUENCE5","ANNEEACC5_1","ANNEEACC5_2","ANNEEACC5_3","ANNEEACC5_4","ANNEEACC5_5","NBACC6","ACCFREQUENCE6","ANNEEACC6_1","ANNEEACC6_2","ANNEEACC6_3","ANNEEACC6_4","ANNEEACC6_5","NBACC7","ACCFREQUENCE7","ANNEEACC7_1","ANNEEACC7_2","ANNEEACC7_3","ANNEEACC7_4","ANNEEACC7_5","NBACC8","ACCFREQUENCE8","ANNEEACC8_1","ANNEEACC8_2","ANNEEACC8_3","ANNEEACC8_4","ANNEEACC8_5","NBACC9","ACCFREQUENCE9","ANNEEACC9_1","ANNEEACC9_2","ANNEEACC9_3","ANNEEACC9_4","ANNEEACC9_5","NBACC10","ACCFREQUENCE10","ANNEEACC10_1","ANNEEACC10_2","ANNEEACC10_3","ANNEEACC10_4","ANNEEACC10_5","NBACC11","ACCFREQUENCE11","ANNEEACC11_1","ANNEEACC11_2","ANNEEACC11_3","ANNEEACC11_4","ANNEEACC11_5","NBACC12","ACCFREQUENCE12","ANNEEACC12_1","ANNEEACC12_2","ANNEEACC12_3","ANNEEACC12_4","ANNEEACC12_5","NBACC13","ACCFREQUENCE13","ANNEEACC13_1","ANNEEACC13_2","ANNEEACC13_3","ANNEEACC13_4","ANNEEACC13_5","NBACC14","ACCFREQUENCE14","ANNEEACC14_1","ANNEEACC14_2","ANNEEACC14_3","ANNEEACC14_4","ANNEEACC14_5","AUTRESACC","NBAUTRESACC","TOTAL_AC","ANNEEAUTREACC1","ANNEEAUTREACC2","ANNEEAUTREACC3","ANNEEAUTREACC4","ANNEEAUTREACC5","LIEUAUTREACC1","LIEUAUTREACC2","LIEUAUTREACC3","LIEUAUTREACC4","LIEUAUTREACC5","DESCRIPTIONAUTRESACC1","DESCRIPTIONAUTRESACC2","DESCRIPTIONAUTRESACC3","DESCRIPTIONAUTRESACC4","DESCRIPTIONAUTRESACC5","NBAUTRESACCCIRCUIT","NBAUTRESTOUTTERRAIN","EXPCYCLO","EXP125","EXPSUP125","ACCORDNEXTQ","CHOIXACC","RGPMTACC","RECUPANNEE","RECUPLIEU","RECUPANNE","RGPMTAC","CHOIX1","CHOIX2","CHOIX3","CHOIX4","CHOIX5","CHOIX6","CHOIX7","DESCRIPTION","RUPTURE","FAITS","ABS_REACTION","AUTRE_REACTION","PRECISIONREACTIONOUI","RECUL","PRECISIONREACTIONNON","IMPACTCOMPORTEMENT","AUTREUSAGER","REACTIONAUTREUSAGER","CONNAISSANCEREACTIONUSAGER","DIFFICULTES","AGGRAVATION","DIFFICULTES2","EMOTIONS1","EMOTIONS2","EMOTIONS3","EMOTIONS4","EMOTIONS5","EMOTIONS6","AUTRESENTIMENT","CLASSEMENTEMOTIONS1","CLASSEMENTEMOTIONS","CLASSEMENTEMOTIONS5","CLASSEMENTEMOTIONS6","CLASSEMENTEMOTIONS7","CLASSEMENTEMOTIONS8","CLASSEMENTEMOTIONS9","EXPLICATIONRESSENTI","BIENEQUIPE","ALLURE","ALLUREVITEDETAIL","ALLURELENTEDETAIL","SITUATIONPRESSE","SITUATIONDISTRAIT","SITUATIONCONFIANT","SITUATIONCONTROLE","SITUATIONLUDIQUE","SITUATIONPERF","SITUATIONSTRESS","SITUATIONFATIGUE","HUMEURNEUTRE","HUMEURGAI","HUMEURMECONTENT","HUMEURTRISTE","HUMEURCOLERE","CONTRIBUTION1","CONTRIBUTION2","CONTRIBUTION3","CONTRIBUTION4","CONTRIBUTION5","CONTRIBUTION6","CONTRIBUTION7","CONTRIBUTION8","CONTRIBUTION9","ROLEINFRA","ELEMENTINFRA1","ELEMENTINFRA2","ELEMENTINFRA3","ELEMENTINFRA4","ELEMENTINFRA5","ELEMENTINFRA6","ELEMENTINFRA7","ELEMENTINFRA8","ELEMENTINFRA9","ALCOOL","TXALCOOL","STUP","SEMAINE","MOMENTJOURNEE","TEMPS","CAUSEACC1","CAUSEACC2","CAUSEACC3","CAUSEACC4","CAUSEACC5","FORMATIONCAUSE","FORMATION1","FORMATION2","FORMATION3","FORMATION4","FORMATION5","TRAFIC","CHAUSSEE1","CHAUSSEE2","CHAUSSEE3","CHAUSSEE4","TYPEACC","BLESSURE","TETE","COU","THORAX","MEMBRESSUP","COLONNE","BASSIN","MEMBRESINF","HOPITAL","PLUS24H","TRAJET","TYPEROUTE","MOTIF","SENSTRAJET","PASSAGER","VITESSE","DESCEQ1","DESCEQ2","DESCEQ3","DESCEQ4","DESCEQ5","DESCEQ6","DESCEQ7","DESCEQ8","DESCEQ9","DESCEQ10","VEHICULEETE","VEHICULEAUTOMNE","VEHICULEPRINTEMPS","VEHICULEHIVER","VEHICULESEMAINE","VEHICULEWE","VEHMARQUE","VEHCYLINDREE","VEHMODELE","VEHSEGMENT","VEHSIDE","EQ2RMABS","EQ2RMCBS","EQ2RMABSCBS","EQ2RMREGULATEUR","EQ2RMLIMITEUR","EQ2RMPHARESDIRECT","EQ2RMCOUPURE","EQ2RMANTIPATINAGE","EQ2RMANTIXHEELING","EQ2RMSTABILILTE","VEHKM","POINTS","DUREE","AUTRE2RM","VEHPRECMARQUE","VEHPRECCYLINDREE","VEHPRECMODELE","VEHPRECSEGMENT","VEHPRECSIDE","TEMPS2RMPREC","FREQVEHPREC","DATE_NAISS","CSP","SOCIETAIRE","SALARIE","SECTEUR2RM","NBPERSFOYER","SITFAM","NBENF","TRNBENF1","TRNBENF2","TRNBENF3","TRNBENF4","NBAUTOFOYER","NBCYCLOFOYER","NBSCOOTFOYER","NBMOTOFOYER","NBTRIKEFOYER","NB2RMCONDUIT","MARQUE1","CYLINDREE1","MODELE1","SEGMENT1","SIDE1","ANMISECIRCU1","ASS1","FREQ1","USAGE1","NBKM1","GARAGE1","MARQUE2","CYLINDREE2","MODELE2","SEGMENT2","SIDE2","ANMISECIRCU2","ASS2","FREQ2","USAGE2","NBKM2","GARAGE2","MARQUE3","CYLINDREE3","MODELE3","SEGMENT3","SIDE3","ANMISECIRCU3","ASS3","FREQ3","USAGE3","NBKM3","GARAGE3","MARQUE4","CYLINDREE4","MODELE4","SEGMENT4","SIDE4","ANMISECIRCU4","ASS4","FREQ4","USAGE4","NBKM4","GARAGE4","MARQUE5","CYLINDREE5","MODELE5","SEGMENT5","SIDE5","ANMISECIRCU5","ASS5","FREQ5","USAGE5","NBKM5","GARAGE5","NBKMTOT","PERMIS1","PERMIS2","PERMIS3","PERMIS4","PERMIS5","PERMIS6","PERMIS7","PERMIS8","PERMIS9","ANPERMIS1","ANPERMIS6","ANPERMIS7","ANPERMIS2","ANPERMIS3","ANPERMIS8","ANPERMIS9","ANPERMIS4","ANPERMIS5","X","X.1","X.2","isScooter"
"362",815,6454,"277",1,0,5,"","",NA,NA,NA,0,5,"","","",NA,NA,0,5,"","",NA,"",NA,0,4,"","",NA,NA,NA,1,4,"1991","","","","",0,4,"","","",NA,NA,1,4,"1982",NA,NA,NA,NA,1,5,"1986","","",NA,NA,3,5,"1985","1995","2005","","",0,5,"","","","","",0,4,"","","","","",0,4,"","",NA,NA,NA,1,4,"2005","","",NA,NA,0,4,"","",NA,NA,NA,0,NA,7,"","","","","","","","","","","","","","","",NA,NA,2,2,30,1,43,"9",2005,"","2005","Vous avez fait une sortie de route, une perte de contrôle ou une glissade sans rien percuter.","5","","",NA,"",NA,"","glissade sur autoroute entre deux barrières de sécurité non doublées de lisses basses","freinage d'urgence sur chaussée glissante","freinage","NRP","0","","","défaillance mécanique","2","0","","","","","","1","4","6",NA,NA,"","","1",NA,NA,2,NA,"3",NA,"peur d'être découpé en rondelles sous le rail de sécurité","4","3","","","1","2","3","3","1","1","1","2",1,4,4,4,4,10,NA,NA,NA,NA,NA,NA,NA,NA,2,"","","","",NA,NA,NA,NA,2,2,NA,2,2,1,3,20,0,0,0,80,"2","","","",NA,NA,"1","3","","",NA,1,NA,NA,NA,NA,NA,NA,NA,NA,NA,NA,2,"3","2",NA,0,110,1,2,3,5,9,NA,NA,NA,"",NA,"3","3","3","3","3","3","YAMAHA","350","RDLC","Routière / GT","2","1","1",1,1,1,"1",1,1,1,"1","20000","12","4","1","YAMAHA","600","XTE","TRAIL / SUPERMOTARD","2","4","4","26FEB1965","5","1","3",1,2,3,NA,"NRP","","","",3,0,0,3,0,3,"HARLEY-DAVIDSON",883,"SPORTSTER","ROADSTER","2","2007","37",2,1,5000,"7","KAWASAKI","650","ER-6  N","ROADSTER","2","2011","37",2,1,3000,"7","SUZUKI","250","TU-X (VOLTY)","ROADSTER","2",1997,37,3,1,2000,"7","",NA,"","",NA,NA,NA,NA,NA,NA,"","",NA,"","",NA,NA,NA,NA,NA,NA,NA,10000,"2",3,4,NA,NA,NA,NA,NA,NA,"NRP","NRP","NRP","1981","1986","NRP","NRP","1983","NRP","","","","Motorcycle"
"363",253,6491,"146",1,0,5,"","",NA,NA,NA,0,4,"","","",NA,NA,0,5,"","",NA,"",NA,1,4,"1985","",NA,NA,NA,0,3,"","","","","",0,1,"","","",NA,NA,0,3,"",NA,NA,NA,NA,0,4,"","","",NA,NA,1,4,"2006","","","","",0,6,"","","","","",0,6,"","","","","",0,1,"","",NA,NA,NA,0,1,"","","",NA,NA,0,1,"","",NA,NA,NA,0,NA,2,"","","","","","","","","","","","","","","",NA,NA,2,0,15,1,41,"9",2006,"","2006","Vous avez fait une sortie de route, une perte de contrôle ou une glissade sans rien percuter.","4","","",NA,"",NA,"","Chute dans un col de montagne, en montée, roulage en groupe avec trop d'optimisme de ma part...","L'élément déclencheur est une surconduite de ma part","Pas eu le temps de faire quoi que se soit. Après une perte de l'avant, choc au sol immédiat et violent puis glissade avec perte des repères jusqu'au choc final","1","0","","","Parce que une fois au sol, il n'y avait plus qu'à attendre la fin de la glissade...et c'est long...","2","0","","","","","","1","2","6",NA,NA,"","","3",1,NA,NA,NA,"2",NA,"parce que je pensais maitriser la situation","4","1","4","","1","1","4","4","1","3","1","1",1,1,4,4,4,1,5,NA,NA,NA,NA,NA,NA,NA,2,"","","","",NA,NA,NA,NA,2,2,NA,2,3,1,1,100,0,0,0,0,"NSP","","","",NA,NA,"1","1","","",NA,2,1,7,NA,NA,NA,NA,NA,NA,1,0,3,"2","3",NA,0,110,1,2,3,4,7,9,NA,NA,"",NA,"4","4","4","2","1","4","HONDA","1300","CB-F","ROADSTER","2","1","1",1,1,1,"1",1,1,1,"1","15000","12","4","1","HONDA","750","CB ""F1""","ROADSTER","2","4","3","21MAY1964","5","1","3",2,3,2,2,"NRP","","","",1,0,9,1,0,1,"HONDA",1300,"CB-F","ROADSTER","2","2004","37",3,1,6000,"4","","","","","","","",NA,NA,NA,"","","","","","",NA,NA,NA,NA,NA,"","",NA,"","",NA,NA,NA,NA,NA,NA,"","",NA,"","",NA,NA,NA,NA,NA,NA,NA,6000,"3",NA,NA,NA,NA,NA,NA,NA,NA,"NRP","NRP","NRP","NRP","1983","NRP","NRP","NRP","NRP","","","","Motorcycle"
"364",77,6493,"478",1,0,3,"","",NA,NA,NA,0,3,"","","",NA,NA,1,6,"2012","",NA,"",NA,0,2,"","",NA,NA,NA,0,2,"","","","","",0,3,"","","",NA,NA,0,3,"",NA,NA,NA,NA,0,3,"","","",NA,NA,1,4,"2014","","","","",0,3,"","","","","",0,2,"","","","","",0,2,"","",NA,NA,NA,0,2,"","","",NA,NA,0,4,"","",NA,NA,NA,0,NA,2,"","","","","","","","","","","","","","","",NA,NA,2,10,0,1,41,"9",2014,"","2014","Vous avez fait une sortie de route, une perte de contrôle ou une glissade sans rien percuter.","3","","",NA,"",NA,"","Par un temps de pluie légère, sur une avenue pavée à 3 voies, un camion arrive avec la priorité à toute berzingue depuis une petite rue à droite et traverse les 3 voies - surpris, alors que je suis sur la voie de gauche, je freine vigoureusement pour l'éviter et dérape. 1 - gros problème de signalisation 2 - gros problème des pavés à Paris : j'ai le sentiment que sur un revêtement de route normal, je n'aurais pas dérapé - je n'avais en effet pas freiné très fort...","Les pavés, et un camion trop pressé","J'ai tenté de freiner tandis que le camion a continué sa route sans s'arrêter. Après la chute, j'ai eu la chance d'être tout seul sur l'avenue à ce moment-là, et de n'accrocher rien ni personne","NRP","1","freiner un poil encore moins fort","la surprise de voir le camion débouler à grande vitesse","","2","0","","","","","","1","2","6",NA,NA,"","","3",1,NA,NA,NA,"2",NA,"NRP","3","3","","","1","1","3","3","1","1","1","1",1,4,4,4,4,7,NA,NA,NA,NA,NA,NA,NA,NA,1,"3","AUT|p*** de pavés","","",NA,NA,NA,NA,2,2,NA,2,1,1,2,10,30,0,50,10,"NSP","","","",NA,NA,"1","2","","",NA,1,NA,NA,NA,NA,NA,NA,NA,NA,NA,NA,1,"1","1",1,0,40,1,10,2,NA,NA,NA,NA,NA,"",NA,"4","4","4","4","4","4","PIAGGIO","125","X10","SCOOTER","2","1","0",1,1,1,"1",1,1,1,"1","5000","8","3","1","PIAGGIO","125","X EVO","SCOOTER","2","3","4","12JUN1977","5","1","3",2,1,1,NA,"NRP","","","",0,1,1,0,0,1,"PIAGGIO",125,"X10","SCOOTER","2","2012","37",1,3,5000,"1","","","","","","","",NA,NA,NA,"","","","","","",NA,NA,NA,NA,NA,"","",NA,"","",NA,NA,NA,NA,NA,NA,"","",NA,"","",NA,NA,NA,NA,NA,NA,NA,5000,"4",NA,NA,NA,NA,NA,NA,NA,NA,"NRP","NRP","NRP","NRP","NRP","NRP","NRP","1996","NRP","","","","Motorcycle"
"365",898,6506,"104",1,0,1,"","",NA,NA,NA,0,4,"","","",NA,NA,0,5,"","",NA,"",NA,0,5,"","",NA,NA,NA,0,1,"","","","","",0,2,"","","",NA,NA,0,2,"",NA,NA,NA,NA,1,5,"1999","","",NA,NA,1,5,"NSP","","","","",0,4,"","","","","",0,5,"","","","","",0,2,"","",NA,NA,NA,0,2,"","","",NA,NA,0,3,"","",NA,NA,NA,0,NA,2,"","","","","","","","","","","","","","","",NA,NA,20,1,19,1,41,"9",0,"","-1","Vous avez fait une sortie de route, une perte de contrôle ou une glissade sans rien percuter.","6","","",NA,"",NA,"","virage à gauche présence de gravillon impossible de virer sortie de route à faible vitesse la moto se couche","virage sans visibilité gravillon","freinage arrière sans trop serrer impossible d'incliner la moto, inhibé par la présence de gravillon sortie de route","NRP","1","NRP","NRP","","2","0","","","","","","1","5","6",NA,NA,"","","1",NA,NA,NA,3,"2",NA,"sortie de route dans un bas côté inconnu","2","3","","","2","1","4","4","2","1","2","2",4,1,4,4,4,4,5,7,NA,NA,NA,NA,NA,NA,1,"2","5","","",NA,NA,NA,NA,2,2,NA,2,1,1,1,50,0,0,50,0,"1","1","","",NA,NA,"1","1","4","",NA,1,NA,NA,NA,NA,NA,NA,NA,NA,NA,NA,3,"2","3",NA,0,40,1,2,3,5,NA,NA,NA,NA,"",NA,"4","4","4","4","4","4","HONDA","600","TRANSALP +35KW","TRAIL / SUPERMOTARD","2","1","1",1,1,1,"1",1,1,1,"1","20000","12","2","1","SUZUKI","125","DR-S","TRAIL / SUPERMOTARD","2","4","3","21NOV1955","5","1","3",2,4,4,2,"NRP","","","",3,0,0,2,0,2,"BMW",1100,"R1100R","ROADSTER","2","1999","37",2,1,3000,"7","HONDA","500","CB500F","ROADSTER","2","2005","37",2,2,5000,"7","","","","","",NA,NA,NA,NA,NA,"","",NA,"","",NA,NA,NA,NA,NA,NA,"","",NA,"","",NA,NA,NA,NA,NA,NA,NA,8000,"4",NA,NA,NA,NA,NA,NA,NA,NA,"NRP","NRP","NRP","NRP","NRP","NRP","NRP","1974","NRP","","","","Motorcycle"
"366",751,6529,"233",1,0,3,"","",NA,NA,NA,0,3,"","","",NA,NA,0,5,"","",NA,"",NA,0,2,"","",NA,NA,NA,1,4,"2012","","","","",0,3,"","","",NA,NA,0,5,"",NA,NA,NA,NA,0,5,"","","",NA,NA,0,3,"","","","","",0,3,"","","","","",0,3,"","","","","",0,2,"","",NA,NA,NA,0,2,"","","",NA,NA,0,2,"","",NA,NA,NA,0,NA,1,"","","","","","","","","","","","","","","",NA,NA,0,0,5,1,21,"5",2012,"","2012","Vous circuliez sur un axe prioritaire. Un véhicule venant dun axe non prioritaire vous a coupé la route.","1","","",NA,"",NA,"","Je suis sur un tout petit rond point en ville, déjà insérée. Une voiture, sans regarder, traverse le rond point sans faire le tour (milieu en brique pas très haut) et me touche à la fourche.","Le monsieur qui n'a pas vu le rond point","Je n'ai pas le souvenir. J'ai du sauter car je me suis retrouvée debout à côté de la moto couchée.","NRP","1","Vraiment m'arrêter avant le rond point et m'assurer qu'il y a aucun véhicule à venir","Je ne pensais pas qu'une voiture pouvait arriver, si vite, sans regarder s'il y a quelqu'un et en coupant le rond point","","1","1","2","","Roulait trop vite, sans regarder","1","à allure classique, il m'aurait vu sur le rond point","8","","",NA,NA,"","","",NA,NA,NA,NA,"",NA,"","4","3","","","2","2","3","3","2","1","1","2",1,4,4,4,4,10,NA,NA,NA,NA,NA,NA,NA,NA,1,"2","","","",NA,NA,NA,NA,2,2,NA,2,1,1,1,20,60,0,20,0,"2","","","",NA,NA,"1","1","","",NA,1,NA,NA,NA,NA,NA,NA,NA,NA,NA,NA,1,"1","1",1,0,15,1,2,3,4,7,9,NA,NA,"",NA,"4","3","4","3","4","3","KAWASAKI","650","ER-6F","SPORTIVE","2","1","1",1,1,1,"1",1,1,1,"1","30000","12","4","0","","","","","","","","02MAR1981","5","2","3",2,2,3,NA,"NRP","","","",2,1,0,1,0,1,"DUCATI",696,"MONSTER+","ROADSTER","2","2009","28",2,2,5000,"6","","","","","","","",NA,NA,NA,"","","","","","",NA,NA,NA,NA,NA,"","",NA,"","",NA,NA,NA,NA,NA,NA,"","",NA,"","",NA,NA,NA,NA,NA,NA,NA,5000,"3",4,NA,NA,NA,NA,NA,NA,NA,"NRP","NRP","NRP","NRP","2009","NRP","NRP","1999","NRP","","","","Motorcycle"
"367",835,6530,"17",1,0,4,"","",NA,NA,NA,0,4,"","","",NA,NA,0,5,"","",NA,"",NA,0,2,"","",NA,NA,NA,1,5,"NSP","","","","",0,2,"","","",NA,NA,0,4,"",NA,NA,NA,NA,0,4,"","","",NA,NA,1,5,"NSP","","","","",0,4,"","","","","",1,5,"NSP","","","","",0,3,"","",NA,NA,NA,0,3,"","","",NA,NA,0,4,"","",NA,NA,NA,0,NA,3,"","","","","","","","","","","","","","","",NA,NA,40,39,35,1,21,"5",0,"","-1","Vous circuliez sur un axe prioritaire. Un véhicule venant dun axe non prioritaire vous a coupé la route.","3","","",NA,"",NA,"","je roulais à vitesse moyenne lorsqu'un véhicule venant en sens inverse à pris la décision d'entrer sur une station service de mon côté de la route, me coupant la route","la rapidité du changement de direction de la voiture","j'ai essayé de me déporter vers la droite pour échapper à la collision perpendiculaire j'ai freiné modérément  j'ai tapé la roue avant de la voiture  si je ne m'étais pas déporté j'aurai tapé au milieu de la voiture sans doute je me serais encastré dans la voiture alors que là défoncé le carénage de ma moto avec mes jambes , décollé et atterri sur le dos sur le capot moteur avant de retomber  et glisser sur la chaussée..","NRP","0","","","je n'avais jamais vécu cette situation","2","1","2","","NSP","1","inattention et inobservation de la ligne continue","3","","",NA,NA,"","","",NA,1,NA,NA,"",NA,"je pensais pas qu'il continuerait sur sa trajectoire sans rien regarder autour","3","1","1","","1","1","4","4","4","1","1","1",4,1,4,4,4,1,NA,NA,NA,NA,NA,NA,NA,NA,2,"","","","",NA,NA,NA,NA,2,2,NA,2,1,1,1,5,95,0,0,0,"2","","","",NA,NA,"2","1","","",NA,2,1,3,7,NA,NA,NA,NA,NA,1,0,2,"1","3",NA,0,70,1,10,2,3,4,NA,NA,NA,"",NA,"4","4","4","4","4","4","BMW","1000","R100/7","ROADSTER","2","1","0",1,1,1,"1",1,1,1,"1","50000","12","4","1","BMW","1000","R100RT","Routière / GT","2","4","3","23SEP1960","6","1","3",2,4,4,2,"NRP","","","",4,0,0,1,0,1,"BMW",1200,"R1200R","ROADSTER","2","2006","37",2,1,2000,"7","","","","","","","",NA,NA,NA,"","","","","","",NA,NA,NA,NA,NA,"","",NA,"","",NA,NA,NA,NA,NA,NA,"","",NA,"","",NA,NA,NA,NA,NA,NA,NA,2000,"2",4,9,NA,NA,NA,NA,NA,NA,"NRP","NRP","NRP","1977","NRP","NRP","1983","1979","NRP","","","","Motorcycle"
"368",507,6538,"148",1,0,6,"","",NA,NA,NA,0,5,"","","",NA,NA,0,6,"","",NA,"",NA,0,4,"","",NA,NA,NA,0,6,"","","","","",0,5,"","","",NA,NA,0,5,"",NA,NA,NA,NA,0,5,"","","",NA,NA,1,6,"2007","","","","",0,4,"","","","","",0,5,"","","","","",0,4,"","",NA,NA,NA,0,6,"","","",NA,NA,1,6,"2005","",NA,NA,NA,0,NA,2,"","","","","","","","","","","","","","","",NA,NA,0,0,14,1,66,"14",2005,"","2005","Alors que vous étiez en train de rouler, un piéton a traversé devant vous.","2","4","",NA,"",NA,"","Je roulais en ville à la vitesse autorisée quand 3 piétons ont traversés hors des clous, j'ai du stopper le véhicule en urgence, la roue avant s'est bloquée et je suis parti en glissade.","Le blocage de roue avant, plus aucun contrôle possible","Surpris, action de freinage, blocage et chute. Les piétons étaient desolés et conscient de leur erreur","NRP","0","","","S'arreter sur une si petite distance sans possibilité d'evitement me parait impossible","2","1","2","","NRP","1","NRP","2","6","",NA,NA,"","","",1,NA,NA,NA,"2",NA,"Des piétons qui surgissent là où ils ne sont pas autorisés","2","3","","","1","1","3","3","1","1","1","1",1,1,4,4,4,10,NA,NA,NA,NA,NA,NA,NA,NA,2,"","","","",NA,NA,NA,NA,2,2,NA,2,1,1,1,0,100,0,0,0,"2","","","",NA,NA,"2","1","","",NA,2,1,4,7,NA,NA,NA,NA,NA,0,NA,1,"1","3",NA,0,50,1,2,NA,NA,NA,NA,NA,NA,"",NA,"2","1","1","1","1","1","HARLEY-DAVIDSON","1200","SPORTSTER","ROADSTER","2","1","1",1,1,1,"1",1,1,1,"1","10000","12","4","1","SUZUKI","600","GSX-R","SPORTIVE","2","4","4","09MAY1979","5","1","3",2,2,3,NA,"NRP","","","",2,3,0,3,0,3,"SUZUKI",600,"GSX-R","SPORTIVE","2","2001","37",2,1,5000,"4","MOTO GUZZI","1200","GRISO 8V","ROADSTER","2","2010","37",2,1,5000,"4","YAMAHA","600","XTZ TENERE","TRAIL / SUPERMOTARD","2",1986,10,3,1,2000,"7","",NA,"","",NA,NA,NA,NA,NA,NA,"","",NA,"","",NA,NA,NA,NA,NA,NA,NA,12000,"3",4,NA,NA,NA,NA,NA,NA,NA,"NRP","NRP","NRP","NRP","1997","NRP","NRP","2001","NRP","","","","Motorcycle"
"369",819,6559,"131",1,0,2,"","",NA,NA,NA,0,2,"","","",NA,NA,0,3,"","",NA,"",NA,0,1,"","",NA,NA,NA,0,5,"","","","","",0,2,"","","",NA,NA,0,5,"",NA,NA,NA,NA,0,4,"","","",NA,NA,1,4,"2010","","","","",0,5,"","","","","",0,6,"","","","","",0,1,"","",NA,NA,NA,0,4,"","","",NA,NA,0,3,"","",NA,NA,NA,1,1,2,"2014","","","","","Bolbec","","","","","chute à l'arrêt sur un parking en stabilisé gravier (pas assez compacté)","","","","",0,0,5,3,2,1,41,"9",2010,"","2010","Vous avez fait une sortie de route, une perte de contrôle ou une glissade sans rien percuter.","5","","",NA,"",NA,"","Pluie d'orage, je m'engage correctement sur le rd-point, une voiture coupe par l'intérieur, je me désaxe pour l'éviter, glissade jusqu'à la barrière de sécurité extérieure","non respect du code de la route de la part de la voiture pluie torrentielle","j'ai contrebalancé vers la droite je n'ai touché à aucune commande personne ne s'est arrêté (pluie torrentielle)","1","0","","","parce que c'était un évitement, en 1 seconde","1","0","","","","","","1","6","",NA,NA,"","","2",NA,NA,NA,NA,"1",NA,"je ne pouvais rien faire pour redresser avec 5 cm d'eau sur la chaussée","4","3","","","1","1","2","3","1","1","4","1",1,4,4,4,4,7,NA,NA,NA,NA,NA,NA,NA,NA,1,"2","","","",NA,NA,NA,NA,2,2,NA,2,2,1,2,0,70,0,0,30,"2","","","",NA,NA,"1","2","","",NA,1,NA,NA,NA,NA,NA,NA,NA,NA,NA,NA,2,"2","3",NA,0,20,1,10,2,3,4,NA,NA,NA,"",NA,"4","4","4","4","4","4","HONDA","750","NC750SD DUAL CT","ROADSTER","2","0","0",0,1,1,"1",0,0,1,"1","7000","12","2","1","HONDA","125","XL-S","TRAIL / SUPERMOTARD","2","4","4","03APR1982","5","2","3",2,1,1,NA,"NRP","","","",1,0,0,1,0,1,"HONDA",700,"NC700S C-ABS","ROADSTER","2","2013","10",2,1,10000,"7","","","","","","","",NA,NA,NA,"","","","","","",NA,NA,NA,NA,NA,"","",NA,"","",NA,NA,NA,NA,NA,NA,"","",NA,"","",NA,NA,NA,NA,NA,NA,NA,10000,"4",3,NA,NA,NA,NA,NA,NA,NA,"NRP","NRP","NRP","NRP","2013","NRP","NRP","2001","NRP","","","","Motorcycle"
"370",1206,6582,"33",1,0,4,"","",NA,NA,NA,0,6,"","","",NA,NA,0,5,"","",NA,"",NA,0,5,"","",NA,NA,NA,0,6,"","","","","",0,5,"","","",NA,NA,0,2,"",NA,NA,NA,NA,0,4,"","","",NA,NA,1,3,"2006","","","","",0,4,"","","","","",0,6,"","","","","",0,4,"","",NA,NA,NA,0,4,"","","",NA,NA,0,4,"","",NA,NA,NA,0,NA,1,"","","","","","","","","","","","","","","",NA,NA,4,0,12,1,41,"9",2006,"","2006","Vous avez fait une sortie de route, une perte de contrôle ou une glissade sans rien percuter.","1","2","",NA,"",NA,"","Période difficile dans ma vie personnelle, veille du jour de noel, temps froid et brumeux, pneu avant trop usé. En fait tout était fait pour la chute.... N'ayant pas les sous pour changé mon pneu, ma moto était ""remisée"" pour attendre le début de l'année et un solde positif à la banque pour changer le pneu. Samedi matin, obligation de faire une dernière course pour mon neveu : vu le jour, la distance (à l'autre bout de Bdx), décision prise de prendre la moto ! J'ai mis 2h à sortir : je suis allé cherché mon pantalon en cuir dans le garage : trop froid pour le mettre, je vais attendre qu'il chauffe dans le salon. Au bout de 30min, même chose pour les bottes :-(. En clair pas envie de faire de la moto. Je sors quand même, je me trompe de sortie sur la rocade ce qui m'oblige à prendre le pont d'aquitaine et faire demi-tour. Je rentre bredouille, je vais dans un autre centre commerciale, je me retrompe.... enfin pas à la route. Puis arrivée à 1km de chez moi, je freine pour ralentir à un dos d'ane, et je me retrouve par terre sans rien comprendre, je suis trainé sur le dos d'ane par la moto avec ma jambe gauche coincée sous la moto. Après ""la bosse"", je pousse la moto avec la jambe droite. La moto continue à glisser et moi je m'arrête rapidement. Une voiture (205 blanche) avec une jeune fille au volent arrive en face et passe entre ma moto et mon gsm qui est sorti de ma poche en prenant soin de ne pas l'écraser... Je pense qu'elle a eu peur de voir du ""sang"". Le bruit a fait sortir un homme qui vient m'aider à relever la moto mais j'étais le premier sur place :-). Il m'accueille chez lui, me donne un sucre au café (il parait que j'étais tout blanc) et j'appelle l'assistance. Je connais son épouse qui est élue FCPE dans le même établissement de mes filles : le monde est petit. Je repars au bout de 15min, à pied en poussant ma moto (carter fendu). Un motard me propose son aide, mais je suis à 2 pas de chez moi. Le camion d'assistance arrive 1h après. J'ai un gros bleu à la cuisse, une brulure à l'avant brase. Mes bottes ont joué leur role : je voies mes orteils intact par le trou.... Vala, c'est marrant cela faisait longtemps que je n'en avais pas parlé et j'ai m'impression que c'était hier. J'ai mis 3 ou 4 ans à comprendre pourquoi j'étais tombé (la réponse technique) : au stage AFDM :-)","Comme il faisait très froid, j'avais mis des sous gants (ce que je ne fais jamais) qui m'on retirait de la sensibilité aux commandes. La fatigue et la tête ailleurs.","C'est l'action sur le frein avant qui a provoqué la chute. Je me suis retrouvé par terre à une vitesse inimaginable.","NRP","1","Verrouille mes bras au moment du freinage, anticiper un peu plus : avec la fatigue et l'envie de rentrer ""au chaud"", je suis surement arrivé trop vite par rapport à la fatigue, connaissance des lieux, etc....","J'avais oublié qu'il faut verrouillé les bras sur un freinage appuyé de l'avant. Ne pas rouler avec un pneu avant mort !","","2","0","","","","","","2","6","9",NA,NA,"","Je m'ne souviens encore, je me suis dis : ""bon ca c'est fait""","",3,NA,NA,NA,"2",1,"surement parce que je n'étais pas en état pour faire du 2 roues. Je pars du principe qu'il faut que certaines choses soient réunis pour monter sur sa moto (en forme, concentré, libéré des contraintes persos, etc...) et ce jour là tout était en opposition","4","1","2","","2","4","3","3","1","1","4","4",4,4,3,3,4,2,3,4,NA,NA,NA,NA,NA,NA,2,"","","","",NA,NA,NA,NA,2,2,NA,2,2,1,1,80,0,0,0,20,"1","AUT|Oubli par manque d'insistance sur le sujet au moment de la formation","","",NA,NA,"1","1","","",NA,1,NA,NA,NA,NA,NA,NA,NA,NA,NA,NA,1,"1","3",NA,0,60,1,2,3,4,7,9,NA,NA,"",NA,"3","3","3","3","3","3","SUZUKI","1200","BANDIT-S","ROADSTER","2","1","1",1,1,1,"1",1,1,1,"1","6000","12","4","1","SUZUKI","600","BANDIT-S","ROADSTER","2","4","3","28JAN1972","5","1","2",2,4,4,2,"NRP","","","",1,0,0,4,0,4,"DUCATI",1000,"ST3","Routière / GT","2","2004","37",3,1,12000,"5","SUZUKI","650","SV-S","Routière / GT","2","2006","37",4,1,1000,"5","HONDA","600","CBR-RR IE","SPORTIVE","2",2007,37,3,1,2500,"5","SUZUKI",650,"DR 650 SET","TRAIL / SUPERMOTARD",2,1996,37,2,2,2500,"5","",NA,"","",NA,NA,NA,NA,NA,NA,NA,18000,"3",4,NA,NA,NA,NA,NA,NA,NA,"NRP","NRP","NRP","NRP","1996","NRP","NRP","1990","NRP","","","","Motorcycle"