"","Ligne","Ligne.Q.qualif","Ligne.approfondissement.Accident","ACCIDENT","NBACC1","ACCFREQUENCE1","ANNEEACC1_1","ANNEEACC1_2","ANNEEACC1_3","ANNEEACC1_4","ANNEEACC1_5","NBACC2","ACCFREQUENCE2","ANNEEACC2_1","ANNEEACC2_2","ANNEEACC2_3","ANNEEACC2_4","ANNEEACC2_5","NBACC3","ACCFREQUENCE3","ANNEEACC3_1","ANNEEACC3_2","ANNEEACC3_3","ANNEEACC3_4","ANNEEACC3_5","NBACC4","ACCFREQUENCE4","ANNEEACC4_1","ANNEEACC4_2","ANNEEACC4_3","ANNEEACC4_4","ANNEEACC4_5","NBACC5","ACCFREQUENCE5","ANNEEACC5_1","ANNEEACC5_2","ANNEEACC5_3","ANNEEACC5_4","ANNEEACC5_5","NBACC6","ACCFREQUENCE6","ANNEEACC6_1","ANNEEACC6_2","ANNEEACC6_3","ANNEEACC6_4","ANNEEACC6_5","NBACC7","ACCFREQUENCE7","ANNEEACC7_1","ANNEEACC7_2","ANNEEACC7_3","ANNEEACC7_4","ANNEEACC7_5","NBACC8","ACCFREQUENCE8","ANNEEACC8_1","ANNEEACC8_2","ANNEEACC8_3","ANNEEACC8_4","ANNEEACC8_5","NBACC9","ACCFREQUENCE9","ANNEEACC9_1","ANNEEACC9_2","ANNEEACC9_3","ANNEEACC9_4","ANNEEACC9_5","NBACC10","ACCFREQUENCE10","ANNEEACC10_1","ANNEEACC10_2","ANNEEACC10_3","ANNEEACC10_4","ANNEEACC10_5","NBACC11","ACCFREQUENCE11","ANNEEACC11_1","ANNEEACC11_2","ANNEEACC11_3","ANNEEACC11_4","ANNEEACC11_5","NBACC12","ACCFREQUENCE12","ANNEEACC12_1","ANNEEACC12_2","ANNEEACC12_3","ANNEEACC12_4","ANNEEACC12_5","NBACC13","ACCFREQUENCE13","ANNEEACC13_1","ANNEEACC13_2","ANNEEACC13_3","ANNEEACC13_4","ANNEEACC13_5","NBACC14","ACCFREQUENCE14","ANNEEACC14_1","ANNEEACC14_2","ANNEEACC14_3","ANNEEACC14_4","ANNEEACC14_5","AUTRESACC","NBAUTRESACC","TOTAL_AC","ANNEEAUTREACC1","ANNEEAUTREACC2","ANNEEAUTREACC3","ANNEEAUTREACC4","ANNEEAUTREACC5","LIEUAUTREACC1","LIEUAUTREACC2","LIEUAUTREACC3","LIEUAUTREACC4","LIEUAUTREACC5","DESCRIPTIONAUTRESACC1","DESCRIPTIONAUTRESACC2","DESCRIPTIONAUTRESACC3","DESCRIPTIONAUTRESACC4","DESCRIPTIONAUTRESACC5","NBAUTRESACCCIRCUIT","NBAUTRESTOUTTERRAIN","EXPCYCLO","EXP125","EXPSUP125","ACCORDNEXTQ","CHOIXACC","RGPMTACC","RECUPANNEE","RECUPLIEU","RECUPANNE","RGPMTAC","CHOIX1","CHOIX2","CHOIX3","CHOIX4","CHOIX5","CHOIX6","CHOIX7","DESCRIPTION","RUPTURE","FAITS","ABS_REACTION","AUTRE_REACTION","PRECISIONREACTIONOUI","RECUL","PRECISIONREACTIONNON","IMPACTCOMPORTEMENT","AUTREUSAGER","REACTIONAUTREUSAGER","CONNAISSANCEREACTIONUSAGER","DIFFICULTES","AGGRAVATION","DIFFICULTES2","EMOTIONS1","EMOTIONS2","EMOTIONS3","EMOTIONS4","EMOTIONS5","EMOTIONS6","AUTRESENTIMENT","CLASSEMENTEMOTIONS1","CLASSEMENTEMOTIONS","CLASSEMENTEMOTIONS5","CLASSEMENTEMOTIONS6","CLASSEMENTEMOTIONS7","CLASSEMENTEMOTIONS8","CLASSEMENTEMOTIONS9","EXPLICATIONRESSENTI","BIENEQUIPE","ALLURE","ALLUREVITEDETAIL","ALLURELENTEDETAIL","SITUATIONPRESSE","SITUATIONDISTRAIT","SITUATIONCONFIANT","SITUATIONCONTROLE","SITUATIONLUDIQUE","SITUATIONPERF","SITUATIONSTRESS","SITUATIONFATIGUE","HUMEURNEUTRE","HUMEURGAI","HUMEURMECONTENT","HUMEURTRISTE","HUMEURCOLERE","CONTRIBUTION1","CONTRIBUTION2","CONTRIBUTION3","CONTRIBUTION4","CONTRIBUTION5","CONTRIBUTION6","CONTRIBUTION7","CONTRIBUTION8","CONTRIBUTION9","ROLEINFRA","ELEMENTINFRA1","ELEMENTINFRA2","ELEMENTINFRA3","ELEMENTINFRA4","ELEMENTINFRA5","ELEMENTINFRA6","ELEMENTINFRA7","ELEMENTINFRA8","ELEMENTINFRA9","ALCOOL","TXALCOOL","STUP","SEMAINE","MOMENTJOURNEE","TEMPS","CAUSEACC1","CAUSEACC2","CAUSEACC3","CAUSEACC4","CAUSEACC5","FORMATIONCAUSE","FORMATION1","FORMATION2","FORMATION3","FORMATION4","FORMATION5","TRAFIC","CHAUSSEE1","CHAUSSEE2","CHAUSSEE3","CHAUSSEE4","TYPEACC","BLESSURE","TETE","COU","THORAX","MEMBRESSUP","COLONNE","BASSIN","MEMBRESINF","HOPITAL","PLUS24H","TRAJET","TYPEROUTE","MOTIF","SENSTRAJET","PASSAGER","VITESSE","DESCEQ1","DESCEQ2","DESCEQ3","DESCEQ4","DESCEQ5","DESCEQ6","DESCEQ7","DESCEQ8","DESCEQ9","DESCEQ10","VEHICULEETE","VEHICULEAUTOMNE","VEHICULEPRINTEMPS","VEHICULEHIVER","VEHICULESEMAINE","VEHICULEWE","VEHMARQUE","VEHCYLINDREE","VEHMODELE","VEHSEGMENT","VEHSIDE","EQ2RMABS","EQ2RMCBS","EQ2RMABSCBS","EQ2RMREGULATEUR","EQ2RMLIMITEUR","EQ2RMPHARESDIRECT","EQ2RMCOUPURE","EQ2RMANTIPATINAGE","EQ2RMANTIXHEELING","EQ2RMSTABILILTE","VEHKM","POINTS","DUREE","AUTRE2RM","VEHPRECMARQUE","VEHPRECCYLINDREE","VEHPRECMODELE","VEHPRECSEGMENT","VEHPRECSIDE","TEMPS2RMPREC","FREQVEHPREC","DATE_NAISS","CSP","SOCIETAIRE","SALARIE","SECTEUR2RM","NBPERSFOYER","SITFAM","NBENF","TRNBENF1","TRNBENF2","TRNBENF3","TRNBENF4","NBAUTOFOYER","NBCYCLOFOYER","NBSCOOTFOYER","NBMOTOFOYER","NBTRIKEFOYER","NB2RMCONDUIT","MARQUE1","CYLINDREE1","MODELE1","SEGMENT1","SIDE1","ANMISECIRCU1","ASS1","FREQ1","USAGE1","NBKM1","GARAGE1","MARQUE2","CYLINDREE2","MODELE2","SEGMENT2","SIDE2","ANMISECIRCU2","ASS2","FREQ2","USAGE2","NBKM2","GARAGE2","MARQUE3","CYLINDREE3","MODELE3","SEGMENT3","SIDE3","ANMISECIRCU3","ASS3","FREQ3","USAGE3","NBKM3","GARAGE3","MARQUE4","CYLINDREE4","MODELE4","SEGMENT4","SIDE4","ANMISECIRCU4","ASS4","FREQ4","USAGE4","NBKM4","GARAGE4","MARQUE5","CYLINDREE5","MODELE5","SEGMENT5","SIDE5","ANMISECIRCU5","ASS5","FREQ5","USAGE5","NBKM5","GARAGE5","NBKMTOT","PERMIS1","PERMIS2","PERMIS3","PERMIS4","PERMIS5","PERMIS6","PERMIS7","PERMIS8","PERMIS9","ANPERMIS1","ANPERMIS6","ANPERMIS7","ANPERMIS2","ANPERMIS3","ANPERMIS8","ANPERMIS9","ANPERMIS4","ANPERMIS5","X","X.1","X.2","isScooter"
"371",978,6583,"368",1,0,5,"","",NA,NA,NA,0,4,"","","",NA,NA,0,4,"","",NA,"",NA,0,2,"","",NA,NA,NA,0,4,"","","","","",0,3,"","","",NA,NA,1,3,"2010",NA,NA,NA,NA,0,3,"","","",NA,NA,0,4,"","","","","",0,4,"","","","","",0,4,"","","","","",0,2,"","",NA,NA,NA,1,2,"1978","","",NA,NA,0,2,"","",NA,NA,NA,1,5,7,"1978","NSP","2009","2010","2012","Le plessis trev","campagne","A86","Ne sais plus","Route montagne","Véhicule précédent suivi de trop près","ne sais pas","Heurté par l'arrière sur l'A86","Perte de l'avant de la moto et j'ai heurté le véhicule arrivant en sens inverse","J'ai du éviter un véhicule qui coupait un virage",0,5,2,3,33,1,73,"15",2009,"A86","2009","Autre(s) type(s) d'accident(s).","6","","",NA,"",NA,"","J'étais derrière un camion sur la file de gauche, les deux files de véhicules roulaient au pas lorsque j'ai été percuté par l'arrière par une voiture qui n'a pas anticipé le freinage. Le véhicule m'a semblé en surcharge, 3 personnes à bord mais le véhicule plein, une quatrième personne n'aurait pas pu rentrer, et une charge sur le toit. Je n'ai absolument pas vu ni entendu venir le sinistre. Le conducteur aurait pu m'éviter en emmenant son véhicule dans le rail de sécurité, mais il a voulu rester sur sa ligne jusqu'au bout et a choisi de me percuter. Il est à noter que pour une fois que je ne remontais pas les files de voitures j'ai eu un accident.","Pour moi c'est le non respect des distances de sécurité allié à la surcharge du véhicule qui m'a parue au dela de ce qu'elle aurait du être.","Je n'ai malheureusement rien pu anticiper, donc aucune action sur les commandes de ma machine.","3","0","","","Le choc arrière m'a surpris, il n'y a même pas eu de crissement des pneus.","2","0","","","","","","7","","",NA,NA,"","","",NA,NA,NA,NA,"",NA,"","2","4","","","1","1","4","1","1","1","1","1",1,4,4,4,4,10,NA,NA,NA,NA,NA,NA,NA,NA,2,"","","","",NA,NA,NA,NA,2,2,NA,2,2,1,1,0,100,0,0,0,"2","","","",NA,NA,"4","1","","",NA,2,1,7,NA,NA,NA,NA,NA,NA,1,0,1,"3","3",NA,0,5,1,10,2,5,NA,NA,NA,NA,"",NA,"4","4","4","4","4","NRP","HONDA","600","TRANSALP +35KW","TRAIL / SUPERMOTARD","2","1","1",1,1,1,"1",1,1,1,"1","60000","12","4","1","HONDA","600","SILVER WING","SCOOTER","2","4","4","02JUL1962","5","2","3",2,2,3,NA,"NRP","","","",0,0,0,3,0,3,"HONDA",1800,"GOLD WING","Routière / GT","2","2011","29",4,1,4000,"4","BMW","800","F800ST","Routière / GT","2","2006","29",4,1,2000,"4","KAWASAKI","1000","GTR","Routière / GT","2",2002,29,1,2,12000,"4","",NA,"","",NA,NA,NA,NA,NA,NA,"","",NA,"","",NA,NA,NA,NA,NA,NA,NA,18000,"2",4,7,8,9,NA,NA,NA,NA,"NRP","NRP","1978","1978","NRP","1981","1981","1980","NRP","","","","Motorcycle"
"372",2212,6583,"368",1,0,4,"","",NA,NA,NA,0,3,"","","",NA,NA,0,4,"","",NA,"",NA,0,4,"","",NA,NA,NA,0,4,"","","","","",0,3,"","","",NA,NA,1,4,"2009",NA,NA,NA,NA,0,4,"","","",NA,NA,4,5,"1978","1982","NSP","NSP","",0,3,"","","","","",0,4,"","","","","",0,2,"","",NA,NA,NA,1,4,"1979","","",NA,NA,0,3,"","",NA,NA,NA,1,1,7,"2009","","","","","Creteil","","","","","J'ai été percuté par l'arrière sur l'autoroute A86","","","","",0,5,2,3,34,1,31,"7",2009,"","2009","Autre(s) type(s) d'accident(s).","6","","",NA,"",NA,"","J'étais derrière un camion sur la file de gauche, les deux files de véhicules roulaient au pas lorsque j'ai été percuté par l'arrière par une voiture qui n'a pas anticipé le freinage. Le véhicule m'a semblé en surcharge, 3 personnes à bord mais le véhicule plein, une quatrième personne n'aurait pas pu rentrer, et une charge sur le toit. Je n'ai absolument pas vu ni entendu venir le sinistre. Le conducteur aurait pu m'éviter en emmenant son véhicule dans le rail de sécurité, mais il a voulu rester sur sa ligne jusqu'au bout et a choisi de me percuter. Il est à noter que pour une fois que je ne remontais pas les files de voitures j'ai eu un accident.","Pour moi c'est le non respect des distances de sécurité allié à la surcharge du véhicule qui m'a parue au dela de ce qu'elle aurait du être.","Je n'ai malheureusement rien pu anticiper, donc aucune action sur les commandes de ma machine.","3","0","","","Le choc arrière m'a surpris, il n'y a même pas eu de crissement des pneus.","2","0","","","","","","7","","",NA,NA,"","","",NA,NA,NA,NA,"",NA,"","2","4","","","1","1","4","1","1","1","1","1",1,4,4,4,4,10,NA,NA,NA,NA,NA,NA,NA,NA,2,"","","","",NA,NA,NA,NA,2,2,NA,2,2,1,1,0,100,0,0,0,"2","","","",NA,NA,"4","1","","",NA,2,1,7,NA,NA,NA,NA,NA,NA,1,0,1,"3","3",NA,0,5,1,10,2,5,NA,NA,NA,NA,"",NA,"4","4","4","4","4","NRP","HONDA","600","TRANSALP +35KW","TRAIL / SUPERMOTARD","2","1","1",1,1,1,"1",1,1,1,"1","60000","12","4","1","HONDA","600","SILVER WING","SCOOTER","2","4","4","02JUL1962","5","2","3",2,2,3,NA,"NRP","","","",0,0,0,3,0,3,"HONDA",1800,"GOLD WING","Routière / GT","2","2011","29",4,1,4000,"4","BMW","800","F800ST","Routière / GT","2","2006","29",4,1,2000,"4","KAWASAKI","1000","GTR","Routière / GT","2",2002,29,1,2,12000,"4","",NA,"","",NA,NA,NA,NA,NA,NA,"","",NA,"","",NA,NA,NA,NA,NA,NA,NA,18000,"2",4,7,8,9,NA,NA,NA,NA,"NRP","NRP","1978","1978","NRP","1981","1981","1980","NRP","","","","Motorcycle"
"373",56,6593,"44",1,0,2,"","",NA,NA,NA,0,4,"","","",NA,NA,0,4,"","",NA,"",NA,0,4,"","",NA,NA,NA,0,6,"","","","","",0,5,"","","",NA,NA,0,4,"",NA,NA,NA,NA,1,5,"NSP","","",NA,NA,1,4,"NSP","","","","",0,6,"","","","","",0,6,"","","","","",0,6,"","",NA,NA,NA,0,5,"","","",NA,NA,0,6,"","",NA,NA,NA,0,NA,2,"","","","","","","","","","","","","","","",NA,NA,0,0,12,1,36,"8",0,"","-1","Vous avez fait une sortie de route, une perte de contrôle ou une glissade puis avez percuté un obstacle fixe (panneau, arbre poteau ).","1","","",NA,"",NA,"","L'accident a eu lieu sur une petite route de campagne sous la pluie. Une voiture arrive face à moi en plein phare. je suis bien sur ébloui et que je ""retouve la vue"" je suis en entrée de virage. Immédiatement je freine AV et AR sauf que sur la route il y a des bandes en pavés formant une saillie de 1 ou 2 cm, ce qui a pour effets de faire ""sauter"" la roue avant et de la bloquer. Perte du contrôle avant de la moto = chute.","Voiture en plein phare Décoration par bandes pavés de la route (abord d'un golf)","J'étais seul car la voiture ne c'est pas arretée. Blocage de la roue avant du au freinage (réaction) sur un mauvais revêtement","NRP","0","","","Si je n'avais pas ralenti je serai dans le faussé aussi.","2","0","","","","","","2","6","",NA,NA,"","","",1,NA,NA,NA,"2",NA,"Le surprise de voir le virage devant moi, j'étais éblouis par la voiture. C'est comme si on vous demandez de fermer les yeux pendant trente second.","4","3","","","1","1","3","3","3","1","1","1",3,3,4,4,4,10,NA,NA,NA,NA,NA,NA,NA,NA,1,"3","","","",NA,NA,NA,NA,2,2,NA,2,1,2,2,0,60,0,35,5,"2","","","",NA,NA,"1","2","","",NA,2,1,4,NA,NA,NA,NA,NA,NA,1,0,2,"2","3",NA,0,40,1,2,3,4,9,NA,NA,NA,"",NA,"4","4","4","4","4","4","SUZUKI","750","GSX-F","Routière / GT","2","1","1",1,1,1,"1",2,1,1,"1","NSP","12","4","0","","","","","","","","01OCT1982","7","2","3",2,2,3,NA,"NRP","","","",2,0,0,1,0,1,"KAWASAKI",1700,"VN VOYAGER CUSTOM","CUSTOM","2","2011","24",1,2,30000,"7","","","","","","","",NA,NA,NA,"","","","","","",NA,NA,NA,NA,NA,"","",NA,"","",NA,NA,NA,NA,NA,NA,"","",NA,"","",NA,NA,NA,NA,NA,NA,NA,30000,"7",4,3,2,NA,NA,NA,NA,NA,"NRP","NRP","2001","2001","2005","NRP","NRP","2001","NRP","","","","Motorcycle"
"374",783,6607,"460",1,0,4,"","",NA,NA,NA,0,5,"","","",NA,NA,0,5,"","",NA,"",NA,1,4,"1971","",NA,NA,NA,0,5,"","","","","",0,3,"","","",NA,NA,0,3,"",NA,NA,NA,NA,0,4,"","","",NA,NA,0,3,"","","","","",0,5,"","","","","",0,6,"","","","","",0,4,"","",NA,NA,NA,0,5,"","","",NA,NA,0,4,"","",NA,NA,NA,1,2,3,"NSP","2014","","","","versailles","saint marcel","","","","voiture venant en sens interdit","perte d'équilibre a un feu tricolore du a un mauvais revêtement de la chausée","","","",0,0,2,0,23,1,71,"15",NA,"versailles","-1","Autre(s) type(s) d'accident(s).","2","","",NA,"",NA,"","En circulant dans une rue dont la chaussée est séparée par une ligne continue je me suis retrouvez nez a nez avec une voiture qui avait franchi cette ligne a fin de ne pas faire le tour du paté de maison et donc surpri j'ai chuté an ayant rfeiné un peu fort.","A 10 mùetres devant moi et roulant a 45km/h je n'ai pas vue d'autre chose a faire que de freiner.","voir le texte precedent","AUT|conscient mais etonné de la stupidité du conducteur","0","","","manque d'espace entre les deux véhicules","3","1","NSP","","sa betise","1","on ne coupe pas une ligne continue afin d'éviter de faire le tour du paté de maison","2","6","",NA,NA,"","","",2,NA,NA,NA,"1",NA,"ne pas gérer correctement la situation","4","3","","","1","2","3","3","3","1","1","1",2,4,4,4,4,5,NA,NA,NA,NA,NA,NA,NA,NA,1,"2","","","",NA,NA,NA,NA,2,2,NA,2,1,1,1,0,100,0,0,0,"2","","","",NA,NA,"1","1","","",NA,1,NA,NA,NA,NA,NA,NA,NA,NA,NA,NA,1,"1","1",1,0,45,1,10,2,3,4,7,8,NA,"",NA,"4","4","4","4","4","4","HONDA","750","RC45 (RVF-R)","SPORTIVE","2","1","1",1,1,1,"1",1,1,1,"1","8000","12","2","0","","","","","","","","28APR1942","9","1","2",2,1,1,NA,"NRP","","","",1,0,0,2,0,2,"BMW",1150,"R1150RT","Routière / GT","2","2002","37",2,1,10000,"4","YAMAHA","600","FZ6-N 78CV","ROADSTER","2","2003","37",2,1,5000,"4","","","","","",NA,NA,NA,NA,NA,"","",NA,"","",NA,NA,NA,NA,NA,NA,"","",NA,"","",NA,NA,NA,NA,NA,NA,NA,15000,"3",4,NA,NA,NA,NA,NA,NA,NA,"NRP","NRP","NRP","NRP","1992","NRP","NRP","1965","NRP","","","","Motorcycle"
"375",415,6616,"476",1,0,5,"","",NA,NA,NA,2,5,"2012","2014","",NA,NA,0,5,"","",NA,"",NA,0,4,"","",NA,NA,NA,0,4,"","","","","",0,5,"","","",NA,NA,0,4,"",NA,NA,NA,NA,0,3,"","","",NA,NA,1,4,"2014","","","","",0,6,"","","","","",0,6,"","","","","",0,3,"","",NA,NA,NA,1,4,"2012","","",NA,NA,0,2,"","",NA,NA,NA,0,NA,4,"","","","","","","","","","","","","","","",NA,NA,0,0,2,1,41,"9",2014,"","2014","Vous avez fait une sortie de route, une perte de contrôle ou une glissade sans rien percuter.","3","5","",NA,"",NA,"","J'ai rattrapé un automobiliste qui avait manqué de me percuter dans un rond point. J'ai ""vu rouge"", quand, après l'avoir klaxonné dans le rond point, il n'a eu aucune réaction. J'ai eu le sentiment qu'il ne m'avait pas vu, pas entendu, même après mon avertissement. Je l'ai rattrapé dans la sortie du rond point pour me mettre à son côté et l'insulter. Je reconnais que mon attitude était mauvaise. Mais quand la moutarde monte.... Après lui avoir dit, tout en roulant, ce que j'avais à lui dire, j'ai remis les gaz pour passer devant. Nous étions alors dans une grande courbe, la moto sur l'angle. La voiture qui nous précédait a alors pilé net (je n'ai d'ailleurs eu aucune explication de la part du conducteur quand je me suis relevé... Je pense qu'ils était ensemble) J'ai pilé du frein avant. Le train avant a glissé et je suis parti en glissade. Par chance, le conducteur devant moi m'a vu tomber et partir en glissade. Il a réaccéléré, ce qui m'a évité de m'encastrer sous sa voiture. J'ai glissé sur une vingtaine de mettre, la moto bien plus.... Résultat : une malléole cassée malgré des chaussure légère de moto, un genou en sang (je portai un simple jean) et rien sur le haut du corps grâce au blouson (qui lui, a pris cher à ma place..., gants lacérés, mais rien aux mains. Ma grosse frayeur a surtout été de me voir partir sous la voiture. Etant entièrement en tord, constatant que la moto n'avait pas grand chose (elle a fini sa course dans l'herbe), et n'ayant touché aucune des 2 voitures je n'ai pas fait de constat. Je ne me suis pas rendu compte de ma malléole cassée et ai laissé partir les 2 automobilistes.  Je suis reparti sur la moto après avoir appelé un ami pour qu'il m'accompagne. Je ne suis allé à l'hôpital que le soir, quand ma cheville avait c=doublé de volume...","Il n'y a pas eu qu'un seul élément. Tout d'abord, mon attitude : j'aurais du laissé partir l'automobiliste, sans chercher à m'expliquer avec lui Ensuite, le freinage : un gros coup de frein avant avec une moto en virage et sur l'angle, ça ne pardonne pas","1 : énervement ;) 2 : puis la remise des gaz pour passer devant la voiture 3 : le coup de frein La voiture que j'avais rattrapé n'a pas eu de réaction particulière à ce moment, sinon de piler quand je suis tombé devant elle La voiture de devant, elle, a pilé sans raison apparente ce qui a engendré mon freinage","NRP","1","Dans un premier temps, je ne me serais pas énervé et laissé partir la voiture devant moi, rien ne ce serait passé Après l'avoir rattrapé, je me serai remis derrière au lieu de la doubler (on était en courbe...) : rien ne ce serait passé Ensuite, avec plus d'expérience de conduite, plutôt que freiner, j'aurais peut être pu faire un évitement","Manque d'expérience","","2","1","2","","Le véhicule que j'avais rattrapé a du freiner très fort pour ne pas me rouler dessus Le véhicule de devant a eu le réflexe de réaccélérer","1","c'est l'attitude des 2 voitures, dont l'une a engendré ma réaction de colère, et l'autre mon coup de frein","3","5","6",NA,NA,"","","",NA,1,NA,3,"2",NA,"Il n'y avait aucune raison pour que le véhicule devant freine : la route était parfaitement dégagée devant lui","2","1","3","","1","2","4","2","3","1","1","1",3,4,4,4,4,5,7,NA,NA,NA,NA,NA,NA,NA,2,"","","","",NA,NA,NA,NA,2,2,NA,2,2,1,1,60,40,0,0,0,"2","","","",NA,NA,"1","1","","",NA,2,1,7,NA,NA,NA,NA,NA,NA,1,0,2,"2","3",NA,0,70,1,10,2,3,4,NA,NA,NA,"",NA,"4","4","4","4","4","4","HONDA","600","CB-F","ROADSTER","2","1","1",1,1,1,"1",1,1,1,"1","18000","12","3","0","","","","","","","","25MAY1964","5","2","3",2,1,1,NA,"NRP","","","",2,0,0,1,0,1,"HONDA",600,"CB-F ""N""","ROADSTER","2","2009","18",2,2,10000,"6","","","","","","","",NA,NA,NA,"","","","","","",NA,NA,NA,NA,NA,"","",NA,"","",NA,NA,NA,NA,NA,NA,"","",NA,"","",NA,NA,NA,NA,NA,NA,NA,10000,"4",3,2,7,8,NA,NA,NA,NA,"NRP","NRP","1983","1983","2012","2012","NRP","1983","NRP","","","","Motorcycle"
"376",1113,6662,"421",1,0,5,"","",NA,NA,NA,0,4,"","","",NA,NA,0,4,"","",NA,"",NA,0,1,"","",NA,NA,NA,0,5,"","","","","",0,3,"","","",NA,NA,0,2,"",NA,NA,NA,NA,0,5,"","","",NA,NA,3,6,"2011","2012","2013","","",0,4,"","","","","",0,5,"","","","","",0,4,"","",NA,NA,NA,0,5,"","","",NA,NA,0,3,"","",NA,NA,NA,0,NA,3,"","","","","","","","","","","","","","","",NA,NA,4,0,4,1,41,"9",2011,"","2011","Vous avez fait une sortie de route, une perte de contrôle ou une glissade sans rien percuter.","2","","",NA,"",NA,"","Zone montagneuse, virage gauche en descendant, voie côté du vide. En entrant dans le virage, à allure légèrement trop rapide pour mon niveau de l'époque, je vois des aiguilles de pin sur la partie la plus à droite de ma voie, sur toute la longueur du virage.  Je me suis dit ""si je mets une roue dessus, je tombe"". Je fixe ces aiguilles de pin, je vois que plus le virage passe, plus je m'en rapproche, je choisis de freiner, mais la moto continue d'aller vers ces aiguilles de pins. En toute fin de virage, la roue avant passe dessus, glisse et me fait chuter. La moto glisse 2 mètres, moi également (vitesse faible juste avant de tomber).  Erreur de débutant : fixer le danger au lieu de fixer la sortie de virage. Cette chute m'a permis d'acquérir ce réflexe : s'il y a un danger sur la voie, ou que la vitesse semble trop rapide dans un virage, fixer la sortie de virage permet dans la plupart des cas de passer en anglant plus.","La vitesse inadaptée et le regard mal placé.","Entrée dans le virage et vue des aiguilles de pins : -regard sur les aiguilles, je me crispe sur le guidon, et relache les gaz  Milieu de virage :  - Je vois que cela risque de ne pas passer : je freine de l'avant. Regard toujours sur les aiguilles, bras toujours crispé  Fin de virage :  - Freinage soutenu, j'espère m'arréter avant les aiguilles. Ce n'est pas le cas, la roue avant passe sur les aiguilles et décroche immédiatement.   Des amis derrière s'arrêtent en amont de ma chute dès qu'ils me voient, moins d'une dizaine de secondes après. J'essaie de relever ma moto, un d'eux m'en empêche, et m'oblige à m'asseoir, pendant qu'il le fait.   Après avoir vérifié que la moto est roulante et que je n'ai rien, et avoir attendu une 10aine de minutes se remettre, nous repartons.","NRP","1","Regard mieux placé, ça passait tout seul.","Inexpérience.","","2","0","","","","","","3","6","",NA,NA,"","","",NA,2,NA,NA,"1",NA,"Impuissance d'éviter la chute alors que je la voyais venir.","4","1","1","","3","1","2","3","3","1","2","2",4,1,4,4,4,1,NA,NA,NA,NA,NA,NA,NA,NA,2,"","","","",NA,NA,NA,NA,2,2,NA,2,1,1,1,100,0,0,0,0,"1","1","","",NA,NA,"1","AUT|aiguille de pins, donc glissante","","",NA,1,NA,NA,NA,NA,NA,NA,NA,NA,NA,NA,3,"2","3",NA,0,70,1,2,3,4,7,9,NA,NA,"",NA,"3","2","3","2","3","2","KAWASAKI","500","GPZ-S","Routière / GT","2","1","1",1,1,1,"1",1,1,1,"1","37000","12","2","1","APRILIA","50","SR WWW","SCOOTER","2","4","3","22OCT1987","5","1","3",2,1,1,NA,"NRP","","","",1,0,0,1,0,1,"KAWASAKI",500,"GPZ-S","Routière / GT","2","1999","37",3,1,5000,"6","","","","","","","",NA,NA,NA,"","","","","","",NA,NA,NA,NA,NA,"","",NA,"","",NA,NA,NA,NA,NA,NA,"","",NA,"","",NA,NA,NA,NA,NA,NA,NA,5000,"1",3,4,NA,NA,NA,NA,NA,NA,"2006","NRP","NRP","NRP","2010","NRP","NRP","2005","NRP","","","","Motorcycle"
"377",522,6685,"480",1,0,3,"","",NA,NA,NA,0,2,"","","",NA,NA,0,4,"","",NA,"",NA,0,3,"","",NA,NA,NA,0,4,"","","","","",0,4,"","","",NA,NA,0,2,"",NA,NA,NA,NA,0,4,"","","",NA,NA,1,3,"2012","","","","",0,3,"","","","","",0,4,"","","","","",0,3,"","",NA,NA,NA,1,3,"2013","","",NA,NA,0,4,"","",NA,NA,NA,0,NA,2,"","","","","","","","","","","","","","","",NA,NA,0,0,5,1,41,"9",2012,"","2012","Vous avez fait une sortie de route, une perte de contrôle ou une glissade sans rien percuter.","AUT|Le moins grave","","",NA,"",NA,"","Dans un virage avec une visibilité moindre, approchant de la vitesse maximale autorisé, je me suis déporté vers le bord de la chaussé, mais les graviers présent m'ont fait glisser sur l'exterieur de la route","La vitesse et le manque de visibilité et le manque d'adhérance du aux gravier présent sur le bord de la chaussé","Freinage","NRP","1","Vitesse plus réduite, meilleur appréhension du virage (bien tourner le tête)","Vitesse plus élevé du aux passage à cette vitesse (en dessous du max) sans encombres (virage plus serré que les autres, avec moins de visibilité). Mauvaise habitude de regarde ""là ou on passe"" (regard proche) et pas ""la ou on va"" (regarder loin)","","2","0","","","","","","6","","",NA,NA,"","","",NA,NA,NA,NA,"1",NA,"Courbe du virage trop large, distance de freinage insuffisante","3","1","2","","1","1","2","3","3","2","1","2",4,1,4,4,4,5,NA,NA,NA,NA,NA,NA,NA,NA,1,"5","","","",NA,NA,NA,NA,2,2,NA,2,1,1,1,65,0,0,35,0,"2","","","",NA,NA,"1","4","","",NA,1,NA,NA,NA,NA,NA,NA,NA,NA,NA,NA,3,"2","3",NA,0,40,1,10,2,3,4,7,NA,NA,"",NA,"3","3","3","3","3","3","YAMAHA","750","XJ SECA","ROADSTER","2","1","1",1,1,1,"1",1,1,1,"1","40000","10","2","0","","","","","","","","18OCT1985","4","1","3",2,2,3,NA,"NRP","","","",0,0,0,1,0,1,"DUCATI",796,"MONSTER ABS","ROADSTER","2","2012","37",1,2,12000,"6","","","","","","","",NA,NA,NA,"","","","","","",NA,NA,NA,NA,NA,"","",NA,"","",NA,NA,NA,NA,NA,NA,"","",NA,"","",NA,NA,NA,NA,NA,NA,NA,12000,"4",3,NA,NA,NA,NA,NA,NA,NA,"NRP","NRP","NRP","NRP","2011","NRP","NRP","2004","NRP","","","","Motorcycle"