"","Ligne","Ligne.Q.qualif","Ligne.approfondissement.Accident","ACCIDENT","NBACC1","ACCFREQUENCE1","ANNEEACC1_1","ANNEEACC1_2","ANNEEACC1_3","ANNEEACC1_4","ANNEEACC1_5","NBACC2","ACCFREQUENCE2","ANNEEACC2_1","ANNEEACC2_2","ANNEEACC2_3","ANNEEACC2_4","ANNEEACC2_5","NBACC3","ACCFREQUENCE3","ANNEEACC3_1","ANNEEACC3_2","ANNEEACC3_3","ANNEEACC3_4","ANNEEACC3_5","NBACC4","ACCFREQUENCE4","ANNEEACC4_1","ANNEEACC4_2","ANNEEACC4_3","ANNEEACC4_4","ANNEEACC4_5","NBACC5","ACCFREQUENCE5","ANNEEACC5_1","ANNEEACC5_2","ANNEEACC5_3","ANNEEACC5_4","ANNEEACC5_5","NBACC6","ACCFREQUENCE6","ANNEEACC6_1","ANNEEACC6_2","ANNEEACC6_3","ANNEEACC6_4","ANNEEACC6_5","NBACC7","ACCFREQUENCE7","ANNEEACC7_1","ANNEEACC7_2","ANNEEACC7_3","ANNEEACC7_4","ANNEEACC7_5","NBACC8","ACCFREQUENCE8","ANNEEACC8_1","ANNEEACC8_2","ANNEEACC8_3","ANNEEACC8_4","ANNEEACC8_5","NBACC9","ACCFREQUENCE9","ANNEEACC9_1","ANNEEACC9_2","ANNEEACC9_3","ANNEEACC9_4","ANNEEACC9_5","NBACC10","ACCFREQUENCE10","ANNEEACC10_1","ANNEEACC10_2","ANNEEACC10_3","ANNEEACC10_4","ANNEEACC10_5","NBACC11","ACCFREQUENCE11","ANNEEACC11_1","ANNEEACC11_2","ANNEEACC11_3","ANNEEACC11_4","ANNEEACC11_5","NBACC12","ACCFREQUENCE12","ANNEEACC12_1","ANNEEACC12_2","ANNEEACC12_3","ANNEEACC12_4","ANNEEACC12_5","NBACC13","ACCFREQUENCE13","ANNEEACC13_1","ANNEEACC13_2","ANNEEACC13_3","ANNEEACC13_4","ANNEEACC13_5","NBACC14","ACCFREQUENCE14","ANNEEACC14_1","ANNEEACC14_2","ANNEEACC14_3","ANNEEACC14_4","ANNEEACC14_5","AUTRESACC","NBAUTRESACC","TOTAL_AC","ANNEEAUTREACC1","ANNEEAUTREACC2","ANNEEAUTREACC3","ANNEEAUTREACC4","ANNEEAUTREACC5","LIEUAUTREACC1","LIEUAUTREACC2","LIEUAUTREACC3","LIEUAUTREACC4","LIEUAUTREACC5","DESCRIPTIONAUTRESACC1","DESCRIPTIONAUTRESACC2","DESCRIPTIONAUTRESACC3","DESCRIPTIONAUTRESACC4","DESCRIPTIONAUTRESACC5","NBAUTRESACCCIRCUIT","NBAUTRESTOUTTERRAIN","EXPCYCLO","EXP125","EXPSUP125","ACCORDNEXTQ","CHOIXACC","RGPMTACC","RECUPANNEE","RECUPLIEU","RECUPANNE","RGPMTAC","CHOIX1","CHOIX2","CHOIX3","CHOIX4","CHOIX5","CHOIX6","CHOIX7","DESCRIPTION","RUPTURE","FAITS","ABS_REACTION","AUTRE_REACTION","PRECISIONREACTIONOUI","RECUL","PRECISIONREACTIONNON","IMPACTCOMPORTEMENT","AUTREUSAGER","REACTIONAUTREUSAGER","CONNAISSANCEREACTIONUSAGER","DIFFICULTES","AGGRAVATION","DIFFICULTES2","EMOTIONS1","EMOTIONS2","EMOTIONS3","EMOTIONS4","EMOTIONS5","EMOTIONS6","AUTRESENTIMENT","CLASSEMENTEMOTIONS1","CLASSEMENTEMOTIONS","CLASSEMENTEMOTIONS5","CLASSEMENTEMOTIONS6","CLASSEMENTEMOTIONS7","CLASSEMENTEMOTIONS8","CLASSEMENTEMOTIONS9","EXPLICATIONRESSENTI","BIENEQUIPE","ALLURE","ALLUREVITEDETAIL","ALLURELENTEDETAIL","SITUATIONPRESSE","SITUATIONDISTRAIT","SITUATIONCONFIANT","SITUATIONCONTROLE","SITUATIONLUDIQUE","SITUATIONPERF","SITUATIONSTRESS","SITUATIONFATIGUE","HUMEURNEUTRE","HUMEURGAI","HUMEURMECONTENT","HUMEURTRISTE","HUMEURCOLERE","CONTRIBUTION1","CONTRIBUTION2","CONTRIBUTION3","CONTRIBUTION4","CONTRIBUTION5","CONTRIBUTION6","CONTRIBUTION7","CONTRIBUTION8","CONTRIBUTION9","ROLEINFRA","ELEMENTINFRA1","ELEMENTINFRA2","ELEMENTINFRA3","ELEMENTINFRA4","ELEMENTINFRA5","ELEMENTINFRA6","ELEMENTINFRA7","ELEMENTINFRA8","ELEMENTINFRA9","ALCOOL","TXALCOOL","STUP","SEMAINE","MOMENTJOURNEE","TEMPS","CAUSEACC1","CAUSEACC2","CAUSEACC3","CAUSEACC4","CAUSEACC5","FORMATIONCAUSE","FORMATION1","FORMATION2","FORMATION3","FORMATION4","FORMATION5","TRAFIC","CHAUSSEE1","CHAUSSEE2","CHAUSSEE3","CHAUSSEE4","TYPEACC","BLESSURE","TETE","COU","THORAX","MEMBRESSUP","COLONNE","BASSIN","MEMBRESINF","HOPITAL","PLUS24H","TRAJET","TYPEROUTE","MOTIF","SENSTRAJET","PASSAGER","VITESSE","DESCEQ1","DESCEQ2","DESCEQ3","DESCEQ4","DESCEQ5","DESCEQ6","DESCEQ7","DESCEQ8","DESCEQ9","DESCEQ10","VEHICULEETE","VEHICULEAUTOMNE","VEHICULEPRINTEMPS","VEHICULEHIVER","VEHICULESEMAINE","VEHICULEWE","VEHMARQUE","VEHCYLINDREE","VEHMODELE","VEHSEGMENT","VEHSIDE","EQ2RMABS","EQ2RMCBS","EQ2RMABSCBS","EQ2RMREGULATEUR","EQ2RMLIMITEUR","EQ2RMPHARESDIRECT","EQ2RMCOUPURE","EQ2RMANTIPATINAGE","EQ2RMANTIXHEELING","EQ2RMSTABILILTE","VEHKM","POINTS","DUREE","AUTRE2RM","VEHPRECMARQUE","VEHPRECCYLINDREE","VEHPRECMODELE","VEHPRECSEGMENT","VEHPRECSIDE","TEMPS2RMPREC","FREQVEHPREC","DATE_NAISS","CSP","SOCIETAIRE","SALARIE","SECTEUR2RM","NBPERSFOYER","SITFAM","NBENF","TRNBENF1","TRNBENF2","TRNBENF3","TRNBENF4","NBAUTOFOYER","NBCYCLOFOYER","NBSCOOTFOYER","NBMOTOFOYER","NBTRIKEFOYER","NB2RMCONDUIT","MARQUE1","CYLINDREE1","MODELE1","SEGMENT1","SIDE1","ANMISECIRCU1","ASS1","FREQ1","USAGE1","NBKM1","GARAGE1","MARQUE2","CYLINDREE2","MODELE2","SEGMENT2","SIDE2","ANMISECIRCU2","ASS2","FREQ2","USAGE2","NBKM2","GARAGE2","MARQUE3","CYLINDREE3","MODELE3","SEGMENT3","SIDE3","ANMISECIRCU3","ASS3","FREQ3","USAGE3","NBKM3","GARAGE3","MARQUE4","CYLINDREE4","MODELE4","SEGMENT4","SIDE4","ANMISECIRCU4","ASS4","FREQ4","USAGE4","NBKM4","GARAGE4","MARQUE5","CYLINDREE5","MODELE5","SEGMENT5","SIDE5","ANMISECIRCU5","ASS5","FREQ5","USAGE5","NBKM5","GARAGE5","NBKMTOT","PERMIS1","PERMIS2","PERMIS3","PERMIS4","PERMIS5","PERMIS6","PERMIS7","PERMIS8","PERMIS9","ANPERMIS1","ANPERMIS6","ANPERMIS7","ANPERMIS2","ANPERMIS3","ANPERMIS8","ANPERMIS9","ANPERMIS4","ANPERMIS5","X","X.1","X.2","isScooter"
"378",645,6688,"293",1,0,6,"","",NA,NA,NA,0,4,"","","",NA,NA,0,5,"","",NA,"",NA,0,5,"","",NA,NA,NA,0,2,"","","","","",0,4,"","","",NA,NA,0,3,"",NA,NA,NA,NA,0,5,"","","",NA,NA,1,5,"2009","","","","",0,1,"","","","","",0,6,"","","","","",0,2,"","",NA,NA,NA,0,6,"","","",NA,NA,0,3,"","",NA,NA,NA,0,NA,1,"","","","","","","","","","","","","","","",NA,NA,4,4,14,1,41,"9",2009,"","2009","Vous avez fait une sortie de route, une perte de contrôle ou une glissade sans rien percuter.","1","","",NA,"",NA,"","de retour d'une formation dans Paris en scooter x9 125 avenue des Ternes je croise un enjoliveur en plastique que j'évite je ne vois pas le cerclage en acier qui s'était détaché et me retrouve par terre, asssommé le cerclage s'est pris dans ma roue AV, l'a bloquée, a arraché l'étrier de frein, le garde-boue, ... arrêt très brutal rien pu faire ! main gauche cassée, deux opérations","je ne me suis rendu compte de rien ce qui m'a fait prendre conscience que, malgré une conduite prudente, le fait d'avoir le permis moto depuis plusieurs années, être bien protégé (intégral, dorsale, gants renforcés,...), je reste vulnérable même en l'absence de tiers","seul souvenir, le crissement du pneu avant et avoir pris le ""sol dans la figure"" (pas eu la sensation de tomber) les voitures derrière m'ont évité, mais je ne m'en souviens pas pas de tiers, pas de passager, seulement un débris","3","0","","","je n'ai pas vu le débris. je suis depuis méfiant en voyant un enjoliveur sur la route et guette le fil d'acier. J'ai changé de scooter pour un 3 roues et ai acheté un gilet airbag.","2","0","","","","","","7","","",NA,NA,"","","",NA,NA,NA,NA,"",NA,"","4","3","","","1","2","3","4","1","1","1","3",4,3,4,4,4,10,NA,NA,NA,NA,NA,NA,NA,NA,1,"5","","","",NA,NA,NA,NA,2,2,NA,2,1,1,1,0,0,0,100,0,"2","","","",NA,NA,"2","1","","",NA,2,1,4,NA,NA,NA,NA,NA,NA,1,1,2,"1","1",2,0,60,1,10,2,4,7,NA,NA,NA,"",NA,"4","4","4","4","4","2","PIAGGIO","125","X9 EVO","SCOOTER","2","1","1",1,1,1,"1",1,1,1,"1","20000","12","4","1","DUCATI","600","MONSTER DARK","ROADSTER","null","4","2","02NOV1973","5","1","3",2,4,4,2,"NRP","","","",1,0,1,4,0,5,"PIAGGIO",250,"MP3 LT (TM)","SCOOTER","2","2008","37",1,2,2000,"4","YAMAHA","500","XT","TRAIL / SUPERMOTARD","2","1980","37",4,1,500,"4","SUZUKI","750","GSX-R","SPORTIVE","2",1988,37,4,1,500,"4","HONDA",750,"CB ""K6""","ROADSTER",2,1978,37,4,1,500,"4","KAWASAKI",900,"GPZ-R NINJA","Routière / GT",2,1986,37,4,1,500,4,4000,"3",4,NA,NA,NA,NA,NA,NA,NA,"NRP","NRP","NRP","NRP","2001","NRP","NRP","1991","NRP","","","","Motorcycle"
"379",492,6689,"385",1,0,4,"","",NA,NA,NA,1,6,"2005","","",NA,NA,1,6,"2005","",NA,"",NA,1,4,"2006","",NA,NA,NA,0,4,"","","","","",0,6,"","","",NA,NA,0,3,"",NA,NA,NA,NA,0,6,"","","",NA,NA,4,6,"1996","1997","2004","2006","",0,4,"","","","","",0,6,"","","","","",0,1,"","",NA,NA,NA,1,3,"1997","","",NA,NA,0,6,"","",NA,NA,NA,1,1,9,"2006","","","","","brioude","","","","","1er jours des vacances, en roulant, perte de mon sac de couchage qui est passé dans la roue arrière et s'est bloqué entre le bras oscillant et le pneu... dérapage et paf. Depuis je charge correctement mes bagages!!!","","","","",0,0,4,0,13,1,16,"4",2006,"","2006","Vous circuliez derrière un véhicule. Vous avez entrepris de dépasser ce véhicule par la droite et celui-ci vous a coupé la route en tournant à droite.","5","AUT|je vais vous parler d'un autre accident, car celui ci c'était un presque accident car la voiture s'est stoppée en m'entendant accelerer merci les pots MIG","",NA,"",NA,"","Nous étions en 2006, moi 25 ans, 10 000km d'expérience de roulage sur route avec mon 850 TRX et ma 650 SV... Mes 5 copains copines en motos et moi partons pour notre premier jour de vacances direction chez mon tonton Benoit en Auvergne. On charge les sacs en 2 temps trois mouvements. 2 duvets dans un sac poubelle attachés sur le siège passager de mon SV. On part, on roule bien, route de montagne on gaz, autoroute, on sort de l'autoroute, puis à 2km avant d'arriver chez Benoit (c moi qui ouvre la route car c MON tonton) je ne vois plus les copines dans les rétros... Z'ont du se perdre... je fais demi tour et je les croisent en me faisant des signes que je ne comprends pas... Je reprends la direction de chez tonton et dans une belle ligne droite j'accelere et là c le bug, le moteur se coupe, voyants allumés, je débraille... Ma roue arrière s'est bloquée, je dérape, je reste debout le plus longtemps possible (80m de dérapage photo à l'appui)!!! Et paf je couche la moto sur le coté... Je me relève, je fais l bilan, c bon rien de cassé sur le bonhomme, la brèle: platine repose pied droit cassé et qq rayures... Mais d'ou vient ce blocage de roue? DU DUVET DE MON AMI ALEX QUI S'EST COINCE DANS MON BRAS OSCILLANT!!!  En roulant le sac poubelle dans lequel nous avions mis les duvets s'est coupé, un premier duvet est tombé (mes potes l'ont ramassés) et le deuxieme est tombé dans ma roue arrière...  Moralité faut charger tranquillement avec des vrais sacs costauds...","Roue arrière bloquée sans prévenir.","Tous les voyants se sont allumés sur tableau de bord, j'ai pensé panne ou casse moteur, j'ai débraillé, puis j'ai tenu la machine en équilibre le plus longtemps possible...","NRP","1","J'aurais pus regarder en roulant (dérapant) sur ma machine d'ou venait le hic... Et la j crois que je serais aller par terre de suite (perte d'équilibre)","Ca va très vite, qq secondes","","2","0","","","","","","1","3","6",NA,NA,"","","1",NA,2,NA,NA,"3",NA,"Je vais tomber avec ma bécane, je vais me casser qq chose...","3","3","","","3","1","3","3","3","2","1","2",1,1,4,4,4,1,4,5,NA,NA,NA,NA,NA,NA,1,"2","AUT|Merci aux concepteurs de cette route en ligne droite...","","",NA,NA,NA,NA,2,2,NA,2,2,3,1,100,0,0,0,0,"2","","","",NA,NA,"1","1","","",NA,1,NA,NA,NA,NA,NA,NA,NA,NA,NA,NA,2,"2","3",NA,0,90,1,10,2,3,4,NA,NA,NA,"",NA,"4","4","4","4","4","4","SUZUKI","650","SV-S","SPORTIVE","2","1","1",1,1,1,"1",1,1,1,"1","15000","12","4","1","YAMAHA","850","TRX","Routière / GT","2","4","3","19DEC1981","7","1","3",2,3,4,1,"NRP","","","",2,0,0,4,0,3,"GAS GAS",300,"EC ENDUCROSS","TOUT TERRAIN (TRIAL / ENDURO / CROSS)","2","2011","37",3,1,2000,"7","HONDA","500","CB","ROADSTER","2","1998","28",3,2,5000,"7","HONDA","500","CB","ROADSTER","2",1998,16,3,2,5000,"7","",NA,"","",NA,NA,NA,NA,NA,NA,"","",NA,"","",NA,NA,NA,NA,NA,NA,NA,12000,"1",3,4,NA,NA,NA,NA,NA,NA,"1995","NRP","NRP","NRP","2002","NRP","NRP","1999","NRP","","","","Motorcycle"
"380",481,6704,"450",1,0,3,"","",NA,NA,NA,0,2,"","","",NA,NA,0,4,"","",NA,"",NA,0,5,"","",NA,NA,NA,1,5,"2005","","","","",0,4,"","","",NA,NA,0,3,"",NA,NA,NA,NA,0,3,"","","",NA,NA,0,3,"","","","","",0,4,"","","","","",0,4,"","","","","",0,3,"","",NA,NA,NA,1,4,"2014","","",NA,NA,0,3,"","",NA,NA,NA,0,NA,2,"","","","","","","","","","","","","","","",NA,NA,14,0,14,1,61,"13",2014,"","2014","Vous circuliez derrière un véhicule. Ce véhicule a freiné ou a ralenti et vous lavez percuté par larrière.","4","","",NA,"",NA,"","Je circulais pour une fois en pleine voie sur une portion d'autoroute le long des quais du rhone à Lyon à peu pret à la vitesse réglementaire de 70km/h derrière une estafette d'artisan. Un freinage brusque de celle ci m'a surpris et je n'ai pu m'arrêter sans la percuter et tomber. Pour moi en dehors de mon temps de réaction et des distances surement trop courtes, ma moto ayant de suspension trop molle a trop absobé le freinage. Depuis j'en ai changé et j'ai pris l'abs.","Distances trop courte pour un freinage d'urgence, suspension trop molle et sans abs","aucune idée, j'ai freiné et tenté de géré le blocage des roues jusqu'a l'impact qui m'a semblé inévitable des le blocage des roues","NRP","1","ne pas rester derrière une estafette qui bloque toute visibilité au delà. Etre en interfile ce qui me donne plus de visibilité","Pour l'estafette et la distance de securité je pense que c'est par meconnaissance du risque Pour l'interfile je m'adapte au traffic et ce jour là je le trouvait trop chargé.","","2","1","2","","NSP","1","en amont quelqu'un a engendré ce freinage d'urgence en cascade mais aucune chance de remonté jusqu'a cette cause","6","9","",NA,NA,"","de la fatalité","",NA,NA,NA,NA,"1",2,"je ne pouvais plus rien faire pour eviter l'impact","3","3","","","1","2","3","4","1","1","1","3",5,4,5,4,4,7,NA,NA,NA,NA,NA,NA,NA,NA,2,"","","","",NA,NA,NA,NA,2,2,NA,2,1,1,1,80,20,0,0,0,"NSP","","","",NA,NA,"3","2","","",NA,2,1,4,6,7,NA,NA,NA,NA,1,0,1,"3","1",1,0,70,1,10,2,3,4,NA,NA,NA,"",NA,"4","4","4","4","4","2","KAWASAKI","750","ZR-7","ROADSTER","2","1","1",1,1,1,"1",2,1,1,"1","50000","12","4","1","MBK","50","51 CLUB","ROADSTER","2","4","4","29DEC1977","5","1","3",2,6,4,4,"NRP","","","",1,1,0,1,0,1,"KAWASAKI",750,"ZR-7","ROADSTER","2","1999","37",1,2,5600,"7","","","","","","","",NA,NA,NA,"","","","","","",NA,NA,NA,NA,NA,"","",NA,"","",NA,NA,NA,NA,NA,NA,"","",NA,"","",NA,NA,NA,NA,NA,NA,NA,5600,"3",4,NA,NA,NA,NA,NA,NA,NA,"NRP","NRP","NRP","NRP","2000","NRP","NRP","1996","NRP","","","","Motorcycle"
"381",726,6717,"447",1,0,2,"","",NA,NA,NA,1,3,"2009","","",NA,NA,0,3,"","",NA,"",NA,0,4,"","",NA,NA,NA,0,5,"","","","","",1,4,"2008","","",NA,NA,0,2,"",NA,NA,NA,NA,0,2,"","","",NA,NA,0,2,"","","","","",0,3,"","","","","",0,3,"","","","","",0,2,"","",NA,NA,NA,0,2,"","","",NA,NA,0,1,"","",NA,NA,NA,0,NA,2,"","","","","","","","","","","","","","","",NA,NA,3,7,0,1,26,"6",2008,"","2008","Vous remontiez une file de véhicules par la gauche. Un véhicule de la file a laissé passer un autre véhicule venant dun autre axe non prioritaire. Ce dernier vous a coupé la route.","2","4","5",6,"",NA,"","Le plus marquant reste le véhicule qui surgit alors que je ne m'y attend pas du tout.  S'ensuit le choc et la glissade qui fini de l'autre côté de la voie, arrêté par une voiture qui est heureusement stationnée.  Heureusement que la voie ne permettait pas de remonter la file en ayant des véhicules dans lautre sens...","Le véhicule qui déborde de la file pour venir à contre sens de mon sens de circulation.","NRP","AUT|Pas eu le temps de réagir","0","","","La voie étant relativement étroite (seuls 2 véhicules peuvent se croiser), je remontais la file très proche des véhicules, me coupant ainsi une vision large de l'environnement.","2","1","2","","Manque totale de visibilité.","NSP","Je ne pense pas.","6","9","",NA,NA,"","De la colère et du regret","",NA,NA,NA,NA,"1",2,"Freinage ou évitement inutile au vu de la situation.","2","1","1","","2","1","2","4","1","1","3","1",1,5,4,4,4,1,NA,NA,NA,NA,NA,NA,NA,NA,1,"2","7","","",NA,NA,NA,NA,2,2,NA,2,1,1,1,45,45,0,10,0,"NSP","","","",NA,NA,"4","1","","",NA,1,NA,NA,NA,NA,NA,NA,NA,NA,NA,NA,2,"1","1",1,0,55,1,10,NA,NA,NA,NA,NA,NA,"",NA,"4","4","4","4","4","2","PEUGEOT","125","SATELIS CITY","SCOOTER","2","1","1",1,1,1,"1",1,1,1,"1","16000","12","1","1","PEUGEOT","100","ELYSEO","SCOOTER","2","4","4","21DEC1977","5","1","3",2,4,4,2,"NRP","","","",1,0,1,0,0,1,"PEUGEOT",125,"SATELIS CITY","SCOOTER","2","2006","37",1,2,6200,"4","","","","","","","",NA,NA,NA,"","","","","","",NA,NA,NA,NA,NA,"","",NA,"","",NA,NA,NA,NA,NA,NA,"","",NA,"","",NA,NA,NA,NA,NA,NA,NA,6200,"2",4,NA,NA,NA,NA,NA,NA,NA,"NRP","NRP","NRP","1996","NRP","NRP","NRP","1996","NRP","","","","Motorcycle"
"382",480,6757,"267",1,0,5,"","",NA,NA,NA,0,4,"","","",NA,NA,1,5,"2014","",NA,"",NA,0,5,"","",NA,NA,NA,1,5,"2005","","","","",0,3,"","","",NA,NA,0,3,"",NA,NA,NA,NA,1,3,"2008","","",NA,NA,0,5,"","","","","",0,2,"","","","","",0,5,"","","","","",0,3,"","",NA,NA,NA,0,3,"","","",NA,NA,0,3,"","",NA,NA,NA,0,NA,3,"","","","","","","","","","","","","","","",NA,NA,6,0,17,1,36,"8",2008,"","2008","Vous avez fait une sortie de route, une perte de contrôle ou une glissade puis avez percuté un obstacle fixe (panneau, arbre poteau ).","4","6","",NA,"",NA,"","Roulage de nuit, passage de zone très éclairée à pas du tout éclairée, et virage très fermé tout de suite en sortant de la zone éclairée = tout droit","L'éclairage urbain ON - OFF dans une difficulté de ville nouvelle au milieu de la campagne","Une fois dans l'obscurité je n'ai pas eu le temps de réagir à quoi de que soit !","3","1","J'aurai du anticiper le changement d'éclairage.","Manque d'expérience peut être,","","2","0","","","","","","1","2","6",NA,NA,"","","2",1,NA,NA,NA,"3",NA,"L'effet obscurité, ...","3","1","2","","2","1","2","4","3","1","1","2",4,3,4,4,4,1,NA,NA,NA,NA,NA,NA,NA,NA,1,"AUT|eclairage","","","",NA,NA,NA,NA,2,1,1,2,2,2,1,75,0,0,25,0,"NSP","","","",NA,NA,"1","1","","",NA,2,1,3,NA,NA,NA,NA,NA,NA,0,NA,3,"1","3",NA,0,60,1,10,2,4,7,NA,NA,NA,"",NA,"4","4","4","4","4","4","BMW","1150","R1150R ROCKSTER ABS IS 80TH","ROADSTER","2","0","1",1,1,1,"1",1,1,1,"1","NSP","12","4","1","YAMAHA","600","FZ6","ROADSTER","2","4","4","17JAN1978","4","1","3",2,5,4,3,"NRP","","","",1,2,0,2,0,2,"BMW",800,"F800GS","TRAIL / SUPERMOTARD","2","2010","37",1,3,12000,"4","BMW","650","R65 37KW","ROADSTER","2","1973","37",4,1,500,"4","","","","","",NA,NA,NA,NA,NA,"","",NA,"","",NA,NA,NA,NA,NA,NA,"","",NA,"","",NA,NA,NA,NA,NA,NA,NA,12500,"3",4,NA,NA,NA,NA,NA,NA,NA,"NRP","NRP","NRP","NRP","1998","NRP","NRP","1996","NRP","","","","Motorcycle"
"383",474,6772,"370",1,0,4,"","",NA,NA,NA,0,4,"","","",NA,NA,0,5,"","",NA,"",NA,0,2,"","",NA,NA,NA,0,2,"","","","","",0,2,"","","",NA,NA,0,2,"",NA,NA,NA,NA,1,4,"2005","","",NA,NA,1,5,"2005","","","","",0,3,"","","","","",0,3,"","","","","",0,3,"","",NA,NA,NA,0,4,"","","",NA,NA,0,4,"","",NA,NA,NA,0,NA,2,"","","","","","","","","","","","","","","",NA,NA,4,2,36,1,36,"8",2005,"","2005","Vous avez fait une sortie de route, une perte de contrôle ou une glissade puis avez percuté un obstacle fixe (panneau, arbre poteau ).","1","","",NA,"",NA,"","Perte de la roue avant sur une fuite de gasoil. Glissade derrière la moto qui percute le mur gauche, en épave.  La DDE prendra en compte le nettoyage par la suite.","Perte de gasoil sur plusieurs kilomètres","Rien pu faire dès que le roue avant est passée sur le gasoil la moto s'est dérobée","2","1","analyse de la trace, peut-être arrêt pour constater que le gasoil était frais, ralentir pour ne pas rouler dessus...","Grisé par le plaisir de la route, pressé de se rendre au travail","","3","0","","","","","","2","6","",NA,NA,"","","",1,NA,NA,NA,"2",NA,"Je ne pensais pas que cette trace pouvait glisser ainsi","3","1","1","","3","1","4","4","1","1","1","1",1,1,4,4,4,1,3,5,NA,NA,NA,NA,NA,NA,1,"3","5","","",NA,NA,NA,NA,2,2,NA,2,1,1,1,15,0,0,85,0,"2","","","",NA,NA,"1","6","","",NA,2,1,4,7,NA,NA,NA,NA,NA,0,NA,1,"2","1",1,0,70,1,10,2,3,4,NA,NA,NA,"",NA,"4","4","4","1","4","4","HONDA","1000","CB 1000R","ROADSTER","2","1","1",0,1,1,"1",1,1,1,"1","NSP","12","4","1","HONDA","1000","CB 1000R","ROADSTER","2","4","4","06AUG1960","7","1","3",2,4,4,2,"NRP","","","",3,1,0,1,0,2,"HANWAY",50,"FURIOUS SM","TRAIL / SUPERMOTARD","2","2011","37",1,1,2000,"4","APRILIA","850","SRV ABS","SCOOTER","2","2012","37",1,2,10000,"4","","","","","",NA,NA,NA,NA,NA,"","",NA,"","",NA,NA,NA,NA,NA,NA,"","",NA,"","",NA,NA,NA,NA,NA,NA,NA,12000,"1",2,3,4,NA,NA,NA,NA,NA,"2012","NRP","NRP","1976","1979","NRP","NRP","1978","NRP","","","","Scooter"
"384",453,6796,"149",1,0,6,"","",NA,NA,NA,0,4,"","","",NA,NA,0,5,"","",NA,"",NA,0,6,"","",NA,NA,NA,0,5,"","","","","",0,5,"","","",NA,NA,0,5,"",NA,NA,NA,NA,0,6,"","","",NA,NA,0,6,"","","","","",0,3,"","","","","",0,5,"","","","","",0,2,"","",NA,NA,NA,0,3,"","","",NA,NA,0,1,"","",NA,NA,NA,1,2,2,"NSP","NSP","","","","HESDIN","PARIS","","","","PERCUTE A L'ARRIERE A L'ARRET","PERCUTE A L'ARRIERE A L'ARRET","","","",0,0,4,0,21,1,71,"15",NA,"HESDIN","-1","Autre(s) type(s) d'accident(s).","2","","",NA,"",NA,"","Percuté à l'arrière par un autre véhicule et projeté contre le véhicule de devant.","Voiture coupant la route","Une voiture à changé de stationnement en me coupant la route. J'ai freiné violement pour stopper ma machine. Le copain motard qui me suivait n'a pas freiné aussi fort que moi et m'a percuté à l'arrière et m'a projeté contre la voiture.","3","0","","","Pas d'autre solution que de sauter sur les freins","3","1","1","1","NSP","NSP","NSP","7","","",NA,NA,"","","",NA,NA,NA,NA,"",NA,"","4","3","","","1","1","4","4","NSP","1","1","1",4,1,4,4,4,10,NA,NA,NA,NA,NA,NA,NA,NA,2,"","","","",NA,NA,NA,NA,2,2,NA,2,2,1,1,0,100,0,0,0,"NSP","","","",NA,NA,"3","1","","",NA,1,NA,NA,NA,NA,NA,NA,NA,NA,NA,NA,3,"1","3",NA,0,60,1,2,3,4,7,9,NA,NA,"",NA,"4","4","4","2","3","4","TRIUMPH","1200","TROPHY","Routière / GT","2","1","1",1,1,1,"1",1,1,1,"1","NSP","12","4","1","TRIUMPH","900","TROPHY","Routière / GT","2","4","3","30SEP1975","7","1","3",2,5,4,3,"NRP","","","",2,0,0,1,0,1,"BMW",1100,"R1100RT ""75""","Routière / GT","2","2000","37",3,2,3000,"7","","","","","","","",NA,NA,NA,"","","","","","",NA,NA,NA,NA,NA,"","",NA,"","",NA,NA,NA,NA,NA,NA,"","",NA,"","",NA,NA,NA,NA,NA,NA,NA,3000,"3",4,NA,NA,NA,NA,NA,NA,NA,"NRP","NRP","NRP","NRP","1994","NRP","NRP","1993","NRP","","","","Motorcycle"
"385",163,6803,"152",1,1,4,"2012","",NA,NA,NA,1,6,"2010","","",NA,NA,2,6,"2013","2014",NA,"",NA,0,6,"","",NA,NA,NA,0,3,"","","","","",0,6,"","","",NA,NA,0,5,"",NA,NA,NA,NA,0,3,"","","",NA,NA,1,5,"2014","","","","",0,5,"","","","","",1,5,"2013","","","","",0,4,"","",NA,NA,NA,0,1,"","","",NA,NA,0,4,"","",NA,NA,NA,1,1,7,"NSP","","","","","Paris","","","","","2 roue qui double à droite malgré mon clignotant et me percute alors que je tourne à droite","","","","",0,0,50,40,36,1,41,"9",2014,"","2014","Vous avez fait une sortie de route, une perte de contrôle ou une glissade sans rien percuter.","3","6","",NA,"",NA,"","Sur le rond-point de la Place de la Nation (Paris), j'ai été surpris par une voiture que je n'avais pas vu arriver de l'un des axes radiants. J'ai freiné trop violemment et mon 2-roues est parti en glissade sur les pavés. J'ai chuté, mais n'ai heurté ni été heurté par aucun autre véhicule. J'en ai été quitte pour des contusions sans gravité, mais fort douloureuses. Cela m'a conforté dans la certitude qu'en ville  et à Paris en particulier  une attention soutenue de tous les instants, une anticipation permanente de ce qui peut survenir est la condition essentielle de la survie","juste une demi-seconde d'attention relâchée","Tout cela s'est passé alors que tous les véhicules alentour  et moi-même  roulaient à faible vitesse, ce qui a permis d'éviter une collision. La surprise due à mon inattention passagère m'a fait sur-réagir et actionner les freins par pur réflexe et de manière trop importante.","NRP","1","ne pas avoir eu cette demi-seconde d'inattention","La conduite d'un 2-roues à Paris exige une attention soutenue de TOUS les instants; le moindre relâchement de cette attention peur, comme dans ce cas, conduire à un accident.","","2","0","","","","","","6","","",NA,NA,"","","",NA,NA,NA,NA,"1",NA,"lorsque l'engin part en glissade, où l'on relâche les freins, et c'est le choc assuré, ou l'on poursuit, et c'est la chute assurée","3","3","","","1","3","3","3","1","1","1","1",3,3,4,4,4,4,NA,NA,NA,NA,NA,NA,NA,NA,2,"","","","",NA,NA,NA,NA,2,2,NA,2,1,1,2,100,0,0,0,0,"2","","","",NA,NA,"2","2","","",NA,2,1,4,6,7,NA,NA,NA,NA,0,NA,1,"1","3",NA,0,40,1,10,11,5,NA,NA,NA,NA,"",NA,"4","4","4","4","4","4","PIAGGIO","150","VESPA ET4","SCOOTER","2","1","1",1,1,1,"1",1,1,1,"1","20000","12","4","1","HONDA","125","SH ""SCOOPY""","SCOOTER","2","4","4","20MAY1949","9","1","3",2,2,3,NA,"NRP","","","",1,0,2,0,0,2,"PIAGGIO",150,"VESPA LX","SCOOTER","2","2005","37",1,1,4000,"4","HONDA","125","SH ""SCOOPY""","SCOOTER","2","2002","37",4,1,2000,"4","","","","","",NA,NA,NA,NA,NA,"","",NA,"","",NA,NA,NA,NA,NA,NA,"","",NA,"","",NA,NA,NA,NA,NA,NA,NA,6000,"3",4,NA,NA,NA,NA,NA,NA,NA,"NRP","NRP","NRP","NRP","1979","NRP","NRP","1967","NRP","","","","Motorcycle"