"","Ligne","Ligne.Q.qualif","Ligne.approfondissement.Accident","ACCIDENT","NBACC1","ACCFREQUENCE1","ANNEEACC1_1","ANNEEACC1_2","ANNEEACC1_3","ANNEEACC1_4","ANNEEACC1_5","NBACC2","ACCFREQUENCE2","ANNEEACC2_1","ANNEEACC2_2","ANNEEACC2_3","ANNEEACC2_4","ANNEEACC2_5","NBACC3","ACCFREQUENCE3","ANNEEACC3_1","ANNEEACC3_2","ANNEEACC3_3","ANNEEACC3_4","ANNEEACC3_5","NBACC4","ACCFREQUENCE4","ANNEEACC4_1","ANNEEACC4_2","ANNEEACC4_3","ANNEEACC4_4","ANNEEACC4_5","NBACC5","ACCFREQUENCE5","ANNEEACC5_1","ANNEEACC5_2","ANNEEACC5_3","ANNEEACC5_4","ANNEEACC5_5","NBACC6","ACCFREQUENCE6","ANNEEACC6_1","ANNEEACC6_2","ANNEEACC6_3","ANNEEACC6_4","ANNEEACC6_5","NBACC7","ACCFREQUENCE7","ANNEEACC7_1","ANNEEACC7_2","ANNEEACC7_3","ANNEEACC7_4","ANNEEACC7_5","NBACC8","ACCFREQUENCE8","ANNEEACC8_1","ANNEEACC8_2","ANNEEACC8_3","ANNEEACC8_4","ANNEEACC8_5","NBACC9","ACCFREQUENCE9","ANNEEACC9_1","ANNEEACC9_2","ANNEEACC9_3","ANNEEACC9_4","ANNEEACC9_5","NBACC10","ACCFREQUENCE10","ANNEEACC10_1","ANNEEACC10_2","ANNEEACC10_3","ANNEEACC10_4","ANNEEACC10_5","NBACC11","ACCFREQUENCE11","ANNEEACC11_1","ANNEEACC11_2","ANNEEACC11_3","ANNEEACC11_4","ANNEEACC11_5","NBACC12","ACCFREQUENCE12","ANNEEACC12_1","ANNEEACC12_2","ANNEEACC12_3","ANNEEACC12_4","ANNEEACC12_5","NBACC13","ACCFREQUENCE13","ANNEEACC13_1","ANNEEACC13_2","ANNEEACC13_3","ANNEEACC13_4","ANNEEACC13_5","NBACC14","ACCFREQUENCE14","ANNEEACC14_1","ANNEEACC14_2","ANNEEACC14_3","ANNEEACC14_4","ANNEEACC14_5","AUTRESACC","NBAUTRESACC","TOTAL_AC","ANNEEAUTREACC1","ANNEEAUTREACC2","ANNEEAUTREACC3","ANNEEAUTREACC4","ANNEEAUTREACC5","LIEUAUTREACC1","LIEUAUTREACC2","LIEUAUTREACC3","LIEUAUTREACC4","LIEUAUTREACC5","DESCRIPTIONAUTRESACC1","DESCRIPTIONAUTRESACC2","DESCRIPTIONAUTRESACC3","DESCRIPTIONAUTRESACC4","DESCRIPTIONAUTRESACC5","NBAUTRESACCCIRCUIT","NBAUTRESTOUTTERRAIN","EXPCYCLO","EXP125","EXPSUP125","ACCORDNEXTQ","CHOIXACC","RGPMTACC","RECUPANNEE","RECUPLIEU","RECUPANNE","RGPMTAC","CHOIX1","CHOIX2","CHOIX3","CHOIX4","CHOIX5","CHOIX6","CHOIX7","DESCRIPTION","RUPTURE","FAITS","ABS_REACTION","AUTRE_REACTION","PRECISIONREACTIONOUI","RECUL","PRECISIONREACTIONNON","IMPACTCOMPORTEMENT","AUTREUSAGER","REACTIONAUTREUSAGER","CONNAISSANCEREACTIONUSAGER","DIFFICULTES","AGGRAVATION","DIFFICULTES2","EMOTIONS1","EMOTIONS2","EMOTIONS3","EMOTIONS4","EMOTIONS5","EMOTIONS6","AUTRESENTIMENT","CLASSEMENTEMOTIONS1","CLASSEMENTEMOTIONS","CLASSEMENTEMOTIONS5","CLASSEMENTEMOTIONS6","CLASSEMENTEMOTIONS7","CLASSEMENTEMOTIONS8","CLASSEMENTEMOTIONS9","EXPLICATIONRESSENTI","BIENEQUIPE","ALLURE","ALLUREVITEDETAIL","ALLURELENTEDETAIL","SITUATIONPRESSE","SITUATIONDISTRAIT","SITUATIONCONFIANT","SITUATIONCONTROLE","SITUATIONLUDIQUE","SITUATIONPERF","SITUATIONSTRESS","SITUATIONFATIGUE","HUMEURNEUTRE","HUMEURGAI","HUMEURMECONTENT","HUMEURTRISTE","HUMEURCOLERE","CONTRIBUTION1","CONTRIBUTION2","CONTRIBUTION3","CONTRIBUTION4","CONTRIBUTION5","CONTRIBUTION6","CONTRIBUTION7","CONTRIBUTION8","CONTRIBUTION9","ROLEINFRA","ELEMENTINFRA1","ELEMENTINFRA2","ELEMENTINFRA3","ELEMENTINFRA4","ELEMENTINFRA5","ELEMENTINFRA6","ELEMENTINFRA7","ELEMENTINFRA8","ELEMENTINFRA9","ALCOOL","TXALCOOL","STUP","SEMAINE","MOMENTJOURNEE","TEMPS","CAUSEACC1","CAUSEACC2","CAUSEACC3","CAUSEACC4","CAUSEACC5","FORMATIONCAUSE","FORMATION1","FORMATION2","FORMATION3","FORMATION4","FORMATION5","TRAFIC","CHAUSSEE1","CHAUSSEE2","CHAUSSEE3","CHAUSSEE4","TYPEACC","BLESSURE","TETE","COU","THORAX","MEMBRESSUP","COLONNE","BASSIN","MEMBRESINF","HOPITAL","PLUS24H","TRAJET","TYPEROUTE","MOTIF","SENSTRAJET","PASSAGER","VITESSE","DESCEQ1","DESCEQ2","DESCEQ3","DESCEQ4","DESCEQ5","DESCEQ6","DESCEQ7","DESCEQ8","DESCEQ9","DESCEQ10","VEHICULEETE","VEHICULEAUTOMNE","VEHICULEPRINTEMPS","VEHICULEHIVER","VEHICULESEMAINE","VEHICULEWE","VEHMARQUE","VEHCYLINDREE","VEHMODELE","VEHSEGMENT","VEHSIDE","EQ2RMABS","EQ2RMCBS","EQ2RMABSCBS","EQ2RMREGULATEUR","EQ2RMLIMITEUR","EQ2RMPHARESDIRECT","EQ2RMCOUPURE","EQ2RMANTIPATINAGE","EQ2RMANTIXHEELING","EQ2RMSTABILILTE","VEHKM","POINTS","DUREE","AUTRE2RM","VEHPRECMARQUE","VEHPRECCYLINDREE","VEHPRECMODELE","VEHPRECSEGMENT","VEHPRECSIDE","TEMPS2RMPREC","FREQVEHPREC","DATE_NAISS","CSP","SOCIETAIRE","SALARIE","SECTEUR2RM","NBPERSFOYER","SITFAM","NBENF","TRNBENF1","TRNBENF2","TRNBENF3","TRNBENF4","NBAUTOFOYER","NBCYCLOFOYER","NBSCOOTFOYER","NBMOTOFOYER","NBTRIKEFOYER","NB2RMCONDUIT","MARQUE1","CYLINDREE1","MODELE1","SEGMENT1","SIDE1","ANMISECIRCU1","ASS1","FREQ1","USAGE1","NBKM1","GARAGE1","MARQUE2","CYLINDREE2","MODELE2","SEGMENT2","SIDE2","ANMISECIRCU2","ASS2","FREQ2","USAGE2","NBKM2","GARAGE2","MARQUE3","CYLINDREE3","MODELE3","SEGMENT3","SIDE3","ANMISECIRCU3","ASS3","FREQ3","USAGE3","NBKM3","GARAGE3","MARQUE4","CYLINDREE4","MODELE4","SEGMENT4","SIDE4","ANMISECIRCU4","ASS4","FREQ4","USAGE4","NBKM4","GARAGE4","MARQUE5","CYLINDREE5","MODELE5","SEGMENT5","SIDE5","ANMISECIRCU5","ASS5","FREQ5","USAGE5","NBKM5","GARAGE5","NBKMTOT","PERMIS1","PERMIS2","PERMIS3","PERMIS4","PERMIS5","PERMIS6","PERMIS7","PERMIS8","PERMIS9","ANPERMIS1","ANPERMIS6","ANPERMIS7","ANPERMIS2","ANPERMIS3","ANPERMIS8","ANPERMIS9","ANPERMIS4","ANPERMIS5","X","X.1","X.2","isScooter"
"386",703,6806,"249",1,0,2,"","",NA,NA,NA,0,4,"","","",NA,NA,0,5,"","",NA,"",NA,0,3,"","",NA,NA,NA,0,3,"","","","","",0,4,"","","",NA,NA,0,4,"",NA,NA,NA,NA,1,5,"2004","","",NA,NA,0,4,"","","","","",0,6,"","","","","",0,6,"","","","","",0,2,"","",NA,NA,NA,0,6,"","","",NA,NA,0,5,"","",NA,NA,NA,1,2,3,"2003","2004","","","","Villemomble","Neuilly sur Mar","","","","Je suis sur une voie prioritaire, une voiture se présente à un stop, la voiture qui me précède prend peur et s'arrête aussi, je la la percute par l'arrière","Un ralentissement brutal en ville, la voiture qui me suit me percute par l'arrière alors que j'étais sur ma file","","","",0,0,4,0,18,1,71,"15",2003,"Villemomble","2003","Autre(s) type(s) d'accident(s).","4","","",NA,"",NA,"","Je roulais vite sur autoroute sèche, de très bonne conditions météo, je conduisait une FJR 1300. Au sortir d'une courbe la circulation s'est brusquement arrêtée, j'ai freiné très fort, j'avais l'ABS mais cela n'a pas été suffisant. Voyant que j'allais m'encastrer dans les voitures à l'arrêt, j'ai couché ma moto, qui est parti sous une voiture à l'arrêt sur une file et moi de l'autre côté sur l'autre file. Je me suis arrêté sur le pneu d'une voiture à l'arrêt, et les autres voitures qui me suivaient se sont arrêtées aussi. Emporté à l'hôpital, je n'ai pas eu grand chose étant bien équipé et ayant l'ABS mais j'ai eu très peur.","arrêt brusque de la circulation sans aucun signe avant coureur","j'ai écrasé les freins je me suis couché sur le côté les autres voitures me suivant se sont arrêtées","NRP","0","","","j'allais trop vite, je ne pouvais passer entre les deux files","2","0","","","","","","2","5","",NA,NA,"","","",2,NA,NA,1,"",NA,"je vais m'écraser dans les voitures, ça va trop vite, je ne pourrais rien faire","4","1","4","","1","3","3","3","4","3","1","2",4,1,4,4,4,1,2,5,8,9,NA,NA,NA,NA,2,"","","","",NA,NA,NA,NA,2,2,NA,2,2,1,1,90,10,0,0,0,"2","","","",NA,NA,"4","1","","",NA,1,NA,NA,NA,NA,NA,NA,NA,NA,NA,NA,3,"3","3",NA,0,160,1,2,3,4,7,9,NA,NA,"",NA,"4","4","4","4","4","4","YAMAHA","1300","FJR ABS","Routière / GT","2","0","1",1,1,1,"1",1,1,1,"1","40000","12","4","1","YAMAHA","900","XJS DIVERSION","Routière / GT","2","4","4","20FEB1974","5","1","3",2,5,4,3,"NRP","","","",2,0,1,0,0,1,"PIAGGIO",500,"X9","SCOOTER","2","2007","37",1,2,15000,"5","","","","","","","",NA,NA,NA,"","","","","","",NA,NA,NA,NA,NA,"","",NA,"","",NA,NA,NA,NA,NA,NA,"","",NA,"","",NA,NA,NA,NA,NA,NA,NA,15000,"3",4,NA,NA,NA,NA,NA,NA,NA,"NRP","NRP","NRP","NRP","1994","NRP","NRP","1992","NRP","","","","Motorcycle"
"387",54,6841,"442",1,0,3,"","",NA,NA,NA,0,2,"","","",NA,NA,0,3,"","",NA,"",NA,0,2,"","",NA,NA,NA,0,3,"","","","","",0,5,"","","",NA,NA,0,4,"",NA,NA,NA,NA,0,4,"","","",NA,NA,1,4,"2013","","","","",0,2,"","","","","",0,4,"","","","","",0,1,"","",NA,NA,NA,0,5,"","","",NA,NA,1,4,"2013","",NA,NA,NA,0,NA,2,"","","","","","","","","","","","","","","",NA,NA,0,0,6,1,66,"14",2013,"","2013","Alors que vous étiez en train de rouler, un piéton a traversé devant vous.","1","","",NA,"",NA,"","Enfant sortant d'une voiture qui vient de stationner sur le bas coté dans une zone semi pietonne en centre ville et qui décide de courir en travers de la route pour aller de l'autre coté. Un peu stressant quand on arrive, même à 30km/h et qu'on voit le gamin débouler sous les roues","Impossibilité de freiner normalement sans percuter l'enfant, donc blocage des freins et je couche le scooter pour m'arrêter plus vite","Aucuns entre le blocage des freins par réflexe et le fait d'être par terre une jambe sous le scooter et le reste du corps debout. Pour l'enfant, tétanie une fois qu'il a traversé et s'est rendu compte qu'il a failli être renversé","AUT|Réaction reflexe mais aucune conscience des évènements (très rapides) entre le blocage des freins et le choc","0","","","Parce qu'il était impossible de prévoir la réaction du pieton","2","1","2","","NSP","1","NRP","3","","",NA,NA,"","","",NA,1,NA,NA,"",NA,"LA course d'un enfant en travers de la route c'est assez inattendu...","4","3","","","3","3","4","4","2","1","1","3",1,4,4,4,4,1,5,7,NA,NA,NA,NA,NA,NA,2,"","","","",NA,NA,NA,NA,2,2,NA,2,1,1,1,20,80,0,0,0,"2","","","",NA,NA,"1","1","","",NA,2,1,2,NA,NA,NA,NA,NA,NA,0,NA,1,"1","1",2,0,30,1,10,2,4,7,NA,NA,NA,"",NA,"4","4","4","4","4","4","YAMAHA","125","X-MAX","SCOOTER","2","2","2",2,1,1,"1",0,2,2,"2","35000","12","4","1","SUZUKI","400","GSX400E","ROADSTER","2","3","3","07DEC1975","5","1","3",2,4,4,2,"NRP","","","",1,0,1,0,0,1,"YAMAHA",125,"X-MAX","SCOOTER","2","2006","37",1,2,10000,"4","","","","","","","",NA,NA,NA,"","","","","","",NA,NA,NA,NA,NA,"","",NA,"","",NA,NA,NA,NA,NA,NA,"","",NA,"","",NA,NA,NA,NA,NA,NA,NA,10000,"3",4,NA,NA,NA,NA,NA,NA,NA,"NRP","NRP","NRP","NRP","1996","NRP","NRP","1993","NRP","","","","Motorcycle"
"388",608,6911,"493",1,0,5,"","",NA,NA,NA,0,4,"","","",NA,NA,0,6,"","",NA,"",NA,0,4,"","",NA,NA,NA,0,3,"","","","","",0,4,"","","",NA,NA,0,5,"",NA,NA,NA,NA,0,5,"","","",NA,NA,1,5,"2001","","","","",0,4,"","","","","",0,4,"","","","","",0,3,"","",NA,NA,NA,0,4,"","","",NA,NA,0,3,"","",NA,NA,NA,0,NA,1,"","","","","","","","","","","","","","","",NA,NA,19,15,15,1,41,"9",2001,"","2001","Vous avez fait une sortie de route, une perte de contrôle ou une glissade sans rien percuter.","1","","",NA,"",NA,"","Accident produit seulement quelques mois après le permis : erreur d'appréciation du virage et de mon placement à l'entrée du virage par rapport à mon expérience passée. Je ne pense pas que la vitesse soit en causse, car j'étais bien en dessous de la limite autorisée (70km/h). Peut-être aussi un peu d'inattention.  A l'entrée d'un virage à gauche, je me suis retrouvé trop à l'extérieur du virage et mes deux roues se sont retrouvé sur l'herbe du bas côté. Ma sortie ce terminant en glissade dans le fossé.","défaut d'expérience permettant de corriger ce type d'erreur du au placement/inattention. Manque de réflexe pour corriger ma trajectoire.","J'ai lâché l'accélérateur et essayé de garder la moto droite tout en essayant de revenir sur la route. Je n'ai jamais touché au frein.  Une fois la glissade terminé, ne ressentant aucune douleur, j'ai essayé de relever la moto du fossé. 1 ou 2mn après ma glissade, deux personnes (hommes) qui circulait sur la route ce sont arrêtées pour m'aider.","NRP","1","En étant plus concentré sur ma conduite , je me serais très certainement aperçu que mon placement à l'entrée du virage n'était pas bon. J'aurai pu modifier ma trajectoire à tant si j'avais ""jeter"" la moto à l'intérieur du virage.","Manque d'expérience","","2","0","","","","","","9","","",NA,NA,"","Dégouté d'avoir endommagé ma première moto que j'avais payée avec mes économies (boulots d'été).","",NA,NA,NA,NA,"",1,"Je ne l'explique pas...","2","3","","","1","3","3","3","2","1","1","1",4,4,3,4,4,2,4,NA,NA,NA,NA,NA,NA,NA,2,"","","","",NA,NA,NA,NA,2,2,NA,2,2,1,1,100,0,0,0,0,"2","","","",NA,NA,"1","1","","",NA,1,NA,NA,NA,NA,NA,NA,NA,NA,NA,NA,2,"2","3",NA,0,60,1,2,4,NA,NA,NA,NA,NA,"",NA,"1","1","1","2","2","2","SUZUKI","600","BANDIT","ROADSTER","2","1","1",1,1,1,"1",1,1,1,"1","41000","12","1","0","","","","","","","","15MAY1979","5","1","3",1,2,3,NA,"NRP","","","",2,0,0,2,0,2,"SUZUKI",600,"BANDIT-N","ROADSTER","2","1997","37",3,1,3556,"7","HONDA","125","CBR","Routière / GT","2","2005","29",3,1,1000,"7","","","","","",NA,NA,NA,NA,NA,"","",NA,"","",NA,NA,NA,NA,NA,NA,"","",NA,"","",NA,NA,NA,NA,NA,NA,NA,4556,"3",NA,NA,NA,NA,NA,NA,NA,NA,"NRP","NRP","NRP","NRP","2000","NRP","NRP","NRP","NRP","","","","Motorcycle"
"389",57,6939,"431",1,0,5,"","",NA,NA,NA,0,5,"","","",NA,NA,0,5,"","",NA,"",NA,0,3,"","",NA,NA,NA,0,5,"","","","","",0,5,"","","",NA,NA,0,5,"",NA,NA,NA,NA,0,5,"","","",NA,NA,1,6,"1983","","","","",0,4,"","","","","",0,5,"","","","","",0,4,"","",NA,NA,NA,1,4,"1984","","",NA,NA,0,2,"","",NA,NA,NA,1,1,3,"1997","","","","","Marseille","","","","","Arrêté à un feu rouge, une voiture m'a percuté par l'arrière","","","","",0,0,1,0,33,1,71,"15",1997,"Marseille","1997","Autre(s) type(s) d'accident(s).","4","","",NA,"",NA,"","En partant travailler, un matin, je me suis arrêté à un feu rouge, à l'entrée d'un tunnel alors bouché par la circulation dense. Par malchance, le soleil était bas dans le ciel et dans l'axe de la voie. Une voiture ne s'est pas arrêtée et m'as percuté violemment par l'arrière, je n'ai rien vu, à peine entendu les coups de freins sans pouvoir imaginer que c'était pour moi !! Je suis parti aux urgences en ambulance (c'était la première et la seule fois depuis 1982). La police est arrivé immédiatement car ils étaient dans la file des voitures. Un des policiers faisant le constat a osé dire à l'autre conducteur ""Mais pourquoi il s'est arrêté (en parlant de moi), personne ne s'arrête jamais à ce feu-là"". Par chance, je n'ai presque rien eu, sinon une immobilisation de la moto pendant 3 mois. Inutile de dire que depuis, lorsque je suis à un feu, je regarde toujours derrière ce qui se passe, même en voiture. Malheureusement, il est arrivé quasiment la même histoire à mon fils en janvier, là aussi sans conséquence grave, par bonheur!","Plusieurs raisons ont fait basculer une circonstance de circulation en difficulté puis en accident: le soleil dans l'axe de la voie et bas, créant une forte gène (que j'avais moi-même ressenti auparavant) le fait que je n'imaginais pas être dans une situation périlleuse, en étant détendu dans l'attente du feu vert. Depuis, je reste constamment sur mes gardes dans la même situation.","Je n'ai pas pu réagir, j'ai été projeté en l'air puis tombé à plat par terre. D'autres automobilistes se sont immédiatement arrêtés et ont appelé les secours, puis fait la circulation je pense. La police a très rapidement été sur place. Puis les pompiers m'ont emmené.","3","1","Si j'avais été sur mes gardes à regarder derrière j'aurais pu enclencher une vitesse et m'échapper de cette situation","Je n'avais pas imaginé une telle situation. Maintenant, il en est autrement, ca s'appelle l'expérience, non?","","2","1","NSP","","Je pense qu'il a été ébloui et ne m'a vu qu'au dernier moment, et qu'il ne s'imaginait pas voir quelqu'un arrêté à ce feu !","NSP","NRP","7","","",NA,NA,"","","",NA,NA,NA,NA,"",NA,"","3","4","","","1","3","4","4","1","1","1","1",3,4,4,4,4,10,NA,NA,NA,NA,NA,NA,NA,NA,2,"","","","",NA,NA,NA,NA,2,2,NA,2,1,1,1,0,100,0,0,0,"2","","","",NA,NA,"3","1","","",NA,2,0,NA,NA,NA,NA,NA,NA,NA,NA,NA,1,"1","1",1,0,0,1,2,5,NA,NA,NA,NA,NA,"",NA,"4","4","4","4","4","4","MOTO GUZZI","1000","LE MANS","Routière / GT","2","1","0",1,1,1,"1",1,1,1,"1","50000","12","4","1","MOTO GUZZI","1000","SP","Routière / GT","2","4","4","28JUN1964","5","1","3",2,5,4,3,"NRP","","","",2,0,0,5,0,5,"KTM",1190,"ADVENTURE PACK ELECTRONIQUE","TRAIL / SUPERMOTARD","2","2013","37",1,2,12000,"7","MOTO GUZZI","1100","CALIFORNIA EV","Routière / GT","2","1999","16",3,1,12000,"7","MOTO GUZZI","1000","SP NT","Routière / GT","1",1984,37,4,1,2000,"7","MOTO GUZZI",500,"V50II","ROADSTER",2,1979,16,4,1,500,"7","YAMAHA",125,"YB-R CUSTOM","CUSTOM",2,2012,37,4,1,200,4,26700,"3",4,NA,NA,NA,NA,NA,NA,NA,"NRP","NRP","NRP","NRP","1982","NRP","NRP","1982","NRP","","","","Motorcycle"
"390",47,6950,"440",1,0,4,"","",NA,NA,NA,0,6,"","","",NA,NA,0,6,"","",NA,"",NA,0,3,"","",NA,NA,NA,0,4,"","","","","",0,2,"","","",NA,NA,0,3,"",NA,NA,NA,NA,0,5,"","","",NA,NA,3,6,"NSP","NSP","2001","","",0,5,"","","","","",1,6,"2006","","","","",0,3,"","",NA,NA,NA,0,4,"","","",NA,NA,0,4,"","",NA,NA,NA,0,NA,4,"","","","","","","","","","","","","","","",NA,NA,5,0,13,1,51,"11",2006,"","2006","Vous circuliez sur un axe constitué dau moins "" 2 X 2 voies "" (en urbain, périph, autoroute, RN ). Un véhicule vous a coupé la route en changeant de voie pour se placer sur celle de gauche.","6","","",NA,"",NA,"","J'effectuais une remontée de file sur le périph' parisien, entre la voie de gauche et la voie suivante.  J'ai vu une Clio commencer à couper toutes les files (4 voies à ce niveau). Constatant qu'une place était ""libre"" sur la voie de gauche, j'ai pris le parti de penser que la Clio couperait toutes les voies jusqu'à celle de gauche.  J'ai donc entamé mon freinage d'urgence (aucune possibilité d'effectuer un évitement hélas), sans pour autant réussir à éviter l'accident (si j'admets rouler parfois trop vite en remontée de files, ce jour - et par chance - je roulais à une vitesse que je qualifierai de raisonnable par rapport à la vitesse des voitures, mais ce n'est pas à moi d'en juger).  Heureusement, le choc a été tel, que ma moto et la Clio se sont touchés presque parallèlement et la voiture m'a poussé sur la voie de gauche, pendant que je continuais mon freinage d'urgence. Le choc a commencé sur la portière conducteur et la Clio est repartie dans sa voir lorsque j'étais au niveau de l'aile arrière (la trace de peinture en témoignait !).  S'il n'était pas revenu dans sa voie, et si le choc s'était effectué d'une autre manière, je pense que la fin aurait été plus douloureuse et dramatique : au final, je suis resté sur mes roues, et j'ai juste eu un rétro de cassé, et une peinture légèrement abîmée.  Le plus choquant finalement (mis à part la rapidité de l'action malgré des vitesses pas si importantes que cela), c'est que le conducteur de la Clio ne s'est arrêté que 200 m plus loin uniquement parce que le périph' était bouché (!!) et aussi que c'est un de ses passagers qui a dû le calmer (alors que je restais très calme) en lui rappelant qu'il avait failli nous tuer et que c'était juste une éraflure sur sa voiture (aucune bosse). Ce qui l'inquiétais, c'était sa voiture... là où moi je m'étais en tout premier lieu inquiété de ma passagère... la moto n'étant plus qu'accessoire à ce moment là.","La bascule s'est faite lorsque je me suis dit qu'il allait couper toutes les voies pour aller sur la ""place libre"" de la voie de gauche.  La difficulté : le fait de n'avoir qu'une seule chose à faire : freiner à fond et serrer les cuisses en espérant que le choc se fasse à la vitesse la plus faible possible... vu que je ne pouvais tenter aucun évitement.","Mes agissements : anticipation (j'ai vu la situation avant même qu'il ne soit en train de couper ma propre trajectoire), les réflexes (j'ai pris les freins AR et AV à fond - sans crainte, la route était sèche et j'avais l'ABS -), et mes souvenirs des cours de conduite (serrer les cuisses pour faire bien corps avec la moto, ce qui a sûrement aidé à la faire rester sur ses roues !). Et aussi le fait que quand les deux véhicules ont commencé à se toucher, j'ai ""penché"" vers la droite (vers la voiture) pour que la moto ne fasse finalement qu'un seul bloc avec la voiture et que je ne me fasse pas projeter vers la gauche vers le rail en béton (en peu comme on contrecarre quelqu'un qui nous pousse). Et je suis resté très calme avec l'autre usager.  L'autre usager : n'a pas regarder ses angles morts, pas de clignotants, manoeuvre brutale et rapide, n'a pas réalisé tout de suite qu'il était en situation d'accident et a mis du temps à repartir dans sa voie. Ne s'est pas arrêté suite à l'accident, mais suite aux bouchons... Ne s'est soucié que de sa voiture et ne faisait que rejeter la faute sur moi (""vous n'aviez pas à être entre les files"", ce qui est vrai, mais sa conduite était dangereuse et cela ne l'a même pas effleuré...). Enervé, c'est un de ses passagers, très calme, qui lui a fait comprendre que ce n'était rien (juste un peu de ma peinture sur la sienne) et que lui en revanche avait juste failli nous tuer.  En conséquence : je reste persuadé que mes actions ont permis d'éviter un accident bien plus grave en terme de conséquences, et aussi que ma gestion de la situation avec l'autre usager (rester calme) a permis de ne pas envenimer la situation.","NRP","0","","","Si j'avais roulé moins vite, j'aurai évité l'accident (je serais arrivé ""après""). Si j'avais roulé plus vite, j'aurai évité l'accident (je serais passé ""avant"").  Vu la situation (entre les voitures), je n'avais qu'une possibilité : freiner (car accélérer, je ne serais jamais passer avant la Clio).","3","1","2","","N'ayant pas fait ses contrôles d'angle mort, il a mis du temps à réaliser qu'il était en situation d'accident et à savoir quoi faire (revenir dans sa voie).","1","Son comportement (jeune avec des amis, sûrement à vouloir les impressionner) a rendu sa conduite dangereuse, et son manque d'expérience n'a sûrement pas aidé.","1","4","6",NA,NA,"","","2",NA,NA,3,NA,"1",NA,"N'avoir qu'une seule possibilité d'action : freiner, et attendre que cela se passe...","4","3","","","2","4","4","4","3","1","1","1",3,3,4,4,4,1,5,7,8,NA,NA,NA,NA,NA,2,"","","","",NA,NA,NA,NA,2,2,NA,2,1,1,1,20,80,0,0,0,"2","","","",NA,NA,"3","1","","",NA,1,NA,NA,NA,NA,NA,NA,NA,NA,NA,NA,2,"4","3",NA,1,65,1,10,2,3,4,7,NA,NA,"",NA,"4","4","4","3","4","3","HONDA","800","VFR-F V-TEC ABS","Routière / GT","2","0","0",0,1,1,"1",1,1,1,"1","NSP","12","4","1","HONDA","600","CBR 600F","SPORTIVE","2","3","4","30DEC1978","5","1","3",2,2,3,NA,"NRP","","","",1,0,0,2,0,1,"HONDA",1200,"VFR-F DUAL CT","Routière / GT","2","2010","37",1,2,6000,"2","","","","","","","",NA,NA,NA,"","","","","","",NA,NA,NA,NA,NA,"","",NA,"","",NA,NA,NA,NA,NA,NA,"","",NA,"","",NA,NA,NA,NA,NA,NA,NA,6000,"4",3,NA,NA,NA,NA,NA,NA,NA,"NRP","NRP","NRP","NRP","1999","NRP","NRP","1997","NRP","","","","Motorcycle"