"","Ligne","Ligne.Q.qualif","Ligne.approfondissement.Accident","ACCIDENT","NBACC1","ACCFREQUENCE1","ANNEEACC1_1","ANNEEACC1_2","ANNEEACC1_3","ANNEEACC1_4","ANNEEACC1_5","NBACC2","ACCFREQUENCE2","ANNEEACC2_1","ANNEEACC2_2","ANNEEACC2_3","ANNEEACC2_4","ANNEEACC2_5","NBACC3","ACCFREQUENCE3","ANNEEACC3_1","ANNEEACC3_2","ANNEEACC3_3","ANNEEACC3_4","ANNEEACC3_5","NBACC4","ACCFREQUENCE4","ANNEEACC4_1","ANNEEACC4_2","ANNEEACC4_3","ANNEEACC4_4","ANNEEACC4_5","NBACC5","ACCFREQUENCE5","ANNEEACC5_1","ANNEEACC5_2","ANNEEACC5_3","ANNEEACC5_4","ANNEEACC5_5","NBACC6","ACCFREQUENCE6","ANNEEACC6_1","ANNEEACC6_2","ANNEEACC6_3","ANNEEACC6_4","ANNEEACC6_5","NBACC7","ACCFREQUENCE7","ANNEEACC7_1","ANNEEACC7_2","ANNEEACC7_3","ANNEEACC7_4","ANNEEACC7_5","NBACC8","ACCFREQUENCE8","ANNEEACC8_1","ANNEEACC8_2","ANNEEACC8_3","ANNEEACC8_4","ANNEEACC8_5","NBACC9","ACCFREQUENCE9","ANNEEACC9_1","ANNEEACC9_2","ANNEEACC9_3","ANNEEACC9_4","ANNEEACC9_5","NBACC10","ACCFREQUENCE10","ANNEEACC10_1","ANNEEACC10_2","ANNEEACC10_3","ANNEEACC10_4","ANNEEACC10_5","NBACC11","ACCFREQUENCE11","ANNEEACC11_1","ANNEEACC11_2","ANNEEACC11_3","ANNEEACC11_4","ANNEEACC11_5","NBACC12","ACCFREQUENCE12","ANNEEACC12_1","ANNEEACC12_2","ANNEEACC12_3","ANNEEACC12_4","ANNEEACC12_5","NBACC13","ACCFREQUENCE13","ANNEEACC13_1","ANNEEACC13_2","ANNEEACC13_3","ANNEEACC13_4","ANNEEACC13_5","NBACC14","ACCFREQUENCE14","ANNEEACC14_1","ANNEEACC14_2","ANNEEACC14_3","ANNEEACC14_4","ANNEEACC14_5","AUTRESACC","NBAUTRESACC","TOTAL_AC","ANNEEAUTREACC1","ANNEEAUTREACC2","ANNEEAUTREACC3","ANNEEAUTREACC4","ANNEEAUTREACC5","LIEUAUTREACC1","LIEUAUTREACC2","LIEUAUTREACC3","LIEUAUTREACC4","LIEUAUTREACC5","DESCRIPTIONAUTRESACC1","DESCRIPTIONAUTRESACC2","DESCRIPTIONAUTRESACC3","DESCRIPTIONAUTRESACC4","DESCRIPTIONAUTRESACC5","NBAUTRESACCCIRCUIT","NBAUTRESTOUTTERRAIN","EXPCYCLO","EXP125","EXPSUP125","ACCORDNEXTQ","CHOIXACC","RGPMTACC","RECUPANNEE","RECUPLIEU","RECUPANNE","RGPMTAC","CHOIX1","CHOIX2","CHOIX3","CHOIX4","CHOIX5","CHOIX6","CHOIX7","DESCRIPTION","RUPTURE","FAITS","ABS_REACTION","AUTRE_REACTION","PRECISIONREACTIONOUI","RECUL","PRECISIONREACTIONNON","IMPACTCOMPORTEMENT","AUTREUSAGER","REACTIONAUTREUSAGER","CONNAISSANCEREACTIONUSAGER","DIFFICULTES","AGGRAVATION","DIFFICULTES2","EMOTIONS1","EMOTIONS2","EMOTIONS3","EMOTIONS4","EMOTIONS5","EMOTIONS6","AUTRESENTIMENT","CLASSEMENTEMOTIONS1","CLASSEMENTEMOTIONS","CLASSEMENTEMOTIONS5","CLASSEMENTEMOTIONS6","CLASSEMENTEMOTIONS7","CLASSEMENTEMOTIONS8","CLASSEMENTEMOTIONS9","EXPLICATIONRESSENTI","BIENEQUIPE","ALLURE","ALLUREVITEDETAIL","ALLURELENTEDETAIL","SITUATIONPRESSE","SITUATIONDISTRAIT","SITUATIONCONFIANT","SITUATIONCONTROLE","SITUATIONLUDIQUE","SITUATIONPERF","SITUATIONSTRESS","SITUATIONFATIGUE","HUMEURNEUTRE","HUMEURGAI","HUMEURMECONTENT","HUMEURTRISTE","HUMEURCOLERE","CONTRIBUTION1","CONTRIBUTION2","CONTRIBUTION3","CONTRIBUTION4","CONTRIBUTION5","CONTRIBUTION6","CONTRIBUTION7","CONTRIBUTION8","CONTRIBUTION9","ROLEINFRA","ELEMENTINFRA1","ELEMENTINFRA2","ELEMENTINFRA3","ELEMENTINFRA4","ELEMENTINFRA5","ELEMENTINFRA6","ELEMENTINFRA7","ELEMENTINFRA8","ELEMENTINFRA9","ALCOOL","TXALCOOL","STUP","SEMAINE","MOMENTJOURNEE","TEMPS","CAUSEACC1","CAUSEACC2","CAUSEACC3","CAUSEACC4","CAUSEACC5","FORMATIONCAUSE","FORMATION1","FORMATION2","FORMATION3","FORMATION4","FORMATION5","TRAFIC","CHAUSSEE1","CHAUSSEE2","CHAUSSEE3","CHAUSSEE4","TYPEACC","BLESSURE","TETE","COU","THORAX","MEMBRESSUP","COLONNE","BASSIN","MEMBRESINF","HOPITAL","PLUS24H","TRAJET","TYPEROUTE","MOTIF","SENSTRAJET","PASSAGER","VITESSE","DESCEQ1","DESCEQ2","DESCEQ3","DESCEQ4","DESCEQ5","DESCEQ6","DESCEQ7","DESCEQ8","DESCEQ9","DESCEQ10","VEHICULEETE","VEHICULEAUTOMNE","VEHICULEPRINTEMPS","VEHICULEHIVER","VEHICULESEMAINE","VEHICULEWE","VEHMARQUE","VEHCYLINDREE","VEHMODELE","VEHSEGMENT","VEHSIDE","EQ2RMABS","EQ2RMCBS","EQ2RMABSCBS","EQ2RMREGULATEUR","EQ2RMLIMITEUR","EQ2RMPHARESDIRECT","EQ2RMCOUPURE","EQ2RMANTIPATINAGE","EQ2RMANTIXHEELING","EQ2RMSTABILILTE","VEHKM","POINTS","DUREE","AUTRE2RM","VEHPRECMARQUE","VEHPRECCYLINDREE","VEHPRECMODELE","VEHPRECSEGMENT","VEHPRECSIDE","TEMPS2RMPREC","FREQVEHPREC","DATE_NAISS","CSP","SOCIETAIRE","SALARIE","SECTEUR2RM","NBPERSFOYER","SITFAM","NBENF","TRNBENF1","TRNBENF2","TRNBENF3","TRNBENF4","NBAUTOFOYER","NBCYCLOFOYER","NBSCOOTFOYER","NBMOTOFOYER","NBTRIKEFOYER","NB2RMCONDUIT","MARQUE1","CYLINDREE1","MODELE1","SEGMENT1","SIDE1","ANMISECIRCU1","ASS1","FREQ1","USAGE1","NBKM1","GARAGE1","MARQUE2","CYLINDREE2","MODELE2","SEGMENT2","SIDE2","ANMISECIRCU2","ASS2","FREQ2","USAGE2","NBKM2","GARAGE2","MARQUE3","CYLINDREE3","MODELE3","SEGMENT3","SIDE3","ANMISECIRCU3","ASS3","FREQ3","USAGE3","NBKM3","GARAGE3","MARQUE4","CYLINDREE4","MODELE4","SEGMENT4","SIDE4","ANMISECIRCU4","ASS4","FREQ4","USAGE4","NBKM4","GARAGE4","MARQUE5","CYLINDREE5","MODELE5","SEGMENT5","SIDE5","ANMISECIRCU5","ASS5","FREQ5","USAGE5","NBKM5","GARAGE5","NBKMTOT","PERMIS1","PERMIS2","PERMIS3","PERMIS4","PERMIS5","PERMIS6","PERMIS7","PERMIS8","PERMIS9","ANPERMIS1","ANPERMIS6","ANPERMIS7","ANPERMIS2","ANPERMIS3","ANPERMIS8","ANPERMIS9","ANPERMIS4","ANPERMIS5","X","X.1","X.2","isScooter"
"391",148,6954,"243",1,0,5,"","",NA,NA,NA,1,5,"2003","","",NA,NA,0,6,"","",NA,"",NA,0,5,"","",NA,NA,NA,0,5,"","","","","",0,5,"","","",NA,NA,0,5,"",NA,NA,NA,NA,0,5,"","","",NA,NA,2,4,"2002","2014","","","",1,6,"2003","","","","",0,5,"","","","","",0,3,"","",NA,NA,NA,1,4,"2008","","",NA,NA,0,4,"","",NA,NA,NA,1,1,6,"2014","","","","","st maur des fos","","","","","chute suite à un déséquilibre sur sol glissant lors de la sortie d'un stationnement","","","","",0,0,10,0,0,1,6,"2",2003,"","2003","Vous circuliez derrière un véhicule. Ce véhicule a ralenti. Vous avez entrepris de dépasser ce véhicule par la gauche et celui-ci vous a coupé la route en tournant à gauche (ou en effectuant un œ tour","2","5","6",NA,"",NA,"","Je circulais de nuit (23h/minuit), le vendredi soir, sur les boulevards (2*2voies avec lignes blanches continues) de Toulouse. Je suivais une voiture qui me paraissait rouler ""bizarrement"". J'ai donc mis mon cligno et commençais à la doubler.  Quand je me suis déportée sur la file de gauche la voiture a fait demi-tour.  J'ai couché ma moto pour éviter de passer par dessus la voiture.  La voiture s'est arrêtée, à l'intérieur il y avait 3 ""jeunes"" (20 ans) qui m'ont expliqué cherché une boîte et avoir fait demi-tour car ils l'avaient dépassé. Aucun ne m'avait vu.  Le conducteur (avec un A) a reconnu ses torts.  Cela faisait quelques mois que j'avais mon permis moto et même si mon moniteur m'avait sensibilisé au fait que les motos sont peu vues par les automobilistes j'en ai pris conscience à ce moment là. J'ai aussi réalisé que j'ai uniquement réagi, pas réfléchi à ma réaction. Je n'en avais pas le temps. Même si j'étais dans mon droit, la voiture n'avait rien mais j'ai du faire refaire tout le carénage de ma moto.","ce qui a été déterminant c'est la rapidité du changement de trajectoire de la voiture combiné à ma position par rapport à la voiture. J'étais ""trop haut"" (par rapport à la voiture)pour pouvoir faire un évitement (pas d'échappatoire), une vitesse trop rapide (je devais être entre 50 et 60 km/h) pour pouvoir m'arrêter.","mes pensées: qu'est-ce qu'il fout? je peux pas l'éviter, je me couche-me barre  mes actions sur la moto frein, je couche, je lâche tout  les réactions du conducteur de la voiture je ne vous ai pas vu vous n'avez rien  j'aurai pas du (faire demi-tour) mais il n'y avait personne (c'est le soir, peu de circulation)  actions de la voiture arrêt suite au choc ressenti (moto dans la voiture)","NRP","1","j'aurai pu vérifier l'orientation des roues de la voiture avant de commencer à doubler essayer de percevoir le regard du conducteur et ce qui se passait dans la voiture (rapport passagers-conducteur)  je trouvais qu'il y avait quelque chose de bizarre, donc j'aurai pu voir qu'ils cherchaient quelque chose et prendre plus de précautions avant de doubler  depuis j'ai déjà détecté des changements de trajectoires intempestifs dans des situations similaires","je pense qu'une bonne part de cet accident vient du manque d'expérience des 2 conducteurs  j'ai agis comme si j'étais en voiture (jeune permis moto) et donc que l'autre conducteur m'avait vu","","2","1","2","","il était concentré sur autre chose (recherche d'une adresse, discussion dans la voiture) et n'a pas cherché les autres usagers de la route potentiel","1","il n'a pas fait de contrôles avant de changer de trajectoire et il a réalisé un demi-tour interdit","1","2","4",6,NA,"","","2",1,NA,NA,NA,"3",NA,"je ne pensais vraiment pas que la voiture allait faire un demi-tour. c'était interdit donc pas possible","3","3","","","2","1","4","2","NSP","1","1","3",1,5,4,4,4,1,5,NA,NA,NA,NA,NA,NA,NA,2,"","","","",NA,NA,NA,NA,2,2,NA,2,2,2,1,25,75,0,0,0,"NSP","","","",NA,NA,"1","1","","",NA,1,NA,NA,NA,NA,NA,NA,NA,NA,NA,NA,2,"1","3",NA,0,55,1,10,2,5,NA,NA,NA,NA,"",NA,"2","2","2","2","2","2","YAMAHA","600","FZ6-S FAZER","ROADSTER","2","1","1",1,1,1,"1",1,1,1,"1","33000","12","1","0","","","","","","","","20JUL1979","7","1","3",2,2,3,NA,"NRP","","","",1,2,0,1,0,1,"YAMAHA",600,"FZS FAZER","ROADSTER","2","1998","37",2,2,3000,"6","","","","","","","",NA,NA,NA,"","","","","","",NA,NA,NA,NA,NA,"","",NA,"","",NA,NA,NA,NA,NA,NA,"","",NA,"","",NA,NA,NA,NA,NA,NA,NA,3000,"3",4,NA,NA,NA,NA,NA,NA,NA,"NRP","NRP","NRP","NRP","2002","NRP","NRP","1998","NRP","","","","Motorcycle"
"392",290,6959,"283",1,0,5,"","",NA,NA,NA,0,3,"","","",NA,NA,0,4,"","",NA,"",NA,0,5,"","",NA,NA,NA,0,4,"","","","","",0,3,"","","",NA,NA,0,4,"",NA,NA,NA,NA,0,4,"","","",NA,NA,0,3,"","","","","",1,6,"2014","","","","",0,5,"","","","","",0,2,"","",NA,NA,NA,0,3,"","","",NA,NA,0,6,"","",NA,NA,NA,0,NA,1,"","","","","","","","","","","","","","","",NA,NA,5,6,0,1,46,"10",2014,"","2014","Vous circuliez sur un axe constitué dau moins "" 2 X 2 voies "" (en urbain, périphérique, autoroute, RN ). Un véhicule vous a coupé la route en changeant de voie pour se placer sur celle de droite.","3","","",NA,"",NA,"","J'étais sur le périphérique entre la voie du milieu et celle de gauche, une voiture a déboîté devant moi, j'ai pu freiner mais me suis arrêtée dans son aile droite de voiture, et suis tombée, je n'avis rien, le scooter juste quelques rayures, nous avons fait un constat avant de l'envoyer j'ai fait examiner mon scooter par le garagiste et attendu le lendemain pour vois si moi-m^me je n'avais rien. Compte tenu de ces éléments, j'ai appelé le conducteur et annulé le constat. Par contre, je peux signaler qu'aucun automobiliste ne s'est arrêté pas plus que des deux roues. Je me suis sentie plutôt seule !","l'élément est le changement de file du véhicule juste devant moi","Ma réaction a été de freiner au plus fort, le véhicule a lui aussi freiné. aucune réaction des autres usagers. Le fait d'avoir pu freiner a évité que je sois projeté hors du scooter","NRP","0","","","pas assez de distance pour s'arrêter","2","0","","","","","","4","","",NA,NA,"","","",NA,NA,1,NA,"",NA,"instinc de survie et d'éviter le pire.","3","3","","","1","1","4","4","1","1","1","1",1,4,4,4,4,10,NA,NA,NA,NA,NA,NA,NA,NA,2,"","","","",NA,NA,NA,NA,2,2,NA,2,1,1,1,0,100,0,0,0,"2","","","",NA,NA,"3","1","","",NA,1,NA,NA,NA,NA,NA,NA,NA,NA,NA,NA,1,"4","1",2,0,50,1,10,2,3,4,NA,NA,NA,"",NA,"4","4","4","4","4","4","HONDA","125","PCX","SCOOTER","2","1","0",1,1,1,"1",0,2,2,"2","14000","12","4","1","BSM","125","THUNDER BIKE","SCOOTER","2","4","4","01FEB1957","5","1","3",2,2,3,NA,"NRP","","","",2,0,1,2,0,1,"HONDA",125,"PCX","SCOOTER","2","2012","37",1,2,8000,"4","","","","","","","",NA,NA,NA,"","","","","","",NA,NA,NA,NA,NA,"","",NA,"","",NA,NA,NA,NA,NA,NA,"","",NA,"","",NA,NA,NA,NA,NA,NA,NA,8000,"4",NA,NA,NA,NA,NA,NA,NA,NA,"NRP","NRP","NRP","NRP","NRP","NRP","NRP","1977","NRP","","","","Motorcycle"
"393",175,6980,"393",1,0,6,"","",NA,NA,NA,0,5,"","","",NA,NA,0,5,"","",NA,"",NA,0,5,"","",NA,NA,NA,0,5,"","","","","",0,6,"","","",NA,NA,0,4,"",NA,NA,NA,NA,0,5,"","","",NA,NA,1,6,"2001","","","","",0,4,"","","","","",0,5,"","","","","",0,3,"","",NA,NA,NA,0,4,"","","",NA,NA,0,3,"","",NA,NA,NA,1,1,2,"2000","","","","","ARCHIAC","","","","","Dépassement d'un camion, un tracteur vigneron (étroit)était devant, une voiture arrive en face je tente de me rabattre entre le camion et le tracteur: je percute le tracteur par l'arrière.","","","","",0,0,5,0,14,1,71,"15",2000,"ARCHIAC","2000","Autre(s) type(s) d'accident(s).","1","2","4",6,"",NA,"","Permis moto depuis 4 mois à l'époque de l'accident. je roule sur une belle départementale, large et avec de grand virage. J'entreprends de dépassé un camion (type livraison deux essieux), la visibilité est convenable lorsque j'arrive à hauteur de la cabine du camion, je découvre qu'un tracteur agricole avec une remorque (type vigneron (étroit)) se trouve devant le camion à 50, 100m, soudain une voiture arrive en face, je panique et tente de me rabattre entre le camion et le tracteur, la différence de vitesse entre la moto et le tracteur est trop importante, je le percute au niveau de la remorque, perd connaissance, selon le chauffeur du camion je suis passé par dessus le guidon et suis retombé sur le dos. Conclusion : la route était large, le tracteur étroit j'aurais pu/du passé entre le tracteur et la voiture qui arrivée en face, seulement je n'avais que 4 mois de moto derrière moi.","La surprise de découvrir un élément que je n'avais pas anticipé","cf page précédente. à noter que le chauffeur du tracteur était très choqué, car il n'avait rien vu venir et a subit les évènements. Le chauffeur du camion, ayant tous vu a témoigné d'un manque d'expérience à mon propos.","1","1","cf page du début. En passant entre les deux véhicules, il n'y aurait pas eu d'accident, au plus une belle frayeur.","le manque de roulage et d'accumulation de kilomètres au guidon d'une moto","","2","1","NSP","","le conducteur du tracteur ne pouvais pas se rendre compte de la situation, le chauffeur du camion ne pensais pas que je réagirais de la sorte","2","je suis le seul fautif, n'ayant pas su géré une situation que j'avais créée","2","3","5",NA,NA,"","","",1,2,NA,3,"",NA,"un obstacle potentiel apparait soudain devant moi et là je suis surpris","3","3","","","2","3","3","3","2","1","1","1",1,5,4,4,4,6,7,NA,NA,NA,NA,NA,NA,NA,2,"","","","",NA,NA,NA,NA,2,2,NA,2,1,1,1,100,0,0,0,0,"1","3","4","",NA,NA,"1","1","AUT|période de vendange","",NA,2,1,4,NA,NA,NA,NA,NA,NA,1,1,2,"2","3",NA,0,100,1,10,2,4,NA,NA,NA,NA,"",NA,"4","1","1","1","4","4","SUZUKI","650","SV-N","ROADSTER","2","1","1",1,1,1,"1",0,1,1,"1","20000","12","1","1","MBK","50","EVASION","ROADSTER","null","4","4","25SEP1978","7","1","3",2,3,4,1,"NRP","","","",2,0,0,2,0,2,"SUZUKI",1200,"BANDIT-N","ROADSTER","2","2005","37",4,1,8000,"7","YAMAHA","400","WR","TOUT TERRAIN (TRIAL / ENDURO / CROSS)","2","1999","37",4,1,200,"7","","","","","",NA,NA,NA,NA,NA,"","",NA,"","",NA,NA,NA,NA,NA,NA,"","",NA,"","",NA,NA,NA,NA,NA,NA,NA,8200,"3",4,NA,NA,NA,NA,NA,NA,NA,"NRP","NRP","NRP","NRP","2000","NRP","NRP","1996","NRP","","","","Motorcycle"
"394",476,6991,"260",1,1,3,"1987","",NA,NA,NA,1,4,"1990","","",NA,NA,1,3,"1988","",NA,"",NA,0,2,"","",NA,NA,NA,0,3,"","","","","",0,2,"","","",NA,NA,0,2,"",NA,NA,NA,NA,0,3,"","","",NA,NA,1,3,"1976","","","","",1,3,"2001","","","","",1,4,"1987","","","","",0,1,"","",NA,NA,NA,1,3,"2012","","",NA,NA,0,2,"","",NA,NA,NA,0,NA,7,"","","","","","","","","","","","","","","",NA,NA,4,0,41,1,61,"13",2012,"","2012","Vous circuliez derrière un véhicule. Ce véhicule a freiné ou a ralenti et vous lavez percuté par larrière.","3","","",NA,"",NA,"","J'ai été distrait par un vehicule en panne et quand j'ai de nouveau regardé devant moi, j'ai été surpris  par un véhicule arrété pour tourner à gauche.","La surprise m'a fait éxécuter un freinage d'urgence qui ne m'a pas permis d'éviter le véhicule arrêté.","Freinage d'urgence qui ne m'a pas permis l'évitement","NRP","1","Au lieu de freiner, j'aurais du éviter le véhicule par ça droite, j'avais largement la place.","Roulant à faible allure, je n'était pas concentré sur ma conduite.","","2","1","2","","NSP","2","NSP","2","8","",NA,NA,"","","",1,NA,NA,NA,"",NA,"A cet endroit il n'y a pas de carrefour, je ne m'attendais pas a ce qu'un véhicule tourne à gauche pour aller à la station service","4","2","","1","1","4","3","1","1","1","1","1",1,3,4,4,4,1,4,NA,NA,NA,NA,NA,NA,NA,2,"","","","",NA,NA,NA,NA,2,2,NA,2,1,1,1,100,0,0,0,0,"2","","","",NA,NA,"1","1","","",NA,2,1,4,NA,NA,NA,NA,NA,NA,1,0,2,"2","3",NA,0,70,1,2,3,4,9,NA,NA,NA,"",NA,"3","3","3","2","3","3","BIMOTA","1100","DB6 DELIRIO","ROADSTER","2","1","1",1,1,1,"1",1,1,1,"1","41000","10","4","1","DUCATI","800","MONSTER S2R","ROADSTER","2","4","2","01MAR1956","5","1","3",2,3,4,1,"NRP","","","",3,4,0,4,0,4,"BIMOTA",1100,"DB6-R","ROADSTER","2","2008","37",3,1,3000,"4","BENELLI","1130","TNT (TORNADO NAKED TRE)","ROADSTER","2","2004","37",4,1,2500,"4","BIMOTA","1098","DB7","SPORTIVE","2",2009,37,3,1,1500,"4","TRIUMPH",675,"DAYTONA","SPORTIVE",2,2012,37,3,1,2000,"4","",NA,"","",NA,NA,NA,NA,NA,NA,NA,9000,"3",NA,NA,NA,NA,NA,NA,NA,NA,"NRP","NRP","NRP","NRP","1974","NRP","NRP","NRP","NRP","","","","Motorcycle"
"395",614,7014,"407",1,0,3,"","",NA,NA,NA,0,4,"","","",NA,NA,1,5,"2002","",NA,"",NA,0,2,"","",NA,NA,NA,0,2,"","","","","",0,4,"","","",NA,NA,0,4,"",NA,NA,NA,NA,0,5,"","","",NA,NA,1,3,"NSP","","","","",0,2,"","","","","",0,2,"","","","","",0,2,"","",NA,NA,NA,0,2,"","","",NA,NA,1,4,"NSP","",NA,NA,NA,0,NA,3,"","","","","","","","","","","","","","","",NA,NA,2,2,12,1,66,"14",0,"","-1","Alors que vous étiez en train de rouler, un piéton a traversé devant vous.","2","","",NA,"",NA,"","Un piéton a traversé devant moi alors que mon feu tricolore était vert et que le sien était rouge. en voulant l'éviter, je suis tombé.","un coup de frein combiné avec une situation d'évitement dans la circulation (3 voies)","l'évitement et le coup de frein mon fait chuter","NRP","0","","","car j'airai risqué de percuter le piéton","2","1","2","","NSP","NSP","NSP","6","","",NA,NA,"","","",NA,NA,NA,NA,"1",NA,"la moto a glissée, et je ne pouvait rien faire au risque de percuter le piéton","4","3","","","2","3","4","3","NSP","1","1","2",1,4,4,4,4,10,NA,NA,NA,NA,NA,NA,NA,NA,2,"","","","",NA,NA,NA,NA,2,2,NA,2,1,1,1,20,70,0,10,0,"2","","","",NA,NA,"3","7","","",NA,2,1,6,NA,NA,NA,NA,NA,NA,0,NA,1,"1","1",2,0,40,1,10,2,4,7,NA,NA,NA,"",NA,"4","4","4","4","4","4","APRILIA","125","AF1 FUTURA","SPORTIVE","2","1","1",1,1,1,"1",1,1,1,"1","40000","12","3","1","SUZUKI","125","RM","TOUT TERRAIN (TRIAL / ENDURO / CROSS)","2","4","3","03JUL1984","5","1","3",2,2,3,NA,"NRP","","","",3,0,0,1,0,1,"KAWASAKI",650,"ER-6 ""N""","ROADSTER","2","2005","37",4,1,2000,"7","","","","","","","",NA,NA,NA,"","","","","","",NA,NA,NA,NA,NA,"","",NA,"","",NA,NA,NA,NA,NA,NA,"","",NA,"","",NA,NA,NA,NA,NA,NA,NA,2000,"2",3,4,NA,NA,NA,NA,NA,NA,"NRP","NRP","NRP","2000","2002","NRP","NRP","2002","NRP","","","","Motorcycle"
"396",1194,7026,"82",1,0,3,"","",NA,NA,NA,0,4,"","","",NA,NA,0,2,"","",NA,"",NA,0,4,"","",NA,NA,NA,1,5,"2014","","","","",0,4,"","","",NA,NA,0,5,"",NA,NA,NA,NA,0,3,"","","",NA,NA,1,5,"2004","","","","",0,5,"","","","","",1,5,"2001","","","","",0,4,"","",NA,NA,NA,0,2,"","","",NA,NA,0,4,"","",NA,NA,NA,0,NA,3,"","","","","","","","","","","","","","","",NA,NA,0,9,2,1,21,"5",2014,"","2014","Vous circuliez sur un axe prioritaire. Un véhicule venant dun axe non prioritaire vous a coupé la route.","3","","",NA,"",NA,"","Je roulais sur un axe prioritaire, en sortant de la ville, limité à 70km/h. La voiture qui m'a coupé la route venait d'une route secondaire à droite sanctionnée par un stop. Les voitures étaient en double file à ce stop (ce qui n'était pas permis)et l'automobiliste s'en est à la seule visibilité à travers l'habitacle de la voiture à sa gauche pour s'engager et me couper la router sans pouvoir me voir. Ma moto a percuter la voiture entre la roue avant et la portière avant. Je suis alors passé par dessus le capot pour finir au milieu de la chaussée. J'ai vraiment eu de la chance car je roulais en dessous de la vitesse limite à l'approche de ce croisement voyant les voitures en double file et surtout de ne pas terminer ma chute sur la voie contraire.","L'automobiliste que devait s'arrêter à un stop ne l'a pas fait. Sa visibilité était limitée, mais ça ne l'a pas empêcher de s'engager.","J'avais diminué les gaz à l'arrivée à ce croisement pour être certain d'être vu, mais la voiture a débouché juste devant ma roue. Ma seule réaction a été de me détacher de la moto pour le finir sur la voiture et de rouler sur la capot et la route ensuite.  L'automobiliste s'est immobilisé, les automobilistes dans le sens contraire aussi.","AUT|accident trop proche pour une réaction","0","","","Un automobiliste qui s'engage directement à un stop sans visibilité coupera toujours la route, que quelqu'un soit proche ou non de lui.","2","1","2","","Ne me voyant pas arriver par manque de visibilité, il m'a seulement aperçu au moment du choc.","1","S'engager sans visibilité sur une route fréquentée augmente grandement les risques d'accident.","1","2","6",NA,NA,"","","3",1,NA,NA,NA,"2",NA,"Un élément qui apparaît d'un coup sur la route.","3","3","","","1","1","3","3","3","1","1","1",4,3,4,4,4,1,8,NA,NA,NA,NA,NA,NA,NA,2,"","","","",NA,NA,NA,NA,2,2,NA,2,1,1,1,0,100,0,0,0,"2","","","",NA,NA,"2","1","","",NA,1,NA,NA,NA,NA,NA,NA,NA,NA,NA,NA,2,"1","3",NA,0,60,1,10,2,3,4,NA,NA,NA,"",NA,"3","3","3","3","3","3","BMW","650","F650CS SCARVER","ROADSTER","2","1","1",1,1,1,"1",1,1,1,"1","34000","12","1","0","","","","","","","","23JUL1978","7","1","3",2,3,4,1,"NRP","","","",1,0,0,1,0,1,"BMW",650,"F650CS SCARVER","ROADSTER","2","2002","37",3,1,2000,"6","","","","","","","",NA,NA,NA,"","","","","","",NA,NA,NA,NA,NA,"","",NA,"","",NA,NA,NA,NA,NA,NA,"","",NA,"","",NA,NA,NA,NA,NA,NA,NA,2000,"3",4,NA,NA,NA,NA,NA,NA,NA,"NRP","NRP","NRP","NRP","2012","NRP","NRP","1996","NRP","","","","Motorcycle"
"397",316,7030,"93",1,1,6,"2014","",NA,NA,NA,0,4,"","","",NA,NA,0,4,"","",NA,"",NA,0,5,"","",NA,NA,NA,0,5,"","","","","",0,4,"","","",NA,NA,0,4,"",NA,NA,NA,NA,0,5,"","","",NA,NA,0,5,"","","","","",0,5,"","","","","",0,5,"","","","","",0,3,"","",NA,NA,NA,0,3,"","","",NA,NA,0,4,"","",NA,NA,NA,1,1,2,"2012","","","","","Lyon","","","","","arreté au feu, une voiture m'a percuté par l'arriere. Vraisemblablement, la conductrice devait etre au telephone...","","","","",0,0,0,4,0,1,1,"1",2014,"","2014","Vous circuliez sur un axe prioritaire. Un autre véhicule arrivant sur le même axe en sens opposé vous a coupé la route en tournant à gauche.","1","","",NA,"",NA,"","les automobilistes ne s'attende pas a voir une moto arriver et lorsque l'on ne s'attend pas a voir, le cerveau fait tout pour l'ignorer. Les automobilistes (non motards) s'attendent a voir une voiture, un camion mais pas de 2roues (bicyclettes comprises. Lors de mon accident, c est ce qu'il s'est passé. la voiture ne m'a pas calculé.","les elements qui ont transformé la conduite en accident sont:  - la surprise d'un vehicule sur la trajectoire - la position non verrouillée des bras sur le guidon (je contournais une voiture) - la faible distance de freinage (trop courte pour eviter le vehicule en face)","1/ prise en compte du vehicule sur ma trajectoire 2/ freinage non conventionnel (position non verrouillée) 3/ chute  l'autre vehicule n'a meme pas freinée et ne s'est pas arreté, je pense qu'il ne m'a meme pas vu chuter.","1","1","j'aurai du me mefier un peut plus des autres usagers de la route. pas assez d'anticipation.","exces de confiance dans les autres usagers de la route","","2","0","","","","","","2","3","8",NA,NA,"","","",1,2,NA,NA,"",NA,"je ne m'attendais pas a voir une voiture en face tourner brusquement","4","3","","","1","2","4","4","1","1","1","2",1,2,4,4,4,5,NA,NA,NA,NA,NA,NA,NA,NA,2,"","","","",NA,NA,NA,NA,2,2,NA,2,1,1,1,20,80,0,0,0,"2","","","",NA,NA,"4","1","","",NA,2,1,7,NA,NA,NA,NA,NA,NA,1,0,1,"1","1",2,0,15,1,10,2,3,4,7,NA,NA,"",NA,"4","4","4","3","4","3","HONDA","125","VARADERO","TRAIL / SUPERMOTARD","2","1","1",1,1,1,"1",1,1,1,"1","29000","12","4","0","","","","","","","","05DEC1976","5","2","3",2,6,4,4,"NRP","","","",2,0,0,1,0,1,"HONDA",125,"VARADERO","TRAIL / SUPERMOTARD","2","2003","29",2,2,8000,"7","","","","","","","",NA,NA,NA,"","","","","","",NA,NA,NA,NA,NA,"","",NA,"","",NA,NA,NA,NA,NA,NA,"","",NA,"","",NA,NA,NA,NA,NA,NA,NA,8000,"4",5,NA,NA,NA,NA,NA,NA,NA,"NRP","NRP","NRP","NRP","NRP","NRP","NRP","1995","2011","","","","Motorcycle"