"","Ligne","Ligne.Q.qualif","Ligne.approfondissement.Accident","ACCIDENT","NBACC1","ACCFREQUENCE1","ANNEEACC1_1","ANNEEACC1_2","ANNEEACC1_3","ANNEEACC1_4","ANNEEACC1_5","NBACC2","ACCFREQUENCE2","ANNEEACC2_1","ANNEEACC2_2","ANNEEACC2_3","ANNEEACC2_4","ANNEEACC2_5","NBACC3","ACCFREQUENCE3","ANNEEACC3_1","ANNEEACC3_2","ANNEEACC3_3","ANNEEACC3_4","ANNEEACC3_5","NBACC4","ACCFREQUENCE4","ANNEEACC4_1","ANNEEACC4_2","ANNEEACC4_3","ANNEEACC4_4","ANNEEACC4_5","NBACC5","ACCFREQUENCE5","ANNEEACC5_1","ANNEEACC5_2","ANNEEACC5_3","ANNEEACC5_4","ANNEEACC5_5","NBACC6","ACCFREQUENCE6","ANNEEACC6_1","ANNEEACC6_2","ANNEEACC6_3","ANNEEACC6_4","ANNEEACC6_5","NBACC7","ACCFREQUENCE7","ANNEEACC7_1","ANNEEACC7_2","ANNEEACC7_3","ANNEEACC7_4","ANNEEACC7_5","NBACC8","ACCFREQUENCE8","ANNEEACC8_1","ANNEEACC8_2","ANNEEACC8_3","ANNEEACC8_4","ANNEEACC8_5","NBACC9","ACCFREQUENCE9","ANNEEACC9_1","ANNEEACC9_2","ANNEEACC9_3","ANNEEACC9_4","ANNEEACC9_5","NBACC10","ACCFREQUENCE10","ANNEEACC10_1","ANNEEACC10_2","ANNEEACC10_3","ANNEEACC10_4","ANNEEACC10_5","NBACC11","ACCFREQUENCE11","ANNEEACC11_1","ANNEEACC11_2","ANNEEACC11_3","ANNEEACC11_4","ANNEEACC11_5","NBACC12","ACCFREQUENCE12","ANNEEACC12_1","ANNEEACC12_2","ANNEEACC12_3","ANNEEACC12_4","ANNEEACC12_5","NBACC13","ACCFREQUENCE13","ANNEEACC13_1","ANNEEACC13_2","ANNEEACC13_3","ANNEEACC13_4","ANNEEACC13_5","NBACC14","ACCFREQUENCE14","ANNEEACC14_1","ANNEEACC14_2","ANNEEACC14_3","ANNEEACC14_4","ANNEEACC14_5","AUTRESACC","NBAUTRESACC","TOTAL_AC","ANNEEAUTREACC1","ANNEEAUTREACC2","ANNEEAUTREACC3","ANNEEAUTREACC4","ANNEEAUTREACC5","LIEUAUTREACC1","LIEUAUTREACC2","LIEUAUTREACC3","LIEUAUTREACC4","LIEUAUTREACC5","DESCRIPTIONAUTRESACC1","DESCRIPTIONAUTRESACC2","DESCRIPTIONAUTRESACC3","DESCRIPTIONAUTRESACC4","DESCRIPTIONAUTRESACC5","NBAUTRESACCCIRCUIT","NBAUTRESTOUTTERRAIN","EXPCYCLO","EXP125","EXPSUP125","ACCORDNEXTQ","CHOIXACC","RGPMTACC","RECUPANNEE","RECUPLIEU","RECUPANNE","RGPMTAC","CHOIX1","CHOIX2","CHOIX3","CHOIX4","CHOIX5","CHOIX6","CHOIX7","DESCRIPTION","RUPTURE","FAITS","ABS_REACTION","AUTRE_REACTION","PRECISIONREACTIONOUI","RECUL","PRECISIONREACTIONNON","IMPACTCOMPORTEMENT","AUTREUSAGER","REACTIONAUTREUSAGER","CONNAISSANCEREACTIONUSAGER","DIFFICULTES","AGGRAVATION","DIFFICULTES2","EMOTIONS1","EMOTIONS2","EMOTIONS3","EMOTIONS4","EMOTIONS5","EMOTIONS6","AUTRESENTIMENT","CLASSEMENTEMOTIONS1","CLASSEMENTEMOTIONS","CLASSEMENTEMOTIONS5","CLASSEMENTEMOTIONS6","CLASSEMENTEMOTIONS7","CLASSEMENTEMOTIONS8","CLASSEMENTEMOTIONS9","EXPLICATIONRESSENTI","BIENEQUIPE","ALLURE","ALLUREVITEDETAIL","ALLURELENTEDETAIL","SITUATIONPRESSE","SITUATIONDISTRAIT","SITUATIONCONFIANT","SITUATIONCONTROLE","SITUATIONLUDIQUE","SITUATIONPERF","SITUATIONSTRESS","SITUATIONFATIGUE","HUMEURNEUTRE","HUMEURGAI","HUMEURMECONTENT","HUMEURTRISTE","HUMEURCOLERE","CONTRIBUTION1","CONTRIBUTION2","CONTRIBUTION3","CONTRIBUTION4","CONTRIBUTION5","CONTRIBUTION6","CONTRIBUTION7","CONTRIBUTION8","CONTRIBUTION9","ROLEINFRA","ELEMENTINFRA1","ELEMENTINFRA2","ELEMENTINFRA3","ELEMENTINFRA4","ELEMENTINFRA5","ELEMENTINFRA6","ELEMENTINFRA7","ELEMENTINFRA8","ELEMENTINFRA9","ALCOOL","TXALCOOL","STUP","SEMAINE","MOMENTJOURNEE","TEMPS","CAUSEACC1","CAUSEACC2","CAUSEACC3","CAUSEACC4","CAUSEACC5","FORMATIONCAUSE","FORMATION1","FORMATION2","FORMATION3","FORMATION4","FORMATION5","TRAFIC","CHAUSSEE1","CHAUSSEE2","CHAUSSEE3","CHAUSSEE4","TYPEACC","BLESSURE","TETE","COU","THORAX","MEMBRESSUP","COLONNE","BASSIN","MEMBRESINF","HOPITAL","PLUS24H","TRAJET","TYPEROUTE","MOTIF","SENSTRAJET","PASSAGER","VITESSE","DESCEQ1","DESCEQ2","DESCEQ3","DESCEQ4","DESCEQ5","DESCEQ6","DESCEQ7","DESCEQ8","DESCEQ9","DESCEQ10","VEHICULEETE","VEHICULEAUTOMNE","VEHICULEPRINTEMPS","VEHICULEHIVER","VEHICULESEMAINE","VEHICULEWE","VEHMARQUE","VEHCYLINDREE","VEHMODELE","VEHSEGMENT","VEHSIDE","EQ2RMABS","EQ2RMCBS","EQ2RMABSCBS","EQ2RMREGULATEUR","EQ2RMLIMITEUR","EQ2RMPHARESDIRECT","EQ2RMCOUPURE","EQ2RMANTIPATINAGE","EQ2RMANTIXHEELING","EQ2RMSTABILILTE","VEHKM","POINTS","DUREE","AUTRE2RM","VEHPRECMARQUE","VEHPRECCYLINDREE","VEHPRECMODELE","VEHPRECSEGMENT","VEHPRECSIDE","TEMPS2RMPREC","FREQVEHPREC","DATE_NAISS","CSP","SOCIETAIRE","SALARIE","SECTEUR2RM","NBPERSFOYER","SITFAM","NBENF","TRNBENF1","TRNBENF2","TRNBENF3","TRNBENF4","NBAUTOFOYER","NBCYCLOFOYER","NBSCOOTFOYER","NBMOTOFOYER","NBTRIKEFOYER","NB2RMCONDUIT","MARQUE1","CYLINDREE1","MODELE1","SEGMENT1","SIDE1","ANMISECIRCU1","ASS1","FREQ1","USAGE1","NBKM1","GARAGE1","MARQUE2","CYLINDREE2","MODELE2","SEGMENT2","SIDE2","ANMISECIRCU2","ASS2","FREQ2","USAGE2","NBKM2","GARAGE2","MARQUE3","CYLINDREE3","MODELE3","SEGMENT3","SIDE3","ANMISECIRCU3","ASS3","FREQ3","USAGE3","NBKM3","GARAGE3","MARQUE4","CYLINDREE4","MODELE4","SEGMENT4","SIDE4","ANMISECIRCU4","ASS4","FREQ4","USAGE4","NBKM4","GARAGE4","MARQUE5","CYLINDREE5","MODELE5","SEGMENT5","SIDE5","ANMISECIRCU5","ASS5","FREQ5","USAGE5","NBKM5","GARAGE5","NBKMTOT","PERMIS1","PERMIS2","PERMIS3","PERMIS4","PERMIS5","PERMIS6","PERMIS7","PERMIS8","PERMIS9","ANPERMIS1","ANPERMIS6","ANPERMIS7","ANPERMIS2","ANPERMIS3","ANPERMIS8","ANPERMIS9","ANPERMIS4","ANPERMIS5","X","X.1","X.2","isScooter"
"398",407,7032,"20",1,1,3,"2009","",NA,NA,NA,0,3,"","","",NA,NA,0,4,"","",NA,"",NA,0,2,"","",NA,NA,NA,1,4,"2014","","","","",0,3,"","","",NA,NA,0,3,"",NA,NA,NA,NA,0,3,"","","",NA,NA,1,5,"2007","","","","",1,5,"2009","","","","",0,3,"","","","","",0,3,"","",NA,NA,NA,0,2,"","","",NA,NA,0,2,"","",NA,NA,NA,1,2,6,"2009","2005","","","","Lyon","Lyon","","","","circulation sur un axe prioritaire, un vehicule gare cote oppose est sorti de sa place et a fait demi tour en coupant une ligne blanche et en me coupant la route au passage","remontee de file, un vehicule de la voie de droite change de file et me coupe la route","","","",1,0,3,2,10,1,21,"5",2014,"","2014","Vous circuliez sur un axe prioritaire. Un véhicule venant dun axe non prioritaire vous a coupé la route.","3","","",NA,"",NA,"","Engage sur un rond point depuis environ un tiers de tour, une voiture m'a percute lateralement. L'entree de ce Monsieur et sa sortie de rond point sont situees sur un axe passant et quasi l'une en face de l'autre sur ce rond point. je pense qu'en venant de sa gauche, le montant avant de sa voiture creait un tel angle mort qu'il ne m'a jamais vu engagé dans ce rond point.  De nos jours nous fabriquons des voitures ""de plus en plus sures et de plus en plus insonorisees... au detriment du nombre d'angle morts que nous creons.","-organisation de l'infrastructure ty rond point ne permettant pas de casser suffisement la vitesse pour rendre le rond point sûr - conception des voitures recentes favorisant la creatoin d'angles morts tres importants (les pires etant pour moi ceux des no","-entree dans le rond point, tiers de tour a gauche et percussion. l'autre usager n'a, d'apres ses dires, rien senti. heureusement qu'une voiture de ses amis le suivait et lui a signale ma percussion...","NRP","0","","","l'effet de surprise...","2","0","","","","","","7","","",NA,NA,"","","",NA,NA,NA,NA,"",NA,"","4","3","","","1","1","3","3","4","2","1","1",3,3,4,4,4,5,NA,NA,NA,NA,NA,NA,NA,NA,1,"2","","","",NA,NA,NA,NA,2,2,NA,2,2,1,1,10,65,0,25,0,"2","","","",NA,NA,"1","1","","",NA,2,1,6,NA,NA,NA,NA,NA,NA,0,NA,1,"2","3",NA,0,30,1,10,2,4,7,NA,NA,NA,"",NA,"3","3","3","3","3","3","YAMAHA","125","RDX (+ 15CV)","ROADSTER","2","1","1",1,1,1,"1",1,1,1,"1","19200","12","3","1","KAWASAKI","600","ZX-6R NINJA","SPORTIVE","2","4","4","01AUG1985","7","2","3",2,1,1,NA,"NRP","","","",1,1,0,2,0,3,"KAWASAKI",600,"ZX-6R NINJA","SPORTIVE","2","1998","31",2,1,15000,"7","YAMAHA","125","RDX (+ 15CV)","ROADSTER","2","1981","31",3,1,6000,"7","PEUGEOT","50","103 RCX","ROADSTER","2",1985,31,3,1,1000,"7","",NA,"","",NA,NA,NA,NA,NA,NA,"","",NA,"","",NA,NA,NA,NA,NA,NA,NA,22000,"3",4,NA,NA,NA,NA,NA,NA,NA,"NRP","NRP","NRP","NRP","2004","NRP","NRP","2003","NRP","","","","Motorcycle"
"399",372,7105,"120",1,0,4,"","",NA,NA,NA,1,5,"2011","","",NA,NA,0,5,"","",NA,"",NA,0,4,"","",NA,NA,NA,0,3,"","","","","",0,4,"","","",NA,NA,0,3,"",NA,NA,NA,NA,0,3,"","","",NA,NA,1,5,"2011","","","","",0,4,"","","","","",0,2,"","","","","",0,2,"","",NA,NA,NA,0,5,"","","",NA,NA,0,4,"","",NA,NA,NA,1,2,4,"2012","2012","","","","Bordeaux","Bordeaux","","","","Renversé par voiture sortant d'un stationnement","Renversé à l'arrêt par le véhicule de devant qui a fait une marche arrière brutale sans contrôler","","","",0,0,5,4,3,1,6,"2",2011,"","2011","Vous circuliez derrière un véhicule. Ce véhicule a ralenti. Vous avez entrepris de dépasser ce véhicule par la gauche et celui-ci vous a coupé la route en tournant à gauche (ou en effectuant un œ tour","2","5","",NA,"",NA,"","Je décide de doubler par la gauche un véhicule plus lent que mois sur une rue ayant 2 voies à sens unique. Je suis surpris par le changement de voie de l'automobile au moment, qui ne m'a pas vu. Déséquilibré, je chute sur la chaussée.","Je n'ai pas anticipé le changement de voie de l'automobile. De plus je pense avoir freiné essayant de tourner à gauche ce qui a dû me faire perdre le contrôle du véhicule.","J'ai freiné en changeant de direction pour éviter le choc avec le véhicule.","NRP","0","","","il n'y avait pas la place pour faire un évitement. Si j'étais resté sur la même trajectoire en freinant je pense qu'il m'aurait renversé.","2","1","2","","Il n'a pas fait de contrôle latéral avant de changer de voie (il me l'a dit après)","1","NRP","8","","",NA,NA,"","","",NA,NA,NA,NA,"",NA,"","3","3","","","2","1","4","4","1","1","1","2",2,4,4,4,4,10,NA,NA,NA,NA,NA,NA,NA,NA,2,"","","","",NA,NA,NA,NA,2,2,NA,2,1,1,1,0,100,0,0,0,"2","","","",NA,NA,"1","1","","",NA,2,1,4,7,NA,NA,NA,NA,NA,0,NA,1,"1","1",2,0,50,1,2,NA,NA,NA,NA,NA,NA,"",NA,"4","4","4","4","4","NRP","PIAGGIO","125","VESPA LX","SCOOTER","2","1","1",1,1,1,"1",1,1,1,"1","3000","12","2","0","","","","","","","","14JUN1977","4","2","3",2,5,4,3,"NRP","","","",1,0,1,1,0,1,"TRIUMPH",675,"STREET TRIPLE  2013","ROADSTER","2","2013","33",1,2,6000,"6","","","","","","","",NA,NA,NA,"","","","","","",NA,NA,NA,NA,NA,"","",NA,"","",NA,NA,NA,NA,NA,NA,"","",NA,"","",NA,NA,NA,NA,NA,NA,NA,6000,"4",3,NA,NA,NA,NA,NA,NA,NA,"NRP","NRP","NRP","NRP","2013","NRP","NRP","1996","NRP","","","","Motorcycle"
"400",781,7108,"54",1,0,5,"","",NA,NA,NA,0,4,"","","",NA,NA,0,4,"","",NA,"",NA,0,4,"","",NA,NA,NA,0,5,"","","","","",0,4,"","","",NA,NA,0,2,"",NA,NA,NA,NA,0,4,"","","",NA,NA,5,5,"NSP","NSP","NSP","NSP","NSP",0,2,"","","","","",0,4,"","","","","",0,1,"","",NA,NA,NA,0,5,"","","",NA,NA,0,2,"","",NA,NA,NA,1,1,6,"1977","","","","","bordeaux","","","","","je remonte lentement, par la gauche, une file d'autos arrêtées à un feu rouge. Le feu passe au vert, et soudainement, une auto quitte la file pour doubler (sans doute pour être sûre de passer au feu vert). Au passage elle me bouscule (appui sur mon levier de frein droit au guidon), je traverse la rue en biais, je saute le trottoir pour finir en cognant dans un mur (mais pas de chute!) Pas de corpo, juste la fourche de la moto qui a été vrillée...","","","","",0,0,2,4,25,1,71,"15",1977,"bordeaux","1977","Autre(s) type(s) d'accident(s).","2","6","",NA,"",NA,"","16 ans, de la mobylette 2 ans entre 14/16 et j'ai mon permis 125 depuis une petite semaine...( à l'époque il ne s'agit que du code. Aucun cours de conduite) Heure d'embauche (entre 7 et 8h) Rue plutôt étroite. Feu rouge. File de voiture arrêtée. Je remonte très lentement la file par la gauche. Tout va très vite: le feu passe au vert, et zou ! en un éclair une voiture déboite de la file pour doubler tout le monde (sans doute pour être sûre de passer au vert...) Au passage, elle me touche au levier de frein avant, ça fait ""ressort"", et cela me projette de l'autre de la rue...je ""saute"" le trottoir assez abrupt et je fini ""collé"" contre un beau mur de pierre ! je suis tout étonné...je suis toujours sur mes 2 roues ! bilan final: aucuns bobos, un levier d'embrayage rappé, une patte de cligno cassée, un phare éborgné et surtout une fourche bien vrillée. Et surtout une immense frayeur.  Une expérience ""initiatique"" d'où va découler tout mon apprentissage de la moto: humilité et vigilance: apprendre à tenter d'anticiper l'imprévisible...","surprise (manoeuvre brusque de l'auto) pas le temps de réagir (à part conserver l'équilibre) voie étroite, pas de distance pour s'échapper, pour freiner avant de percuter le trottoir et le mur.","pas d'actions sur les commandes de ma moto Et les voitures sont parties...comme si de rien n'était...","1","1","je remontais la file trop près des voitures. En m'écartant j'aurais peut-être vu arriver le coup. La voie de gauche était parfaitement libre...donc tentante pour la manoeuvre réalisée par l'auto qui jaillit pour sortir de la file.","Manoeuvre brusque, pas le temps et pas le champ pour réagir, et pas l'expérience de ce type de situation.","","2","0","","","","","","1","2","3",6,NA,"","","1",2,3,NA,NA,"",NA,"C'est comme si je m'étais filmé à toute vitesse: peur d'un véhicule qui arriverait en face (que je n'aurais pas vu...), peur de tomber (de se faire mal/de casser ma moto)","3","3","","","2","1","2","2","1","1","1","1",5,5,5,5,5,10,NA,NA,NA,NA,NA,NA,NA,NA,2,"","","","",NA,NA,NA,NA,2,2,NA,2,1,1,1,25,75,0,0,0,"1","AUT|pas de formation pratique du tout...que l'expérience (solide) de la mob et du vélo","","",NA,NA,"3","1","","",NA,1,NA,NA,NA,NA,NA,NA,NA,NA,NA,NA,1,"1","1",1,0,10,1,10,2,3,5,NA,NA,NA,"",NA,"2","2","2","2","2","2","MZ","125","125 ETS","ROADSTER","2","1","1",1,1,1,"1",1,1,1,"1","10000","NSP","1","1","MOBYLETTE","50","AV78","ROADSTER","2","4","4","07DEC1960","4","1","2",2,4,4,2,"NRP","","","",2,0,0,2,0,2,"MOTO GUZZI",1000,"SP III","Routière / GT","2","1991","37",3,1,5000,"7","MOTO GUZZI","750","STRADA","ROADSTER","2","1994","37",4,1,500,"7","","","","","",NA,NA,NA,NA,NA,"","",NA,"","",NA,NA,NA,NA,NA,NA,"","",NA,"","",NA,NA,NA,NA,NA,NA,NA,5500,"2",3,4,NA,NA,NA,NA,NA,NA,"NRP","NRP","NRP","1977","1979","NRP","NRP","1979","NRP","","","","Motorcycle"
"401",873,7115,"246",1,0,4,"","",NA,NA,NA,0,6,"","","",NA,NA,0,6,"","",NA,"",NA,0,5,"","",NA,NA,NA,0,5,"","","","","",0,6,"","","",NA,NA,0,3,"",NA,NA,NA,NA,0,4,"","","",NA,NA,1,4,"1987","","","","",0,3,"","","","","",0,6,"","","","","",0,2,"","",NA,NA,NA,0,2,"","","",NA,NA,0,2,"","",NA,NA,NA,1,2,3,"1988","1992","","","","Saint-Etienne","Poretta","","","","Un utilitaire est sorti de nuit, sans feux et par un sens interdit d'un parking fermé à cette heure là. il est arrivé sur ma droite. Je roulais à petite allure sur un trail. J'ai pu me mettre en travers (merci le moto-cross) et terminer le pied en avant sur la portière conducteur. Pas de bobo pour moi.","Là encore une golf noire est arrivée sur ma droite de nuit, sans feux en sortant d'une station service par la voie d'entrée. La conductrice voulait couper la route pour aller chez elle, juste en face. J'ai tenté la même manuvre mais j'allais plus vite (dans la limite légale), et la moto était plus lourde. Je m'en suis sorti avec un genou bien touché (méniscectomie interne gauche) et une cheville foulée.","","","",0,1,4,0,40,1,72,"15",1992,"Poretta","1992","Autre(s) type(s) d'accident(s).","AUT|C'est le plus grave et le dernier. Les 2 autres sont : une chute sur le verglas sans autre dommage qu'une blessure d'amour-propre et un contact violent avec une voiture sortant en sens interdit d'un parking privé et fermé qui s'est soldé par des bosses sur sa carosserie.","","",NA,"",NA,"","Un soir de février, 21 heures, nuit déjà noire, petite pluie fine, mais constante. Je viens de BASTIA et j'aborde une légère montée qui mène à un carrefour vers l'aéroport de PORETTA. A l'époque ce n'est pas encore un rond-point et il est assez dangereux parce que l'intersection est matérialisée par un triangle de béton au milieu de la route. Juste avant, sur la droite, il y a une voie d'accès à une station service située en contre-bas. Lorsque j'arrive à son niveau une GOLF noire, tous feux éteints, surgit avec l'intention de traverser la route. Elle est donc en sens interdit et s'apprête à couper une ligne blanche. Malgré mon allure réduite le choc était inévitable. J'ai freiné, d'abord en ligne, aussi fort que possible compte tenu de l'adhérence réduite, puis pour éviter une collision frontale J'ai choisi de mettre ma moto en dérapage, au frein arrière, tout en me préparant à me propulser vers le haut pour essayer de passer par dessus la voiture. J'ai à peu prés réussi mon coup puisqu'après un joli vol et un roulé boulé je me suis relevé avec seulement une cheville foulée (par la suite il s'est avéré que le ménisque interne de mon genou gauche avait également souffert). La jeune fille qui conduisait la GOLF a reconnu ses torts. En fait, nièce du propriétaire de la station, elle voulait rentrer chez elle, juste de l'autre coté de la route après avoir fait le plein et une bise à tonton. Pour éviter de faire un détour par la sortie normale puis par le carrefour elle avait pris l'habitude de partir à contre-sens. Bien sûr il lui fallait faire vite et sans feux pour ne pas se faire remarquer (sic)! J'ai certainement eu de la chance, mais je pense aussi qu'une longue pratique du tout-terrain avec l'apprentissage de la glisse et des chutes m'a bien servi.","L'obscurité, la pluie et l'inobservation du code de la route par la conductrice adverse.","Lorsqu'elle m'a enfin vu et réalisé son erreur elle s'est arrêté au milieu de la route. J'ai déjà dit que j'ai freiné, provoqué une glissade et sauté par dessus la voiture juste avant le choc. Elle est restée totalement passive.","NRP","0","","","Parce que je pense avoir fait exactement ce qu'il fallait.","2","1","2","","Peur, sidération....","NSP","NRP","4","","",NA,NA,"","","",NA,NA,1,NA,"",NA,"Je savais que je n'allais pas trop vite, je contrôle assez bien une moto et j'ai beaucoup de sang-froid.","4","3","","","1","1","3","4","1","1","1","1",1,4,4,4,4,10,NA,NA,NA,NA,NA,NA,NA,NA,1,"4","","","",NA,NA,NA,NA,2,2,NA,2,1,2,2,0,100,0,0,0,"2","","","",NA,NA,"1","2","","",NA,2,1,7,NA,NA,NA,NA,NA,NA,0,NA,1,"2","1",2,0,60,1,2,3,4,9,NA,NA,NA,"",NA,"4","4","4","NRP","4","4","SUZUKI","600","DR600S","TRAIL / SUPERMOTARD","2","1","1",1,1,1,"1",1,1,1,"1","25000","12","4","1","YAMAHA","1200","FJ","Routière / GT","2","4","4","03MAY1952","5","1","3",2,2,3,NA,"NRP","","","",2,2,0,4,0,6,"MOTO GUZZI",1200,"SPORT","ROADSTER","2","2007","37",3,1,5000,"7","MOTO GUZZI","1000","SP III","Routière / GT","1","1991","37",3,1,5000,"7","HARLEY-DAVIDSON","1200","SPORTSTER","ROADSTER","2",1998,37,3,1,3000,"7","SUZUKI",500,"GS +35KW","ROADSTER",2,2007,37,3,1,5000,"7","NEGRINI",50,"FUORISTRADA","TRAIL / SUPERMOTARD",2,1978,37,4,1,100,7,18100,"3",4,NA,NA,NA,NA,NA,NA,NA,"NRP","NRP","NRP","NRP","1974","NRP","NRP","1974","NRP","","","","Motorcycle"
"402",720,7132,"426",1,0,3,"","",NA,NA,NA,0,2,"","","",NA,NA,0,4,"","",NA,"",NA,0,3,"","",NA,NA,NA,0,3,"","","","","",0,5,"","","",NA,NA,0,3,"",NA,NA,NA,NA,0,3,"","","",NA,NA,0,3,"","","","","",0,4,"","","","","",1,4,"1996","","","","",0,2,"","",NA,NA,NA,0,2,"","","",NA,NA,1,4,"1993","",NA,NA,NA,1,1,3,"2014","","","","","Paris","","","","","Changement de file sur le périphérique en heurtant l'arrière d'une voiture qui n'avait pas démarré","","","","",0,0,28,3,25,1,51,"11",1996,"","1996","Vous circuliez sur un axe constitué dau moins "" 2 X 2 voies "" (en urbain, périph, autoroute, RN ). Un véhicule vous a coupé la route en changeant de voie pour se placer sur celle de gauche.","5","","",NA,"",NA,"","Sur le périphérique parisien, j'étais en interfile, une voiture a tenter de passer de la file du milieu à la file de droite, j'étais prise en étau. Je n'ai pas voulu lâcher la poignée des gaz, j'ai donc mis un coup de pied sur la portière et e suis retrouvée le pied coincé dans le passage de roue à 70 km/h sur 300 m (une éternité)","Le fait d'avoir le pied coincée. Je ne suis pas tombée, c'est donc plutôt un incident qu'un accident","il ne me semble pas avoir eu de réaction, et je n'ai rien remarqué concernant la voiture à laquelle j'étais ""attachée""","NRP","1","NRP","NRP","","2","1","2","","NSP","1","s'il avait controlé avant de déboité, il m'aurait vu dans son rétro","8","","",NA,NA,"","","",NA,NA,NA,NA,"",NA,"","3","3","","","2","1","3","3","2","1","1","2",5,5,4,4,4,10,NA,NA,NA,NA,NA,NA,NA,NA,2,"","","","",NA,NA,NA,NA,2,2,NA,2,1,1,1,10,90,0,0,0,"2","","","",NA,NA,"2","1","","",NA,1,NA,NA,NA,NA,NA,NA,NA,NA,NA,NA,2,"4","3",NA,0,70,1,10,2,5,NA,NA,NA,NA,"",NA,"4","4","4","4","4","4","KAWASAKI","500","GPZ-S","Routière / GT","2","1","1",1,1,1,"1",1,1,1,"1","NSP","12","3","1","KAWASAKI","650","TENGAI (33 KW)","TRAIL / SUPERMOTARD","2","3","4","25DEC1969","5","2","3",2,3,4,1,"NRP","","","",1,0,0,2,0,2,"YAMAHA",800,"FAZER8","ROADSTER","2","2013","29",1,2,8000,"4","TRIUMPH","675","STREET TRIPLE","ROADSTER","2","2011","29",3,2,5000,"6","","","","","",NA,NA,NA,NA,NA,"","",NA,"","",NA,NA,NA,NA,NA,NA,"","",NA,"","",NA,NA,NA,NA,NA,NA,NA,13000,"3",4,NA,NA,NA,NA,NA,NA,NA,"NRP","NRP","NRP","NRP","1990","NRP","NRP","1988","NRP","","","","Motorcycle"
"403",180,7137,"389",1,0,3,"","",NA,NA,NA,0,5,"","","",NA,NA,0,3,"","",NA,"",NA,0,2,"","",NA,NA,NA,0,2,"","","","","",0,6,"","","",NA,NA,0,5,"",NA,NA,NA,NA,0,6,"","","",NA,NA,1,5,"2006","","","","",0,3,"","","","","",0,6,"","","","","",0,3,"","",NA,NA,NA,0,6,"","","",NA,NA,0,2,"","",NA,NA,NA,0,NA,1,"","","","","","","","","","","","","","","",NA,NA,0,0,20,1,41,"9",2006,"","2006","Vous avez fait une sortie de route, une perte de contrôle ou une glissade sans rien percuter.","3","5","",NA,"",NA,"","à l'entrée d'une ville, sous la pluie je suivais une voiture. En décélération vitesse approximative 70 km h la voiture devant a pilé pour se garer à droite. J'ai fait un évitement, mais ma roue de devant de ma BMW est partie en glissade (car juste sur un passage piéton) la moto et moi avons été arrêtés par le trottoir d'en face une dizaine de mètres plus loin. J'étais bien équipée en protection et m'en suis sortie sans gros dégâts. La moto roulait encore. Ce qui m'a le plus effrayée c'est de voir les autres voitures en double sens qui m'arrivaient dessus, vues d'en bas.","pluie + passage piéton","début d'évitement  mais la roue de devant qui glisse, je ne suis pas suffisamment experte pour rattraper. le chauffeur de la voiture qui a pilé devant qui est venu s'excuser, il a vu au dernier moment la ""baraque à frite"" et à voulu s'arrêter.","NRP","1","encore plus de distance avec le véhicule de devant surtout sous la pluie Je venais de faire 500 km, la fatigue a peut être eu un impact.","NRP","","1","0","","","","","","6","9","",NA,NA,"","tout a défilé comme au ralentit","",NA,NA,NA,NA,"1",2,"car quand la moto est partie de l'avant je me suis dit que ça je ne récupèrerai pas la situation","4","3","","","3","2","3","3","1","1","2","3",1,3,4,4,4,10,NA,NA,NA,NA,NA,NA,NA,NA,1,"1","","","",NA,NA,NA,NA,2,2,NA,2,2,1,2,33,33,0,16,18,"NSP","","","",NA,NA,"2","2","","",NA,2,1,4,6,7,NA,NA,NA,NA,0,NA,2,"1","3",NA,0,70,1,2,3,4,9,NA,NA,NA,"",NA,"3","3","3","2","3","3","BMW","1100","R1100R","ROADSTER","2","2","2",2,1,1,"1",1,2,1,"2","90000","12","4","1","HARLEY-DAVIDSON","900","SPORTSTER","ROADSTER","2","3","3","15NOV1970","5","1","3",2,3,2,2,"NRP","","","",1,0,0,1,0,2,"YAMAHA",600,"XTE","TRAIL / SUPERMOTARD","2","1992","37",3,1,2000,"7","HONDA","650","TRANSALP","TRAIL / SUPERMOTARD","2","1992","37",4,1,2000,"7","","","","","",NA,NA,NA,NA,NA,"","",NA,"","",NA,NA,NA,NA,NA,NA,"","",NA,"","",NA,NA,NA,NA,NA,NA,NA,4000,"3",4,NA,NA,NA,NA,NA,NA,NA,"NRP","NRP","NRP","NRP","1994","NRP","NRP","1989","NRP","","","","Motorcycle"