"","Ligne","Ligne.Q.qualif","Ligne.approfondissement.Accident","ACCIDENT","NBACC1","ACCFREQUENCE1","ANNEEACC1_1","ANNEEACC1_2","ANNEEACC1_3","ANNEEACC1_4","ANNEEACC1_5","NBACC2","ACCFREQUENCE2","ANNEEACC2_1","ANNEEACC2_2","ANNEEACC2_3","ANNEEACC2_4","ANNEEACC2_5","NBACC3","ACCFREQUENCE3","ANNEEACC3_1","ANNEEACC3_2","ANNEEACC3_3","ANNEEACC3_4","ANNEEACC3_5","NBACC4","ACCFREQUENCE4","ANNEEACC4_1","ANNEEACC4_2","ANNEEACC4_3","ANNEEACC4_4","ANNEEACC4_5","NBACC5","ACCFREQUENCE5","ANNEEACC5_1","ANNEEACC5_2","ANNEEACC5_3","ANNEEACC5_4","ANNEEACC5_5","NBACC6","ACCFREQUENCE6","ANNEEACC6_1","ANNEEACC6_2","ANNEEACC6_3","ANNEEACC6_4","ANNEEACC6_5","NBACC7","ACCFREQUENCE7","ANNEEACC7_1","ANNEEACC7_2","ANNEEACC7_3","ANNEEACC7_4","ANNEEACC7_5","NBACC8","ACCFREQUENCE8","ANNEEACC8_1","ANNEEACC8_2","ANNEEACC8_3","ANNEEACC8_4","ANNEEACC8_5","NBACC9","ACCFREQUENCE9","ANNEEACC9_1","ANNEEACC9_2","ANNEEACC9_3","ANNEEACC9_4","ANNEEACC9_5","NBACC10","ACCFREQUENCE10","ANNEEACC10_1","ANNEEACC10_2","ANNEEACC10_3","ANNEEACC10_4","ANNEEACC10_5","NBACC11","ACCFREQUENCE11","ANNEEACC11_1","ANNEEACC11_2","ANNEEACC11_3","ANNEEACC11_4","ANNEEACC11_5","NBACC12","ACCFREQUENCE12","ANNEEACC12_1","ANNEEACC12_2","ANNEEACC12_3","ANNEEACC12_4","ANNEEACC12_5","NBACC13","ACCFREQUENCE13","ANNEEACC13_1","ANNEEACC13_2","ANNEEACC13_3","ANNEEACC13_4","ANNEEACC13_5","NBACC14","ACCFREQUENCE14","ANNEEACC14_1","ANNEEACC14_2","ANNEEACC14_3","ANNEEACC14_4","ANNEEACC14_5","AUTRESACC","NBAUTRESACC","TOTAL_AC","ANNEEAUTREACC1","ANNEEAUTREACC2","ANNEEAUTREACC3","ANNEEAUTREACC4","ANNEEAUTREACC5","LIEUAUTREACC1","LIEUAUTREACC2","LIEUAUTREACC3","LIEUAUTREACC4","LIEUAUTREACC5","DESCRIPTIONAUTRESACC1","DESCRIPTIONAUTRESACC2","DESCRIPTIONAUTRESACC3","DESCRIPTIONAUTRESACC4","DESCRIPTIONAUTRESACC5","NBAUTRESACCCIRCUIT","NBAUTRESTOUTTERRAIN","EXPCYCLO","EXP125","EXPSUP125","ACCORDNEXTQ","CHOIXACC","RGPMTACC","RECUPANNEE","RECUPLIEU","RECUPANNE","RGPMTAC","CHOIX1","CHOIX2","CHOIX3","CHOIX4","CHOIX5","CHOIX6","CHOIX7","DESCRIPTION","RUPTURE","FAITS","ABS_REACTION","AUTRE_REACTION","PRECISIONREACTIONOUI","RECUL","PRECISIONREACTIONNON","IMPACTCOMPORTEMENT","AUTREUSAGER","REACTIONAUTREUSAGER","CONNAISSANCEREACTIONUSAGER","DIFFICULTES","AGGRAVATION","DIFFICULTES2","EMOTIONS1","EMOTIONS2","EMOTIONS3","EMOTIONS4","EMOTIONS5","EMOTIONS6","AUTRESENTIMENT","CLASSEMENTEMOTIONS1","CLASSEMENTEMOTIONS","CLASSEMENTEMOTIONS5","CLASSEMENTEMOTIONS6","CLASSEMENTEMOTIONS7","CLASSEMENTEMOTIONS8","CLASSEMENTEMOTIONS9","EXPLICATIONRESSENTI","BIENEQUIPE","ALLURE","ALLUREVITEDETAIL","ALLURELENTEDETAIL","SITUATIONPRESSE","SITUATIONDISTRAIT","SITUATIONCONFIANT","SITUATIONCONTROLE","SITUATIONLUDIQUE","SITUATIONPERF","SITUATIONSTRESS","SITUATIONFATIGUE","HUMEURNEUTRE","HUMEURGAI","HUMEURMECONTENT","HUMEURTRISTE","HUMEURCOLERE","CONTRIBUTION1","CONTRIBUTION2","CONTRIBUTION3","CONTRIBUTION4","CONTRIBUTION5","CONTRIBUTION6","CONTRIBUTION7","CONTRIBUTION8","CONTRIBUTION9","ROLEINFRA","ELEMENTINFRA1","ELEMENTINFRA2","ELEMENTINFRA3","ELEMENTINFRA4","ELEMENTINFRA5","ELEMENTINFRA6","ELEMENTINFRA7","ELEMENTINFRA8","ELEMENTINFRA9","ALCOOL","TXALCOOL","STUP","SEMAINE","MOMENTJOURNEE","TEMPS","CAUSEACC1","CAUSEACC2","CAUSEACC3","CAUSEACC4","CAUSEACC5","FORMATIONCAUSE","FORMATION1","FORMATION2","FORMATION3","FORMATION4","FORMATION5","TRAFIC","CHAUSSEE1","CHAUSSEE2","CHAUSSEE3","CHAUSSEE4","TYPEACC","BLESSURE","TETE","COU","THORAX","MEMBRESSUP","COLONNE","BASSIN","MEMBRESINF","HOPITAL","PLUS24H","TRAJET","TYPEROUTE","MOTIF","SENSTRAJET","PASSAGER","VITESSE","DESCEQ1","DESCEQ2","DESCEQ3","DESCEQ4","DESCEQ5","DESCEQ6","DESCEQ7","DESCEQ8","DESCEQ9","DESCEQ10","VEHICULEETE","VEHICULEAUTOMNE","VEHICULEPRINTEMPS","VEHICULEHIVER","VEHICULESEMAINE","VEHICULEWE","VEHMARQUE","VEHCYLINDREE","VEHMODELE","VEHSEGMENT","VEHSIDE","EQ2RMABS","EQ2RMCBS","EQ2RMABSCBS","EQ2RMREGULATEUR","EQ2RMLIMITEUR","EQ2RMPHARESDIRECT","EQ2RMCOUPURE","EQ2RMANTIPATINAGE","EQ2RMANTIXHEELING","EQ2RMSTABILILTE","VEHKM","POINTS","DUREE","AUTRE2RM","VEHPRECMARQUE","VEHPRECCYLINDREE","VEHPRECMODELE","VEHPRECSEGMENT","VEHPRECSIDE","TEMPS2RMPREC","FREQVEHPREC","DATE_NAISS","CSP","SOCIETAIRE","SALARIE","SECTEUR2RM","NBPERSFOYER","SITFAM","NBENF","TRNBENF1","TRNBENF2","TRNBENF3","TRNBENF4","NBAUTOFOYER","NBCYCLOFOYER","NBSCOOTFOYER","NBMOTOFOYER","NBTRIKEFOYER","NB2RMCONDUIT","MARQUE1","CYLINDREE1","MODELE1","SEGMENT1","SIDE1","ANMISECIRCU1","ASS1","FREQ1","USAGE1","NBKM1","GARAGE1","MARQUE2","CYLINDREE2","MODELE2","SEGMENT2","SIDE2","ANMISECIRCU2","ASS2","FREQ2","USAGE2","NBKM2","GARAGE2","MARQUE3","CYLINDREE3","MODELE3","SEGMENT3","SIDE3","ANMISECIRCU3","ASS3","FREQ3","USAGE3","NBKM3","GARAGE3","MARQUE4","CYLINDREE4","MODELE4","SEGMENT4","SIDE4","ANMISECIRCU4","ASS4","FREQ4","USAGE4","NBKM4","GARAGE4","MARQUE5","CYLINDREE5","MODELE5","SEGMENT5","SIDE5","ANMISECIRCU5","ASS5","FREQ5","USAGE5","NBKM5","GARAGE5","NBKMTOT","PERMIS1","PERMIS2","PERMIS3","PERMIS4","PERMIS5","PERMIS6","PERMIS7","PERMIS8","PERMIS9","ANPERMIS1","ANPERMIS6","ANPERMIS7","ANPERMIS2","ANPERMIS3","ANPERMIS8","ANPERMIS9","ANPERMIS4","ANPERMIS5","X","X.1","X.2","isScooter"
"410",434,7198,"282",1,0,5,"","",NA,NA,NA,0,5,"","","",NA,NA,0,4,"","",NA,"",NA,0,6,"","",NA,NA,NA,1,6,"1983","","","","",0,5,"","","",NA,NA,0,5,"",NA,NA,NA,NA,0,5,"","","",NA,NA,0,5,"","","","","",0,4,"","","","","",0,6,"","","","","",0,4,"","",NA,NA,NA,0,6,"","","",NA,NA,0,5,"","",NA,NA,NA,0,NA,1,"","","","","","","","","","","","","","","",NA,NA,4,2,34,1,21,"5",1983,"","1983","Vous circuliez sur un axe prioritaire. Un véhicule venant dun axe non prioritaire vous a coupé la route.","1","","",NA,"",NA,"","Circulant sur un grand axe ( prioritaire ) , a l'approche d'un feu , j'ai regardé a gauche et a droite, comme d'habitude. J'ai vu, a droite , une voiture qui ne voulait absolument pas s'arrêter au feu rouge . j'ai commencé a me déplacer vers la gauche, a la limite de l'axe médian. Voyant que la voiture continuait sans intervenir, j'ai arrêté ma moto, sur place, avec le grand ralentissement déjà fait. La voiture m'a percuté , par ma droite , juste sur la partie avant de la moto ( fourche ) : plus vers l'arrière, je pense que ma jambe droite n'aurait pas resisté !","Impossibilité de me degager encore vers la gauche, des véhicules venaient de face. Le comportement du conducteur de la voiture!","Malgré mon ralentissement et mon déport vers la gauche, proche de l'axe médian, je n'ai pas eu la chance d'éviter l'accident, étant ... à l'arret. Le conducteur de la voiture devait s'arrêter a son feu rouge, mais ... il a rien fait ! Peut-être qu'un bon coup de gaz aurait permis de passer avant l'arrivée de la voiture ?","NRP","1","Peut-être qu'un bon coup de gaz aurait permis de passer avant la voiture ? On apprend a ralentir, ou s'arrêter quand une situation est dangereuse : les véhicules proches de notre véhicule risque un autre accident du fait de la situation ... anormalement stoppé ! La mise en place des couloirs de bus permet d'avoir des ...échappatoires pour éviter une collision ! En espérant que les forces de l'ordre ne verbalisent pas pour l'usage du couloir de bus ... pour cette raison !","en ce temps la, les couloirs de bus n'existaient pas ! Maintenant, la circulation , en ville , est plus lente ( malgré la puissance, le freinage , etc, des véhicules ! ) : la peur du ... gendarme, les caméras de surveillance, les véhicules de plus en nombreux, le comportement des gens ( je suis le plus fort, j'ai une voiture, moto, ... puissante, etc ) = la circulation est de moins en moins fluide !","","2","1","2","","Le conducteur de la voiture ne s'est pas soucier du feu rouge , pour lui : comportement envers le motard, problèmes personnels, problèmes de santé, etc ?","1","Si le conducteur de la voiture avait respecté son feu rouge, l'accident aurait pas eu lieu !","1","6","",NA,NA,"","","1",NA,NA,NA,NA,"2",NA,"La peur était pour le corporel : la voiture me percute plus vers l'arrière de la moto ... Ma jambe aurait pas supporté !","4","3","","","1","1","4","4","4","1","1","1",1,4,4,4,4,8,NA,NA,NA,NA,NA,NA,NA,NA,1,"2","","","",NA,NA,NA,NA,2,2,NA,2,1,1,1,0,100,0,0,0,"1","3","4","",NA,NA,"1","1","","",NA,1,NA,NA,NA,NA,NA,NA,NA,NA,NA,NA,3,"1","3",NA,0,0,1,10,2,3,5,NA,NA,NA,"",NA,"4","4","4","4","4","4","YAMAHA","650","XJ","ROADSTER","2","1","1",1,1,1,"1",1,1,1,"1","48000","NSP","3","1","HONDA","500","CX","ROADSTER","2","4","4","25JUN1956","7","1","2",1,1,1,NA,"NRP","","","",1,0,0,1,0,1,"HONDA",600,"TRANSALP +35KW","TRAIL / SUPERMOTARD","2","1987","37",3,1,5000,"7","","","","","","","",NA,NA,NA,"","","","","","",NA,NA,NA,NA,NA,"","",NA,"","",NA,NA,NA,NA,NA,NA,"","",NA,"","",NA,NA,NA,NA,NA,NA,NA,5000,"3",4,NA,NA,NA,NA,NA,NA,NA,"NRP","NRP","NRP","NRP","1981","NRP","NRP","1977","NRP","","","","Motorcycle"
"411",551,7215,"199",1,0,5,"","",NA,NA,NA,0,5,"","","",NA,NA,0,5,"","",NA,"",NA,0,3,"","",NA,NA,NA,0,5,"","","","","",0,5,"","","",NA,NA,0,2,"",NA,NA,NA,NA,0,3,"","","",NA,NA,0,2,"","","","","",0,5,"","","","","",0,5,"","","","","",0,1,"","",NA,NA,NA,0,3,"","","",NA,NA,0,3,"","",NA,NA,NA,1,1,1,"2002","","","","","Lyon","","","","","ouverture d'une portière en ville au moment de mon passage","","","","",2,0,0,0,13,1,71,"15",2002,"Lyon","2002","Autre(s) type(s) d'accident(s).","1","","",NA,"",NA,"","une personne a ouvert sa portière sans regarder alors que je passais à faible allure 20-30Km/h.","ça a été instantané, je n'ai pas eu le temps ni de prendre les freins, ni de faire un évitement. mauvais timing.","NRP","3","0","","","juste un mauvais timing; ouverture en grand de la portière, rapide, au moment où je passais","3","1","2","","NSP","1","la personne n'a pas regarder avant d'ouvrir la porte","2","6","",NA,NA,"","","",1,NA,NA,NA,"2",NA,"on ne s'y attend pas","4","3","","","1","1","4","4","1","1","1","1",3,3,4,4,4,10,NA,NA,NA,NA,NA,NA,NA,NA,2,"","","","",NA,NA,NA,NA,2,2,NA,2,1,1,1,0,100,0,0,0,"2","","","",NA,NA,"4","1","","",NA,2,1,4,7,NA,NA,NA,NA,NA,1,0,1,"1","3",NA,1,30,1,2,3,4,7,9,NA,NA,"",NA,"4","4","4","4","4","4","APRILIA","125","RS ""REPLICA""","SPORTIVE","2","1","1",1,1,1,"1",0,1,1,"1","20000","12","3","0","","","","","","","","29DEC1981","4","1","3",2,2,3,NA,"NRP","","","",2,0,0,2,0,2,"YAMAHA",1000,"R1 (YZF-R1)","SPORTIVE","2","2002","37",3,2,10000,"7","YAMAHA","1000","R1 (YZF-R1)","SPORTIVE","2","2004","37",4,1,500,"7","","","","","",NA,NA,NA,NA,NA,"","",NA,"","",NA,NA,NA,NA,NA,NA,"","",NA,"","",NA,NA,NA,NA,NA,NA,NA,10500,"3",4,NA,NA,NA,NA,NA,NA,NA,"NRP","NRP","NRP","NRP","2002","NRP","NRP","2000","NRP","","","","Motorcycle"
"412",1247,7221,"483",1,0,3,"","",NA,NA,NA,0,2,"","","",NA,NA,0,6,"","",NA,"",NA,0,2,"","",NA,NA,NA,0,3,"","","","","",0,4,"","","",NA,NA,0,5,"",NA,NA,NA,NA,1,6,"2001","","",NA,NA,1,4,"2001","","","","",0,3,"","","","","",0,6,"","","","","",0,1,"","",NA,NA,NA,0,3,"","","",NA,NA,0,4,"","",NA,NA,NA,0,NA,2,"","","","","","","","","","","","","","","",NA,NA,0,0,16,1,41,"9",2001,"","2001","Vous avez fait une sortie de route, une perte de contrôle ou une glissade sans rien percuter.","1","2","",NA,"",NA,"","Glissage sur une plaque de gasoil dans un rond point chute de la moto et du pilote, puis glissade du pilote sur quelques mètres mais sans rien heurter","L'accident n'était pas prévisible et a été complètement subi","Aucune action sur le véhicule, j'ai perdu le controle. Le seul souvenir est d'avoir fait en sorte que mon casque ne heurte pas le sol. Puis j'ai vérifié que ma glissade ne poserait pas de souci","NRP","0","","","Difficile de réagir sur une plaque de gasoil. Par contre, maintenant, je fis beaucoup plus attention à ce qu'il n'y ait pas de plaque","2","0","","","","","","1","2","3",NA,NA,"","","3",2,1,NA,NA,"",NA,"Pas compris pourquoi la moto est tombée","3","3","","","2","1","3","3","3","1","2","2",5,5,5,5,5,5,7,NA,NA,NA,NA,NA,NA,NA,1,"5","","","",NA,NA,NA,NA,2,2,NA,2,1,1,1,10,0,0,90,0,"2","","","",NA,NA,"2","1","6","",NA,1,NA,NA,NA,NA,NA,NA,NA,NA,NA,NA,1,"1","1",1,0,30,1,2,3,4,NA,NA,NA,NA,"",NA,"4","4","4","4","4","4","HONDA","500","CB","ROADSTER","2","1","1",1,1,1,"1",1,1,1,"1","NSP","12","3","0","","","","","","","","07JAN1979","5","1","3",2,4,4,2,"NRP","","","",2,0,0,1,0,1,"BMW",1300,"K1300S PACK S","Routière / GT","2","2011","37",2,2,12000,"4","","","","","","","",NA,NA,NA,"","","","","","",NA,NA,NA,NA,NA,"","",NA,"","",NA,NA,NA,NA,NA,NA,"","",NA,"","",NA,NA,NA,NA,NA,NA,NA,12000,"2",3,4,NA,NA,NA,NA,NA,NA,"NRP","NRP","NRP","1997","1999","NRP","NRP","1997","NRP","","","","Motorcycle"
"413",340,7228,"387",1,0,4,"","",NA,NA,NA,0,2,"","","",NA,NA,0,6,"","",NA,"",NA,0,1,"","",NA,NA,NA,0,5,"","","","","",0,2,"","","",NA,NA,0,3,"",NA,NA,NA,NA,0,3,"","","",NA,NA,2,3,"2013","2014","","","",0,2,"","","","","",0,4,"","","","","",0,6,"","",NA,NA,NA,0,3,"","","",NA,NA,0,1,"","",NA,NA,NA,0,NA,2,"","","","","","","","","","","","","","","",NA,NA,3,0,3,1,41,"9",2013,"","2013","Vous avez fait une sortie de route, une perte de contrôle ou une glissade sans rien percuter.","2","6","",NA,"",NA,"","La description de l'accident est assez simple, j'ai voulu freiner avant d'arriver sur un rondpoint et c'est à ce moment que j'ai ""perdu l'avant"" de ma moto, je me suis retrouvez a glisser, sur la chaussée, de long mètres...  Mes pneu étaient ""chauds""; je venais de faire 80kms et je suis équipé de très bon pneu a gomme tendre (Dunlop qualifier 2), de plus j'ai freine avec la moto droite...  La seule raison que je puisse envisager est la présence de gasoil dû au fait qu'il y a une station-service avant le rondpoint...  Heureusement je n'ai pas été blessé car je portais mon cuir intégrale et que je n'ai rien heurté durant ma glissade.","J'ai ""touché"" mon frein avant et me suis retrouvé a plat ventre...","...","AUT|pas le temps de reagir","0","","","Je n'ai eu aucun controle sur ce qui c'est passé","3","0","","","","","","3","","",NA,NA,"","","",NA,1,NA,NA,"",NA,"Comme je l'ai decrit, il n'y avait aucune raison apparente que je tombe.","4","3","","","1","1","4","4","3","1","1","1",3,4,4,4,4,5,NA,NA,NA,NA,NA,NA,NA,NA,1,"AUT|station service","","","",NA,NA,NA,NA,2,2,NA,2,1,1,1,15,0,0,85,0,"2","","","",NA,NA,"1","6","","",NA,1,NA,NA,NA,NA,NA,NA,NA,NA,NA,NA,2,"1","1",1,0,80,1,2,3,4,7,9,NA,NA,"",NA,"4","4","4","4","4","4","DUCATI","900","MONSTER","ROADSTER","2","1","1",1,1,1,"1",1,1,1,"1","70000","12","4","0","","","","","","","","08MAY1987","5","1","3",2,1,1,NA,"NRP","","","",1,0,0,1,0,1,"DUCATI",900,"MONSTER","ROADSTER","2","1994","37",2,1,5000,"7","","","","","","","",NA,NA,NA,"","","","","","",NA,NA,NA,NA,NA,"","",NA,"","",NA,NA,NA,NA,NA,NA,"","",NA,"","",NA,NA,NA,NA,NA,NA,NA,5000,"3",4,NA,NA,NA,NA,NA,NA,NA,"NRP","NRP","NRP","NRP","2011","NRP","NRP","2006","NRP","","","","Motorcycle"
"414",164,7244,"271",1,0,5,"","",NA,NA,NA,0,6,"","","",NA,NA,0,6,"","",NA,"",NA,0,5,"","",NA,NA,NA,0,5,"","","","","",0,6,"","","",NA,NA,0,3,"",NA,NA,NA,NA,0,6,"","","",NA,NA,1,4,"2008","","","","",0,6,"","","","","",0,6,"","","","","",0,4,"","",NA,NA,NA,0,5,"","","",NA,NA,0,4,"","",NA,NA,NA,0,NA,1,"","","","","","","","","","","","","","","",NA,NA,4,1,6,1,41,"9",2008,"","2008","Vous avez fait une sortie de route, une perte de contrôle ou une glissade sans rien percuter.","1","","",NA,"",NA,"","perte de contrôl en 125 du a un manque de formation. j'ai passé le permis moto dans la foulée","que faire","aucune commandes la panique","1","1","une formation 2 roues une bonne maitrise des trajectoire  et poursuivre ma route","manque de connaissance du 2 roue","","1","0","","","","","","1","","",NA,NA,"","","1",NA,NA,NA,NA,"",NA,"NRP","4","3","","","1","1","3","3","3","1","2","2",3,3,4,4,4,6,7,NA,NA,NA,NA,NA,NA,NA,2,"","","","",NA,NA,NA,NA,2,2,NA,2,2,1,1,100,0,0,0,0,"1","AUT|pas de formation 125cm3 avec permis B formation pas encore obligatoire","","",NA,NA,"1","1","","",NA,1,NA,NA,NA,NA,NA,NA,NA,NA,NA,NA,1,"2","3",NA,0,70,1,10,2,3,4,NA,NA,NA,"",NA,"2","NRP","NRP","NRP","NRP","NRP","HONDA","125","VT SHADOW","CUSTOM","2","1","1",1,1,1,"1",1,1,1,"1","5000","12","1","0","","","","","","","","28DEC1965","8","1","3",2,3,4,1,"NRP","","","",1,1,0,1,0,1,"HONDA",1000,"CBF ABS","ROADSTER","2","2007","37",1,2,15000,"7","","","","","","","",NA,NA,NA,"","","","","","",NA,NA,NA,NA,NA,"","",NA,"","",NA,NA,NA,NA,NA,NA,"","",NA,"","",NA,NA,NA,NA,NA,NA,NA,15000,"3",4,NA,NA,NA,NA,NA,NA,NA,"NRP","NRP","NRP","NRP","2009","NRP","NRP","1984","NRP","","","","Motorcycle"
"415",244,7270,"95",1,0,6,"","",NA,NA,NA,0,6,"","","",NA,NA,0,6,"","",NA,"",NA,0,3,"","",NA,NA,NA,2,6,"1986","1988","","","",0,5,"","","",NA,NA,0,4,"",NA,NA,NA,NA,0,5,"","","",NA,NA,0,3,"","","","","",0,4,"","","","","",0,4,"","","","","",0,3,"","",NA,NA,NA,0,3,"","","",NA,NA,0,4,"","",NA,NA,NA,1,1,3,"2007","","","","","La Fleche","","","","","une barrière s""est refermée alors que j'avais utiliser mon badge pour l'ouvrir.","","","","",0,0,6,12,20,1,21,"5",1986,"","1986","Vous circuliez sur un axe prioritaire. Un véhicule venant dun axe non prioritaire vous a coupé la route.","2","","",NA,"",NA,"","L'automobiliste est arrivé au panneau ""STOP"" et sans s'arrêté m'a regardé en souriant et à démarré. Ma moto était rouge et le phare allumé donc bien visible. Cela se passait en ville. C'est le cas typique de l'automobiliste qui se croit tout permis par rapport aux 2RM parc qu'il a une carrosserie pour le protégé. J'ai dû couché la moto pour éviter l'accident. Heureusement comme je ne roulais pas vite, cela s'est fait sans casse.","L'obstacle inévitable.","Ma première réaction freiner et coucher la moto. Pas d'autre usager en cause. Le fautif ne s'est pas arrêté mais je l'ai rattrapé au carrefour suivant et il a pris un coup de casque. J'espère que cela lui a servi de leçon.","NRP","0","","","obstacle inattendu dû à l'inconscience des automobilistes.","1","0","","","","","","1","","",NA,NA,"","","1",NA,NA,NA,NA,"",NA,"NRP","3","3","","","1","1","4","4","1","1","1","1",1,1,4,4,4,10,NA,NA,NA,NA,NA,NA,NA,NA,2,"","","","",NA,NA,NA,NA,2,2,NA,2,1,1,1,0,100,0,0,0,"2","","","",NA,NA,"2","1","","",NA,1,NA,NA,NA,NA,NA,NA,NA,NA,NA,NA,1,"1","3",NA,0,40,1,2,3,5,NA,NA,NA,NA,"",NA,"4","4","4","4","4","4","HONDA","200","XL-R","TRAIL / SUPERMOTARD","2","1","1",1,1,1,"1",1,1,1,"1","NSP","12","3","1","KAWASAKI","125","KE","TRAIL / SUPERMOTARD","2","4","4","16MAY1958","9","2","3",2,2,3,NA,"NRP","","","",2,0,0,1,0,1,"MOTO GUZZI",1200,"NORGE GT 8V","Routière / GT","2","2011","33",2,1,5000,"7","","","","","","","",NA,NA,NA,"","","","","","",NA,NA,NA,NA,NA,"","",NA,"","",NA,NA,NA,NA,NA,NA,"","",NA,"","",NA,NA,NA,NA,NA,NA,NA,5000,"3",4,NA,NA,NA,NA,NA,NA,NA,"NRP","NRP","NRP","NRP","1983","NRP","NRP","1978","NRP","","","","Motorcycle"
"416",311,7320,"40",1,0,6,"","",NA,NA,NA,0,3,"","","",NA,NA,0,4,"","",NA,"",NA,0,2,"","",NA,NA,NA,0,4,"","","","","",1,5,"2014","","",NA,NA,0,3,"",NA,NA,NA,NA,1,2,"2000","","",NA,NA,0,5,"","","","","",1,2,"2014","","","","",2,5,"2009","2009","","","",0,3,"","",NA,NA,NA,0,4,"","","",NA,NA,0,4,"","",NA,NA,NA,0,NA,5,"","","","","","","","","","","","","","","",NA,NA,3,0,8,1,46,"10",2014,"","2014","Vous circuliez sur un axe constitué dau moins "" 2 X 2 voies "" (en urbain, périphérique, autoroute, RN ). Un véhicule vous a coupé la route en changeant de voie pour se placer sur celle de droite.","5","","",NA,"",NA,"","Situation d'interfile, vitesse réduite.  Le trafic se dégage, toujours en voie centrale, prise de vitesse.  Arrivée au niveau d'une voiture seule sur la bande de gauche, le chauffeur change subitement de voie sans clignotant, me voit, a un temps d'arrêt pendant lequel je décide de me rabattre à droite, puis se rabat à droite subitement.  Je bloque la roue avant sur le sol mouillé, je glisse sur une cinquantaine de mètre. Le trafic me suivant peut s'arrêter, sauf un camion sur la bande de gauche, qui passe à 5cm de ma tête...","Le changement subit, en 2 temps, de file du conducteur Le sol mouillé","J'ai freiner en 2 temps, le deuxième bloquant la roue avant. Je sens la moto se dérobé, et (je ne sais toujours pas comment j'ai acquis ce réflexe) je lève instantanément les jambes et place les avant bras le long du torse (coude dans le ventre, poing sous le casque).  Le conducteur a fui.  J'ai été assisté par les automobiliste et les motards me suivant.","NRP","0","","","Le confusion du comportement de l'automobiliste, le sol mouillé et gras.","2","0","","","","","","2","4","6",NA,NA,"","","",2,NA,3,NA,"1",NA,"Je n'avais d'autre choix que de coucher la moto","3","3","","","2","1","3","3","1","1","2","2",4,4,3,3,4,5,NA,NA,NA,NA,NA,NA,NA,NA,1,"1","3","","",NA,NA,NA,NA,2,2,NA,2,1,1,2,5,80,0,5,10,"2","","","",NA,NA,"3","2","6","",NA,2,1,7,NA,NA,NA,NA,NA,NA,1,0,1,"4","1",2,0,75,1,10,2,3,4,NA,NA,NA,"",NA,"4","4","4","3","4","4","DUCATI","750","MONSTER DARK","ROADSTER","2","1","1",1,1,1,"1",1,1,1,"1","73000","12","4","0","","","","","","","","17APR1984","5","1","3",2,1,1,NA,"NRP","","","",1,0,0,2,0,2,"DUCATI",750,"MONSTER DARK","ROADSTER","2","2000","37",2,2,10000,"7","HONDA","125","CB-TWIN (+ 15CV)","ROADSTER","2","1980","41",4,1,0,"7","","","","","",NA,NA,NA,NA,NA,"","",NA,"","",NA,NA,NA,NA,NA,NA,"","",NA,"","",NA,NA,NA,NA,NA,NA,NA,10000,"2",3,4,7,NA,NA,NA,NA,NA,"NRP","NRP","2002","2002","2007","NRP","NRP","2002","NRP","","","","Motorcycle"
"417",1001,7343,"465",1,2,5,"1986","2012",NA,NA,NA,0,3,"","","",NA,NA,0,3,"","",NA,"",NA,0,2,"","",NA,NA,NA,0,4,"","","","","",0,2,"","","",NA,NA,0,2,"",NA,NA,NA,NA,0,3,"","","",NA,NA,1,4,"2010","","","","",0,3,"","","","","",0,4,"","","","","",0,3,"","",NA,NA,NA,0,3,"","","",NA,NA,0,5,"","",NA,NA,NA,1,1,4,"2011","","","","","Basse Goulaine","","","","","Une automobile s'est engagée dans un rétrécissement de chaussée alors que je m'y trouvais déjà et m'a percuté. N'ayant pas respecté la signalisation lui indiquant sa perte de priorité, elle a été déclarée entièrement responsable de l'accident.","","","","",0,0,1,1,5,1,2,"1",2012,"","2012","Vous circuliez sur un axe prioritaire. Un autre véhicule arrivant sur le même axe en sens opposé vous a coupé la route en tournant à gauche.","3","","",NA,"",NA,"","Le conducteur venant en sens inverse affirme ne pas m'avoir vu avant de traverser ma voie pour tourner a gauche. L'accident s'est produit sur une route dégagée mais en léger virage.","Un véhicule sur ma voie et un autre sur la voie opposée.","Manoeuvre d'évitement sur la gauche + freinage d'urgence, en virage, avec des gravillons suite à des travaux sur la chaussée. Dérapage de la roue avant. L'autre véhicule a fini de tourner à gauche. Chute de la moto.","NRP","1","Plus de frein sur l'arrière, moins su l'avant. La moto aurait glissé de l'arrière, dégageant l'avant pour terminer la manoeuvre d'évitement par la gauche (cf. virage à gauche).","surprise de me retrouver sur ma voie, nez à nez avec un autre véhicule venant en sens inverse.","","2","1","NSP","","Réagir pour m'éviter.","2","NSP","2","3","6",NA,NA,"","","",1,2,NA,NA,"3",NA,"Retrouver un autre véhicule en contre-sens sur sa voie, en plus de ceux continuant à rouler sur la voie opposée.","3","1","1","","1","2","3","3","3","1","2","2",2,3,4,4,4,1,4,NA,NA,NA,NA,NA,NA,NA,1,"2","3","6","",NA,NA,NA,NA,2,2,NA,2,2,1,1,10,60,0,30,0,"2","","","",NA,NA,"2","1","4","",NA,2,1,4,NA,NA,NA,NA,NA,NA,1,0,1,"1","1",2,0,30,1,10,2,3,4,7,NA,NA,"",NA,"4","4","4","4","4","4","SUZUKI","650","BANDIT-S","ROADSTER","2","1","1",1,1,1,"1",1,1,1,"1","9000","11","1","1","KAWASAKI","500","ER-5","ROADSTER","2","3","4","04JUL1968","7","2","3",2,1,1,NA,"NRP","","","",2,0,0,1,0,1,"SUZUKI",650,"BANDIT-S IE","ROADSTER","2","2011","28",2,2,18000,"7","","","","","","","",NA,NA,NA,"","","","","","",NA,NA,NA,NA,NA,"","",NA,"","",NA,NA,NA,NA,NA,NA,"","",NA,"","",NA,NA,NA,NA,NA,NA,NA,18000,"2",3,4,7,NA,NA,NA,NA,NA,"NRP","NRP","1986","1985","2010","NRP","NRP","1986","NRP","","","","Motorcycle"