"","Ligne","Ligne.Q.qualif","Ligne.approfondissement.Accident","ACCIDENT","NBACC1","ACCFREQUENCE1","ANNEEACC1_1","ANNEEACC1_2","ANNEEACC1_3","ANNEEACC1_4","ANNEEACC1_5","NBACC2","ACCFREQUENCE2","ANNEEACC2_1","ANNEEACC2_2","ANNEEACC2_3","ANNEEACC2_4","ANNEEACC2_5","NBACC3","ACCFREQUENCE3","ANNEEACC3_1","ANNEEACC3_2","ANNEEACC3_3","ANNEEACC3_4","ANNEEACC3_5","NBACC4","ACCFREQUENCE4","ANNEEACC4_1","ANNEEACC4_2","ANNEEACC4_3","ANNEEACC4_4","ANNEEACC4_5","NBACC5","ACCFREQUENCE5","ANNEEACC5_1","ANNEEACC5_2","ANNEEACC5_3","ANNEEACC5_4","ANNEEACC5_5","NBACC6","ACCFREQUENCE6","ANNEEACC6_1","ANNEEACC6_2","ANNEEACC6_3","ANNEEACC6_4","ANNEEACC6_5","NBACC7","ACCFREQUENCE7","ANNEEACC7_1","ANNEEACC7_2","ANNEEACC7_3","ANNEEACC7_4","ANNEEACC7_5","NBACC8","ACCFREQUENCE8","ANNEEACC8_1","ANNEEACC8_2","ANNEEACC8_3","ANNEEACC8_4","ANNEEACC8_5","NBACC9","ACCFREQUENCE9","ANNEEACC9_1","ANNEEACC9_2","ANNEEACC9_3","ANNEEACC9_4","ANNEEACC9_5","NBACC10","ACCFREQUENCE10","ANNEEACC10_1","ANNEEACC10_2","ANNEEACC10_3","ANNEEACC10_4","ANNEEACC10_5","NBACC11","ACCFREQUENCE11","ANNEEACC11_1","ANNEEACC11_2","ANNEEACC11_3","ANNEEACC11_4","ANNEEACC11_5","NBACC12","ACCFREQUENCE12","ANNEEACC12_1","ANNEEACC12_2","ANNEEACC12_3","ANNEEACC12_4","ANNEEACC12_5","NBACC13","ACCFREQUENCE13","ANNEEACC13_1","ANNEEACC13_2","ANNEEACC13_3","ANNEEACC13_4","ANNEEACC13_5","NBACC14","ACCFREQUENCE14","ANNEEACC14_1","ANNEEACC14_2","ANNEEACC14_3","ANNEEACC14_4","ANNEEACC14_5","AUTRESACC","NBAUTRESACC","TOTAL_AC","ANNEEAUTREACC1","ANNEEAUTREACC2","ANNEEAUTREACC3","ANNEEAUTREACC4","ANNEEAUTREACC5","LIEUAUTREACC1","LIEUAUTREACC2","LIEUAUTREACC3","LIEUAUTREACC4","LIEUAUTREACC5","DESCRIPTIONAUTRESACC1","DESCRIPTIONAUTRESACC2","DESCRIPTIONAUTRESACC3","DESCRIPTIONAUTRESACC4","DESCRIPTIONAUTRESACC5","NBAUTRESACCCIRCUIT","NBAUTRESTOUTTERRAIN","EXPCYCLO","EXP125","EXPSUP125","ACCORDNEXTQ","CHOIXACC","RGPMTACC","RECUPANNEE","RECUPLIEU","RECUPANNE","RGPMTAC","CHOIX1","CHOIX2","CHOIX3","CHOIX4","CHOIX5","CHOIX6","CHOIX7","DESCRIPTION","RUPTURE","FAITS","ABS_REACTION","AUTRE_REACTION","PRECISIONREACTIONOUI","RECUL","PRECISIONREACTIONNON","IMPACTCOMPORTEMENT","AUTREUSAGER","REACTIONAUTREUSAGER","CONNAISSANCEREACTIONUSAGER","DIFFICULTES","AGGRAVATION","DIFFICULTES2","EMOTIONS1","EMOTIONS2","EMOTIONS3","EMOTIONS4","EMOTIONS5","EMOTIONS6","AUTRESENTIMENT","CLASSEMENTEMOTIONS1","CLASSEMENTEMOTIONS","CLASSEMENTEMOTIONS5","CLASSEMENTEMOTIONS6","CLASSEMENTEMOTIONS7","CLASSEMENTEMOTIONS8","CLASSEMENTEMOTIONS9","EXPLICATIONRESSENTI","BIENEQUIPE","ALLURE","ALLUREVITEDETAIL","ALLURELENTEDETAIL","SITUATIONPRESSE","SITUATIONDISTRAIT","SITUATIONCONFIANT","SITUATIONCONTROLE","SITUATIONLUDIQUE","SITUATIONPERF","SITUATIONSTRESS","SITUATIONFATIGUE","HUMEURNEUTRE","HUMEURGAI","HUMEURMECONTENT","HUMEURTRISTE","HUMEURCOLERE","CONTRIBUTION1","CONTRIBUTION2","CONTRIBUTION3","CONTRIBUTION4","CONTRIBUTION5","CONTRIBUTION6","CONTRIBUTION7","CONTRIBUTION8","CONTRIBUTION9","ROLEINFRA","ELEMENTINFRA1","ELEMENTINFRA2","ELEMENTINFRA3","ELEMENTINFRA4","ELEMENTINFRA5","ELEMENTINFRA6","ELEMENTINFRA7","ELEMENTINFRA8","ELEMENTINFRA9","ALCOOL","TXALCOOL","STUP","SEMAINE","MOMENTJOURNEE","TEMPS","CAUSEACC1","CAUSEACC2","CAUSEACC3","CAUSEACC4","CAUSEACC5","FORMATIONCAUSE","FORMATION1","FORMATION2","FORMATION3","FORMATION4","FORMATION5","TRAFIC","CHAUSSEE1","CHAUSSEE2","CHAUSSEE3","CHAUSSEE4","TYPEACC","BLESSURE","TETE","COU","THORAX","MEMBRESSUP","COLONNE","BASSIN","MEMBRESINF","HOPITAL","PLUS24H","TRAJET","TYPEROUTE","MOTIF","SENSTRAJET","PASSAGER","VITESSE","DESCEQ1","DESCEQ2","DESCEQ3","DESCEQ4","DESCEQ5","DESCEQ6","DESCEQ7","DESCEQ8","DESCEQ9","DESCEQ10","VEHICULEETE","VEHICULEAUTOMNE","VEHICULEPRINTEMPS","VEHICULEHIVER","VEHICULESEMAINE","VEHICULEWE","VEHMARQUE","VEHCYLINDREE","VEHMODELE","VEHSEGMENT","VEHSIDE","EQ2RMABS","EQ2RMCBS","EQ2RMABSCBS","EQ2RMREGULATEUR","EQ2RMLIMITEUR","EQ2RMPHARESDIRECT","EQ2RMCOUPURE","EQ2RMANTIPATINAGE","EQ2RMANTIXHEELING","EQ2RMSTABILILTE","VEHKM","POINTS","DUREE","AUTRE2RM","VEHPRECMARQUE","VEHPRECCYLINDREE","VEHPRECMODELE","VEHPRECSEGMENT","VEHPRECSIDE","TEMPS2RMPREC","FREQVEHPREC","DATE_NAISS","CSP","SOCIETAIRE","SALARIE","SECTEUR2RM","NBPERSFOYER","SITFAM","NBENF","TRNBENF1","TRNBENF2","TRNBENF3","TRNBENF4","NBAUTOFOYER","NBCYCLOFOYER","NBSCOOTFOYER","NBMOTOFOYER","NBTRIKEFOYER","NB2RMCONDUIT","MARQUE1","CYLINDREE1","MODELE1","SEGMENT1","SIDE1","ANMISECIRCU1","ASS1","FREQ1","USAGE1","NBKM1","GARAGE1","MARQUE2","CYLINDREE2","MODELE2","SEGMENT2","SIDE2","ANMISECIRCU2","ASS2","FREQ2","USAGE2","NBKM2","GARAGE2","MARQUE3","CYLINDREE3","MODELE3","SEGMENT3","SIDE3","ANMISECIRCU3","ASS3","FREQ3","USAGE3","NBKM3","GARAGE3","MARQUE4","CYLINDREE4","MODELE4","SEGMENT4","SIDE4","ANMISECIRCU4","ASS4","FREQ4","USAGE4","NBKM4","GARAGE4","MARQUE5","CYLINDREE5","MODELE5","SEGMENT5","SIDE5","ANMISECIRCU5","ASS5","FREQ5","USAGE5","NBKM5","GARAGE5","NBKMTOT","PERMIS1","PERMIS2","PERMIS3","PERMIS4","PERMIS5","PERMIS6","PERMIS7","PERMIS8","PERMIS9","ANPERMIS1","ANPERMIS6","ANPERMIS7","ANPERMIS2","ANPERMIS3","ANPERMIS8","ANPERMIS9","ANPERMIS4","ANPERMIS5","X","X.1","X.2","isScooter"
"418",119,7355,"99",1,0,4,"","",NA,NA,NA,1,4,"2008","","",NA,NA,0,4,"","",NA,"",NA,0,3,"","",NA,NA,NA,0,5,"","","","","",0,3,"","","",NA,NA,0,4,"",NA,NA,NA,NA,0,5,"","","",NA,NA,0,3,"","","","","",0,4,"","","","","",0,5,"","","","","",0,3,"","",NA,NA,NA,0,2,"","","",NA,NA,0,4,"","",NA,NA,NA,0,NA,1,"","","","","","","","","","","","","","","",NA,NA,5,1,22,1,6,"2",2008,"","2008","Vous circuliez derrière un véhicule. Ce véhicule a ralenti. Vous avez entrepris de dépasser ce véhicule par la gauche et celui-ci vous a coupé la route en tournant à gauche (ou en effectuant un œ tour","1","","",NA,"",NA,"","Deux feux rouges espacés de quelques mètres. Au premier, un bus de la RATP, sur la voie du milieu. Au second, moi, en moto, sur la file de gauche. Lorsque le feu est passé au vert, le bus a démarré dans sa voie (milieu) et quelques secondes plus tard, j'ai démarré à mon tour. Au milieu du pont de Sèvres, je m'apprêtais à dépasser le bus sur la voie de gauche, puisqu'il circulait au milieu et qu'il avait mis son clignotant à droite. Quand je suis arrivé à sa hauteur, il s'est déporté sur la gauche pour mieux négocier son virage à droite. Pour l'éviter, j'ai freiné à fond de l'arrière, la moto s'est couchée sur le côté et j'ai glissé sur une quinzaine de mètres avant d'être arrêté par la séparation en béton au milieu du pont. Le chauffeur a déclaré n'avoir rien vu (c'est possible, angle mort), mais a nié avoir mis son clignotant à droite avant de se déporter à gauche. Personne n'a pu ou voulu témoigner, et j'ai eu tous les torts. Quelques côtés brisées, la moto HS : depuis, je me méfie des poids lourds tous modèles et types confondus comme de la peste.","- manque d'anticipation de ma part - manque d'attention de la part du chauffeur","Chronologiquement :  - le chauffeur met son clignotant à droite - le chauffeur se déporte à gauche, juste devant moi - première réaction : ""oh merde !"" - deuxième réaction : freinage arrière pour partir en glissade afin d'éviter un choc avec le bus - aucune réaction du chauffeur de bus","NRP","0","","","Le bus s'est déporté quand je suis arrivé presque à son niveau. Seule une anticipation aurait pu éviter l'accident","2","1","2","","- Il ne m'a peut-être pas vu dans son rétroviseur (s'il a regardé)","NSP","Son attitude a contribué à provoquer l'accident, mais pas à l'aggraver","6","","",NA,NA,"","","",NA,NA,NA,NA,"1",NA,"Après ma toute première réaction (oh merde) j'ai compris que je ne pouvais rien faire pour éviter l'accident, mais juste éviter le bus.","4","1","1","","1","1","4","4","3","1","1","1",4,3,4,4,4,5,NA,NA,NA,NA,NA,NA,NA,NA,2,"","","","",NA,NA,NA,NA,2,2,NA,2,2,1,1,10,90,0,0,0,"2","","","",NA,NA,"3","1","","",NA,2,1,3,NA,NA,NA,NA,NA,NA,1,0,2,"1","3",NA,0,70,1,10,2,3,4,7,NA,NA,"",NA,"4","3","4","2","3","NRP","YAMAHA","1300","XJR","ROADSTER","2","1","1",1,1,1,"1",1,1,1,"1","40000","12","2","1","KAWASAKI","1000","RX","Routière / GT","2","4","4","24AUG1956","5","1","3",2,2,3,NA,"NRP","","","",1,0,0,2,0,2,"YAMAHA",1300,"FJR ABS","Routière / GT","2","2012","8",3,1,5000,"7","KAWASAKI","750","ZR-7","ROADSTER","2","2003","37",3,1,2000,"4","","","","","",NA,NA,NA,NA,NA,"","",NA,"","",NA,NA,NA,NA,NA,NA,"","",NA,"","",NA,NA,NA,NA,NA,NA,NA,7000,"3",4,NA,NA,NA,NA,NA,NA,NA,"NRP","NRP","NRP","NRP","1992","NRP","NRP","1975","NRP","","","","Motorcycle"
"419",113,7360,"345",1,0,5,"","",NA,NA,NA,0,4,"","","",NA,NA,0,6,"","",NA,"",NA,0,4,"","",NA,NA,NA,0,6,"","","","","",0,5,"","","",NA,NA,0,4,"",NA,NA,NA,NA,0,5,"","","",NA,NA,1,5,"2012","","","","",0,6,"","","","","",0,4,"","","","","",0,2,"","",NA,NA,NA,1,5,"2009","","",NA,NA,0,5,"","",NA,NA,NA,1,3,5,"2009","2009","2011","","","Bois d'Arcy","Paris","Chatillon","","","Chute de la moto à l'arrêt","Chute de la moto à l'arrêt","Chute de la moto à l'arrêt","","",0,0,0,0,6,1,41,"9",2012,"","2012","Vous avez fait une sortie de route, une perte de contrôle ou une glissade sans rien percuter.","3","4","5",6,"",NA,"","Autoroute A13, sens Province > Paris,  avant le triangle de Rocquencourt, juste avant le second radar à 110. 7h du matin, mois de novembre, trajet boulot.  Je perds roule à allure normale, ça ralenti devant, je prends le frein avant pour freiner doucement, je perds l'avant instantanément.  Chute sur l'autoroute, glissade pour moi et la moto, je m'arrête juste avant de percuter la voiture devant.  Bilan: quelques griffures, un enorme hématome à la hanche et une foulure du genoux droit. Surtout une incompéhension de ce qui s'est passé (route trop froide ? humide ? sale ?)  La moto n'a eu que très peu de dégat aussi (guidon tordu, levier et pédale de frein cassé, embout de guidon et retro droit cassés).","aucune idée justement (vitesse et comportement adapté)","J'ai voulu ralentir en freinant de l'avant.","NRP","0","","","je ne connais pas la raison de ma perte de l'avant","2","0","","","","","","2","3","6",NA,NA,"","","",1,2,NA,NA,"3",NA,"je ne sais pas ce qui s'est passé pour cette perte de controle","3","3","","","1","1","3","3","1","1","2","2",2,4,4,4,4,7,NA,NA,NA,NA,NA,NA,NA,NA,1,"3","5","","",NA,NA,NA,NA,2,2,NA,2,1,2,1,20,0,0,80,0,"2","","","",NA,NA,"3","2","6","",NA,2,1,6,7,NA,NA,NA,NA,NA,1,0,1,"3","1",1,0,90,1,2,3,4,7,NA,NA,NA,"",NA,"4","4","4","4","4","4","SUZUKI","600","GSR","ROADSTER","2","1","1",1,1,1,"1",1,1,1,"1","26000","12","4","1","KAWASAKI","650","ER-6N","ROADSTER","2","2","4","18MAY1987","5","2","3",2,2,3,NA,"NRP","","","",1,0,0,1,0,1,"SUZUKI",600,"GSR","ROADSTER","2","2010","10",2,1,10000,"7","","","","","","","",NA,NA,NA,"","","","","","",NA,NA,NA,NA,NA,"","",NA,"","",NA,NA,NA,NA,NA,NA,"","",NA,"","",NA,NA,NA,NA,NA,NA,NA,10000,"1",3,4,NA,NA,NA,NA,NA,NA,"2003","NRP","NRP","NRP","2009","NRP","NRP","2008","NRP","","","","Motorcycle"
"420",392,7386,"65",1,0,5,"","",NA,NA,NA,0,6,"","","",NA,NA,0,5,"","",NA,"",NA,0,5,"","",NA,NA,NA,0,5,"","","","","",0,4,"","","",NA,NA,0,5,"",NA,NA,NA,NA,1,4,"2001","","",NA,NA,0,5,"","","","","",0,5,"","","","","",0,5,"","","","","",1,4,"1980","",NA,NA,NA,0,5,"","","",NA,NA,1,4,"1976","",NA,NA,NA,0,NA,3,"","","","","","","","","","","","","","","",NA,NA,2,2,37,1,66,"14",1976,"","1976","Alors que vous étiez en train de rouler, un piéton a traversé devant vous.","2","","",NA,"",NA,"","un enfant traverssait une route quand au plein millieu il décide de faire demi tour , je n ais pas plus l éviter","la surprise","NRP","1","0","","","surpris","3","0","","","","","","2","6","",NA,NA,"","","",1,NA,NA,NA,"2",NA,"je ne peu l expliquer","2","3","","","1","1","3","3","NSP","1","1","1",5,5,5,5,5,5,NA,NA,NA,NA,NA,NA,NA,NA,2,"","","","",NA,NA,NA,NA,2,2,NA,2,1,1,1,100,0,0,0,0,"2","","","",NA,NA,"1","1","","",NA,2,0,NA,NA,NA,NA,NA,NA,NA,NA,NA,1,"1","3",NA,0,30,1,10,2,5,NA,NA,NA,NA,"",NA,"4","4","4","4","4","4","HONDA","125","SL","TRAIL / SUPERMOTARD","2","1","1",1,1,1,"1",1,1,1,"1","NSP","12","2","1","MOTOBECANE","50","AV88 (BLEUE)","ROADSTER","2","3","4","12MAY1960","1","2","3",2,4,4,2,"NRP","","","",2,1,0,2,0,2,"HARLEY-DAVIDSON",1450,"SOFTAIL FAT BOY","CUSTOM","2","2001","38",2,1,20000,"7","DUCATI","350","350 MARK3 D","ROADSTER","2","1971","38",4,1,500,"7","","","","","",NA,NA,NA,NA,NA,"","",NA,"","",NA,NA,NA,NA,NA,NA,"","",NA,"","",NA,NA,NA,NA,NA,NA,NA,20500,"2",4,8,9,NA,NA,NA,NA,NA,"NRP","NRP","NRP","1977","NRP","1978","1978","1982","NRP","","","","Motorcycle"
"421",820,7397,"83",1,0,3,"","",NA,NA,NA,0,4,"","","",NA,NA,0,6,"","",NA,"",NA,0,6,"","",NA,NA,NA,0,3,"","","","","",0,3,"","","",NA,NA,0,1,"",NA,NA,NA,NA,1,5,"2009","","",NA,NA,0,2,"","","","","",0,3,"","","","","",0,5,"","","","","",0,2,"","",NA,NA,NA,0,3,"","","",NA,NA,0,2,"","",NA,NA,NA,0,NA,1,"","","","","","","","","","","","","","","",NA,NA,39,0,39,1,36,"8",2009,"","2009","Vous avez fait une sortie de route, une perte de contrôle ou une glissade puis avez percuté un obstacle fixe (panneau, arbre poteau ).","3","","",NA,"",NA,"","Un animal est sorti d'un buisson. Par reflex, j'ai voulu l'éviter et suis sorti de la route","manque de concentration et donc effet de surprise","Freinage d'urgence non controlé sur revetement instable","3","1","Concentration sur la route et la conduite","tete en l'air","","2","0","","","","","","6","","",NA,NA,"","","",NA,NA,NA,NA,"1",NA,"perte de controle total","4","1","2","","1","4","3","2","3","1","2","3",4,4,4,1,4,1,4,NA,NA,NA,NA,NA,NA,NA,1,"3","5","","",NA,NA,NA,NA,2,2,NA,2,2,1,1,70,0,30,0,0,"2","","","",NA,NA,"1","1","7","",NA,2,1,2,3,NA,NA,NA,NA,NA,1,0,3,"2","3",NA,0,100,1,2,3,4,7,9,NA,NA,"",NA,"4","4","4","4","3","4","BMW","1200","R1200GS ADVENTURE ABS PACK","TRAIL / SUPERMOTARD","2","0","2",2,1,1,"1",1,1,1,"1","30000","12","3","1","YAMAHA","1300","FJR","Routière / GT","2","4","3","13NOV1957","3","2","3",2,3,4,1,"NRP","","","",1,0,0,1,0,1,"BMW",1200,"R1200GS ADVENTURE  PACK","TRAIL / SUPERMOTARD","2","2010","22",1,1,10000,"7","","","","","","","",NA,NA,NA,"","","","","","",NA,NA,NA,NA,NA,"","",NA,"","",NA,NA,NA,NA,NA,NA,"","",NA,"","",NA,NA,NA,NA,NA,NA,NA,10000,"3",4,NA,NA,NA,NA,NA,NA,NA,"NRP","NRP","NRP","NRP","1977","NRP","NRP","1976","NRP","","","","Motorcycle"
"422",437,7409,"275",1,0,3,"","",NA,NA,NA,0,5,"","","",NA,NA,0,3,"","",NA,"",NA,0,1,"","",NA,NA,NA,0,5,"","","","","",0,2,"","","",NA,NA,0,3,"",NA,NA,NA,NA,0,3,"","","",NA,NA,0,2,"","","","","",0,1,"","","","","",0,3,"","","","","",0,4,"","",NA,NA,NA,0,3,"","","",NA,NA,0,5,"","",NA,NA,NA,1,1,1,"1976","","","","","Vannes","","","","","Le conducteur d'un ""coupé"" (porte longue) garé a ouvert sa porte juste quand je passais à sa hauteur, et le coin inférieur de la porte a découpé ma botte droite ; je suis ensuite tombé à faible vitesse.","","","","",0,0,0,2,50,1,71,"15",1976,"Vannes","1976","Autre(s) type(s) d'accident(s).","1","","",NA,"",NA,"","J'ai eu le pied droit gravement blessé par le coin inférieur de la portière brusquement ouverte d'une voiture garée, alors que j'allais moi même garer ma moto quelques mètres plus loin. Le conducteur de la voiture a ouvert sa portière sans regarder dans son rétroviseur extérieur. Il s'agissait d'un coupé 2 portes, donc celles ci particulièrement longues. Il faisait très froid, et j'avais délaissé mes bottes de vrai cuir pour des simili, mais fourrées. La botte droite a été cécoupée comme avec un rasoir, et mon pied aussi.","La distance entre les véhicules garés et ma moto était trop faible puisqu'elle ne tenait pas compte des tailles exceptionnelles de portières.","J'ai réussi d'éviter la chute immédiate, j'ai garé ma moto, et quand j'en suis descendu je me suis écroulé à côté. Le conducteur de la voiture en cause s'est immédiatement porté à mon secours, et c'est lui qui m'a emmené à l'hopital.","2","0","","","Il était trop tard pour faire une manoeuvre d'évitement de la portière","2","1","2","","Peut-être rétroviseur extérieur mal réglé, buée due au froid ?","2","Il s'agit d'erreur cumulées de part et d'autre : défaut de contrôle avant d'ouvrir la portière pour le conducteur, distance trop faible avec les véhicules garés pour ma part","1","2","6",NA,NA,"","","3",1,NA,NA,NA,"2",NA,"Je cherchais une place pour garer ma moto, l'ouverture brusque d'une portière m'a totalement surpris, alors que j'aurai du l'envisager (ce que je fais maintenant toujours...)","4","3","","","1","3","3","3","1","1","1","1",1,4,4,4,4,4,NA,NA,NA,NA,NA,NA,NA,NA,2,"","","","",NA,NA,NA,NA,2,2,NA,2,1,1,1,50,50,0,0,0,"2","","","",NA,NA,"2","1","","",NA,2,1,7,NA,NA,NA,NA,NA,NA,1,0,2,"1","3",NA,0,20,1,10,2,5,NA,NA,NA,NA,"",NA,"4","4","4","4","4","4","HONDA","700","DEAUVILLE C-ABS","Routière / GT","2","1","1",1,1,1,"1",1,1,1,"1","8000","12","4","1","HONDA","500","CB","ROADSTER","2","4","4","21APR1947","9","2","3",2,2,3,NA,"NRP","","","",1,0,0,1,0,1,"HONDA",700,"DEAUVILLE C-ABS","Routière / GT","2","2011","28",1,1,6000,"7","","","","","","","",NA,NA,NA,"","","","","","",NA,NA,NA,NA,NA,"","",NA,"","",NA,NA,NA,NA,NA,NA,"","",NA,"","",NA,NA,NA,NA,NA,NA,NA,6000,"3",4,NA,NA,NA,NA,NA,NA,NA,"NRP","NRP","NRP","NRP","1970","NRP","NRP","1968","NRP","","","","Motorcycle"
"423",68,7468,"310",1,0,4,"","",NA,NA,NA,0,4,"","","",NA,NA,0,4,"","",NA,"",NA,0,4,"","",NA,NA,NA,0,6,"","","","","",0,5,"","","",NA,NA,0,3,"",NA,NA,NA,NA,0,5,"","","",NA,NA,2,5,"2001","2013","","","",0,2,"","","","","",0,5,"","","","","",0,4,"","",NA,NA,NA,0,4,"","","",NA,NA,0,3,"","",NA,NA,NA,0,NA,2,"","","","","","","","","","","","","","","",NA,NA,4,2,2,1,41,"9",2001,"","2001","Vous avez fait une sortie de route, une perte de contrôle ou une glissade sans rien percuter.","4","","",NA,"",NA,"","De ma faute, j'enregistrais une video de ""stunt"" qui a mal tournée.","Envie de ""s'amuser""","Légère perte de contrôle puis panique irationnelle qui m'a fait perdre mes moyens. J'aurais dû garder mon calme et reprendre le contrôle.","NRP","1","Garder mon calme","Pas assez d'expérience","","2","0","","","","","","1","5","",NA,NA,"","","1",NA,NA,NA,2,"",NA,"Manque d'expérience.","3","2","","1","1","4","3","2","3","1","2","1",1,1,4,4,4,7,8,NA,NA,NA,NA,NA,NA,NA,1,"3","","","",NA,NA,NA,NA,2,2,NA,2,2,1,1,75,0,0,25,0,"2","","","",NA,NA,"4","1","7","",NA,2,1,4,NA,NA,NA,NA,NA,NA,1,0,1,"2","3",NA,0,35,1,2,4,7,NA,NA,NA,NA,"",NA,"4","4","4","4","4","4","YAMAHA","125","TDR","TRAIL / SUPERMOTARD","2","1","1",1,1,1,"1",1,1,1,"1","NSP","12","3","1","PEUGEOT","50","ZENITH","SCOOTER","2","3","3","05JAN1983","7","2","3",2,3,4,1,"NRP","","","",2,0,0,1,0,1,"DUCATI",821,"HYPERMOTARD","TRAIL / SUPERMOTARD","2","2013","10",2,1,15000,"7","","","","","","","",NA,NA,NA,"","","","","","",NA,NA,NA,NA,NA,"","",NA,"","",NA,NA,NA,NA,NA,NA,"","",NA,"","",NA,NA,NA,NA,NA,NA,NA,15000,"2",3,4,NA,NA,NA,NA,NA,NA,"NRP","NRP","NRP","1999","2001","NRP","NRP","2001","NRP","","","","Motorcycle"
"424",109,7475,"226",1,0,5,"","",NA,NA,NA,0,6,"","","",NA,NA,0,6,"","",NA,"",NA,0,6,"","",NA,NA,NA,0,5,"","","","","",0,6,"","","",NA,NA,0,3,"",NA,NA,NA,NA,0,4,"","","",NA,NA,1,4,"2001","","","","",0,5,"","","","","",0,5,"","","","","",0,5,"","",NA,NA,NA,0,3,"","","",NA,NA,1,4,"2000","",NA,NA,NA,0,NA,2,"","","","","","","","","","","","","","","",NA,NA,3,5,20,1,41,"9",2001,"","2001","Vous avez fait une sortie de route, une perte de contrôle ou une glissade sans rien percuter.","1","","",NA,"",NA,"","Evolution lente, virage serré, gravier au sol, la roue avant s'est dérobé. Chute à basse vitesse.","le gravier au sol et la perte d'adhérence","Aucune autre personne impliquée. Aucune action de ma part. effet de surprise immédiat","2","1","porter d'avantage attention à la chaussée, ce qui m'aurait permis d'éviter de chuter","Moment d'inattention.","","2","0","","","","","","6","","",NA,NA,"","","",NA,NA,NA,NA,"1",NA,"La roue s'était déjà dérobée, plus rien ne pouvait etre entrepris","4","3","","","2","3","3","2","2","1","1","2",3,4,4,4,4,4,NA,NA,NA,NA,NA,NA,NA,NA,1,"3","","","",NA,NA,NA,NA,2,2,NA,2,2,1,1,30,0,0,70,0,"2","","","",NA,NA,"1","1","","",NA,2,1,7,NA,NA,NA,NA,NA,NA,0,NA,2,"1","3",NA,0,30,1,2,3,4,NA,NA,NA,NA,"",NA,"4","4","4","4","4","4","SUZUKI","50","AP50F","SCOOTER","2","1","1",1,1,1,"1",1,1,1,"1","5000","12","3","0","","","","","","","","24JUL1965","6","1","3",2,3,4,1,"NRP","","","",2,1,1,0,0,2,"KYMCO",400,"X-CITING","SCOOTER","2","2013","37",1,2,10000,"7","KYMCO","50","LIKE 4T","SCOOTER","2","2013","37",3,1,1000,"7","","","","","",NA,NA,NA,NA,NA,"","",NA,"","",NA,NA,NA,NA,NA,NA,"","",NA,"","",NA,NA,NA,NA,NA,NA,NA,11000,"3",NA,NA,NA,NA,NA,NA,NA,NA,"NRP","NRP","NRP","NRP","1994","NRP","NRP","NRP","NRP","","","","Motorcycle"
"425",1083,7494,"91",1,0,5,"","",NA,NA,NA,0,5,"","","",NA,NA,0,4,"","",NA,"",NA,0,3,"","",NA,NA,NA,0,6,"","","","","",0,3,"","","",NA,NA,0,5,"",NA,NA,NA,NA,0,4,"","","",NA,NA,2,5,"2001","2003","","","",0,2,"","","","","",0,5,"","","","","",0,2,"","",NA,NA,NA,0,4,"","","",NA,NA,0,1,"","",NA,NA,NA,1,1,3,"2004","","","","","campagne","","","","","choc avec sanglier","","","","",0,0,0,0,24,1,42,"9",2003,"","2003","Vous avez fait une sortie de route, une perte de contrôle ou une glissade sans rien percuter.","4","","",NA,"",NA,"","choc contre un sanglier sur une petite route de sologne à 23h, seul et pas d'éclairage.","fatigue (5h de route), pressé d'arriver, visière mouchettée","temps de réaction très court,décalage de la trajectoire sur la gauche (sangliers sur bas côté droit), choc, pas eu le temps de freiner","NRP","1","faire des pauses, réduire sa vitesse","j'étais attendu, trop pressé","","2","0","","","","","","7","","",NA,NA,"","","",NA,NA,NA,NA,"",NA,"","4","1","3","","4","2","3","3","1","1","2","4",4,4,1,4,4,1,3,NA,NA,NA,NA,NA,NA,NA,2,"","","","",NA,NA,NA,NA,2,2,NA,2,1,2,1,100,0,0,0,0,"2","","","",NA,NA,"1","1","","",NA,2,1,4,7,NA,NA,NA,NA,NA,1,0,3,"2","3",NA,0,120,1,2,3,4,9,NA,NA,NA,"",NA,"4","4","4","4","4","4","YAMAHA","1000","FZ1 FAZER","ROADSTER","null","1","1",1,1,1,"1",1,1,1,"1","15000","12","4","1","TRIUMPH","900","TIGER","TRAIL / SUPERMOTARD","null","4","4","21DEC1971","7","1","3",2,5,4,3,"NRP","","","",1,0,0,2,0,2,"DUCATI",998,"998 SUPERBIKE BIPOSTO","SPORTIVE","2","2002","37",3,1,1000,"7","DUCATI","695","MONSTER","ROADSTER","2","2007","28",3,1,1000,"7","","","","","",NA,NA,NA,NA,NA,"","",NA,"","",NA,NA,NA,NA,NA,NA,"","",NA,"","",NA,NA,NA,NA,NA,NA,NA,2000,"3",4,NA,NA,NA,NA,NA,NA,NA,"NRP","NRP","NRP","NRP","1994","NRP","NRP","1990","NRP","","","","Motorcycle"
"426",849,7504,"424",1,0,4,"","",NA,NA,NA,0,3,"","","",NA,NA,0,3,"","",NA,"",NA,0,2,"","",NA,NA,NA,1,4,"1991","","","","",0,3,"","","",NA,NA,0,4,"",NA,NA,NA,NA,0,6,"","","",NA,NA,1,5,"1989","","","","",0,4,"","","","","",0,4,"","","","","",0,3,"","",NA,NA,NA,0,3,"","","",NA,NA,0,3,"","",NA,NA,NA,0,NA,2,"","","","","","","","","","","","","","","",NA,NA,4,3,17,1,21,"5",1991,"","1991","Vous circuliez sur un axe prioritaire. Un véhicule venant dun axe non prioritaire vous a coupé la route.","2","4","5",NA,"",NA,"","En ville je pars en tête au feu vert, 100m plus loin une autre intersection non contrôlé par des feux, aucune route à ma droite mais une voie sur ma gauche.  Un véhicule arrivant de ma gauche(non prioritaire) et voulant prendre la même voie que moi en maitrisant difficilement son véhicule ma serré sur les véhicules en stationnement autorisé à ma droite face à ce carrefour.  Bilan fourche bloqué entre les deux voitures j'ai eu la chance d'être éjecter de la moto (je suis poids plume) sinon mes jambes auraient été écrasées des deux cotés.","Impossible pour moi d'anticiper les réactions du tiers. Le boulevard était très large il avait la place de me laissé passé a côté. Je pense que vu sa trajectoire il aurait de toutes façon emboutit les voitures en stationnement.","J'ai freiné fortement mais il arrivait trop vite et sans avoir fait la moindre attention a sa traversé de carrefour. Le véhicule qui me suivait a eu du mal à s'arrêter aussi.","NRP","0","","","cela c'est passé trop vite.","2","1","2","","il ne m'a pas vue ou n'a pas regarder.","NSP","NRP","3","6","",NA,NA,"","","",NA,1,NA,NA,"2",NA,"La trajectoire du tiers était incompréhensible sur ce genre de carrefour.","4","3","","","2","2","2","4","3","1","1","1",2,4,4,4,4,5,NA,NA,NA,NA,NA,NA,NA,NA,2,"","","","",NA,NA,NA,NA,2,2,NA,2,1,1,1,20,80,0,0,0,"NSP","","","",NA,NA,"2","1","","",NA,2,1,1,7,NA,NA,NA,NA,NA,1,0,1,"1","1",2,0,50,1,10,2,3,5,NA,NA,NA,"",NA,"4","4","4","4","4","4","SUZUKI","125","RG GAMMA","SPORTIVE","2","1","1",1,1,1,"1",1,1,1,"1","NSP","12","3","1","PEUGEOT","50","102","ROADSTER","2","4","4","25MAR1972","7","1","3",2,4,4,2,"NRP","","","",2,0,0,1,0,1,"YAMAHA",600,"FZ6-S FAZER","ROADSTER","2","1999","37",3,2,6000,"7","","","","","","","",NA,NA,NA,"","","","","","",NA,NA,NA,NA,NA,"","",NA,"","",NA,NA,NA,NA,NA,NA,"","",NA,"","",NA,NA,NA,NA,NA,NA,NA,6000,"3",4,NA,NA,NA,NA,NA,NA,NA,"NRP","NRP","NRP","NRP","1991","NRP","NRP","1991","NRP","","","","Motorcycle"