"","Ligne","Ligne.Q.qualif","Ligne.approfondissement.Accident","ACCIDENT","NBACC1","ACCFREQUENCE1","ANNEEACC1_1","ANNEEACC1_2","ANNEEACC1_3","ANNEEACC1_4","ANNEEACC1_5","NBACC2","ACCFREQUENCE2","ANNEEACC2_1","ANNEEACC2_2","ANNEEACC2_3","ANNEEACC2_4","ANNEEACC2_5","NBACC3","ACCFREQUENCE3","ANNEEACC3_1","ANNEEACC3_2","ANNEEACC3_3","ANNEEACC3_4","ANNEEACC3_5","NBACC4","ACCFREQUENCE4","ANNEEACC4_1","ANNEEACC4_2","ANNEEACC4_3","ANNEEACC4_4","ANNEEACC4_5","NBACC5","ACCFREQUENCE5","ANNEEACC5_1","ANNEEACC5_2","ANNEEACC5_3","ANNEEACC5_4","ANNEEACC5_5","NBACC6","ACCFREQUENCE6","ANNEEACC6_1","ANNEEACC6_2","ANNEEACC6_3","ANNEEACC6_4","ANNEEACC6_5","NBACC7","ACCFREQUENCE7","ANNEEACC7_1","ANNEEACC7_2","ANNEEACC7_3","ANNEEACC7_4","ANNEEACC7_5","NBACC8","ACCFREQUENCE8","ANNEEACC8_1","ANNEEACC8_2","ANNEEACC8_3","ANNEEACC8_4","ANNEEACC8_5","NBACC9","ACCFREQUENCE9","ANNEEACC9_1","ANNEEACC9_2","ANNEEACC9_3","ANNEEACC9_4","ANNEEACC9_5","NBACC10","ACCFREQUENCE10","ANNEEACC10_1","ANNEEACC10_2","ANNEEACC10_3","ANNEEACC10_4","ANNEEACC10_5","NBACC11","ACCFREQUENCE11","ANNEEACC11_1","ANNEEACC11_2","ANNEEACC11_3","ANNEEACC11_4","ANNEEACC11_5","NBACC12","ACCFREQUENCE12","ANNEEACC12_1","ANNEEACC12_2","ANNEEACC12_3","ANNEEACC12_4","ANNEEACC12_5","NBACC13","ACCFREQUENCE13","ANNEEACC13_1","ANNEEACC13_2","ANNEEACC13_3","ANNEEACC13_4","ANNEEACC13_5","NBACC14","ACCFREQUENCE14","ANNEEACC14_1","ANNEEACC14_2","ANNEEACC14_3","ANNEEACC14_4","ANNEEACC14_5","AUTRESACC","NBAUTRESACC","TOTAL_AC","ANNEEAUTREACC1","ANNEEAUTREACC2","ANNEEAUTREACC3","ANNEEAUTREACC4","ANNEEAUTREACC5","LIEUAUTREACC1","LIEUAUTREACC2","LIEUAUTREACC3","LIEUAUTREACC4","LIEUAUTREACC5","DESCRIPTIONAUTRESACC1","DESCRIPTIONAUTRESACC2","DESCRIPTIONAUTRESACC3","DESCRIPTIONAUTRESACC4","DESCRIPTIONAUTRESACC5","NBAUTRESACCCIRCUIT","NBAUTRESTOUTTERRAIN","EXPCYCLO","EXP125","EXPSUP125","ACCORDNEXTQ","CHOIXACC","RGPMTACC","RECUPANNEE","RECUPLIEU","RECUPANNE","RGPMTAC","CHOIX1","CHOIX2","CHOIX3","CHOIX4","CHOIX5","CHOIX6","CHOIX7","DESCRIPTION","RUPTURE","FAITS","ABS_REACTION","AUTRE_REACTION","PRECISIONREACTIONOUI","RECUL","PRECISIONREACTIONNON","IMPACTCOMPORTEMENT","AUTREUSAGER","REACTIONAUTREUSAGER","CONNAISSANCEREACTIONUSAGER","DIFFICULTES","AGGRAVATION","DIFFICULTES2","EMOTIONS1","EMOTIONS2","EMOTIONS3","EMOTIONS4","EMOTIONS5","EMOTIONS6","AUTRESENTIMENT","CLASSEMENTEMOTIONS1","CLASSEMENTEMOTIONS","CLASSEMENTEMOTIONS5","CLASSEMENTEMOTIONS6","CLASSEMENTEMOTIONS7","CLASSEMENTEMOTIONS8","CLASSEMENTEMOTIONS9","EXPLICATIONRESSENTI","BIENEQUIPE","ALLURE","ALLUREVITEDETAIL","ALLURELENTEDETAIL","SITUATIONPRESSE","SITUATIONDISTRAIT","SITUATIONCONFIANT","SITUATIONCONTROLE","SITUATIONLUDIQUE","SITUATIONPERF","SITUATIONSTRESS","SITUATIONFATIGUE","HUMEURNEUTRE","HUMEURGAI","HUMEURMECONTENT","HUMEURTRISTE","HUMEURCOLERE","CONTRIBUTION1","CONTRIBUTION2","CONTRIBUTION3","CONTRIBUTION4","CONTRIBUTION5","CONTRIBUTION6","CONTRIBUTION7","CONTRIBUTION8","CONTRIBUTION9","ROLEINFRA","ELEMENTINFRA1","ELEMENTINFRA2","ELEMENTINFRA3","ELEMENTINFRA4","ELEMENTINFRA5","ELEMENTINFRA6","ELEMENTINFRA7","ELEMENTINFRA8","ELEMENTINFRA9","ALCOOL","TXALCOOL","STUP","SEMAINE","MOMENTJOURNEE","TEMPS","CAUSEACC1","CAUSEACC2","CAUSEACC3","CAUSEACC4","CAUSEACC5","FORMATIONCAUSE","FORMATION1","FORMATION2","FORMATION3","FORMATION4","FORMATION5","TRAFIC","CHAUSSEE1","CHAUSSEE2","CHAUSSEE3","CHAUSSEE4","TYPEACC","BLESSURE","TETE","COU","THORAX","MEMBRESSUP","COLONNE","BASSIN","MEMBRESINF","HOPITAL","PLUS24H","TRAJET","TYPEROUTE","MOTIF","SENSTRAJET","PASSAGER","VITESSE","DESCEQ1","DESCEQ2","DESCEQ3","DESCEQ4","DESCEQ5","DESCEQ6","DESCEQ7","DESCEQ8","DESCEQ9","DESCEQ10","VEHICULEETE","VEHICULEAUTOMNE","VEHICULEPRINTEMPS","VEHICULEHIVER","VEHICULESEMAINE","VEHICULEWE","VEHMARQUE","VEHCYLINDREE","VEHMODELE","VEHSEGMENT","VEHSIDE","EQ2RMABS","EQ2RMCBS","EQ2RMABSCBS","EQ2RMREGULATEUR","EQ2RMLIMITEUR","EQ2RMPHARESDIRECT","EQ2RMCOUPURE","EQ2RMANTIPATINAGE","EQ2RMANTIXHEELING","EQ2RMSTABILILTE","VEHKM","POINTS","DUREE","AUTRE2RM","VEHPRECMARQUE","VEHPRECCYLINDREE","VEHPRECMODELE","VEHPRECSEGMENT","VEHPRECSIDE","TEMPS2RMPREC","FREQVEHPREC","DATE_NAISS","CSP","SOCIETAIRE","SALARIE","SECTEUR2RM","NBPERSFOYER","SITFAM","NBENF","TRNBENF1","TRNBENF2","TRNBENF3","TRNBENF4","NBAUTOFOYER","NBCYCLOFOYER","NBSCOOTFOYER","NBMOTOFOYER","NBTRIKEFOYER","NB2RMCONDUIT","MARQUE1","CYLINDREE1","MODELE1","SEGMENT1","SIDE1","ANMISECIRCU1","ASS1","FREQ1","USAGE1","NBKM1","GARAGE1","MARQUE2","CYLINDREE2","MODELE2","SEGMENT2","SIDE2","ANMISECIRCU2","ASS2","FREQ2","USAGE2","NBKM2","GARAGE2","MARQUE3","CYLINDREE3","MODELE3","SEGMENT3","SIDE3","ANMISECIRCU3","ASS3","FREQ3","USAGE3","NBKM3","GARAGE3","MARQUE4","CYLINDREE4","MODELE4","SEGMENT4","SIDE4","ANMISECIRCU4","ASS4","FREQ4","USAGE4","NBKM4","GARAGE4","MARQUE5","CYLINDREE5","MODELE5","SEGMENT5","SIDE5","ANMISECIRCU5","ASS5","FREQ5","USAGE5","NBKM5","GARAGE5","NBKMTOT","PERMIS1","PERMIS2","PERMIS3","PERMIS4","PERMIS5","PERMIS6","PERMIS7","PERMIS8","PERMIS9","ANPERMIS1","ANPERMIS6","ANPERMIS7","ANPERMIS2","ANPERMIS3","ANPERMIS8","ANPERMIS9","ANPERMIS4","ANPERMIS5","X","X.1","X.2","isScooter"
"427",211,7521,"147",1,0,6,"","",NA,NA,NA,0,4,"","","",NA,NA,0,5,"","",NA,"",NA,0,5,"","",NA,NA,NA,0,6,"","","","","",0,6,"","","",NA,NA,0,4,"",NA,NA,NA,NA,0,3,"","","",NA,NA,0,3,"","","","","",0,6,"","","","","",0,6,"","","","","",0,5,"","",NA,NA,NA,0,2,"","","",NA,NA,0,5,"","",NA,NA,NA,1,1,1,"2012","","","","","armentières","","","","","Je redémarrais après un ralentissement de la circulation,une voiture m'a percutée par l'arrière","","","","",0,0,2,0,7,1,71,"15",2012,"armentières","2012","Autre(s) type(s) d'accident(s).","1","","",NA,"",NA,"","A l'arrêt derrière une voiture ,elle-même attendant que le bus devant elle tourne à gauche.Lors du redémarrage,une voiture m'a percutée à l'arrière.Comme elle venait d'une rue perpendiculaire avec en plus un cédez le passage,je pense que la conductrice surveillait si un véhicule arrivait,et du coup n'a pas regardé DEVANT elle...en plus elle m'a accusée de rouler trop vite,alors qu'elle m'a heurtée à l'arrière!!!","rien vu venir,puisque percutée par l'arrière","NRP","AUT|heurtée par l'arrière","0","","","cf circonstances de l'accident!","2","1","2","","Elle n'a pas vu le ralentissement..","1","NRP","7","","",NA,NA,"","","",NA,NA,NA,NA,"",NA,"","4","4","","","1","1","4","4","1","1","1","1",1,3,4,4,4,10,NA,NA,NA,NA,NA,NA,NA,NA,2,"","","","",NA,NA,NA,NA,2,2,NA,2,1,1,1,0,100,0,0,0,"2","","","",NA,NA,"4","1","","",NA,2,1,4,7,NA,NA,NA,NA,NA,1,0,1,"1","1",1,0,5,1,2,3,4,9,NA,NA,NA,"",NA,"4","4","4","4","4","3","YAMAHA","1000","FZS FAZER","ROADSTER","2","1","1",1,1,1,"1",1,1,1,"1","40000","12","4","1","KAWASAKI","650","ER-6F","SPORTIVE","2","4","4","17JAN1958","4","1","3",2,2,3,NA,"NRP","","","",2,0,0,1,0,1,"KAWASAKI",1000,"Z 1000 IE SX","Routière / GT","2","2013","37",1,2,13000,"5","","","","","","","",NA,NA,NA,"","","","","","",NA,NA,NA,NA,NA,"","",NA,"","",NA,NA,NA,NA,NA,NA,"","",NA,"","",NA,NA,NA,NA,NA,NA,NA,13000,"2",3,4,7,NA,NA,NA,NA,NA,"NRP","NRP","1977","1977","2007","NRP","NRP","1977","NRP","","","","Motorcycle"
"428",487,7522,"305",1,0,6,"","",NA,NA,NA,0,4,"","","",NA,NA,0,6,"","",NA,"",NA,0,4,"","",NA,NA,NA,0,5,"","","","","",0,4,"","","",NA,NA,0,4,"",NA,NA,NA,NA,0,6,"","","",NA,NA,2,5,"2012","2014","","","",1,4,"2013","","","","",0,5,"","","","","",0,2,"","",NA,NA,NA,1,5,"2011","","",NA,NA,0,2,"","",NA,NA,NA,1,1,5,"2011","","","","","Gensac","","","","","Chute suite freinage appuyé car entré dans une rue étroite sur ma droite et me suis retrouvé nez à nez avec un bus scolaire occupant toute la largeur de la voie","","","","",0,0,4,5,5,1,46,"10",2013,"","2013","Vous circuliez sur un axe constitué dau moins "" 2 X 2 voies "" (en urbain, périphérique, autoroute, RN ). Un véhicule vous a coupé la route en changeant de voie pour se placer sur celle de droite.","4","","",NA,"",NA,"","Rocade de Bordeaux un jeudi soir vers 18 h 00, premier jour de beau temps de l'année 2013. Circulation très dense. Nous sommes presqu'à l'arrêt. Je suis positionné à hauteur de la cabine d'un semi-remorque en interfile. La circulation accélère subitement, je me repositionne devant le camion sur la voie de droite. Je prends de la vitesse ( environ 60/70 km/h ), lorsque la voiture roulant légèrement devant moi sur la voie de gauche, mais qui avance à une vitesse inférieure à celle de droite, se rabat brutalement ( coup de volant ) sur celle-ci sans avertir ( clignotant ) ni contrôle de l'angle mort. Mon seul réflexe pour éviter l'accrochage a été de tirer sur la poignée de frein avant en amorçant une tentative d'évitement par la droite.Résultat, blocage de la roue avant et éjection de la moto. Chute sur le macadam avec mauvaise réception sur la jambe gauche ( fracture de la malléole externe ). Un motard qui me suivait ainsi qu'une ambulancière m'ont porté assistance et appelé les secours. La conductrice ""fautive"" s'est arrêtée et voyant que l'on s'occupait de moi à repris sa route sans que personne ne pense à relever son n° d'immatriculation. La CRS autoroutière n'a enregistré aucune déposition des témoins prétextant que je m'étais vautré tout seul comme un grand et que j'étais le seul responsable. Que faire quand on est immobilisé au sol ? Bilan : peu de dégâts sur la moto réparée par mes soins, 45 jours d'immobilisation de la cheville, 30 séances de kiné, 4 mois et demi d'arrêt de travail, 100 jours sans moto, équipement dégradé remboursé par l'assurance ( Mutuelle des Motards ), plainte contre X pour mis e en péril de la vie d'autrui classée sans suite ( tiers non identifié ), aucune séquelle physique.","Aucune indication de changement de voie de l'automobiliste et le coup de volant brutal lorsque l'arrière de son véhicule était à la hauteur de ma roue avant.","J'ai tiré très fortement sur la poignée de frein avant en tentant un évitement par la droite. L'automobiliste responsable de la manoeuvre dangereuse ne s'est rendue compte de rien elle a donc poursuivi son changement de voie.","NRP","0","","","C'était trop soudain, trop proche physiquement.","2","0","","","","","","7","","",NA,NA,"","","",NA,NA,NA,NA,"",NA,"","3","3","","","1","1","2","4","1","1","1","1",4,3,4,4,4,10,NA,NA,NA,NA,NA,NA,NA,NA,2,"","","","",NA,NA,NA,NA,2,2,NA,2,1,1,1,0,100,0,0,0,"2","","","",NA,NA,"3","1","","",NA,2,1,7,NA,NA,NA,NA,NA,NA,1,1,2,"4","3",NA,0,75,1,10,2,3,4,7,NA,NA,"",NA,"4","4","4","4","4","2","HONDA","650","FX ""VIGOR""","ROADSTER","2","1","1",1,1,1,"1",0,1,1,"1","24000","12","3","1","MOTO GUZZI","1200","STELVIO 4V","TRAIL / SUPERMOTARD","2","3","3","13AUG1961","5","1","3",2,2,3,NA,"NRP","","","",2,1,0,3,0,4,"MOTO GUZZI",1200,"SPORT 4V","ROADSTER","2","2007","37",3,1,21000,"7","HONDA","650","FX ""VIGOR""","ROADSTER","2","1999","37",2,2,5000,"7","VELOSOLEX","50","5000","ROADSTER","2",1972,37,4,1,100,"7","DUCATI",696,"MONSTER","ROADSTER",2,2011,31,2,1,23000,"7","",NA,"","",NA,NA,NA,NA,NA,NA,NA,49100,"2",3,4,NA,NA,NA,NA,NA,NA,"NRP","NRP","NRP","1979","2009","NRP","NRP","1979","NRP","","","","Motorcycle"
"429",1134,7524,"419",1,0,6,"","",NA,NA,NA,0,4,"","","",NA,NA,1,5,"1990","",NA,"",NA,0,1,"","",NA,NA,NA,0,6,"","","","","",0,3,"","","",NA,NA,0,3,"",NA,NA,NA,NA,1,5,"1995","","",NA,NA,1,5,"1993","","","","",0,2,"","","","","",0,4,"","","","","",0,3,"","",NA,NA,NA,1,4,"1989","","",NA,NA,0,2,"","",NA,NA,NA,1,2,6,"1992","1994","","","","robion","ville sur auzon","","","","Accident à 60 km/h avec un chien (berger allemand de 6 mois","Accident avec un chien de 5 ans (boxer) à 90km/h","","","",0,0,20,18,2,1,72,"15",1994,"ville sur auzon","1994","Autre(s) type(s) d'accident(s).","3","6","",NA,"",NA,"","En balade, j'ai traversé une foret quand un chien, qui avait échappé à la surveillance de son maître, à traversé la route devant moi en plein virage.  Je ne dois la vie sauve qu'à la formation que j'ai reçu de l'AMDM à Montpellier.  En effet, même si je n'ai pas réussi à éviter l'impact avec le chien, ma manoeuvre d'évitement à eu pour conséquence de limiter la gravité de ma chute.  Je pense qu'il est vraiment important de faire faire cette formation de manière obligatoire au nouveau motard, ceci afin de mieux appréhender le potentiel et les limites de l'homme et de la machine.","Le chien et le virage on rendu la situation dangereuse, tout comme les obstacles naturels (arbres, plots de signalisation..) présent sur la route.","En plein virage gauche le chien est brusquement sorti devant moi par la droite et  à traversé la route. j'ai commencé par freiner de l'avant et de l'arrière et entamé une manoeuvre d'évitement en poussant sur les bracelet afin de redresser la moto et essayer d'éviter le choc. J'y est presque réussi, mais le chien sentant le danger c'est immobilisé et je l'ai seulement touché à la cuisse ce qui a eu pour effet de faire guidonner la moto et provoquer ma chute sur le bas coté.","NRP","0","","","je n'avais aucune autre alternative que de freiner  et filer tout droit ou ne pas avoir de réaction et percuter le chien de plein coté ce qui aurait provoquer ma chute par un basculement de l'avant","2","0","","","","","","2","4","6",NA,NA,"","","",1,NA,3,NA,"2",NA,"Je ne pensais pas trouver un chien en liberté à cet endroit","4","3","","","1","1","3","3","3","1","1","1",1,4,4,4,4,4,NA,NA,NA,NA,NA,NA,NA,NA,2,"","","","",NA,NA,NA,NA,2,2,NA,2,1,1,1,0,0,100,0,0,"2","","","",NA,NA,"1","1","","",NA,2,1,7,NA,NA,NA,NA,NA,NA,0,NA,2,"2","3",NA,0,90,1,2,3,NA,NA,NA,NA,NA,"",NA,"4","4","4","2","4","4","HONDA","1000","CBR1000F","Routière / GT","2","1","1",1,1,1,"1",1,1,1,"1","NSP","12","4","1","HONDA","1100","VT SHADOW C2","CUSTOM","2","3","3","20APR1970","7","1","3",2,4,4,2,"NRP","","","",2,0,0,1,0,1,"HONDA",1000,"CBR1000F","Routière / GT","2","1992","37",1,2,12000,"4","","","","","","","",NA,NA,NA,"","","","","","",NA,NA,NA,NA,NA,"","",NA,"","",NA,NA,NA,NA,NA,NA,"","",NA,"","",NA,NA,NA,NA,NA,NA,NA,12000,"2",3,4,NA,NA,NA,NA,NA,NA,"NRP","NRP","NRP","1987","1988","NRP","NRP","1988","NRP","","","","Motorcycle"
"430",254,7525,"118",1,0,6,"","",NA,NA,NA,1,5,"1974","","",NA,NA,0,4,"","",NA,"",NA,0,1,"","",NA,NA,NA,0,5,"","","","","",0,5,"","","",NA,NA,0,3,"",NA,NA,NA,NA,0,3,"","","",NA,NA,1,2,"1974","","","","",0,6,"","","","","",1,6,"1973","","","","",1,5,"1994","",NA,NA,NA,0,2,"","","",NA,NA,0,4,"","",NA,NA,NA,0,NA,4,"","","","","","","","","","","","","","","",NA,NA,3,0,40,1,56,"12",1994,"","1994","Vous circuliez sur un axe non prioritaire. Vous êtes entré en collision avec un véhicule venant dun axe prioritaire.","1","6","",NA,"",NA,"","j'étais à cette époque représentant du personnel et mes journées étaient bien remplis, stressante et marqués par des nuits de courtes durée, bref une fatigue intense ,car j'avais en charge la défense de 35 personnes qui devait faire l'objet d'un plan social,en fait j'étais fatigué et très préoccupé d'autant que je faisais de plus,parti de ce plan. moralité il ne faut en aucun cas prendre le guidon dans de tel condition.  je rentrais à mon domicile venant de Marly la Ville j'étais presque arrivé chez moi à 650 m de mon domicile,à une intersection, j'ai mal estimé le danger et le véhicule arrivant à vive allure de ma droite. j'étais engagé je n'ai pu éviter le véhicule ,je ne roulais qu'a à peine 30Km/H. Résultat des courses fracture du plateau tibia et entorse de la cheville et plaie ouverte au niveau du mollet.   La règle est de ne conduire aucun véhicule à moteur lorsque l'on est pas dans un état normal j'entends par la aucun parasitage du à l'activité,quelque soit d'ordre privé ou professionnel.  On sais mais on ne fait pas. Chaque jour qui passe me rappelle par des douleurs lié à ma posture que j'ai fais une erreur de jugement et que je n'ai pas su être raisonnable une fois de trop.    puisse ce récis servir à qui veux bien .","déjà préciser dans le précédent texte.","l'automobiliste était vindicatif,et malgré la présence des pompiers, venus me porter secours,ce dernier proférais des insultes de style ""je le cite qu'il crève ce chien de motard ,cet enfoiré"" pardonner ces mots mais même aujourd'hui,il me choque encore,j'étais au sol en souffrance et cet individu qui à transformer sapeur en haine à mon encontre.   J'ai pourtant tout fait pour éviter l'accident en  ondulant et en remettant les gaz pour éviter le choc ,mais trop juste! cela c'est passer en quelque fractions de secondes.","2","1","ce trajet je le connaissais parfaitement et marquais systématiquement un temps d'arrêt à cette intersection .","mes préoccupations du moment on du altérer mon sens du danger. j'ai du occulter le véhicule arrivant à mon encontre","","2","1","NSP","","a  tenter de m'éviter en freinant fort je ne puis le dire ,ou estimais t'il  être dans son bon droit venant de ma droite.","NSP","NSP","1","3","6",NA,NA,"","","1",NA,3,NA,NA,"2",NA,"cela va très vite ,c'est violent,et on sent que c'est perdu malgré nos efforts,alors la peur s'installe et va jusqu'à partiellement vous faire oublié vos douleurs,vous trembler puis vous avez froid.","3","3","","","2","4","3","3","3","1","4","4",4,4,2,2,2,4,6,NA,NA,NA,NA,NA,NA,NA,2,"","","","",NA,NA,NA,NA,2,2,NA,2,1,1,1,60,40,0,0,0,"2","","","",NA,NA,"2","7","","",NA,2,1,7,NA,NA,NA,NA,NA,NA,1,0,1,"1","1",2,0,30,1,2,3,5,NA,NA,NA,NA,"",NA,"4","4","4","4","4","4","BMW","1000","R100","ROADSTER","2","1","1",1,1,1,"1",1,1,1,"1","120000","12","4","1","YAMAHA","750","XS (DOHC)","ROADSTER","2","3","2","30SEP1954","11","1","3",2,2,3,NA,"NRP","","","",2,1,1,2,0,2,"YAMAHA",125,"YB-R CUSTOM","CUSTOM","2","2009","37",2,2,3000,"7","YAMAHA","1600","WILD STAR","CUSTOM","2","2002","37",3,1,1700,"7","","","","","",NA,NA,NA,NA,NA,"","",NA,"","",NA,NA,NA,NA,NA,NA,"","",NA,"","",NA,NA,NA,NA,NA,NA,NA,4700,"3",4,NA,NA,NA,NA,NA,NA,NA,"NRP","NRP","NRP","NRP","1974","NRP","NRP","1979","NRP","","","","Motorcycle"
"431",505,7536,"61",1,0,4,"","",NA,NA,NA,2,6,"1994","1998","",NA,NA,2,6,"1996","1999",NA,"",NA,0,2,"","",NA,NA,NA,0,3,"","","","","",0,3,"","","",NA,NA,0,4,"",NA,NA,NA,NA,0,3,"","","",NA,NA,0,2,"","","","","",0,4,"","","","","",0,5,"","","","","",0,2,"","",NA,NA,NA,0,4,"","","",NA,NA,0,1,"","",NA,NA,NA,0,NA,4,"","","","","","","","","","","","","","","",NA,NA,2,0,20,1,7,"2",1998,"","1998","Vous circuliez derrière un véhicule. Ce véhicule a ralenti. Vous avez entrepris de dépasser ce véhicule par la gauche et celui-ci vous a coupé la route en tournant à gauche (ou en effectuant un œ tour","5","","",NA,"",NA,"","Je suivais une voiture en sortie d'agglomération, à l'approche d'un carrefour avec une Nationale, régulé par un feu, rouge pour nous, devant lequel quelques voitures étaient arrêtées. L'automobiliste a actionné son clignotant gauche et a fortement ralenti. J'ai ai déduit un peu hâtivement qu'elle tournerait à gauche au carrefour et le feu, encore distant d'une cinquantaine de mètres, passant au vert, j'ai entrepris de la dépasser. Or, elle clignotait (et ralentissait...) pour s'engager sur le parking d'un commerce, sur la gauche, avant le carrefour...Elle m'a percuté alors que j'étais à la hauteur de son capot. Le choc, léger, m'a projeté sur la voie de gauche, face à une voiture circulant en sens opposé. J'ai immédiatement obliqué vers le trottoir et, grâce lui en soit rendue, ma fidèle 600 XT l'a grimpé sans se faire prier. Je ne serais même pas tombé si le guidon n'avait pas accroché un poteau ! La cocotte d'embrayage, broyée comme du papier-crêpon, m'a donné à réfléchir sur le sort de ma main gauche si le poteau avait touché cinq centimètres plus à gauche... Plus de peur que de mal, le pare-choc avant à terre pour la Fiat, la cocotte et le levier d'embrayage pour la XT, pas de constat et tout le monde garde son joli sourire, surtout quand la conductrice m'a spontanémenet déclaré qu'elle m'avait vu entamer mon dépassement quand elle a tourné !","Mauvaise interprètation de ma part des signaux reçus. Supposition erronée de la conductrice qui, bien que m'ayant vu engager mon dépassement, a pensé que je comprendrais ses intentions et que je suspendrais ma manoeuvre.","Pas grand-chose à ajouter. J'ai déboîté à gauche, redressé après l'impact, obliqué à gauche, corrigé à droite pour m'aligner sur laxe du trottoir, freiné, et je suis tombé dès que le poteau a amené le guidon en butée à gauche. L'automobiliste s'est stationnée sur le parking du commerce et est venue à ma rencontre. Je pense qu'une fois les erreurs commises et le choc survenu, chacun de nous a eu les meilleures réactions possibles.","NRP","1","Ah ben oui ! Aujourd'hui, j'évite de dépasser une voiture qui clignote !","Jeunesse, fougue et inexpérience.","","2","1","2","","Elle a mal compris mes intentions.","1","M'ayant vu, elle aurait pu suspendre sa manoeuvre.","9","","",NA,NA,"","La situation n'est jamais devenue irrécupérable. J'ai pu réagir au premier choc, et lors du second, j'avais un tel sentiment d'avoir rattrapé la situation et échappé au pire que je ne lui ai accordé que peu d'importance.","",NA,NA,NA,NA,"",1,"NRP","3","3","","","2","1","4","4","4","1","1","1",1,4,4,4,4,5,NA,NA,NA,NA,NA,NA,NA,NA,1,"AUT|cet imbécile de poteau","","","",NA,NA,NA,NA,2,2,NA,2,1,1,1,50,50,0,0,0,"2","","","",NA,NA,"3","1","","",NA,1,NA,NA,NA,NA,NA,NA,NA,NA,NA,NA,1,"1","3",NA,0,40,1,10,2,3,4,7,NA,NA,"",NA,"4","4","4","3","4","4","YAMAHA","600","XT","TRAIL / SUPERMOTARD","2","1","1",1,1,1,"1",1,1,1,"1","NSP","12","4","1","MBK","50","ACTIVE","SCOOTER","2","3","4","14APR1976","5","1","3",2,4,4,2,"NRP","","","",5,0,0,5,0,4,"DUCATI",900,"MONSTER","ROADSTER","2","1993","37",3,1,2000,"7","YAMAHA","600","XT","TRAIL / SUPERMOTARD","2","1988","37",4,1,1000,"7","YAMAHA","600","FZS FAZER","ROADSTER","2",2000,37,3,1,7000,"7","HONDA",1000,"VTR ""FIRESTORM""","SPORTIVE",2,1997,37,3,1,2000,"7","",NA,"","",NA,NA,NA,NA,NA,NA,NA,12000,"3",4,NA,NA,NA,NA,NA,NA,NA,"NRP","NRP","NRP","NRP","1994","NRP","NRP","1994","NRP","","","","Motorcycle"