"","Ligne","Ligne.Q.qualif","Ligne.approfondissement.Accident","ACCIDENT","NBACC1","ACCFREQUENCE1","ANNEEACC1_1","ANNEEACC1_2","ANNEEACC1_3","ANNEEACC1_4","ANNEEACC1_5","NBACC2","ACCFREQUENCE2","ANNEEACC2_1","ANNEEACC2_2","ANNEEACC2_3","ANNEEACC2_4","ANNEEACC2_5","NBACC3","ACCFREQUENCE3","ANNEEACC3_1","ANNEEACC3_2","ANNEEACC3_3","ANNEEACC3_4","ANNEEACC3_5","NBACC4","ACCFREQUENCE4","ANNEEACC4_1","ANNEEACC4_2","ANNEEACC4_3","ANNEEACC4_4","ANNEEACC4_5","NBACC5","ACCFREQUENCE5","ANNEEACC5_1","ANNEEACC5_2","ANNEEACC5_3","ANNEEACC5_4","ANNEEACC5_5","NBACC6","ACCFREQUENCE6","ANNEEACC6_1","ANNEEACC6_2","ANNEEACC6_3","ANNEEACC6_4","ANNEEACC6_5","NBACC7","ACCFREQUENCE7","ANNEEACC7_1","ANNEEACC7_2","ANNEEACC7_3","ANNEEACC7_4","ANNEEACC7_5","NBACC8","ACCFREQUENCE8","ANNEEACC8_1","ANNEEACC8_2","ANNEEACC8_3","ANNEEACC8_4","ANNEEACC8_5","NBACC9","ACCFREQUENCE9","ANNEEACC9_1","ANNEEACC9_2","ANNEEACC9_3","ANNEEACC9_4","ANNEEACC9_5","NBACC10","ACCFREQUENCE10","ANNEEACC10_1","ANNEEACC10_2","ANNEEACC10_3","ANNEEACC10_4","ANNEEACC10_5","NBACC11","ACCFREQUENCE11","ANNEEACC11_1","ANNEEACC11_2","ANNEEACC11_3","ANNEEACC11_4","ANNEEACC11_5","NBACC12","ACCFREQUENCE12","ANNEEACC12_1","ANNEEACC12_2","ANNEEACC12_3","ANNEEACC12_4","ANNEEACC12_5","NBACC13","ACCFREQUENCE13","ANNEEACC13_1","ANNEEACC13_2","ANNEEACC13_3","ANNEEACC13_4","ANNEEACC13_5","NBACC14","ACCFREQUENCE14","ANNEEACC14_1","ANNEEACC14_2","ANNEEACC14_3","ANNEEACC14_4","ANNEEACC14_5","AUTRESACC","NBAUTRESACC","TOTAL_AC","ANNEEAUTREACC1","ANNEEAUTREACC2","ANNEEAUTREACC3","ANNEEAUTREACC4","ANNEEAUTREACC5","LIEUAUTREACC1","LIEUAUTREACC2","LIEUAUTREACC3","LIEUAUTREACC4","LIEUAUTREACC5","DESCRIPTIONAUTRESACC1","DESCRIPTIONAUTRESACC2","DESCRIPTIONAUTRESACC3","DESCRIPTIONAUTRESACC4","DESCRIPTIONAUTRESACC5","NBAUTRESACCCIRCUIT","NBAUTRESTOUTTERRAIN","EXPCYCLO","EXP125","EXPSUP125","ACCORDNEXTQ","CHOIXACC","RGPMTACC","RECUPANNEE","RECUPLIEU","RECUPANNE","RGPMTAC","CHOIX1","CHOIX2","CHOIX3","CHOIX4","CHOIX5","CHOIX6","CHOIX7","DESCRIPTION","RUPTURE","FAITS","ABS_REACTION","AUTRE_REACTION","PRECISIONREACTIONOUI","RECUL","PRECISIONREACTIONNON","IMPACTCOMPORTEMENT","AUTREUSAGER","REACTIONAUTREUSAGER","CONNAISSANCEREACTIONUSAGER","DIFFICULTES","AGGRAVATION","DIFFICULTES2","EMOTIONS1","EMOTIONS2","EMOTIONS3","EMOTIONS4","EMOTIONS5","EMOTIONS6","AUTRESENTIMENT","CLASSEMENTEMOTIONS1","CLASSEMENTEMOTIONS","CLASSEMENTEMOTIONS5","CLASSEMENTEMOTIONS6","CLASSEMENTEMOTIONS7","CLASSEMENTEMOTIONS8","CLASSEMENTEMOTIONS9","EXPLICATIONRESSENTI","BIENEQUIPE","ALLURE","ALLUREVITEDETAIL","ALLURELENTEDETAIL","SITUATIONPRESSE","SITUATIONDISTRAIT","SITUATIONCONFIANT","SITUATIONCONTROLE","SITUATIONLUDIQUE","SITUATIONPERF","SITUATIONSTRESS","SITUATIONFATIGUE","HUMEURNEUTRE","HUMEURGAI","HUMEURMECONTENT","HUMEURTRISTE","HUMEURCOLERE","CONTRIBUTION1","CONTRIBUTION2","CONTRIBUTION3","CONTRIBUTION4","CONTRIBUTION5","CONTRIBUTION6","CONTRIBUTION7","CONTRIBUTION8","CONTRIBUTION9","ROLEINFRA","ELEMENTINFRA1","ELEMENTINFRA2","ELEMENTINFRA3","ELEMENTINFRA4","ELEMENTINFRA5","ELEMENTINFRA6","ELEMENTINFRA7","ELEMENTINFRA8","ELEMENTINFRA9","ALCOOL","TXALCOOL","STUP","SEMAINE","MOMENTJOURNEE","TEMPS","CAUSEACC1","CAUSEACC2","CAUSEACC3","CAUSEACC4","CAUSEACC5","FORMATIONCAUSE","FORMATION1","FORMATION2","FORMATION3","FORMATION4","FORMATION5","TRAFIC","CHAUSSEE1","CHAUSSEE2","CHAUSSEE3","CHAUSSEE4","TYPEACC","BLESSURE","TETE","COU","THORAX","MEMBRESSUP","COLONNE","BASSIN","MEMBRESINF","HOPITAL","PLUS24H","TRAJET","TYPEROUTE","MOTIF","SENSTRAJET","PASSAGER","VITESSE","DESCEQ1","DESCEQ2","DESCEQ3","DESCEQ4","DESCEQ5","DESCEQ6","DESCEQ7","DESCEQ8","DESCEQ9","DESCEQ10","VEHICULEETE","VEHICULEAUTOMNE","VEHICULEPRINTEMPS","VEHICULEHIVER","VEHICULESEMAINE","VEHICULEWE","VEHMARQUE","VEHCYLINDREE","VEHMODELE","VEHSEGMENT","VEHSIDE","EQ2RMABS","EQ2RMCBS","EQ2RMABSCBS","EQ2RMREGULATEUR","EQ2RMLIMITEUR","EQ2RMPHARESDIRECT","EQ2RMCOUPURE","EQ2RMANTIPATINAGE","EQ2RMANTIXHEELING","EQ2RMSTABILILTE","VEHKM","POINTS","DUREE","AUTRE2RM","VEHPRECMARQUE","VEHPRECCYLINDREE","VEHPRECMODELE","VEHPRECSEGMENT","VEHPRECSIDE","TEMPS2RMPREC","FREQVEHPREC","DATE_NAISS","CSP","SOCIETAIRE","SALARIE","SECTEUR2RM","NBPERSFOYER","SITFAM","NBENF","TRNBENF1","TRNBENF2","TRNBENF3","TRNBENF4","NBAUTOFOYER","NBCYCLOFOYER","NBSCOOTFOYER","NBMOTOFOYER","NBTRIKEFOYER","NB2RMCONDUIT","MARQUE1","CYLINDREE1","MODELE1","SEGMENT1","SIDE1","ANMISECIRCU1","ASS1","FREQ1","USAGE1","NBKM1","GARAGE1","MARQUE2","CYLINDREE2","MODELE2","SEGMENT2","SIDE2","ANMISECIRCU2","ASS2","FREQ2","USAGE2","NBKM2","GARAGE2","MARQUE3","CYLINDREE3","MODELE3","SEGMENT3","SIDE3","ANMISECIRCU3","ASS3","FREQ3","USAGE3","NBKM3","GARAGE3","MARQUE4","CYLINDREE4","MODELE4","SEGMENT4","SIDE4","ANMISECIRCU4","ASS4","FREQ4","USAGE4","NBKM4","GARAGE4","MARQUE5","CYLINDREE5","MODELE5","SEGMENT5","SIDE5","ANMISECIRCU5","ASS5","FREQ5","USAGE5","NBKM5","GARAGE5","NBKMTOT","PERMIS1","PERMIS2","PERMIS3","PERMIS4","PERMIS5","PERMIS6","PERMIS7","PERMIS8","PERMIS9","ANPERMIS1","ANPERMIS6","ANPERMIS7","ANPERMIS2","ANPERMIS3","ANPERMIS8","ANPERMIS9","ANPERMIS4","ANPERMIS5","X","X.1","X.2","isScooter"
"432",355,7547,"221",1,0,5,"","",NA,NA,NA,0,6,"","","",NA,NA,0,5,"","",NA,"",NA,1,6,"2007","",NA,NA,NA,0,3,"","","","","",0,5,"","","",NA,NA,0,4,"",NA,NA,NA,NA,0,5,"","","",NA,NA,0,6,"","","","","",0,5,"","","","","",0,6,"","","","","",0,4,"","",NA,NA,NA,0,3,"","","",NA,NA,0,2,"","",NA,NA,NA,1,2,3,"2005","2007","","","","Bordeaux","Bordeaux","","","","Le camion a remorque qui s'était arrêté sur la fil centrale au feu rouge à brusquement tourné à droite en traversant la file sur laquelle je me tenais. Il s'était simplement déporté pour avoir suffisamment de place pour engager sa remorque, mais il n'avait pas mis de clignotant. Et il ne n'est pas arrêté lorsque ma trail m'est tombée dessus. Ni les automobilistes pour m'aider. Jusqu'au moment où hurlant, j'ai retiré mon casque pour montrer que j'étais une fille. Heureusement, plus de peur que de mal.","J'ai pris la mauvaise décision de doubler par la droite une file de voitures arrêtée. Je n'ai donc pas fait attention que l'une d'elle avait laissé un espace pour permettre l'entrée dans un parking. Je suis rentrée à basse vitesse dans une voiture qui venait en sens inverse et tournait dans l'espace ouvert. Ma moto a heureusement été amortie par le pneu du Nissan prairie dans lequel je suis entrée, et je n'ai pas été blessée. Mais ça été la dernière fois je j'ai doublé par la droite !","","","",0,0,3,3,5,1,71,"15",2005,"Bordeaux","2005","Autre(s) type(s) d'accident(s).","2","","",NA,"",NA,"","Arrêtée à un feu rouge, sur la file de droite (celle qui possédait le marquage pour aller tout droit), un semi-remorque vient s'arrêter sur la file de gauche (marque pour tourner à gauche).  Le feu passe au vert, je n'ai pas le temps de démarrer que je vois le camion se rapprocher de moi : il était en train de tourner à droite, sans clignotant, et sans m'avoir remarqué.  J'avais 15 ans, et ma yamahaDT50 m'est tombée dessus, renversée à l'arrêt par le semi, qui a continué son chemin sans me voir.  La circulation s'est arrêtée, et personne n'est venu m'aider. Il n'y a que lorsque j'ai enlevé mon casque que deux automobilistes, réalisant que j'étais une fille, sont venu relever ma moto. Si j'avais été un garçon, personne ne m'aurait aidé c'est ça ?  Heureusement plus de peur que de mal, mais cela m'a vraiment marqué.","J'ai vu le camion se rapprocher, mais je ne pouvait pas reculer ni avancer car il me coupait la route, et qu'il y avait une voiture derrière moi.","Je n'ai pas eu le temps de réagir. J'aurais voulu reculer, mais je n'avait pas la place, et la voiture derrière moi n'a pas réagi.","1","0","","","J'aurais du être plus méfiante et garder de la distance avec le semi. Ou bien démarrer avant lui.  Malheureusement j'étais coincée, et la faible puissance de mon moteur ne me permetait pas de me dégager efficacement de la situation. Le camion n'a pas entendu mon klaxon, ni le bruit de ma moto qui chutait.","2","1","2","","NSP","1","NSP","1","6","",NA,NA,"","","1",NA,NA,NA,NA,"2",NA,"j'ai vu dans am tête toutes les images atroces que pouvaient représenter un accident de moto, et j'ai pensé à mes parents","3","4","","","1","3","2","3","1","1","1","1",1,5,4,4,4,4,6,NA,NA,NA,NA,NA,NA,NA,1,"2","4","","",NA,NA,NA,NA,2,2,NA,2,1,1,1,5,95,0,0,0,"2","","","",NA,NA,"4","1","","",NA,1,NA,NA,NA,NA,NA,NA,NA,NA,NA,NA,2,"1","3",NA,0,0,1,10,2,3,4,7,NA,NA,"",NA,"4","4","4","4","4","4","YAMAHA","50","DT","TRAIL / SUPERMOTARD","2","1","2",1,1,1,"1",1,1,1,"1","40000","NSP","3","0","","","","","","","","15MAY1990","11","1","3",2,4,5,0,"NRP","","","",2,2,0,5,0,1,"HONDA",250,"CB TWO FIFTY","ROADSTER","2","1995","37",1,2,10000,"4","","","","","","","",NA,NA,NA,"","","","","","",NA,NA,NA,NA,NA,"","",NA,"","",NA,NA,NA,NA,NA,NA,"","",NA,"","",NA,NA,NA,NA,NA,NA,NA,10000,"1",2,3,4,7,NA,NA,NA,NA,"2004","NRP","2007","2007","2010","NRP","NRP","2009","NRP","","","","Motorcycle"
"433",1297,7575,"309",1,0,3,"","",NA,NA,NA,0,2,"","","",NA,NA,0,3,"","",NA,"",NA,0,1,"","",NA,NA,NA,0,3,"","","","","",0,3,"","","",NA,NA,0,2,"",NA,NA,NA,NA,0,2,"","","",NA,NA,1,2,"1999","","","","",0,2,"","","","","",1,3,"2011","","","","",0,2,"","",NA,NA,NA,0,2,"","","",NA,NA,0,2,"","",NA,NA,NA,0,NA,2,"","","","","","","","","","","","","","","",NA,NA,0,0,14,1,51,"11",2011,"","2011","Vous circuliez sur un axe constitué dau moins "" 2 X 2 voies "" (en urbain, périph, autoroute, RN ). Un véhicule vous a coupé la route en changeant de voie pour se placer sur celle de gauche.","3","","",NA,"",NA,"","Cause de l'accident : l'automobiliste a déboîté sans vérification visuelle rétro ou directe... L'accident aurait pu être bien plus grave si le chauffeur ne s'était pas ""accroché"" dans le commodo de son cligno, entraînant chez moi le réflexe du freinage d'urgence, ç'aurait sans doute fini en fauchage-glissade...  Il est difficile de savoir si nos 2RM sont assez visibles dans les rétros, enfin, à condition que ces derniers soient consultés avant chaque manoeuvre, et ça ne fait que commencer avec l'augmentation des autos récentes ""lampions de jour"".","Le freinage d'urgence à 110 km/h sur un si petit laps de temps s'est apparenté à un ""stoppie"", ce qui laisse penser que l'accident était physiquement inéluctable puisqu'une décélération supplémentaire n'aurait pas été possible sans passer par dessus le guidon (merci l'ABS!)","En approche d'un radar fixe, tous les véhicules ""bite à cul"" pour respecter scrupuleusement la limitation, certains impatients talonnant les autres... Premier indice dans l'analyse du risque.  Dès la boîte à image dépassée, déboîtement sauvage de l'utilitaire pressé car déjà en retard, déclenchement du cligno ""accidentel"" une fois le véhicule mordant déjà sur ma voie... Second indice, concrétisant aussi le risque. Réaction: verrouillage des bras et pression maximale sur les freins (90/10 AV/AR je pense), bref un freinage d'urgence en ligne  L'automobiliste se rendant compte de la situation, a peut être lâché les gaz ou pire, freiné, ce qui a favorisé l'embrassade. Une réaction inverse aurait peut-être évité le choc, ou du moins limité la vitesse à l'impact.  Après le choc, arrêt complet de l'auto et donc de la moto sur la 3e file de l'A6, je ne sais toujours pas comment on a évité le sur-accident, une circulation éparse peut-être...","NRP","0","","","Une réaction ""passive"" aurait conduit au pire : le fauchage qui aurait expédié la moto sur les glissières. Un évitement n'aurait pas été possible car l'auto occupait déjà la majeure partie de ma voie au moment du choc.","3","1","NSP","","Une fois l'auto engagée dans son dépassement ""canon"", il ne lui était plus possible de revenir sur sa voie, le véhicule dépassé étant toujours à côté...","1","Si l'auto avait respecté le code de la route, soit il me laissait passer car j'étais le mieux placé pour dépasser, soit je l'aurais laissé passer courtoisement, à condition, bien entendu,  de connaître ses intentions à temps (ce fameux cligno...)","2","4","6",NA,NA,"","","",3,NA,2,NA,"1",NA,"Le ralentissement, quoi que je fasse, n'était pas suffisant, le cul du fourgon se rapprochait quand même !","3","3","","","1","1","3","4","1","1","1","2",3,4,4,4,4,5,NA,NA,NA,NA,NA,NA,NA,NA,1,"AUT|approche d'un radar fixe","","","",NA,NA,NA,NA,2,2,NA,2,1,1,1,5,95,0,0,0,"2","","","",NA,NA,"2","1","","",NA,1,NA,NA,NA,NA,NA,NA,NA,NA,NA,NA,2,"3","3",NA,0,110,1,10,2,3,4,7,NA,NA,"",NA,"3","3","3","2","NRP","3","DUCATI","1000","ST3-S","Routière / GT","2","0","1",1,1,1,"1",1,1,1,"1","10000","10","4","1","DUCATI","600","MONSTER","ROADSTER","2","4","2","18JUN1979","6","1","3",2,2,5,0,"NRP","","","",2,0,0,2,0,2,"DUCATI",1200,"DIAVEL","CUSTOM","2","2013","37",2,1,3000,"AUT|container maritime","DUCATI","1000","ST3-S","Routière / GT","2","2007","37",2,1,2000,"AUT|container maritime","","","","","",NA,NA,NA,NA,NA,"","",NA,"","",NA,NA,NA,NA,NA,NA,"","",NA,"","",NA,NA,NA,NA,NA,NA,NA,5000,"3",4,NA,NA,NA,NA,NA,NA,NA,"NRP","NRP","NRP","NRP","2001","NRP","NRP","1997","NRP","","","","Motorcycle"
"434",986,7609,"343",1,0,3,"","",NA,NA,NA,1,4,"2000","","",NA,NA,1,5,"2000","",NA,"",NA,0,3,"","",NA,NA,NA,0,3,"","","","","",0,3,"","","",NA,NA,0,4,"",NA,NA,NA,NA,0,4,"","","",NA,NA,1,4,"2004","","","","",0,3,"","","","","",0,4,"","","","","",0,3,"","",NA,NA,NA,1,4,"1997","","",NA,NA,0,3,"","",NA,NA,NA,0,NA,4,"","","","","","","","","","","","","","","",NA,NA,2,2,40,1,11,"3",2000,"","2000","Vous remontiez une file de véhicules (à larrêt ou au ralenti) par la gauche. Un véhicule de cette file vous a coupé la route en tournant à gauche.","1","","",NA,"",NA,"","Je remonte une file de voiture à l'arrêt , et une voiture décide de faire demi-tour ,malgré la ligne blanche","ben ,question curieuse.. c'est quand la bagnole a fait demi-tour devant moi","NRP","3","0","","","NRP","1","1","2","","NSP","1","La voiture fait demi-tour devant moi ,sur une ligne blanche","2","6","",NA,NA,"","","",1,NA,NA,NA,"2",NA,"NRP","4","3","","","1","1","4","4","1","4","1","1",3,1,4,4,4,10,NA,NA,NA,NA,NA,NA,NA,NA,2,"","","","",NA,NA,NA,NA,2,2,NA,2,1,1,1,0,100,0,0,0,"2","","","",NA,NA,"4","1","","",NA,1,NA,NA,NA,NA,NA,NA,NA,NA,NA,NA,1,"1","1",1,0,20,1,2,3,5,9,NA,NA,NA,"",NA,"4","4","4","4","4","4","MOTO GUZZI","850","850 T5","ROADSTER","2","1","1",1,1,1,"1",1,1,1,"1","NSP","12","4","1","HARLEY-DAVIDSON","1000","SPORTSTER","ROADSTER","2","4","4","14JUL1957","7","1","3",1,2,3,NA,"NRP","","","",1,0,0,3,0,2,"MOTO GUZZI",1000,"CALIFORNIA III","Routière / GT","2","1988","37",1,2,20000,"5","HONDA","125","CB-S","ROADSTER","2","1975","37",4,1,500,"4","","","","","",NA,NA,NA,NA,NA,"","",NA,"","",NA,NA,NA,NA,NA,NA,"","",NA,"","",NA,NA,NA,NA,NA,NA,NA,20500,"2",3,4,NA,NA,NA,NA,NA,NA,"NRP","NRP","NRP","1973","1975","NRP","NRP","1975","NRP","","","","Motorcycle"
"435",374,7611,"151",1,0,3,"","",NA,NA,NA,1,4,"1985","","",NA,NA,0,2,"","",NA,"",NA,0,1,"","",NA,NA,NA,1,5,"1991","","","","",0,2,"","","",NA,NA,1,3,"1970",NA,NA,NA,NA,0,5,"","","",NA,NA,1,5,"2008","","","","",0,3,"","","","","",0,2,"","","","","",0,1,"","",NA,NA,NA,0,4,"","","",NA,NA,1,2,"1971","",NA,NA,NA,1,1,6,"1978","","","","","niort","","","","","je rentrais chez moi en cyclomoteur apres le travail. Un automobiliste ivre arrivant en face s'est déporté à gauche et m'est rentré dedans après avoir heurté une voiture stationnée","","","","",0,5,4,5,37,1,41,"9",2008,"","2008","Vous avez fait une sortie de route, une perte de contrôle ou une glissade sans rien percuter.","3","AUT|""accident"" le plus incroyable","",NA,"",NA,"","sur l'autoroute A 10 entre Niort et Poitiers, un matin vers 8h30. Petite pluie, température d'environ 10 ou 12 degrés. Sur la voie de gauche, doublant un poids lourd roulant à moins de 90 km/h, moi-même roulant à environ 100/105 km/h, peu après avoir dépassé la cabine du camion, en ligne droite, sans freiner ni accélérer, sans changer de direction, j'ai subitement perdu l'adhérence de la roue avant, comme sur une plaque de verglas (je connais ça m'est déjà arrivé) perte d'adhérence dont j'estime la durée entre une demie seconde et une seconde. Lors de la reprise d'adhérence, la moto à guidonnée violement et la chute a été immédiate, suivie d'une longue glissade. La moto couchée sur le coté droit est restée au milieu de la file de gauche, et moi j'ai fini ma glissade entre les rails du milieu de l'autoroute. Bilan: une cheville douloureuse suite a un choc en passant sous le rail de sécurité mais sans blessure, ma vitesse de glissade étant faible à ce moment là. Pour la moto, abrasion de beaucoup de parties ayant frottées sur le bitume (par exemple 3 bons centimétres en moins à l'extrémité droite du guidon) et le top case éclaté. Heureusement ma moto était équipé de proteges carters en tubes métalliques qui ont été rapés mais ont protégé le moteur. Plus bien sur le casque et les vêtements de protection qui m'ont protégé mais qui étaient bon pour la poubelle. Après l'accident j'ai pu rejoindre Poitiers pour mon travail, puis rentre chez moi le soir.","l'élément déclencheur, le seul, c'est le manque d'adhérence de la chaussée mouillée comparable à cet endroit à du verglas. Je pense que c'est à cet endroit qu'avait eu lieu quelques années avant un carambolage ayant fait plusieurs morts (dont un cadre de l'éducation nationale). Cet accident avait été attribué au brouillard et à de la fumée. Il est seulement étonnant qu'il n'y ait pas plus d'accident à cet endroit hyper dangereux quand la chaussée est mouillée. Et ce que je trouve le plus révoltant, c'est que l'enlévement de ce bitume pourri et son remplacement ne couterait sans doute que quelques journées de péage, mais que rien n'est fait au nom du dieu PROFIT des sociétés d'autoroute et de leur actionnaires. Ils devraient tous être jugés et condamnés pour ce crime contre l'humanité à des amendes non pas de quelques dizaines d'euros, mais de quelques centaines de milliards d'euros puisque c'est dans ces nombres que l'on mesure les profit des autoroutes depuis leur privatisation. Mais bien sur ils n'ont rien à craindre dans notre beau pays ""démocratique"" ou les lois ne s'appliquent pas aux riches.","comme décrit dans le déroulement des faits, je n'ai RIEN fait: ni freinage ni accélération ni changement de direction. Le chauffeur routier s'est arrété à mis les warning et a appelé les secours. Les patrouilleurs sont arrivés très vite, ont relevé la moto mise sur la bande d'arrèt d'urgence, puis les gendarmes sont arrivés, à qui j'ai raconté la survenue de l""accident, confirmée par le chauffeur routier qui à vu la moto guidonner et tomber","1","0","","","Comment aurais-je pu changer le revétement pourri où j'ai du poser les roues de ma moto ?","2","1","2","","ce bitume pourri est forcément beaucoup plus dangereux pour les conducteurs de deux roues que pour les 4 roues (ou plus), mais les morts et les autres victimes du carambolage ont bien rencontrés les mêmes ""difficultés"". Et malgré l'omerta des patrouilleurs et des gendarmes j'ai été surpris qu'ils trouvent ""normal"" cette perte d'adhérence","2","aucun usager, surtout pas moi, n'est responsable. Seule la société d'autoroute est 100% responsable","2","3","6",NA,NA,"","","",1,3,NA,NA,"2",NA,"quand il fait une température d'environ 10 degré au-dessus de zéro, on ne s'attend pas du tout à rouler sur une plaque de verglas","4","3","","","2","1","4","4","1","1","1","1",2,4,4,4,4,10,NA,NA,NA,NA,NA,NA,NA,NA,1,"3","","","",NA,NA,NA,NA,2,2,NA,2,1,1,2,0,0,0,100,0,"2","","","",NA,NA,"1","2","","",NA,2,1,7,NA,NA,NA,NA,NA,NA,0,NA,2,"3","2",NA,0,100,1,2,3,4,9,NA,NA,NA,"",NA,"4","4","4","4","4","4","SUZUKI","650","V-STROM","TRAIL / SUPERMOTARD","2","1","1",1,1,1,"1",1,1,1,"1","70000","12","4","1","YAMAHA","600","XTE","TRAIL / SUPERMOTARD","2","4","4","10JAN1955","9","2","3",2,1,1,NA,"NRP","","","",1,0,0,3,0,3,"SUZUKI",650,"V-STROM","TRAIL / SUPERMOTARD","2","2004","25",2,1,10000,"5","SCORPA","175","TY-SF","TOUT TERRAIN (TRIAL / ENDURO / CROSS)","2","2005","25",4,1,100,"7","SUZUKI","200","TSR ""MODIFIEE TT""","TOUT TERRAIN (TRIAL / ENDURO / CROSS)","2",1991,25,4,1,100,"7","",NA,"","",NA,NA,NA,NA,NA,NA,"","",NA,"","",NA,NA,NA,NA,NA,NA,NA,10200,"3",4,NA,NA,NA,NA,NA,NA,NA,"NRP","NRP","NRP","NRP","1971","NRP","NRP","1995","NRP","","","","Motorcycle"
"436",706,7613,"239",1,1,4,"2014","",NA,NA,NA,0,2,"","","",NA,NA,0,5,"","",NA,"",NA,0,4,"","",NA,NA,NA,0,5,"","","","","",0,5,"","","",NA,NA,0,2,"",NA,NA,NA,NA,0,2,"","","",NA,NA,1,3,"2004","","","","",2,6,"NSP","2014","","","",0,5,"","","","","",0,4,"","",NA,NA,NA,0,4,"","","",NA,NA,4,5,"2004","NSP",2014,2014,NA,0,NA,8,"","","","","","","","","","","","","","","",NA,NA,3,0,31,1,41,"9",2004,"","2004","Vous avez fait une sortie de route, une perte de contrôle ou une glissade sans rien percuter.","4","","",NA,"",NA,"","C'était une remonté de file en ville, le temps était pluvieux. Un car tourne dans une rue a droite et son porte-a-faux bloque ma remonté de file. Je touche les frein sur un passage pieton et je perd l'avant. Résultat 5 fracture au poignet","la pluie et un passage pieton","NRP","3","1","Faire plus attention au passage pietons,cela m'aurait evite la chute.","c'est une route que je prend tous les jours et on fait moins attention avec l'habitude","","2","0","","","","","","3","6","",NA,NA,"","","",NA,1,NA,NA,"2",NA,"sur le moment je n'ai pas compris pourquoi je perdais l'avant","3","3","","","2","3","4","3","2","1","1","1",3,1,4,4,4,4,5,NA,NA,NA,NA,NA,NA,NA,1,"1","","","",NA,NA,NA,NA,2,2,NA,2,1,1,2,40,0,0,40,20,"2","","","",NA,NA,"4","2","","",NA,2,1,4,NA,NA,NA,NA,NA,NA,1,1,1,"1","1",1,0,35,1,10,2,3,4,7,NA,NA,"",NA,"4","4","4","4","4","2","HONDA","750","CB-SEVEN FIFTY","ROADSTER","2","1","1",1,1,1,"1",1,1,1,"1","95000","12","3","1","YAMAHA","600","XT","TRAIL / SUPERMOTARD","null","4","3","17JUN1966","8","1","3",2,4,4,2,"NRP","","","",1,0,0,1,0,1,"YAMAHA",600,"R6 (YZF-R6)","SPORTIVE","2","2005","37",1,2,17000,"7","","","","","","","",NA,NA,NA,"","","","","","",NA,NA,NA,NA,NA,"","",NA,"","",NA,NA,NA,NA,NA,NA,"","",NA,"","",NA,NA,NA,NA,NA,NA,NA,17000,"9",NA,NA,NA,NA,NA,NA,NA,NA,"NRP","NRP","NRP","NRP","NRP","NRP","1993","NRP","NRP","","","","Motorcycle"
"437",101,7615,"434",1,0,4,"","",NA,NA,NA,1,6,"2005","","",NA,NA,0,5,"","",NA,"",NA,0,3,"","",NA,NA,NA,0,6,"","","","","",0,6,"","","",NA,NA,0,1,"",NA,NA,NA,NA,0,1,"","","",NA,NA,0,1,"","","","","",0,6,"","","","","",0,6,"","","","","",0,2,"","",NA,NA,NA,0,3,"","","",NA,NA,1,6,"2005","",NA,NA,NA,0,NA,2,"","","","","","","","","","","","","","","",NA,NA,33,1,32,1,6,"2",2005,"","2005","Vous circuliez derrière un véhicule. Ce véhicule a ralenti. Vous avez entrepris de dépasser ce véhicule par la gauche et celui-ci vous a coupé la route en tournant à gauche (ou en effectuant un œ tour","1","4","",NA,"",NA,"","- arrivée sur un rond point dans Montpellier au retour d'un salon immobilier donc moins concentré sur la route. Je m'engage sur le rond-point à environ 35/40km/h le rapport de police l'a prouvé. Une automobile sur l'extrême droite circule à faible allure,","1/ Le non signalement par le clignotant de l'automobiliste, il faut toujours deviner où ils vont ces connards ! 2/ Mon manque d'attention durant cette manoeuvre, là le connard; c'est moi  :(","Action de l'automobiliste : néant Mon action : néant puisque je souffrais d'un explosement du molet et d'une cassure du pied, mon épouse à appelé les secours.","AUT|mauvaise anticipation de ma part","1","Si mon attention avait comme d'habitude j'aurais anticipé ce changement de direction non signalé de l'automobiliste.","Trop concentré sur autre chose que mon déplacement !","","3","0","","","","","","6","","",NA,NA,"","","",NA,NA,NA,NA,"1",NA,"J'étais bloqué d'une part par la voiture sur ma droite dont le conducteur n'a eu aucun réflexe et sur ma gauche par ces putains de bordures énormes du rond-point. Si le rond-point avait été lisse, comme c'est parfois le cas j'aurais pu réagir différemment et me rabattre sur la gauche.","3","3","","","1","4","3","3","1","1","1","1",3,4,4,4,4,4,NA,NA,NA,NA,NA,NA,NA,NA,1,"AUT|Bordure de rond-point ENOOOOOORME !","","","",NA,NA,NA,NA,2,2,NA,2,1,1,1,10,90,0,0,0,"2","","","",NA,NA,"1","1","","",NA,2,1,7,NA,NA,NA,NA,NA,NA,1,0,2,"1","3",NA,1,35,1,10,2,4,7,NA,NA,NA,"",NA,"4","4","4","4","4","4","BMW","650","F650GS","TRAIL / SUPERMOTARD","2","1","1",1,1,1,"1",0,1,1,"1","NSP","12","4","0","","","","","","","","03JUN1964","9","1","3",2,3,4,1,"NRP","","","",2,0,0,2,0,2,"OURAL - URAL",750,"ALLEZ A ""URAL"" OU ""IRBIT MOTO","SIDE-CAR / TRIKE","2","2004","37",2,2,8000,"7","KAWASAKI","400","Z400F","ROADSTER","2","1983","41",4,1,0,"7","","","","","",NA,NA,NA,NA,NA,"","",NA,"","",NA,NA,NA,NA,NA,NA,"","",NA,"","",NA,NA,NA,NA,NA,NA,NA,8000,"4",9,NA,NA,NA,NA,NA,NA,NA,"NRP","NRP","NRP","NRP","NRP","NRP","1982","1982","NRP","","","","Motorcycle"