"","Ligne","Ligne.Q.qualif","Ligne.approfondissement.Accident","ACCIDENT","NBACC1","ACCFREQUENCE1","ANNEEACC1_1","ANNEEACC1_2","ANNEEACC1_3","ANNEEACC1_4","ANNEEACC1_5","NBACC2","ACCFREQUENCE2","ANNEEACC2_1","ANNEEACC2_2","ANNEEACC2_3","ANNEEACC2_4","ANNEEACC2_5","NBACC3","ACCFREQUENCE3","ANNEEACC3_1","ANNEEACC3_2","ANNEEACC3_3","ANNEEACC3_4","ANNEEACC3_5","NBACC4","ACCFREQUENCE4","ANNEEACC4_1","ANNEEACC4_2","ANNEEACC4_3","ANNEEACC4_4","ANNEEACC4_5","NBACC5","ACCFREQUENCE5","ANNEEACC5_1","ANNEEACC5_2","ANNEEACC5_3","ANNEEACC5_4","ANNEEACC5_5","NBACC6","ACCFREQUENCE6","ANNEEACC6_1","ANNEEACC6_2","ANNEEACC6_3","ANNEEACC6_4","ANNEEACC6_5","NBACC7","ACCFREQUENCE7","ANNEEACC7_1","ANNEEACC7_2","ANNEEACC7_3","ANNEEACC7_4","ANNEEACC7_5","NBACC8","ACCFREQUENCE8","ANNEEACC8_1","ANNEEACC8_2","ANNEEACC8_3","ANNEEACC8_4","ANNEEACC8_5","NBACC9","ACCFREQUENCE9","ANNEEACC9_1","ANNEEACC9_2","ANNEEACC9_3","ANNEEACC9_4","ANNEEACC9_5","NBACC10","ACCFREQUENCE10","ANNEEACC10_1","ANNEEACC10_2","ANNEEACC10_3","ANNEEACC10_4","ANNEEACC10_5","NBACC11","ACCFREQUENCE11","ANNEEACC11_1","ANNEEACC11_2","ANNEEACC11_3","ANNEEACC11_4","ANNEEACC11_5","NBACC12","ACCFREQUENCE12","ANNEEACC12_1","ANNEEACC12_2","ANNEEACC12_3","ANNEEACC12_4","ANNEEACC12_5","NBACC13","ACCFREQUENCE13","ANNEEACC13_1","ANNEEACC13_2","ANNEEACC13_3","ANNEEACC13_4","ANNEEACC13_5","NBACC14","ACCFREQUENCE14","ANNEEACC14_1","ANNEEACC14_2","ANNEEACC14_3","ANNEEACC14_4","ANNEEACC14_5","AUTRESACC","NBAUTRESACC","TOTAL_AC","ANNEEAUTREACC1","ANNEEAUTREACC2","ANNEEAUTREACC3","ANNEEAUTREACC4","ANNEEAUTREACC5","LIEUAUTREACC1","LIEUAUTREACC2","LIEUAUTREACC3","LIEUAUTREACC4","LIEUAUTREACC5","DESCRIPTIONAUTRESACC1","DESCRIPTIONAUTRESACC2","DESCRIPTIONAUTRESACC3","DESCRIPTIONAUTRESACC4","DESCRIPTIONAUTRESACC5","NBAUTRESACCCIRCUIT","NBAUTRESTOUTTERRAIN","EXPCYCLO","EXP125","EXPSUP125","ACCORDNEXTQ","CHOIXACC","RGPMTACC","RECUPANNEE","RECUPLIEU","RECUPANNE","RGPMTAC","CHOIX1","CHOIX2","CHOIX3","CHOIX4","CHOIX5","CHOIX6","CHOIX7","DESCRIPTION","RUPTURE","FAITS","ABS_REACTION","AUTRE_REACTION","PRECISIONREACTIONOUI","RECUL","PRECISIONREACTIONNON","IMPACTCOMPORTEMENT","AUTREUSAGER","REACTIONAUTREUSAGER","CONNAISSANCEREACTIONUSAGER","DIFFICULTES","AGGRAVATION","DIFFICULTES2","EMOTIONS1","EMOTIONS2","EMOTIONS3","EMOTIONS4","EMOTIONS5","EMOTIONS6","AUTRESENTIMENT","CLASSEMENTEMOTIONS1","CLASSEMENTEMOTIONS","CLASSEMENTEMOTIONS5","CLASSEMENTEMOTIONS6","CLASSEMENTEMOTIONS7","CLASSEMENTEMOTIONS8","CLASSEMENTEMOTIONS9","EXPLICATIONRESSENTI","BIENEQUIPE","ALLURE","ALLUREVITEDETAIL","ALLURELENTEDETAIL","SITUATIONPRESSE","SITUATIONDISTRAIT","SITUATIONCONFIANT","SITUATIONCONTROLE","SITUATIONLUDIQUE","SITUATIONPERF","SITUATIONSTRESS","SITUATIONFATIGUE","HUMEURNEUTRE","HUMEURGAI","HUMEURMECONTENT","HUMEURTRISTE","HUMEURCOLERE","CONTRIBUTION1","CONTRIBUTION2","CONTRIBUTION3","CONTRIBUTION4","CONTRIBUTION5","CONTRIBUTION6","CONTRIBUTION7","CONTRIBUTION8","CONTRIBUTION9","ROLEINFRA","ELEMENTINFRA1","ELEMENTINFRA2","ELEMENTINFRA3","ELEMENTINFRA4","ELEMENTINFRA5","ELEMENTINFRA6","ELEMENTINFRA7","ELEMENTINFRA8","ELEMENTINFRA9","ALCOOL","TXALCOOL","STUP","SEMAINE","MOMENTJOURNEE","TEMPS","CAUSEACC1","CAUSEACC2","CAUSEACC3","CAUSEACC4","CAUSEACC5","FORMATIONCAUSE","FORMATION1","FORMATION2","FORMATION3","FORMATION4","FORMATION5","TRAFIC","CHAUSSEE1","CHAUSSEE2","CHAUSSEE3","CHAUSSEE4","TYPEACC","BLESSURE","TETE","COU","THORAX","MEMBRESSUP","COLONNE","BASSIN","MEMBRESINF","HOPITAL","PLUS24H","TRAJET","TYPEROUTE","MOTIF","SENSTRAJET","PASSAGER","VITESSE","DESCEQ1","DESCEQ2","DESCEQ3","DESCEQ4","DESCEQ5","DESCEQ6","DESCEQ7","DESCEQ8","DESCEQ9","DESCEQ10","VEHICULEETE","VEHICULEAUTOMNE","VEHICULEPRINTEMPS","VEHICULEHIVER","VEHICULESEMAINE","VEHICULEWE","VEHMARQUE","VEHCYLINDREE","VEHMODELE","VEHSEGMENT","VEHSIDE","EQ2RMABS","EQ2RMCBS","EQ2RMABSCBS","EQ2RMREGULATEUR","EQ2RMLIMITEUR","EQ2RMPHARESDIRECT","EQ2RMCOUPURE","EQ2RMANTIPATINAGE","EQ2RMANTIXHEELING","EQ2RMSTABILILTE","VEHKM","POINTS","DUREE","AUTRE2RM","VEHPRECMARQUE","VEHPRECCYLINDREE","VEHPRECMODELE","VEHPRECSEGMENT","VEHPRECSIDE","TEMPS2RMPREC","FREQVEHPREC","DATE_NAISS","CSP","SOCIETAIRE","SALARIE","SECTEUR2RM","NBPERSFOYER","SITFAM","NBENF","TRNBENF1","TRNBENF2","TRNBENF3","TRNBENF4","NBAUTOFOYER","NBCYCLOFOYER","NBSCOOTFOYER","NBMOTOFOYER","NBTRIKEFOYER","NB2RMCONDUIT","MARQUE1","CYLINDREE1","MODELE1","SEGMENT1","SIDE1","ANMISECIRCU1","ASS1","FREQ1","USAGE1","NBKM1","GARAGE1","MARQUE2","CYLINDREE2","MODELE2","SEGMENT2","SIDE2","ANMISECIRCU2","ASS2","FREQ2","USAGE2","NBKM2","GARAGE2","MARQUE3","CYLINDREE3","MODELE3","SEGMENT3","SIDE3","ANMISECIRCU3","ASS3","FREQ3","USAGE3","NBKM3","GARAGE3","MARQUE4","CYLINDREE4","MODELE4","SEGMENT4","SIDE4","ANMISECIRCU4","ASS4","FREQ4","USAGE4","NBKM4","GARAGE4","MARQUE5","CYLINDREE5","MODELE5","SEGMENT5","SIDE5","ANMISECIRCU5","ASS5","FREQ5","USAGE5","NBKM5","GARAGE5","NBKMTOT","PERMIS1","PERMIS2","PERMIS3","PERMIS4","PERMIS5","PERMIS6","PERMIS7","PERMIS8","PERMIS9","ANPERMIS1","ANPERMIS6","ANPERMIS7","ANPERMIS2","ANPERMIS3","ANPERMIS8","ANPERMIS9","ANPERMIS4","ANPERMIS5","X","X.1","X.2","isScooter"
"438",1122,7652,"86",1,0,4,"","",NA,NA,NA,0,4,"","","",NA,NA,0,3,"","",NA,"",NA,1,6,"1990","",NA,NA,NA,0,3,"","","","","",0,3,"","","",NA,NA,0,2,"",NA,NA,NA,NA,0,1,"","","",NA,NA,0,2,"","","","","",0,4,"","","","","",0,4,"","","","","",0,2,"","",NA,NA,NA,1,4,"2008","","",NA,NA,0,2,"","",NA,NA,NA,0,NA,2,"","","","","","","","","","","","","","","",NA,NA,2,2,25,1,61,"13",2008,"","2008","Vous circuliez derrière un véhicule. Ce véhicule a freiné ou a ralenti et vous lavez percuté par larrière.","4","5","",NA,"",NA,"","Accident sur l'autoroute  A15 par temps de pluie très fort ralentissement subit je n'ai pas pu eviter le véhicule devant moi et ai chuté à environ 100 KM/H heureusement dans la glissage les voitures derrières ont pu s'arreter j'ai été blessé sur la cuisse droite par frottement car mon pontalon était un simple velour pour le reste du corps pas de blessure car veste et gants avec toutes les protections","temps de pluie , chaussée glissante, manque d'attention car fin de journée fatiguante et freinage violent comme cela arrive sur autoroute avec circulation en accordéon","j'ai freiné mais je pense pas assez fort alors que ma moto possède l ABS j'ai fais un évitement qui n'a pas été suffisant et ai heurté le véhicule devant avec un faible dommage pour lui seulement le feu arrière droit et clignotant  Ce vehicule s'est arête et m'a aide à reprendre mes esprits et relever la moto qui a pu repartir car elle possede des arceaux de protection (GOLDWING)","NRP","1","plus d'expérience sur les freinages violents  je pense qu'une formation pour apprendre à freiner très fort en situations difficiles serait à creuser !","je n'ai pas eu d'accident depuis de nombreuses années et ai du perdre un peu mon attention sur les risques","","2","1","NSP","","NSP","2","NRP","1","6","",NA,NA,"","","1",NA,NA,NA,NA,"2",NA,"peur de me faire mal et d'être écrasé par une voiture","3","3","","","1","4","3","3","NSP","1","1","4",1,4,4,4,4,4,NA,NA,NA,NA,NA,NA,NA,NA,2,"","","","",NA,NA,NA,NA,2,2,NA,2,1,1,2,70,0,0,0,30,"1","1","","",NA,NA,"3","2","","",NA,2,1,7,NA,NA,NA,NA,NA,NA,0,NA,1,"3","1",2,0,100,1,10,2,4,7,NA,NA,NA,"",NA,"4","4","4","4","4","4","HONDA","1800","GOLD WING AIRBAG","Routière / GT","2","0","1",2,0,1,"1",2,2,2,"2","20000","12","4","1","BMW","1200","R1200RT PACK","Routière / GT","null","4","4","26DEC1956","5","1","3",2,4,4,2,"NRP","","","",3,0,1,3,0,4,"HARLEY-DAVIDSON",1690,"ROAD KING CLASSIC","Routière / GT","2","2011","33",3,1,9000,"7","HONDA","600","SILVER WING ABS","SCOOTER","2","2010","37",2,2,10000,"7","HONDA","700","TRANSALP C-ABS","TRAIL / SUPERMOTARD","2",2011,33,4,1,3000,"7","HONDA",125,"VT SHADOW","CUSTOM",2,2001,37,4,1,3000,"7","",NA,"","",NA,NA,NA,NA,NA,NA,NA,25000,"3",4,NA,NA,NA,NA,NA,NA,NA,"NRP","NRP","NRP","NRP","1975","NRP","NRP","1975","NRP","","","","Motorcycle"
"439",330,7672,"323",1,0,5,"","",NA,NA,NA,0,6,"","","",NA,NA,0,5,"","",NA,"",NA,0,4,"","",NA,NA,NA,0,5,"","","","","",0,5,"","","",NA,NA,0,4,"",NA,NA,NA,NA,0,5,"","","",NA,NA,1,5,"2001","","","","",0,4,"","","","","",0,5,"","","","","",0,4,"","",NA,NA,NA,0,4,"","","",NA,NA,0,5,"","",NA,NA,NA,0,NA,1,"","","","","","","","","","","","","","","",NA,NA,0,0,12,1,41,"9",2001,"","2001","Vous avez fait une sortie de route, une perte de contrôle ou une glissade sans rien percuter.","2","","",NA,"",NA,"","c'etait un matin d'automne, la chaussée était humide et il y avait quelques feuilles mortes sur la route. Au milieu d'un virage les pneus se sont dérobés, et me voila parterre....","mon inexpérience, ma mauvaise analyse du grip","quand j'ai senti partir la moto, j'ai tout lacher et je sais pas comment je me suis retrouver sur le dos à glisser. Mon casque n'a pas touché le sol, il était intacte.","2","1","avec l'expérience, j'aurais mieux analysé l'adhérence, la vitesse , l'entrée en courbe....","jeune et insouscient","","2","0","","","","","","1","2","3",6,NA,"","","",3,1,NA,NA,"2",NA,"comment ca arrive....","4","1","1","","2","1","2","2","3","1","1","2",3,1,4,4,4,1,4,5,7,NA,NA,NA,NA,NA,1,"3","5","","",NA,NA,NA,NA,2,2,NA,2,2,3,2,50,0,0,25,25,"NSP","","","",NA,NA,"1","2","6","7",NA,1,NA,NA,NA,NA,NA,NA,NA,NA,NA,NA,2,"2","3",NA,0,80,1,2,3,4,9,NA,NA,NA,"",NA,"3","2","2","1","1","4","SUZUKI","650","SV-S","SPORTIVE","2","1","1",1,1,1,"1",1,1,1,"1","20000","12","2","0","","","","","","","","10MAR1979","8","1","3",2,3,4,1,"NRP","","","",2,1,0,1,0,1,"TRIUMPH",800,"TIGER","ROADSTER","2","2012","37",3,1,5000,"7","","","","","","","",NA,NA,NA,"","","","","","",NA,NA,NA,NA,NA,"","",NA,"","",NA,NA,NA,NA,NA,NA,"","",NA,"","",NA,NA,NA,NA,NA,NA,NA,5000,"2",3,4,7,NA,NA,NA,NA,NA,"NRP","NRP","1997","1997","2002","NRP","NRP","1997","NRP","","","","Motorcycle"
"440",1103,7692,"200",1,0,5,"","",NA,NA,NA,0,5,"","","",NA,NA,0,3,"","",NA,"",NA,0,4,"","",NA,NA,NA,0,4,"","","","","",1,6,"2002","","",NA,NA,1,3,"1985",NA,NA,NA,NA,0,3,"","","",NA,NA,0,3,"","","","","",0,4,"","","","","",0,2,"","","","","",0,2,"","",NA,NA,NA,0,2,"","","",NA,NA,0,4,"","",NA,NA,NA,1,1,3,"1980","","","","","decines (69)","","","","","voiture m'a percuté face à face","","","","",0,0,1,2,34,1,31,"7",1985,"","1985","Vous avez fait une sortie de route, une perte de contrôle ou une glissade puis avez percuté un véhicule arrivant en sens inverse.","4","6","",NA,"",NA,"","Les circonstances de cet accident sont:  le 31/07/1980 aux alentours de 22h30 je circulais sur ma 125 Honda sur une ligne droite,avec mon feu allumé,et une voiture est arrivé en face de moi et a foncé sur moi déliberement,j'ai reussi à l'eviter partiellement et j'ai percuté son aile gauche. Cela m'a désequilibré et ma moto c'est couché et a glissé sur plus de 25 metres. J'ai su plus tard que la voiture avait été volé,et on a jamais retrouvé le ou les responsables  Mon pieds (ma jambe est resté coincé sous la moto pendant la glissade)a été arraché (coupé en 2) par le selecteur (je n'avais pas de bottes malheureusement) et j'ai eu une double fracture ouverte tibia peroné.  Je suis resté 5 mois à l'hopital,j'ai été operé 8 fois,je n'ai pas été amputé (une chance et un chirurgien extraordinaire) J'ai des sequelles très importante,mais je fais toujours de la moto et il y a plus malheureux que moi.  La moralité de cet accident,et que hormis les faits,si j'avais été mieux équipé,je pense que j'aurais eu moins de problemes physiques. Dorenavant,meme quand je vais chercher le pain en Moto je m'equipe de la tete aux pieds car on ne sais jamais","c'est l'element de surprise qui a fait que l'accident été inevitable,car j'ai considéré cet accident comme une agression,et je n'y étais pas préparé","comme c'etait un quartier pas très frequentable,la 1ere voiture qui est passé à coté de moi,a regardé et ensuite est parti(courage fuyons) Après c'est une dame qui habitait à proxilité qui est venu me secourir et a appelé les pompiers et la gendarmerie","NRP","0","","","on est pas preparé à une agression","2","1","2","","NSP","1","NRP","2","3","6",NA,NA,"","","",1,2,NA,NA,"3",NA,"j'ai été surpris que l'autre vehicule soit sur la meme voie que moi","1","3","","","1","1","4","4","1","1","1","1",3,4,4,4,4,10,NA,NA,NA,NA,NA,NA,NA,NA,2,"","","","",NA,NA,NA,NA,2,2,NA,2,1,2,1,0,100,0,0,0,"2","","","",NA,NA,"1","1","","",NA,2,1,7,NA,NA,NA,NA,NA,NA,1,1,2,"2","3",NA,0,60,1,2,5,NA,NA,NA,NA,NA,"",NA,"4","4","4","4","NRP","NRP","HONDA","125","XL-S","TRAIL / SUPERMOTARD","2","1","1",1,1,1,"1",1,1,1,"1","15000","12","3","1","PEUGEOT","50","SX5 TRAIL","TRAIL / SUPERMOTARD","2","4","4","01MAY1962","2","2","3",2,2,3,NA,"NRP","","","",1,0,0,4,0,4,"BMW",800,"F800S","Routière / GT","2","2006","24",3,1,5000,"7","DUCATI","900","MONSTER","ROADSTER","2","1999","24",3,1,3500,"7","BMW","600","R60","ROADSTER","2",1970,41,4,1,1000,"7","YAMAHA",1200,"FJ","Routière / GT",1,1986,24,3,1,5000,"7","",NA,"","",NA,NA,NA,NA,NA,NA,NA,14500,"2",4,9,NA,NA,NA,NA,NA,NA,"NRP","NRP","NRP","1979","NRP","NRP","1981","1981","NRP","","","","Motorcycle"
"441",695,7695,"209",1,0,3,"","",NA,NA,NA,0,3,"","","",NA,NA,0,3,"","",NA,"",NA,0,4,"","",NA,NA,NA,1,3,"1970","","","","",0,3,"","","",NA,NA,0,3,"",NA,NA,NA,NA,0,3,"","","",NA,NA,0,3,"","","","","",0,3,"","","","","",0,4,"","","","","",0,3,"","",NA,NA,NA,0,3,"","","",NA,NA,0,3,"","",NA,NA,NA,1,1,2,"2011","","","","","Marmande","","","","","Sur un rond-point Circulation au pas. Freinage d'urgence de toute la file. Le vehicule qui me suit heurte tres legerement mon vehicule ce qui me desequilibre, la moto se couche cote gauche. je ne peux pas la retenir. Carenage légerement endomagé. Aducteurs gauche douloureux. Pas de constat. Arrangement amiable a la demande du conducteur adverse.","","","","",0,0,2,9,34,1,21,"5",1970,"","1970","Vous circuliez sur un axe prioritaire. Un véhicule venant dun axe non prioritaire vous a coupé la route.","1","2","",NA,"",NA,"","circulant sur un Lambretta 125, agé de 17 ans, un véhicule n'a pas respecté le stop et m'a coupé la route sur ma droite.  J'ai percuté l'avant gauche de la voiture. L'accident a eu lieu en pleine ville sur un carrefour assez spacieux. Il n'y avait aucune trace de freinage de ma part. Je roulais entre 60 et 70 km/h. Vitesse limitée à 60 à l'époque.","Je vois la voiture arretée au stop. Je ne ralentis pas.  La voiture démarre à 10 metres devant moi.","Il me semble.. Tentative de freinage. Déjà dans l'aile gauche du véhicule adverse. Choc violent.La voiture s'immobilise en même que je la percute. Pour moi vol plané par dessus la voiture.","2","0","","","Trop près du stop au moment de la faute de l'automobiliste.","3","1","2","","ne m'a pas vu arriver.","2","une fois l'accident arrivé, aucune action n'a aggravé la situation.","2","6","",NA,NA,"","","",1,NA,NA,NA,"2",NA,"Sensation extrèmement rapide. Certains que l'automobiliste m'avait vu arrivé.","3","1","3","","1","1","3","3","2","1","1","1",1,4,4,4,4,1,5,NA,NA,NA,NA,NA,NA,NA,2,"","","","",NA,NA,NA,NA,2,2,NA,2,1,1,1,30,70,0,0,0,"2","","","",NA,NA,"1","1","","",NA,2,1,4,NA,NA,NA,NA,NA,NA,0,NA,2,"1","3",NA,0,65,1,2,NA,NA,NA,NA,NA,NA,"",NA,"4","4","4","4","4","4","LAMBRETTA","125","LAMB","SCOOTER","2","1","1",1,1,1,"1",1,1,1,"1","5000","12","2","1","MOTOBECANE","50","40NT","ROADSTER","2","3","4","18NOV1953","9","1","3",2,2,3,NA,"NRP","","","",3,0,0,1,0,1,"YAMAHA",900,"XJS DIVERSION GT","Routière / GT","2","2001","37",1,1,16000,"6","","","","","","","",NA,NA,NA,"","","","","","",NA,NA,NA,NA,NA,"","",NA,"","",NA,NA,NA,NA,NA,NA,"","",NA,"","",NA,NA,NA,NA,NA,NA,NA,16000,"3",4,NA,NA,NA,NA,NA,NA,NA,"NRP","NRP","NRP","NRP","1980","NRP","NRP","1972","NRP","","","","Motorcycle"
"442",424,7701,"168",1,0,4,"","",NA,NA,NA,0,2,"","","",NA,NA,1,5,"2012","",NA,"",NA,0,2,"","",NA,NA,NA,0,4,"","","","","",0,3,"","","",NA,NA,0,3,"",NA,NA,NA,NA,0,4,"","","",NA,NA,3,5,"2005","2008","2011","","",0,3,"","","","","",0,2,"","","","","",0,2,"","",NA,NA,NA,0,2,"","","",NA,NA,1,4,"2009","",NA,NA,NA,1,1,6,"2006","","","","","sceaux","","","","","Separation de chaussee surelevee ayant entraine un desequilibre","","","","",0,0,0,18,0,1,71,"15",2006,"sceaux","2006","Autre(s) type(s) d'accident(s).","AUT|démonstratif du manque de prise en compte des 2 roues","","",NA,"",NA,"","description: rue de fontenay à sceaux. rue à double sens.  8h30 du matin en semaine arrivée sur un croisement : bouchon dû à un camion bloqué à une entrée de rue et empiétant sur le carrfour nécessité de sortir de sa voie pour pouvoir circuler.  à cette rue, la ville de sceaux a installée une séparation des 2 voies sous forme de pavé.  Cette séparation est certes esthétique, mais n'étant pas plane, elle présente une bosse qui entraîne une perte d'équilibre.  pas de souci pour les voitures, bus et camion,  mais en 2 roues ce danger est réel et signe d'une non prise en compte du 2 roues en ville.  En suivant les voitures, pas vraiment vu la hauteur de la bosse, et une fois arrivée sur perte d'équilibre et chute.  Heureusement, cela s'est passé faible allure et les véhicules suivants ont largement eu le temps de s'arrêter.  côté moto : guidon tordu, poignée cassé, clignotant à changer, et pantalon de moto HS.","suivi de la circulation en ville,  non visibilité du danger qui a fait basculer la moto.","après la chute, immédiatement regardé pour dégager au cas ou un véhicule arrive puis soulevé la moto pour la mettre en dehors de la rue.  personne ne s'est arrêté.  quelques klaxons pour mécontentement du retard provoqué....","NRP","0","","","c'est le point qui me gêne : je ne vois pas ce que j'aurais pu faire de plus... ne pas suivre les véhicules de devant et attendre le dégagement du camion ? : quasi impossible sans se faire insulter prendre du recul par rapport au véhicule de devant ? : on était à 10-20km/h et large en terme de distance de sécurité pur pour un freinage prendre la bosse à 90° ? : impossible car véhicule arrivait d'en face avoir une meilleure maitrise de la moto ? : c'est déjà une 125 taille basse avec mes pieds qui touchent par terre.","3","0","","","","","","2","6","9",NA,NA,"","énervement lorsque j'ai senti que la moto basculait à gauche alors que je voulais aller à droite....","",3,NA,NA,NA,"2",1,"n'allant pas vite, j'ai tout de suite compris que la situation n'était pas récupérable sans chute.  énervement car après j'ai réalisé que cette arrangement de voirie (bosse de pavé entre les 2 voies de circulation) était surtout d'ordre esthétique là où des pavés posé à plat ferait largement l'affaire.  sentiment fort que les personnes qui ont prévu ces pavés n'ont pas de près ou de loin des contact avec les 2 roues.  Ausi, cela m'est arrivé en moto, mais en vélo le résultat aurait été identique.","3","3","","","1","2","4","4","1","1","1","1",1,4,4,4,4,10,NA,NA,NA,NA,NA,NA,NA,NA,1,"3","","","",NA,NA,NA,NA,2,2,NA,2,1,1,1,10,0,0,90,0,"2","","","",NA,NA,"3","1","AUT|mal conçu","",NA,1,NA,NA,NA,NA,NA,NA,NA,NA,NA,NA,2,"1","1",1,0,15,1,10,2,4,7,NA,NA,NA,"",NA,"4","4","4","4","4","4","YAMAHA","125","SR","CUSTOM","2","1","1",1,1,1,"1",1,1,1,"1","80000","12","4","0","","","","","","","","29NOV1970","5","1","3",2,5,4,3,"NRP","","","",2,0,0,1,0,1,"YAMAHA",125,"SR","CUSTOM","2","1998","37",1,2,15000,"7","","","","","","","",NA,NA,NA,"","","","","","",NA,NA,NA,NA,NA,"","",NA,"","",NA,NA,NA,NA,NA,NA,"","",NA,"","",NA,NA,NA,NA,NA,NA,NA,15000,"4",NA,NA,NA,NA,NA,NA,NA,NA,"NRP","NRP","NRP","NRP","NRP","NRP","NRP","1988","NRP","","","","Motorcycle"
"443",229,7702,"143",1,0,5,"","",NA,NA,NA,0,6,"","","",NA,NA,0,4,"","",NA,"",NA,0,4,"","",NA,NA,NA,1,6,"1996","","","","",0,6,"","","",NA,NA,0,4,"",NA,NA,NA,NA,0,6,"","","",NA,NA,0,5,"","","","","",0,2,"","","","","",0,5,"","","","","",0,1,"","",NA,NA,NA,0,3,"","","",NA,NA,0,2,"","",NA,NA,NA,0,NA,1,"","","","","","","","","","","","","","","",NA,NA,32,2,30,1,21,"5",1996,"","1996","Vous circuliez sur un axe prioritaire. Un véhicule venant dun axe non prioritaire vous a coupé la route.","1","","",NA,"",NA,"","NRP","la debilite d'un chaufar","pour moi de meliberet de la moto pour lui il ne mavais pas vu","1","0","","","aucun chance et pas le temps deviter","2","1","2","","NSP","1","il na pas regarder de mon cote","3","6","",NA,NA,"","","",NA,2,NA,NA,"1",NA,"?","4","3","","","2","1","4","4","3","1","1","1",1,3,4,4,4,10,NA,NA,NA,NA,NA,NA,NA,NA,2,"","","","",NA,NA,NA,NA,2,2,NA,2,1,1,1,0,100,0,0,0,"2","","","",NA,NA,"1","1","","",NA,1,NA,NA,NA,NA,NA,NA,NA,NA,NA,NA,1,"2","3",NA,0,100,1,2,3,4,7,9,NA,NA,"",NA,"4","3","3","2","4","4","SUZUKI","1100","GS1100G","ROADSTER","2","1","1",1,1,1,"1",1,1,1,"0","35000","12","4","1","KAWASAKI","900","GPZ-R NINJA","Routière / GT","2","4","4","01APR1966","7","2","3",2,2,3,NA,"NRP","","","",2,0,0,2,0,2,"SUZUKI",1300,"GSX-R ""HAYABUSA""","Routière / GT","2","2001","37",3,1,10000,"7","HONDA","1000","VARADERO IE ABS","TRAIL / SUPERMOTARD","2","2003","37",2,2,20000,"7","","","","","",NA,NA,NA,NA,NA,"","",NA,"","",NA,NA,NA,NA,NA,NA,"","",NA,"","",NA,NA,NA,NA,NA,NA,NA,30000,"3",4,8,9,NA,NA,NA,NA,NA,"NRP","NRP","NRP","NRP","1984","1984","1984","1984","NRP","","","","Motorcycle"
"444",149,7722,"113",1,0,3,"","",NA,NA,NA,0,4,"","","",NA,NA,0,5,"","",NA,"",NA,0,2,"","",NA,NA,NA,0,2,"","","","","",0,3,"","","",NA,NA,0,2,"",NA,NA,NA,NA,0,4,"","","",NA,NA,1,5,"2014","","","","",0,4,"","","","","",0,5,"","","","","",0,1,"","",NA,NA,NA,0,4,"","","",NA,NA,0,2,"","",NA,NA,NA,0,NA,1,"","","","","","","","","","","","","","","",NA,NA,0,0,2,1,41,"9",2014,"","2014","Vous avez fait une sortie de route, une perte de contrôle ou une glissade sans rien percuter.","1","","",NA,"",NA,"","Fin d'après-midi, premières gouttes de pluie qui tombent. En sortant d'un rond point, passage sur une partie de la route très lisse (sans gravier, juste du bitume), accélération trop tôt sur l'angle et perte de l'arrière.","La pluie sur route grasse","Arrêt d'accélération dès que je ressent que je perd l'arrière, glissade en équerre gauche puis droite puis par terre. Aucun choc avec quelqu'un d'autre malgrés la forte affluence en fin d'après midi","NRP","1","Sous une pluie avec route grasse, je mets beaucoup moins de gaz et prend peu d'angle pour éviter que cela ne se reproduise","3 mois de permis......","","2","0","","","","","","3","6","",NA,NA,"","","",NA,1,NA,NA,"2",NA,"Ne pas savoir pourquoi j'ai décroché l'arrière alors que je passais tous les jours par cette route et ça ne mettait jamais arrivé","4","1","2","","1","1","3","3","3","2","1","1",1,4,4,4,4,1,5,NA,NA,NA,NA,NA,NA,NA,1,"3","5","","",NA,NA,NA,NA,2,2,NA,2,1,1,2,33,0,0,33,34,"NSP","","","",NA,NA,"3","2","6","",NA,1,NA,NA,NA,NA,NA,NA,NA,NA,NA,NA,1,"2","1",2,0,30,1,2,3,4,7,9,NA,NA,"",NA,"3","3","3","3","3","3","YAMAHA","600","XJ6","ROADSTER","2","0","1",1,1,1,"1",2,1,1,"1","4000","12","1","0","","","","","","","","06FEB1988","7","2","3",2,2,3,NA,"NRP","","","",1,0,0,1,0,1,"YAMAHA",600,"XJ6","ROADSTER","2","2012","27",2,2,10000,"5","","","","","","","",NA,NA,NA,"","","","","","",NA,NA,NA,NA,NA,"","",NA,"","",NA,NA,NA,NA,NA,NA,"","",NA,"","",NA,NA,NA,NA,NA,NA,NA,10000,"3",4,NA,NA,NA,NA,NA,NA,NA,"NRP","NRP","NRP","NRP","2012","NRP","NRP","2006","NRP","","","","Motorcycle"
"445",842,7759,"365",1,0,5,"","",NA,NA,NA,0,4,"","","",NA,NA,0,5,"","",NA,"",NA,0,3,"","",NA,NA,NA,0,5,"","","","","",0,3,"","","",NA,NA,0,4,"",NA,NA,NA,NA,0,4,"","","",NA,NA,0,4,"","","","","",0,5,"","","","","",0,4,"","","","","",0,3,"","",NA,NA,NA,0,5,"","","",NA,NA,0,4,"","",NA,NA,NA,1,1,1,"2013","","","","","cely en bière","","","","","Je circulais derrière une voiture utilitaire. celle ci s'est arrêtée devant moi et a reculé sans pouvoir me voir (pas de vitres arrière). Pas de blessures pour moi, garde boue avant cassé car il s'est arrêté à temps.","","","","",0,0,2,0,3,1,71,"15",2013,"cely en bière","2013","Autre(s) type(s) d'accident(s).","1","2","",NA,"",NA,"","Une voiture type utilitaire me précédait. Le conducteur a voulu tourner à gauche, mais a dépassé la route concernée. Il s'est arrêté en freinant assez fort puis a voulu faire marche arrière. Je me suis arrêté derrière lui mais n'ayant aucune visibilité arrière du fait de portes pleines en tôle, il ne m'a pas vu. Le coup de klaxon n'ayant pas eu d'effet non plus, j'ai cogné dans la porte arrière du véhicule alors que celui ci m'avait déjà percuté et cassé le garde boue avant. Le conducteur s'est arrêté à temps quand il a entendu cogné à la porte arrière, et les dégâts se sont arrêtés là. De mémoire, le clignotant arrière droit de l'utilitaire était cassé et scotché, je ne pouvais pas voir si son clignotant était bien allumé. Une dame qui a tout vu sur le moment était prête à témoigner si besoin, et m'avait laissé ses coordonnées.","L'absence de visibilité arrière du véhicule utilitaire devant moi, accentuée par le faible gabarit du 2RM.","- freinage du véhicule devant moi - ralentissement puis freinage et arrêt de la moto - recul de la voiture et la compréhension qu'elle va me percuter - coup de klaxon et reculer  la moto avec les pieds (moi toujours sur la moto) - la voiture tape la moto,","NRP","1","peut être s'arrêter un peu plus loin de la voiture, mais avec son feu arrière gauche cassé et scotché, impossible de voir son clignotant et son feu de recul","pas de signalement de ses intentions de reculer pour reprendre sa direction.","","2","1","NSP","","aucune visibilité arrière du fait des portes pleines à l'arrière","NSP","il ne m'a pas vu derrière lui, mais si ses feux avaient été en bon état, j'aurais peut être eu la réaction de freiner plus fort pour m'arrêter plus loin de lui. je ne suis pas sûr de pouvoir attribuer cela à son attitude","1","6","",NA,NA,"","","2",NA,NA,NA,NA,"1",NA,"il ne me voyait pas, donc tous gestes étaient inutiles, il ne m'entendait pas (appel et klaxon), et voir la voiture qui recule sur soi sans pouvoir faire quelquechose","3","5","","","1","2","3","3","1","1","1","NSP",3,5,4,4,4,1,4,NA,NA,NA,NA,NA,NA,NA,2,"","","","",NA,NA,NA,NA,2,2,NA,2,1,1,1,10,90,0,0,0,"2","","","",NA,NA,"1","1","","",NA,1,NA,NA,NA,NA,NA,NA,NA,NA,NA,NA,1,"1","1",1,0,0,1,10,2,3,4,7,NA,NA,"",NA,"4","3","3","2","4","4","DUCATI","696","MONSTER","ROADSTER","2","1","1",1,1,1,"1",1,1,1,"1","NSP","12","3","0","","","","","","","","12DEC1981","7","2","3",2,3,4,1,"NRP","","","",2,0,0,1,0,1,"TRIUMPH",675,"STREET TRIPLE R  ABS","ROADSTER","2","2014","10",2,2,8000,"7","","","","","","","",NA,NA,NA,"","","","","","",NA,NA,NA,NA,NA,"","",NA,"","",NA,NA,NA,NA,NA,NA,"","",NA,"","",NA,NA,NA,NA,NA,NA,NA,8000,"3",4,NA,NA,NA,NA,NA,NA,NA,"NRP","NRP","NRP","NRP","2012","NRP","NRP","1999","NRP","","","","Motorcycle"