"","Ligne","Ligne.Q.qualif","Ligne.approfondissement.Accident","ACCIDENT","NBACC1","ACCFREQUENCE1","ANNEEACC1_1","ANNEEACC1_2","ANNEEACC1_3","ANNEEACC1_4","ANNEEACC1_5","NBACC2","ACCFREQUENCE2","ANNEEACC2_1","ANNEEACC2_2","ANNEEACC2_3","ANNEEACC2_4","ANNEEACC2_5","NBACC3","ACCFREQUENCE3","ANNEEACC3_1","ANNEEACC3_2","ANNEEACC3_3","ANNEEACC3_4","ANNEEACC3_5","NBACC4","ACCFREQUENCE4","ANNEEACC4_1","ANNEEACC4_2","ANNEEACC4_3","ANNEEACC4_4","ANNEEACC4_5","NBACC5","ACCFREQUENCE5","ANNEEACC5_1","ANNEEACC5_2","ANNEEACC5_3","ANNEEACC5_4","ANNEEACC5_5","NBACC6","ACCFREQUENCE6","ANNEEACC6_1","ANNEEACC6_2","ANNEEACC6_3","ANNEEACC6_4","ANNEEACC6_5","NBACC7","ACCFREQUENCE7","ANNEEACC7_1","ANNEEACC7_2","ANNEEACC7_3","ANNEEACC7_4","ANNEEACC7_5","NBACC8","ACCFREQUENCE8","ANNEEACC8_1","ANNEEACC8_2","ANNEEACC8_3","ANNEEACC8_4","ANNEEACC8_5","NBACC9","ACCFREQUENCE9","ANNEEACC9_1","ANNEEACC9_2","ANNEEACC9_3","ANNEEACC9_4","ANNEEACC9_5","NBACC10","ACCFREQUENCE10","ANNEEACC10_1","ANNEEACC10_2","ANNEEACC10_3","ANNEEACC10_4","ANNEEACC10_5","NBACC11","ACCFREQUENCE11","ANNEEACC11_1","ANNEEACC11_2","ANNEEACC11_3","ANNEEACC11_4","ANNEEACC11_5","NBACC12","ACCFREQUENCE12","ANNEEACC12_1","ANNEEACC12_2","ANNEEACC12_3","ANNEEACC12_4","ANNEEACC12_5","NBACC13","ACCFREQUENCE13","ANNEEACC13_1","ANNEEACC13_2","ANNEEACC13_3","ANNEEACC13_4","ANNEEACC13_5","NBACC14","ACCFREQUENCE14","ANNEEACC14_1","ANNEEACC14_2","ANNEEACC14_3","ANNEEACC14_4","ANNEEACC14_5","AUTRESACC","NBAUTRESACC","TOTAL_AC","ANNEEAUTREACC1","ANNEEAUTREACC2","ANNEEAUTREACC3","ANNEEAUTREACC4","ANNEEAUTREACC5","LIEUAUTREACC1","LIEUAUTREACC2","LIEUAUTREACC3","LIEUAUTREACC4","LIEUAUTREACC5","DESCRIPTIONAUTRESACC1","DESCRIPTIONAUTRESACC2","DESCRIPTIONAUTRESACC3","DESCRIPTIONAUTRESACC4","DESCRIPTIONAUTRESACC5","NBAUTRESACCCIRCUIT","NBAUTRESTOUTTERRAIN","EXPCYCLO","EXP125","EXPSUP125","ACCORDNEXTQ","CHOIXACC","RGPMTACC","RECUPANNEE","RECUPLIEU","RECUPANNE","RGPMTAC","CHOIX1","CHOIX2","CHOIX3","CHOIX4","CHOIX5","CHOIX6","CHOIX7","DESCRIPTION","RUPTURE","FAITS","ABS_REACTION","AUTRE_REACTION","PRECISIONREACTIONOUI","RECUL","PRECISIONREACTIONNON","IMPACTCOMPORTEMENT","AUTREUSAGER","REACTIONAUTREUSAGER","CONNAISSANCEREACTIONUSAGER","DIFFICULTES","AGGRAVATION","DIFFICULTES2","EMOTIONS1","EMOTIONS2","EMOTIONS3","EMOTIONS4","EMOTIONS5","EMOTIONS6","AUTRESENTIMENT","CLASSEMENTEMOTIONS1","CLASSEMENTEMOTIONS","CLASSEMENTEMOTIONS5","CLASSEMENTEMOTIONS6","CLASSEMENTEMOTIONS7","CLASSEMENTEMOTIONS8","CLASSEMENTEMOTIONS9","EXPLICATIONRESSENTI","BIENEQUIPE","ALLURE","ALLUREVITEDETAIL","ALLURELENTEDETAIL","SITUATIONPRESSE","SITUATIONDISTRAIT","SITUATIONCONFIANT","SITUATIONCONTROLE","SITUATIONLUDIQUE","SITUATIONPERF","SITUATIONSTRESS","SITUATIONFATIGUE","HUMEURNEUTRE","HUMEURGAI","HUMEURMECONTENT","HUMEURTRISTE","HUMEURCOLERE","CONTRIBUTION1","CONTRIBUTION2","CONTRIBUTION3","CONTRIBUTION4","CONTRIBUTION5","CONTRIBUTION6","CONTRIBUTION7","CONTRIBUTION8","CONTRIBUTION9","ROLEINFRA","ELEMENTINFRA1","ELEMENTINFRA2","ELEMENTINFRA3","ELEMENTINFRA4","ELEMENTINFRA5","ELEMENTINFRA6","ELEMENTINFRA7","ELEMENTINFRA8","ELEMENTINFRA9","ALCOOL","TXALCOOL","STUP","SEMAINE","MOMENTJOURNEE","TEMPS","CAUSEACC1","CAUSEACC2","CAUSEACC3","CAUSEACC4","CAUSEACC5","FORMATIONCAUSE","FORMATION1","FORMATION2","FORMATION3","FORMATION4","FORMATION5","TRAFIC","CHAUSSEE1","CHAUSSEE2","CHAUSSEE3","CHAUSSEE4","TYPEACC","BLESSURE","TETE","COU","THORAX","MEMBRESSUP","COLONNE","BASSIN","MEMBRESINF","HOPITAL","PLUS24H","TRAJET","TYPEROUTE","MOTIF","SENSTRAJET","PASSAGER","VITESSE","DESCEQ1","DESCEQ2","DESCEQ3","DESCEQ4","DESCEQ5","DESCEQ6","DESCEQ7","DESCEQ8","DESCEQ9","DESCEQ10","VEHICULEETE","VEHICULEAUTOMNE","VEHICULEPRINTEMPS","VEHICULEHIVER","VEHICULESEMAINE","VEHICULEWE","VEHMARQUE","VEHCYLINDREE","VEHMODELE","VEHSEGMENT","VEHSIDE","EQ2RMABS","EQ2RMCBS","EQ2RMABSCBS","EQ2RMREGULATEUR","EQ2RMLIMITEUR","EQ2RMPHARESDIRECT","EQ2RMCOUPURE","EQ2RMANTIPATINAGE","EQ2RMANTIXHEELING","EQ2RMSTABILILTE","VEHKM","POINTS","DUREE","AUTRE2RM","VEHPRECMARQUE","VEHPRECCYLINDREE","VEHPRECMODELE","VEHPRECSEGMENT","VEHPRECSIDE","TEMPS2RMPREC","FREQVEHPREC","DATE_NAISS","CSP","SOCIETAIRE","SALARIE","SECTEUR2RM","NBPERSFOYER","SITFAM","NBENF","TRNBENF1","TRNBENF2","TRNBENF3","TRNBENF4","NBAUTOFOYER","NBCYCLOFOYER","NBSCOOTFOYER","NBMOTOFOYER","NBTRIKEFOYER","NB2RMCONDUIT","MARQUE1","CYLINDREE1","MODELE1","SEGMENT1","SIDE1","ANMISECIRCU1","ASS1","FREQ1","USAGE1","NBKM1","GARAGE1","MARQUE2","CYLINDREE2","MODELE2","SEGMENT2","SIDE2","ANMISECIRCU2","ASS2","FREQ2","USAGE2","NBKM2","GARAGE2","MARQUE3","CYLINDREE3","MODELE3","SEGMENT3","SIDE3","ANMISECIRCU3","ASS3","FREQ3","USAGE3","NBKM3","GARAGE3","MARQUE4","CYLINDREE4","MODELE4","SEGMENT4","SIDE4","ANMISECIRCU4","ASS4","FREQ4","USAGE4","NBKM4","GARAGE4","MARQUE5","CYLINDREE5","MODELE5","SEGMENT5","SIDE5","ANMISECIRCU5","ASS5","FREQ5","USAGE5","NBKM5","GARAGE5","NBKMTOT","PERMIS1","PERMIS2","PERMIS3","PERMIS4","PERMIS5","PERMIS6","PERMIS7","PERMIS8","PERMIS9","ANPERMIS1","ANPERMIS6","ANPERMIS7","ANPERMIS2","ANPERMIS3","ANPERMIS8","ANPERMIS9","ANPERMIS4","ANPERMIS5","X","X.1","X.2","isScooter"
"446",523,7764,"66",1,0,5,"","",NA,NA,NA,0,3,"","","",NA,NA,0,5,"","",NA,"",NA,0,3,"","",NA,NA,NA,0,5,"","","","","",0,3,"","","",NA,NA,0,3,"",NA,NA,NA,NA,0,3,"","","",NA,NA,0,3,"","","","","",0,6,"","","","","",1,6,"2014","","","","",0,3,"","",NA,NA,NA,0,2,"","","",NA,NA,0,2,"","",NA,NA,NA,0,NA,1,"","","","","","","","","","","","","","","",NA,NA,7,3,4,1,51,"11",2014,"","2014","Vous circuliez sur un axe constitué dau moins "" 2 X 2 voies "" (en urbain, périph, autoroute, RN ). Un véhicule vous a coupé la route en changeant de voie pour se placer sur celle de gauche.","1","2","",NA,"",NA,"","Circulation en ""accordéon"" 3 files sur autoroutes avec des vitesses différentes sur les files , et variations.L'automobiliste surpris par un brusque ralentissement sur sa voie (milieu) , décide brusquement de changer de voie car celle sur sa gauche est libre alors qu'il est surpris par la puissance du freinage sur sa voie et n'est pas sur d'avoir la distance d'arrêt.Malgré ma méfiance a propos des ""trous"" dans les files de véhicules  la manuvre a été trop rapide pour être  évitée(baïonnette) malgré un freinage suivi d'un contrebraquage d'évitement.","J'ai tenté un début d'évitement a gauche limité par le rail central en béton.","Freinage et évitement simultané , pas de perte de contrôle et déclenchement de l'ABS.Aucune réaction de l'autre usager avant l'impact.","NRP","1","Circuler en plein phare ou appels de phares , avec klaxon répétitifs. Jaurais peu être été plus visible ou plus audible.","Ce genre de conduite est agressive et gène les autres usagers.","","2","0","","","","","","6","9","",NA,NA,"","De la colère.","",NA,NA,NA,NA,"2",1,"Manuvre insensée de l'autre usager effectuée sans contrôle visuel.","4","3","","","2","1","2","4","1","1","4","3",4,4,1,4,4,10,NA,NA,NA,NA,NA,NA,NA,NA,2,"","","","",NA,NA,NA,NA,2,2,NA,2,1,1,1,10,90,0,0,0,"2","","","",NA,NA,"3","1","","",NA,2,1,4,6,NA,NA,NA,NA,NA,1,0,1,"3","1",2,0,70,1,2,3,4,6,7,9,NA,"",NA,"4","4","4","4","4","4","BMW","650","C600 SPORT","SCOOTER","2","0","1",1,1,1,"1",0,0,1,"1","12000","9","3","1","KYMCO","300","DINK STREET","SCOOTER","2","4","4","30SEP1964","5","2","3",2,5,4,3,"NRP","","","",2,0,1,0,0,1,"KYMCO",300,"DINK STREET","SCOOTER","2","2012","10",1,2,18000,"7","","","","","","","",NA,NA,NA,"","","","","","",NA,NA,NA,NA,NA,"","",NA,"","",NA,NA,NA,NA,NA,NA,"","",NA,"","",NA,NA,NA,NA,NA,NA,NA,18000,"2",4,NA,NA,NA,NA,NA,NA,NA,"NRP","NRP","NRP","2011","NRP","NRP","NRP","1985","NRP","","","","Motorcycle"
"447",3,7813,"396",1,0,4,"","",NA,NA,NA,0,5,"","","",NA,NA,0,6,"","",NA,"",NA,0,4,"","",NA,NA,NA,0,6,"","","","","",0,1,"","","",NA,NA,0,4,"",NA,NA,NA,NA,0,4,"","","",NA,NA,2,5,"2012","2013","","","",0,6,"","","","","",0,6,"","","","","",0,3,"","",NA,NA,NA,1,3,"2014","","",NA,NA,0,4,"","",NA,NA,NA,0,NA,3,"","","","","","","","","","","","","","","",NA,NA,2,2,1,1,61,"13",2014,"","2014","Vous circuliez derrière un véhicule. Ce véhicule a freiné ou a ralenti et vous lavez percuté par larrière.","3","4","6",NA,"",NA,"","Erreur de débutant, j'étais en retard par rapport à mon heure habituelle de départ le matin, je talonnais un camion de chantier afin de dépasser dès que possible.  Je devais être a moins de 5 mètres derrière le camion, lorsque j'ai vu une voiture arriver en face. A cet instant j'étais à l'extrême gauche de MA voie.  Ayant déja plusieurs fois eu des appels de phares des véhicules arrivant en face lorsque j'étais à cette place sur ma voie, je me suis rabbatu au milieu de ma voie afin de ne pas effrayer le conducteur que je m'apprêtais a croiser.  Et au moment ou je me suis rabattu, j'ai percuté le camion à environ 50/60 km/h car je n'avais pas vu le clignotant à droite qu'il avait mis afin de tourner, il a donc freiné, et je n'ai pas eu le temps de faire de même.  Clavicule cassée et moto déclarée épave par l'expert.","Inévitable car j'étais beaucoup trop près du véhicule que j'ai percuté. Même a 20 km/h je n'aurais pas pu éviter le choc.","NRP","AUT|Pas eu le temps de réagir, car trop près du véhicule","1","Je ne pouvais que respecter les distances de sécurité, c'est la seule solution qui m'aurait permis d'éviter l'accident.","J'étais pressé, et j'ai conduit de manière ""inconsciente"" vis a vis du danger que représente la route.","","2","1","2","","NSP","2","L'autre usager ne pouvait absolument pas prévoir ce qui allait se passer, et ne pouvait rien faire pour éviter l'accident car il ne pouvait pas me voir","6","","",NA,NA,"","","",NA,NA,NA,NA,"1",NA,"On voit le véhicule, et on sait pertinemment que l'on va le percuter, dans mon cas, ça a été extrêmement rapide, 1 ou 2 secondes tout au plus entre le moment ou j'ai vu ce qui allait se passer et le moment du choc. On ne pense même pas, on ne peut rien faire","4","1","3","","4","3","4","2","1","1","3","1",4,4,2,4,4,1,3,5,NA,NA,NA,NA,NA,NA,2,"","","","",NA,NA,NA,NA,2,2,NA,2,1,1,1,100,0,0,0,0,"2","","","",NA,NA,"1","1","","",NA,2,1,2,4,NA,NA,NA,NA,NA,1,0,1,"2","1",1,0,50,1,10,2,3,4,7,NA,NA,"",NA,"4","3","4","3","4","4","DUCATI","620","MONSTER IE DARK 34CV","ROADSTER","2","1","1",1,1,1,"1",2,1,1,"1","19000","5","1","1","HONDA","125","CB-F","ROADSTER","2","3","4","17NOV1995","2","1","3",2,4,5,0,"NRP","","","",4,0,0,2,0,1,"DUCATI",620,"MONSTER IE 34CV APTC","ROADSTER","2","2005","37",1,2,20000,"7","","","","","","","",NA,NA,NA,"","","","","","",NA,NA,NA,NA,NA,"","",NA,"","",NA,NA,NA,NA,NA,NA,"","",NA,"","",NA,NA,NA,NA,NA,NA,NA,20000,"1",2,4,8,NA,NA,NA,NA,NA,"2010","NRP","NRP","2012","NRP","2014","NRP","2013","NRP","","","","Motorcycle"
"448",13,7823,"470",1,1,6,"2013","",NA,NA,NA,0,6,"","","",NA,NA,0,6,"","",NA,"",NA,0,6,"","",NA,NA,NA,0,5,"","","","","",0,2,"","","",NA,NA,0,2,"",NA,NA,NA,NA,0,5,"","","",NA,NA,0,2,"","","","","",0,6,"","","","","",0,6,"","","","","",0,3,"","",NA,NA,NA,0,5,"","","",NA,NA,2,6,"2004","2008",NA,NA,NA,0,NA,3,"","","","","","","","","","","","","","","",NA,NA,2,10,1,1,67,"14",2008,"","2008","Alors que vous étiez en train de rouler, un piéton a traversé devant vous.","2","4","6",NA,"",NA,"","en centre ville, route pavée humide limitée à 30Km/h, très légère courbe. Alors que je m'engae à 25Km/h dans l'arrondi de la courbe un piéton sort d'une porte cochère en courant et traverse sans regarder 2m devant moi. Pas de freinage possible (en courbe + pluie) pas de contrebraquage possible (en courbe et trop près de l'obstacle). Chute inévitable. Fracture du poignet. Piéton même pas conscient d'être en faute.","le piéton a surgi à 1,5m de moi sans regarder. Son inattention est la seule cause de l'accident","j'ai été obligé de coucher spontanément mon 2 roues au sol pour éviter de heurter le piéton. Lui n'a rien eu, s'est à peine rendu compte de la situation et même pas de sa responsabilité. Il a continué son chemin. Je l'ai éviter et pour cela, me suit cassé le bras + ai ravagé mon 2 roues.   La surprise m'a aussi poussé à toucher au frein alors que le véhicule était incliné en courbe ce qui a accélerer sa chute même si la vitesse etait réduite 25Kmh","1","0","","","distance et temps de réaction trop courts. Je serai tombé de toute façon. Seulement sije n'avais pas freiné , je serai tombé moins brusquement","2","1","2","","aucune prise d'information de sa part avant de traverser","1","NRP","2","6","9",NA,NA,"","la colère après l'autre usager","",1,NA,NA,NA,"3",2,"caractère imprévisible de l'action de l'autre usager","2","3","","","2","2","4","3","1","1","1","3",1,1,4,4,4,7,NA,NA,NA,NA,NA,NA,NA,NA,2,"","","","",NA,NA,NA,NA,2,2,NA,2,1,1,2,10,80,0,0,10,"1","1","3","4",NA,NA,"1","2","","",NA,2,1,4,NA,NA,NA,NA,NA,NA,1,0,1,"1","1",1,0,25,1,10,2,NA,NA,NA,NA,NA,"",NA,"4","4","4","4","4","4","YAMAHA","125","CYGNUS","SCOOTER","2","1","1",1,1,1,"1",1,1,1,"1","20000","10","4","0","","","","","","","","02FEB1973","5","1","3",2,3,4,1,"NRP","","","",3,0,2,2,0,4,"HONDA",125,"CB-K5","ROADSTER","2","1974","40",4,1,250,"4","PEUGEOT","125","CITYSTAR","SCOOTER","2","2013","2",1,2,7000,"4","KAWASAKI","750","ZEPHYR","ROADSTER","2",1993,37,2,1,2500,"4","PIAGGIO",125,"X8","SCOOTER",2,2005,40,2,2,3500,"4","",NA,"","",NA,NA,NA,NA,NA,NA,NA,13250,"2",3,4,8,NA,NA,NA,NA,NA,"NRP","NRP","NRP","2014","2014","2014","NRP","1991","NRP","","","","Motorcycle"
"449",172,7826,"101",1,0,6,"","",NA,NA,NA,0,6,"","","",NA,NA,0,6,"","",NA,"",NA,0,5,"","",NA,NA,NA,0,6,"","","","","",0,5,"","","",NA,NA,0,4,"",NA,NA,NA,NA,0,4,"","","",NA,NA,1,3,"2014","","","","",0,5,"","","","","",0,6,"","","","","",0,3,"","",NA,NA,NA,0,2,"","","",NA,NA,0,2,"","",NA,NA,NA,0,NA,1,"","","","","","","","","","","","","","","",NA,NA,4,2,1,1,41,"9",2014,"","2014","Vous avez fait une sortie de route, une perte de contrôle ou une glissade sans rien percuter.","1","","",NA,"",NA,"","je roulais doucement sur ma voie (une départementale) avec accotements non stabilisés. Un véhicule m'a frolé et j'ai paniqué ; je me suis retrouvée sur la bas coté, et j'ai voulu remonter sur la route, l'accelération a été trop brutale et je suis tombée sur la route, au travers.","perte d'adhérence entre le bas coté non stabilisé et la route en bitume","aucune réaction possible, mon véhicule a glissé ; les autres véhicules (derrière moi) se sont arretés, la personne qui m'a frolé non (je doute qu'elle s'en ai aperçu).","2","1","en restant sur le bas coté, et en prenant mon temps pour retourner sur la route bitume","je n'ai pas pensé que le changement d'adhérence entre le bas coté en terre et la route en bitume aurait été glissant","","2","0","","","","","","1","6","",NA,NA,"","","2",NA,NA,NA,NA,"1",NA,"le véhicule a glissé, pas moyen de le maitriser","4","3","","","2","1","2","4","3","1","1","1",3,3,4,4,4,5,7,NA,NA,NA,NA,NA,NA,NA,1,"3","","","",NA,NA,NA,NA,2,2,NA,2,1,1,1,90,10,0,0,0,"2","","","",NA,NA,"2","1","2","",NA,1,NA,NA,NA,NA,NA,NA,NA,NA,NA,NA,1,"2","3",NA,0,30,1,10,2,4,NA,NA,NA,NA,"",NA,"3","3","3","3","3","3","PEUGEOT","50","KISBEE","SCOOTER","2","1","1",1,1,1,"1",2,1,1,"1","NSP","12","2","0","","","","","","","","12OCT1967","2","1","3",2,3,4,1,"NRP","","","",3,1,0,3,0,2,"YAMAHA",125,"YB-R","ROADSTER","2","2012","37",2,3,2000,"4","HARLEY-DAVIDSON","1200","SPORTSTER SEVENTY-TWO","ROADSTER","2","2012","37",3,1,3000,"7","","","","","",NA,NA,NA,NA,NA,"","",NA,"","",NA,NA,NA,NA,NA,NA,"","",NA,"","",NA,NA,NA,NA,NA,NA,NA,5000,"3",4,5,NA,NA,NA,NA,NA,NA,"NRP","NRP","NRP","NRP","2014","NRP","NRP","1989","2013","","","","Motorcycle"
"450",1212,7829,"74",1,0,4,"","",NA,NA,NA,0,5,"","","",NA,NA,0,4,"","",NA,"",NA,0,4,"","",NA,NA,NA,0,5,"","","","","",0,4,"","","",NA,NA,0,4,"",NA,NA,NA,NA,0,4,"","","",NA,NA,1,5,"2012","","","","",0,5,"","","","","",0,5,"","","","","",0,3,"","",NA,NA,NA,1,4,"2011","","",NA,NA,0,5,"","",NA,NA,NA,0,NA,2,"","","","","","","","","","","","","","","",NA,NA,20,2,16,1,41,"9",2012,"","2012","Vous avez fait une sortie de route, une perte de contrôle ou une glissade sans rien percuter.","1","","",NA,"",NA,"","En mai 2012 en fin de matinée, en rentrant chez moi par une route connue, j'ai perdu le contrôle de ma moto à environ 100 km/h (limite à 90 km/h)dans un léger virage suite au décrochage de la roue arrière quand je suis passé sur une plaque de goudron et alors qu'il venait d'y avoir une fine pluie. J'avais prévu d'aller changer mon pneu arrière car il était en bout de course. Je n'ai pas eu le temps d'y aller... J'ai fini ma course dans le fossé. La moto était épave et moi j'ai eu la clavicule cassée, la main droite cassée avec broches et j'ai été plongé  en coma artificiel suite à l'intervention des pompiers. Je n'ai gardé aucun souvenir des 30 minutes environ avant l'accident jusqu'au lendemain 10h heure de mon réveil à l'hôpital.","Je n'ai pas de souvenir de l'accident...","Je sais juste que dans la voiture qui me suivait (preuve que je n'étais pas en ""excès de vitesse"" comme a voulu me le faire dire le gendarme que j'ai vu après...et alors qu'il savait que je ne me souvenais pas de l'accident !) c'était un pompier qui a immédiatement prévenu ses collègues. En 10 mn ils ont été là.","NRP","0","","","pas de souvenir...","2","0","","","","","","9","","",NA,NA,"","Je ne me souviens pas de l'accident","",NA,NA,NA,NA,"",1,"pas de souvenir, donc impossible de qualifier quoi que ce soit","3","1","1","","1","NSP","3","3","1","1","2","2",4,4,4,2,4,1,NA,NA,NA,NA,NA,NA,NA,NA,1,"3","5","","",NA,NA,NA,NA,2,2,NA,2,2,1,2,30,0,0,40,30,"2","","","",NA,NA,"1","2","","",NA,2,1,4,7,NA,NA,NA,NA,NA,1,1,1,"2","2",NA,0,100,1,10,2,3,5,NA,NA,NA,"",NA,"4","4","4","4","4","4","BMW","1200","R1200RT","Routière / GT","2","0","0",0,1,1,"1",0,1,1,"1","75000","9","4","1","HONDA","600","VT SHADOW","CUSTOM","2","4","3","24JUN1969","5","2","3",2,8,4,6,"NRP","","","",2,0,0,1,0,1,"BMW",1200,"R1200RT","Routière / GT","2","2005","31",1,2,20000,"AUT|Jardin privé","","","","","","","",NA,NA,NA,"","","","","","",NA,NA,NA,NA,NA,"","",NA,"","",NA,NA,NA,NA,NA,NA,"","",NA,"","",NA,NA,NA,NA,NA,NA,NA,20000,"2",3,4,NA,NA,NA,NA,NA,NA,"NRP","NRP","NRP","1985","1990","NRP","NRP","1987","NRP","","","","Motorcycle"
"451",1158,7833,"466",1,0,3,"","",NA,NA,NA,1,5,"2002","","",NA,NA,0,4,"","",NA,"",NA,0,2,"","",NA,NA,NA,0,4,"","","","","",0,5,"","","",NA,NA,0,5,"",NA,NA,NA,NA,1,5,"2003","","",NA,NA,0,6,"","","","","",0,4,"","","","","",0,6,"","","","","",0,2,"","",NA,NA,NA,1,4,"2012","","",NA,NA,0,4,"","",NA,NA,NA,1,1,4,"2003","","","","","Paris","","","","","Je suis arrêté à un passage piéton pour en laisser passer un. Un automobiliste me percute par l'arrière. La moto se cabre mais je ne chute pas. L'automobiliste dit avoir été distrait par un ""nudiste"" (avenue des Champs Elysées...)","","","","",0,0,1,0,14,1,61,"13",2012,"","2012","Vous circuliez derrière un véhicule. Ce véhicule a freiné ou a ralenti et vous lavez percuté par larrière.","3","4","6",NA,"",NA,"","L'accident a eu lieu à la fin des vacances de Pâques. Nous étions en duo sur la moto, nous remontions du sud de la France vers Paris. La veille, en raison d'une vague de froid soudaine, nous avions eu une journée difficile, changeant notre itinéraire à cause de la neige. Nous avions un équipement mi-saison, pas du tout assez chaud pour ces conditions météo.  Au moment de l'accident, Je roulais assez lentement (55 km/h pour une limitation à 70 km/h), il était environ midi, je commençais à me sentir assez fatigué et je cherchais un restaurant pour faire une pause.  J'ai regardé un instant une station service/ restaurant sur le coté droit, un peu trop longtemps, à mon sens ralenti par la fatigue. Car une fois que j'ai re-regardé devant moi, la voiture qui me précédait s'était arrêté pour tourner à gauche. J'ai pilé mais en fin de freinage, j'ai perdu l'avant. On a donc glissé un peu et l'impact entre la moto et la voiture s'est fait à très basse vitesse (moins de 5km/h).  On a été transporté aux urgences, ma compagne s'était fait une entorse de l'épaule. Pour ma part, en dehors de quelques ecchimoses, tout était OK.  Ce qui m'a particulièrement dans cet accident, c'est d'une part le fait que je sois responsable des blessures d'autrui (de proche en plus), d'autre part de finir aux urgences (c'est la seule fois) et enfin, le fait que cela se produise alors que j'avais une conduite apaisée.","Au moment de l'accident, Je roulais assez lentement (55 km/h pour une limitation à 70 km/h), il était environ midi, je commençais à me sentir assez fatigué et je cherchais un restaurant pour faire une pause.  J'ai regardé un instant une station service/restaurant sur le coté droit, un peu trop longtemps, à mon sens ralenti par la fatigue. Car une fois que j'ai re-regardé devant moi, la voiture qui me précédait s'était arrêté pour tourner à gauche.","J'ai pilé mais en fin de freinage, j'ai perdu l'avant. On a donc chuté et glissé un peu. L'impact entre la moto et la voiture s'est fait à très basse vitesse (moins de 5km/h). Ma passagère et moi même avons roule-boulé sur le côté sans toucher la voiture. L'impact n'a eu aucune conséquence physique pour l'automobiliste.","NRP","1","A postériori, si j'avais été plus vif, il y avait du dégagement sur la droite, j'aurais pu faire une manoeuvre d'évitement.","La fatigue et l'inattention.","","2","1","2","","NSP","2","NRP","9","","",NA,NA,"","un certain fatalisme et de la concentration, afin de minimiser les conséquence de la chute.","",NA,NA,NA,NA,"",1,"Au moment ou la roue avant a perdu l'adhérence, l'impact entre la voiture et la moto était inévitable. J'ai eu tout de suite le sentiment qu'il fallait que je m'éloigne de la moto et de la voiture et je suis resté concentré là dessus jusqu'à la fin de l'action. La peur et le stress n'est arrivé qu'après, une fois que j'étais debout sur mes pieds.","4","3","","","1","4","2","3","2","1","1","4",3,4,4,4,4,4,NA,NA,NA,NA,NA,NA,NA,NA,2,"","","","",NA,NA,NA,NA,2,2,NA,2,1,1,1,90,0,0,0,10,"2","","","",NA,NA,"1","1","","",NA,2,0,NA,NA,NA,NA,NA,NA,NA,NA,NA,3,"1","3",NA,1,55,1,2,4,7,9,NA,NA,NA,"",NA,"4","4","4","4","4","4","SUZUKI","1200","GSX INAZUMA","ROADSTER","2","1","1",1,1,1,"1",1,1,1,"1","50000","12","3","1","TRIUMPH","900","DAYTONA","Routière / GT","2","4","4","31AUG1980","5","2","3",2,2,3,NA,"NRP","","","",2,0,0,2,0,2,"BMW",650,"F650GS ABS","TRAIL / SUPERMOTARD","2","2005","29",1,2,12000,"1","TRIUMPH","900","DAYTONA","Routière / GT","2","1995","16",3,1,3000,"7","","","","","",NA,NA,NA,NA,NA,"","",NA,"","",NA,NA,NA,NA,NA,NA,"","",NA,"","",NA,NA,NA,NA,NA,NA,NA,15000,"3",4,NA,NA,NA,NA,NA,NA,NA,"NRP","NRP","NRP","NRP","2001","NRP","NRP","1998","NRP","","","","Motorcycle"